STATION,DATE,TMAX,TMIN,N_OBS
BXK_AP,2015-12-31,55.4,37.4,21
BXK_AP,2016-01-01,60.8,32.0,72
BXK_AP,2016-01-02,66.2,33.8,72
BXK_AP,2016-01-03,68.0,53.6,72
BXK_AP,2016-01-04,60.8,50.0,68
BXK_AP,2016-01-05,55.4,51.8,72
BXK_AP,2016-01-06,59.0,46.4,72
BXK_AP,2016-01-07,55.4,44.6,72
BXK_AP,2016-01-08,55.4,39.2,72
BXK_AP,2016-01-09,55.4,35.6,72
BXK_AP,2016-01-10,55.4,42.8,72
BXK_AP,2016-01-11,57.2,39.2,64
BXK_AP,2016-01-12,62.6,35.6,72
BXK_AP,2016-01-13,62.6,33.8,72
BXK_AP,2016-01-14,60.8,32.0,72
BXK_AP,2016-01-15,59.0,39.2,72
BXK_AP,2016-01-16,59.0,33.8,72
BXK_AP,2016-01-17,66.2,35.6,72
BXK_AP,2016-01-18,64.4,39.2,72
BXK_AP,2016-01-19,68.0,37.4,72
BXK_AP,2016-01-20,68.0,39.2,68
BXK_AP,2016-01-21,68.0,39.2,65
BXK_AP,2016-01-22,71.6,39.2,72
BXK_AP,2016-01-23,68.0,39.2,72
BXK_AP,2016-01-24,68.0,37.4,72
BXK_AP,2016-01-25,64.4,37.4,72
BXK_AP,2016-01-26,66.2,39.2,72
BXK_AP,2016-01-27,68.0,37.4,72
BXK_AP,2016-01-28,66.2,37.4,71
BXK_AP,2016-01-29,68.0,37.4,72
BXK_AP,2016-01-30,73.4,37.4,72
BXK_AP,2016-01-31,75.2,42.8,68
BXK_AP,2016-02-01,53.6,41.0,71
BXK_AP,2016-02-02,53.6,32.0,69
BXK_AP,2016-02-03,55.4,30.2,72
BXK_AP,2016-02-04,60.8,30.2,72
BXK_AP,2016-02-05,68.0,39.2,70
BXK_AP,2016-02-06,71.6,35.6,72
BXK_AP,2016-02-07,77.0,39.2,72
BXK_AP,2016-02-08,80.6,44.6,72
BXK_AP,2016-02-09,82.4,46.4,71
BXK_AP,2016-02-10,80.6,42.8,69
BXK_AP,2016-02-11,80.6,46.4,72
BXK_AP,2016-02-12,80.6,44.6,70
BXK_AP,2016-02-13,82.4,41.0,72
BXK_AP,2016-02-14,78.8,42.8,71
BXK_AP,2016-02-15,82.4,53.6,72
BXK_AP,2016-02-16,84.2,48.2,69
BXK_AP,2016-02-17,84.2,48.2,71
BXK_AP,2016-02-18,80.6,51.8,72
BXK_AP,2016-02-19,77.0,50.0,72
BXK_AP,2016-02-20,82.4,44.6,72
BXK_AP,2016-02-21,84.2,48.2,72
BXK_AP,2016-02-22,82.4,44.6,70
BXK_AP,2016-02-23,69.8,48.2,72
BXK_AP,2016-02-24,73.4,44.6,72
BXK_AP,2016-02-25,78.8,41.0,72
BXK_AP,2016-02-26,82.4,44.6,72
BXK_AP,2016-02-27,82.4,44.6,72
BXK_AP,2016-02-28,84.2,44.6,72
BXK_AP,2016-02-29,84.2,48.2,72
BXK_AP,2016-03-01,84.2,48.2,72
BXK_AP,2016-03-02,86.0,48.2,72
BXK_AP,2016-03-03,84.2,48.2,72
BXK_AP,2016-03-04,86.0,48.2,70
BXK_AP,2016-03-05,80.6,46.4,72
BXK_AP,2016-03-06,77.0,55.4,72
BXK_AP,2016-03-07,68.0,41.0,68
BXK_AP,2016-03-08,73.4,41.0,72
BXK_AP,2016-03-09,77.0,46.4,72
BXK_AP,2016-03-10,84.2,48.2,70
BXK_AP,2016-03-11,82.4,46.4,72
BXK_AP,2016-03-12,71.6,48.2,72
BXK_AP,2016-03-13,75.2,41.0,72
BXK_AP,2016-03-14,77.0,50.0,72
BXK_AP,2016-03-15,84.2,50.0,70
BXK_AP,2016-03-16,84.2,55.4,72
BXK_AP,2016-03-17,86.0,48.2,71
BXK_AP,2016-03-18,87.8,48.2,72
BXK_AP,2016-03-19,89.6,53.6,72
BXK_AP,2016-03-20,89.6,51.8,72
BXK_AP,2016-03-21,91.4,51.8,72
BXK_AP,2016-03-22,80.6,59.0,72
BXK_AP,2016-03-23,73.4,50.0,72
BXK_AP,2016-03-24,80.6,46.4,71
BXK_AP,2016-03-25,86.0,46.4,72
BXK_AP,2016-03-26,86.0,50.0,72
BXK_AP,2016-03-27,84.2,44.6,70
BXK_AP,2016-03-28,78.8,55.4,72
BXK_AP,2016-03-29,68.0,50.0,72
BXK_AP,2016-03-30,66.2,41.0,72
BXK_AP,2016-03-31,73.4,42.8,62
BXK_AP,2016-04-01,77.0,46.4,72
BXK_AP,2016-04-02,82.4,48.2,72
BXK_AP,2016-04-03,86.0,50.0,72
BXK_AP,2016-04-04,89.6,51.8,72
BXK_AP,2016-04-05,91.4,55.4,72
BXK_AP,2016-04-06,93.2,55.4,72
BXK_AP,2016-04-07,87.8,66.2,72
BXK_AP,2016-04-08,80.6,59.0,72
BXK_AP,2016-04-09,80.6,55.4,72
BXK_AP,2016-04-10,66.2,53.6,72
BXK_AP,2016-04-11,73.4,50.0,72
BXK_AP,2016-04-12,80.6,53.6,71
BXK_AP,2016-04-13,84.2,55.4,72
BXK_AP,2016-04-14,87.8,57.2,71
BXK_AP,2016-04-15,80.6,57.2,72
BXK_AP,2016-04-16,80.6,55.4,72
BXK_AP,2016-04-17,80.6,55.4,72
BXK_AP,2016-04-18,86.0,53.6,72
BXK_AP,2016-04-19,91.4,55.4,72
BXK_AP,2016-04-20,93.2,53.6,72
BXK_AP,2016-04-21,93.2,55.4,72
BXK_AP,2016-04-22,95.0,59.0,72
BXK_AP,2016-04-23,86.0,62.6,72
BXK_AP,2016-04-24,86.0,51.8,72
BXK_AP,2016-04-25,77.0,59.0,72
BXK_AP,2016-04-26,77.0,50.0,72
BXK_AP,2016-04-27,82.4,53.6,72
BXK_AP,2016-04-28,75.2,55.4,72
BXK_AP,2016-04-29,82.4,55.4,72
BXK_AP,2016-04-30,78.8,55.4,72
BXK_AP,2016-05-01,77.0,51.8,72
BXK_AP,2016-05-02,84.2,53.6,71
BXK_AP,2016-05-03,91.4,59.0,71
BXK_AP,2016-05-04,100.4,59.0,71
BXK_AP,2016-05-05,93.2,64.4,72
BXK_AP,2016-05-06,77.0,57.2,72
BXK_AP,2016-05-07,77.0,55.4,72
BXK_AP,2016-05-08,80.6,53.6,72
BXK_AP,2016-05-09,84.2,55.4,72
BXK_AP,2016-05-10,89.6,59.0,72
BXK_AP,2016-05-11,93.2,59.0,72
BXK_AP,2016-05-12,98.6,62.6,72
BXK_AP,2016-05-13,102.2,66.2,72
BXK_AP,2016-05-14,100.4,73.4,72
BXK_AP,2016-05-15,91.4,64.4,72
BXK_AP,2016-05-16,89.6,62.6,72
BXK_AP,2016-05-17,87.8,62.6,72
BXK_AP,2016-05-18,84.2,64.4,69
BXK_AP,2016-05-19,91.4,60.8,72
BXK_AP,2016-05-20,95.0,66.2,72
BXK_AP,2016-05-21,89.6,62.6,72
BXK_AP,2016-05-22,84.2,60.8,72
BXK_AP,2016-05-23,87.8,57.2,72
BXK_AP,2016-05-24,86.0,59.0,72
BXK_AP,2016-05-25,87.8,57.2,70
BXK_AP,2016-05-26,84.2,57.2,59
BXK_AP,2016-05-27,91.4,62.6,72
BXK_AP,2016-05-28,95.0,62.6,72
BXK_AP,2016-05-29,93.2,60.8,72
BXK_AP,2016-05-30,91.4,59.0,72
BXK_AP,2016-05-31,96.8,64.4,72
BXK_AP,2016-06-01,102.2,68.0,72
BXK_AP,2016-06-02,107.6,71.6,72
BXK_AP,2016-06-03,111.2,69.8,72
BXK_AP,2016-06-04,113.0,75.2,72
BXK_AP,2016-06-05,111.2,71.6,72
BXK_AP,2016-06-06,107.6,75.2,72
BXK_AP,2016-06-07,104.0,73.4,67
BXK_AP,2016-06-08,105.8,75.2,71
BXK_AP,2016-06-09,104.0,77.0,72
BXK_AP,2016-06-10,96.8,77.0,72
BXK_AP,2016-06-11,98.6,73.4,72
BXK_AP,2016-06-12,98.6,68.0,72
BXK_AP,2016-06-13,98.6,66.2,70
BXK_AP,2016-06-14,96.8,68.0,72
BXK_AP,2016-06-15,98.6,66.2,72
BXK_AP,2016-06-16,100.4,68.0,72
BXK_AP,2016-06-17,102.2,68.0,72
BXK_AP,2016-06-18,109.4,71.6,72
BXK_AP,2016-06-19,116.6,84.2,72
BXK_AP,2016-06-20,113.0,86.0,72
BXK_AP,2016-06-21,109.4,82.4,72
BXK_AP,2016-06-22,109.4,80.6,71
BXK_AP,2016-06-23,109.4,80.6,72
BXK_AP,2016-06-24,107.6,77.0,72
BXK_AP,2016-06-25,107.6,77.0,72
BXK_AP,2016-06-26,102.2,80.6,72
BXK_AP,2016-06-27,107.6,84.2,72
BXK_AP,2016-06-28,111.2,84.2,72
BXK_AP,2016-06-29,104.0,87.8,72
BXK_AP,2016-06-30,95.0,80.6,72
BXK_AP,2016-07-01,98.6,77.0,72
BXK_AP,2016-07-02,102.2,75.2,72
BXK_AP,2016-07-03,104.0,80.6,72
BXK_AP,2016-07-04,107.6,80.6,72
BXK_AP,2016-07-05,107.6,80.6,72
BXK_AP,2016-07-06,104.0,78.8,70
BXK_AP,2016-07-07,104.0,77.0,72
BXK_AP,2016-07-08,105.8,75.2,72
BXK_AP,2016-07-09,109.4,80.6,72
BXK_AP,2016-07-10,109.4,82.4,72
BXK_AP,2016-07-11,105.8,78.8,72
BXK_AP,2016-07-12,105.8,75.2,72
BXK_AP,2016-07-13,107.6,75.2,72
BXK_AP,2016-07-14,109.4,80.6,69
BXK_AP,2016-07-15,109.4,82.4,72
BXK_AP,2016-07-16,107.6,84.2,72
BXK_AP,2016-07-17,102.2,86.0,72
BXK_AP,2016-07-18,104.0,84.2,71
BXK_AP,2016-07-19,105.8,84.2,72
BXK_AP,2016-07-20,104.0,80.6,72
BXK_AP,2016-07-21,111.2,80.6,72
BXK_AP,2016-07-22,111.2,89.6,72
BXK_AP,2016-07-23,111.2,84.2,72
BXK_AP,2016-07-24,105.8,84.2,72
BXK_AP,2016-07-25,107.6,82.4,72
BXK_AP,2016-07-26,109.4,82.4,72
BXK_AP,2016-07-27,111.2,86.0,71
BXK_AP,2016-07-28,111.2,89.6,60
BXK_AP,2016-07-29,111.2,77.0,62
BXK_AP,2016-07-30,100.4,86.0,33
BXK_AP,2016-07-31,102.2,80.6,71
BXK_AP,2016-08-01,98.6,78.8,72
BXK_AP,2016-08-02,100.4,82.4,72
BXK_AP,2016-08-03,100.4,82.4,72
BXK_AP,2016-08-04,102.2,82.4,61
BXK_AP,2016-08-05,98.6,86.0,72
BXK_AP,2016-08-06,104.0,78.8,72
BXK_AP,2016-08-07,107.6,86.0,72
BXK_AP,2016-08-08,107.6,82.4,71
BXK_AP,2016-08-09,98.6,80.6,72
BXK_AP,2016-08-10,100.4,77.0,72
BXK_AP,2016-08-11,96.8,78.8,72
BXK_AP,2016-08-12,104.0,80.6,72
BXK_AP,2016-08-13,107.6,80.6,72
BXK_AP,2016-08-14,104.0,86.0,72
BXK_AP,2016-08-15,107.6,87.8,72
BXK_AP,2016-08-16,109.4,84.2,72
BXK_AP,2016-08-17,107.6,86.0,72
BXK_AP,2016-08-18,102.2,77.0,72
BXK_AP,2016-08-19,102.2,73.4,72
BXK_AP,2016-08-20,98.6,77.0,72
BXK_AP,2016-08-21,96.8,73.4,72
BXK_AP,2016-08-22,96.8,78.8,65
BXK_AP,2016-08-23,95.0,75.2,72
BXK_AP,2016-08-24,102.2,73.4,72
BXK_AP,2016-08-25,102.2,73.4,64
BXK_AP,2016-08-26,96.8,82.4,72
BXK_AP,2016-08-27,95.0,77.0,72
BXK_AP,2016-08-28,100.4,69.8,72
BXK_AP,2016-08-29,102.2,71.6,72
BXK_AP,2016-08-30,105.8,75.2,72
BXK_AP,2016-08-31,102.2,87.8,72
BXK_AP,2016-09-01,100.4,82.4,72
BXK_AP,2016-09-02,102.2,82.4,72
BXK_AP,2016-09-03,102.2,77.0,72
BXK_AP,2016-09-04,98.6,73.4,72
BXK_AP,2016-09-05,98.6,66.2,72
BXK_AP,2016-09-06,98.6,71.6,72
BXK_AP,2016-09-07,84.2,73.4,71
BXK_AP,2016-09-08,93.2,73.4,72
BXK_AP,2016-09-09,98.6,75.2,72
BXK_AP,2016-09-10,102.2,77.0,72
BXK_AP,2016-09-11,100.4,71.6,72
BXK_AP,2016-09-12,98.6,77.0,72
BXK_AP,2016-09-13,93.2,75.2,69
BXK_AP,2016-09-14,93.2,69.8,66
BXK_AP,2016-09-15,95.0,59.0,72
BXK_AP,2016-09-16,95.0,59.0,72
BXK_AP,2016-09-17,98.6,62.6,71
BXK_AP,2016-09-18,102.2,62.6,72
BXK_AP,2016-09-19,95.0,62.6,72
BXK_AP,2016-09-20,84.2,75.2,72
BXK_AP,2016-09-21,95.0,71.6,70
BXK_AP,2016-09-22,82.4,71.6,71
BXK_AP,2016-09-23,86.0,59.0,72
BXK_AP,2016-09-24,87.8,55.4,71
BXK_AP,2016-09-25,93.2,73.4,72
BXK_AP,2016-09-26,89.6,73.4,72
BXK_AP,2016-09-27,86.0,71.6,70
BXK_AP,2016-09-28,93.2,66.2,71
BXK_AP,2016-09-29,91.4,75.2,72
BXK_AP,2016-09-30,95.0,66.2,72
BXK_AP,2016-10-01,93.2,69.8,72
BXK_AP,2016-10-02,84.2,71.6,71
BXK_AP,2016-10-03,84.2,59.0,72
BXK_AP,2016-10-04,84.2,50.0,72
BXK_AP,2016-10-05,86.0,53.6,72
BXK_AP,2016-10-06,87.8,59.0,72
BXK_AP,2016-10-07,91.4,59.0,72
BXK_AP,2016-10-08,95.0,68.0,72
BXK_AP,2016-10-09,93.2,66.2,70
BXK_AP,2016-10-10,91.4,64.4,42
BXK_AP,2016-10-12,89.6,68.0,32
BXK_AP,2016-10-13,91.4,57.2,71
BXK_AP,2016-10-14,93.2,57.2,68
BXK_AP,2016-10-15,91.4,57.2,72
BXK_AP,2016-10-16,91.4,57.2,72
BXK_AP,2016-10-17,87.8,60.8,72
BXK_AP,2016-10-18,87.8,59.0,72
BXK_AP,2016-10-19,89.6,59.0,71
BXK_AP,2016-10-20,93.2,59.0,72
BXK_AP,2016-10-21,95.0,71.6,72
BXK_AP,2016-10-22,95.0,64.4,72
BXK_AP,2016-10-23,93.2,59.0,72
BXK_AP,2016-10-24,89.6,64.4,72
BXK_AP,2016-10-25,87.8,64.4,72
BXK_AP,2016-10-26,91.4,64.4,72
BXK_AP,2016-10-27,93.2,66.2,72
BXK_AP,2016-10-28,89.6,66.2,72
BXK_AP,2016-10-29,93.2,62.6,72
BXK_AP,2016-10-30,89.6,62.6,72
BXK_AP,2016-10-31,82.4,59.0,72
BXK_AP,2016-11-01,78.8,55.4,71
BXK_AP,2016-11-02,82.4,55.4,71
BXK_AP,2016-11-03,86.0,59.0,72
BXK_AP,2016-11-04,78.8,55.4,72
BXK_AP,2016-11-05,80.6,55.4,72
BXK_AP,2016-11-06,82.4,53.6,72
BXK_AP,2016-11-07,84.2,55.4,72
BXK_AP,2016-11-08,89.6,57.2,72
BXK_AP,2016-11-09,82.4,68.0,72
BXK_AP,2016-11-10,80.6,57.2,72
BXK_AP,2016-11-11,80.6,55.4,72
BXK_AP,2016-11-12,82.4,53.6,72
BXK_AP,2016-11-13,82.4,51.8,72
BXK_AP,2016-11-14,84.2,50.0,72
BXK_AP,2016-11-15,82.4,50.0,72
BXK_AP,2016-11-16,75.2,51.8,72
BXK_AP,2016-11-17,69.8,48.2,71
BXK_AP,2016-11-18,73.4,46.4,72
BXK_AP,2016-11-19,80.6,41.0,71
BXK_AP,2016-11-20,71.6,57.2,72
BXK_AP,2016-11-21,68.0,50.0,72
BXK_AP,2016-11-22,68.0,44.6,72
BXK_AP,2016-11-23,73.4,46.4,72
BXK_AP,2016-11-24,75.2,48.2,72
BXK_AP,2016-11-25,77.0,41.0,72
BXK_AP,2016-11-26,68.0,55.4,72
BXK_AP,2016-11-27,62.6,44.6,72
BXK_AP,2016-11-28,55.4,39.2,43
BXK_AP,2016-11-29,59.0,44.6,45
BXK_AP,2016-11-30,59.0,37.4,72
BXK_AP,2016-12-01,59.0,37.4,72
BXK_AP,2016-12-02,59.0,39.2,67
BXK_AP,2016-12-03,68.0,44.6,68
BXK_AP,2016-12-04,66.2,41.0,72
BXK_AP,2016-12-05,64.4,35.6,70
BXK_AP,2016-12-06,64.4,37.4,70
BXK_AP,2016-12-07,64.4,41.0,72
BXK_AP,2016-12-08,64.4,39.2,72
BXK_AP,2016-12-09,68.0,39.2,72
BXK_AP,2016-12-10,68.0,41.0,72
BXK_AP,2016-12-11,69.8,46.4,72
BXK_AP,2016-12-12,71.6,44.6,71
BXK_AP,2016-12-13,71.6,48.2,72
BXK_AP,2016-12-14,73.4,44.6,71
BXK_AP,2016-12-15,71.6,44.6,71
BXK_AP,2016-12-16,75.2,57.2,72
BXK_AP,2016-12-17,64.4,41.0,69
BXK_AP,2016-12-18,60.8,32.0,72
BXK_AP,2016-12-19,69.8,39.2,72
BXK_AP,2016-12-20,71.6,44.6,72
BXK_AP,2016-12-21,68.0,55.4,72
BXK_AP,2016-12-22,59.0,55.4,71
BXK_AP,2016-12-23,60.8,53.6,72
BXK_AP,2016-12-24,57.2,42.8,71
BXK_AP,2016-12-25,51.8,35.6,72
BXK_AP,2016-12-26,59.0,32.0,72
BXK_AP,2016-12-27,66.2,39.2,72
BXK_AP,2016-12-28,60.8,41.0,72
BXK_AP,2016-12-29,73.4,46.4,72
BXK_AP,2016-12-30,69.8,53.6,72
BXK_AP,2016-12-31,62.6,50.0,72
BXK_AP,2017-01-01,57.2,48.2,72
BXK_AP,2017-01-02,57.2,44.6,72
BXK_AP,2017-01-03,59.0,41.0,72
BXK_AP,2017-01-04,62.6,41.0,72
BXK_AP,2017-01-05,64.4,41.0,72
BXK_AP,2017-01-06,60.8,41.0,72
BXK_AP,2017-01-07,62.6,37.4,72
BXK_AP,2017-01-08,71.6,41.0,72
BXK_AP,2017-01-09,62.6,48.2,72
BXK_AP,2017-01-10,66.2,42.8,71
BXK_AP,2017-01-11,62.6,44.6,72
BXK_AP,2017-01-12,64.4,44.6,71
BXK_AP,2017-01-13,60.8,50.0,72
BXK_AP,2017-01-14,64.4,48.2,72
BXK_AP,2017-01-15,59.0,46.4,72
BXK_AP,2017-01-16,59.0,44.6,71
BXK_AP,2017-01-17,62.6,39.2,71
BXK_AP,2017-01-18,64.4,39.2,72
BXK_AP,2017-01-19,57.2,42.8,72
BXK_AP,2017-01-20,53.6,41.0,72
BXK_AP,2017-01-21,59.0,42.8,70
BXK_AP,2017-01-22,59.0,41.0,72
BXK_AP,2017-01-23,60.8,46.4,71
BXK_AP,2017-01-24,55.4,37.4,72
BXK_AP,2017-01-25,55.4,32.0,72
BXK_AP,2017-01-26,55.4,32.0,68
BXK_AP,2017-01-27,57.2,35.6,72
BXK_AP,2017-01-28,64.4,33.8,72
BXK_AP,2017-01-29,71.6,37.4,72
BXK_AP,2017-01-30,73.4,39.2,70
BXK_AP,2017-01-31,69.8,35.6,71
BXK_AP,2017-02-01,71.6,35.6,72
BXK_AP,2017-02-02,68.0,39.2,72
BXK_AP,2017-02-03,68.0,41.0,72
BXK_AP,2017-02-04,73.4,39.2,72
BXK_AP,2017-02-05,73.4,41.0,72
BXK_AP,2017-02-06,66.2,48.2,72
BXK_AP,2017-02-07,71.6,48.2,72
BXK_AP,2017-02-08,73.4,46.4,72
BXK_AP,2017-02-09,80.6,50.0,72
BXK_AP,2017-02-10,80.6,50.0,71
BXK_AP,2017-02-11,75.2,55.4,72
BXK_AP,2017-02-12,71.6,57.2,72
BXK_AP,2017-02-13,71.6,53.6,72
BXK_AP,2017-02-14,73.4,48.2,72
BXK_AP,2017-02-15,73.4,51.8,71
BXK_AP,2017-02-16,73.4,44.6,70
BXK_AP,2017-02-17,73.4,50.0,72
BXK_AP,2017-02-18,64.4,50.0,72
BXK_AP,2017-02-19,59.0,50.0,72
BXK_AP,2017-02-20,66.2,46.4,72
BXK_AP,2017-02-21,73.4,46.4,71
BXK_AP,2017-02-22,75.2,51.8,71
BXK_AP,2017-02-23,60.8,41.0,70
BXK_AP,2017-02-24,60.8,33.8,72
BXK_AP,2017-02-25,62.6,32.0,72
BXK_AP,2017-02-26,66.2,44.6,72
BXK_AP,2017-02-27,59.0,44.6,72
BXK_AP,2017-02-28,62.6,46.4,72
BXK_AP,2017-03-01,68.0,39.2,72
BXK_AP,2017-03-02,75.2,41.0,72
BXK_AP,2017-03-03,75.2,44.6,69
BXK_AP,2017-03-04,75.2,44.6,72
BXK_AP,2017-03-05,71.6,53.6,72
BXK_AP,2017-03-06,64.4,41.0,72
BXK_AP,2017-03-07,71.6,39.2,70
BXK_AP,2017-03-08,80.6,41.0,72
BXK_AP,2017-03-09,82.4,44.6,72
BXK_AP,2017-03-10,86.0,46.4,72
BXK_AP,2017-03-11,86.0,51.8,72
BXK_AP,2017-03-12,86.0,55.4,72
BXK_AP,2017-03-13,89.6,51.8,72
BXK_AP,2017-03-14,91.4,51.8,71
BXK_AP,2017-03-15,89.6,51.8,72
BXK_AP,2017-03-16,89.6,50.0,72
BXK_AP,2017-03-17,91.4,53.6,72
BXK_AP,2017-03-18,93.2,53.6,72
BXK_AP,2017-03-19,93.2,50.0,71
BXK_AP,2017-03-20,93.2,53.6,72
BXK_AP,2017-03-21,89.6,55.4,69
BXK_AP,2017-03-22,80.6,59.0,72
BXK_AP,2017-03-23,69.8,53.6,72
BXK_AP,2017-03-24,77.0,46.4,72
BXK_AP,2017-03-25,80.6,44.6,72
BXK_AP,2017-03-26,80.6,44.6,72
BXK_AP,2017-03-27,80.6,50.0,72
BXK_AP,2017-03-28,77.0,53.6,72
BXK_AP,2017-03-29,84.2,53.6,72
BXK_AP,2017-03-30,86.0,46.4,71
BXK_AP,2017-03-31,66.2,50.0,72
BXK_AP,2017-04-01,73.4,44.6,72
BXK_AP,2017-04-02,82.4,42.8,72
BXK_AP,2017-04-03,84.2,53.6,71
BXK_AP,2017-04-04,78.8,50.0,72
BXK_AP,2017-04-05,82.4,48.2,71
BXK_AP,2017-04-06,89.6,50.0,67
BXK_AP,2017-04-07,89.6,53.6,72
BXK_AP,2017-04-08,86.0,53.6,72
BXK_AP,2017-04-09,80.6,50.0,72
BXK_AP,2017-04-10,80.6,44.6,72
BXK_AP,2017-04-11,86.0,46.4,72
BXK_AP,2017-04-12,89.6,50.0,72
BXK_AP,2017-04-13,91.4,55.4,72
BXK_AP,2017-04-14,86.0,53.6,72
BXK_AP,2017-04-15,84.2,50.0,72
BXK_AP,2017-04-16,87.8,50.0,72
BXK_AP,2017-04-17,89.6,57.2,69
BXK_AP,2017-04-18,91.4,57.2,72
BXK_AP,2017-04-19,89.6,59.0,72
BXK_AP,2017-04-20,91.4,50.0,72
BXK_AP,2017-04-21,93.2,55.4,72
BXK_AP,2017-04-22,93.2,59.0,72
BXK_AP,2017-04-23,98.6,57.2,72
BXK_AP,2017-04-24,89.6,60.8,71
BXK_AP,2017-04-25,86.0,60.8,70
BXK_AP,2017-04-26,89.6,57.2,71
BXK_AP,2017-04-27,91.4,60.8,71
BXK_AP,2017-04-28,84.2,57.2,72
BXK_AP,2017-04-29,80.6,50.0,72
BXK_AP,2017-04-30,87.8,53.6,72
BXK_AP,2017-05-01,93.2,51.8,72
BXK_AP,2017-05-02,96.8,57.2,72
BXK_AP,2017-05-03,98.6,64.4,72
BXK_AP,2017-05-04,100.4,64.4,72
BXK_AP,2017-05-05,104.0,62.6,72
BXK_AP,2017-05-06,93.2,66.2,72
BXK_AP,2017-05-07,71.6,57.2,67
BXK_AP,2017-05-08,77.0,51.8,70
BXK_AP,2017-05-09,73.4,55.4,72
BXK_AP,2017-05-10,77.0,53.6,72
BXK_AP,2017-05-11,91.4,57.2,72
BXK_AP,2017-05-12,95.0,62.6,72
BXK_AP,2017-05-13,95.0,62.6,72
BXK_AP,2017-05-14,89.6,59.0,72
BXK_AP,2017-05-15,80.6,57.2,70
BXK_AP,2017-05-16,77.0,53.6,69
BXK_AP,2017-05-17,84.2,55.4,72
BXK_AP,2017-05-18,84.2,60.8,72
BXK_AP,2017-05-19,86.0,57.2,72
BXK_AP,2017-05-20,93.2,57.2,72
BXK_AP,2017-05-21,98.6,60.8,72
BXK_AP,2017-05-22,102.2,64.4,72
BXK_AP,2017-05-23,104.0,71.6,70
BXK_AP,2017-05-24,105.8,69.8,72
BXK_AP,2017-05-25,98.6,75.2,47
BXK_AP,2017-05-26,91.4,62.6,69
BXK_AP,2017-05-27,95.0,62.6,72
BXK_AP,2017-05-28,100.4,64.4,72
BXK_AP,2017-05-29,100.4,64.4,71
BXK_AP,2017-05-30,100.4,69.8,72
BXK_AP,2017-05-31,98.6,64.4,72
BXK_AP,2017-06-01,95.0,73.4,71
BXK_AP,2017-06-02,100.4,66.2,72
BXK_AP,2017-06-03,104.0,68.0,72
BXK_AP,2017-06-04,105.8,73.4,72
BXK_AP,2017-06-05,104.0,77.0,72
BXK_AP,2017-06-06,104.0,75.2,72
BXK_AP,2017-06-07,104.0,71.6,72
BXK_AP,2017-06-08,102.2,66.2,72
BXK_AP,2017-06-09,102.2,73.4,72
BXK_AP,2017-06-10,100.4,69.8,72
BXK_AP,2017-06-11,95.0,68.0,71
BXK_AP,2017-06-12,91.4,66.2,72
BXK_AP,2017-06-13,95.0,62.6,72
BXK_AP,2017-06-14,102.2,64.4,71
BXK_AP,2017-06-15,104.0,62.6,72
BXK_AP,2017-06-16,107.6,66.2,72
BXK_AP,2017-06-17,107.6,69.8,72
BXK_AP,2017-06-18,113.0,73.4,67
BXK_AP,2017-06-19,116.6,75.2,72
BXK_AP,2017-06-20,118.4,82.4,71
BXK_AP,2017-06-21,116.6,84.2,71
BXK_AP,2017-06-22,111.2,80.6,72
BXK_AP,2017-06-23,111.2,77.0,72
BXK_AP,2017-06-24,114.8,82.4,63
BXK_AP,2017-06-25,113.0,89.6,72
BXK_AP,2017-06-26,111.2,82.4,71
BXK_AP,2017-06-27,109.4,77.0,71
BXK_AP,2017-06-28,105.8,75.2,71
BXK_AP,2017-06-29,104.0,73.4,72
BXK_AP,2017-06-30,104.0,73.4,71
BXK_AP,2017-07-01,109.4,73.4,72
BXK_AP,2017-07-02,105.8,71.6,72
BXK_AP,2017-07-03,105.8,80.6,72
BXK_AP,2017-07-04,109.4,78.8,72
BXK_AP,2017-07-05,111.2,80.6,72
BXK_AP,2017-07-06,111.2,82.4,72
BXK_AP,2017-07-07,113.0,82.4,72
BXK_AP,2017-07-08,109.4,93.2,72
BXK_AP,2017-07-09,107.6,82.4,69
BXK_AP,2017-07-10,107.6,78.8,72
BXK_AP,2017-07-11,104.0,84.2,72
BXK_AP,2017-07-12,107.6,84.2,72
BXK_AP,2017-07-13,109.4,82.4,72
BXK_AP,2017-07-14,109.4,86.0,72
BXK_AP,2017-07-15,107.6,80.6,71
BXK_AP,2017-07-16,102.2,80.6,72
BXK_AP,2017-07-17,98.6,77.0,72
BXK_AP,2017-07-18,102.2,82.4,72
BXK_AP,2017-07-19,100.4,80.6,72
BXK_AP,2017-07-20,102.2,80.6,72
BXK_AP,2017-07-21,104.0,84.2,72
BXK_AP,2017-07-22,107.6,80.6,71
BXK_AP,2017-07-23,102.2,80.6,72
BXK_AP,2017-07-24,86.0,73.4,72
BXK_AP,2017-07-25,100.4,80.6,72
BXK_AP,2017-07-26,102.2,78.8,72
BXK_AP,2017-07-27,107.6,80.6,72
BXK_AP,2017-07-28,98.6,80.6,72
BXK_AP,2017-07-29,102.2,78.8,71
BXK_AP,2017-07-30,98.6,77.0,72
BXK_AP,2017-07-31,102.2,82.4,72
BXK_AP,2017-08-01,96.8,84.2,72
BXK_AP,2017-08-02,98.6,80.6,72
BXK_AP,2017-08-03,102.2,82.4,72
BXK_AP,2017-08-04,102.2,78.8,71
BXK_AP,2017-08-05,102.2,80.6,71
BXK_AP,2017-08-06,102.2,77.0,72
BXK_AP,2017-08-07,104.0,77.0,72
BXK_AP,2017-08-08,105.8,77.0,72
BXK_AP,2017-08-09,107.6,75.2,70
BXK_AP,2017-08-10,98.6,84.2,34
BXK_AP,2017-08-11,102.2,86.0,44
BXK_AP,2017-08-12,102.2,80.6,72
BXK_AP,2017-08-13,100.4,77.0,72
BXK_AP,2017-08-14,102.2,80.6,72
BXK_AP,2017-08-15,100.4,75.2,72
BXK_AP,2017-08-16,100.4,71.6,71
BXK_AP,2017-08-17,100.4,71.6,69
BXK_AP,2017-08-18,104.0,69.8,72
BXK_AP,2017-08-19,102.2,73.4,72
BXK_AP,2017-08-20,98.6,77.0,72
BXK_AP,2017-08-21,102.2,77.0,72
BXK_AP,2017-08-22,104.0,78.8,72
BXK_AP,2017-08-23,104.0,82.4,71
BXK_AP,2017-08-24,100.4,77.0,72
BXK_AP,2017-08-25,105.8,77.0,72
BXK_AP,2017-08-26,109.4,77.0,72
BXK_AP,2017-08-27,107.6,84.2,72
BXK_AP,2017-08-28,109.4,89.6,71
BXK_AP,2017-08-29,107.6,89.6,72
BXK_AP,2017-08-30,105.8,89.6,72
BXK_AP,2017-08-31,105.8,84.2,72
BXK_AP,2017-09-01,107.6,75.2,72
BXK_AP,2017-09-02,100.4,80.6,72
BXK_AP,2017-09-03,98.6,78.8,72
BXK_AP,2017-09-04,104.0,77.0,72
BXK_AP,2017-09-05,104.0,77.0,72
BXK_AP,2017-09-06,105.8,77.0,71
BXK_AP,2017-09-07,102.2,80.6,71
BXK_AP,2017-09-08,93.2,80.6,72
BXK_AP,2017-09-09,93.2,77.0,72
BXK_AP,2017-09-10,100.4,73.4,72
BXK_AP,2017-09-11,104.0,80.6,72
BXK_AP,2017-09-12,107.6,82.4,72
BXK_AP,2017-09-13,105.8,77.0,71
BXK_AP,2017-09-14,98.6,75.2,72
BXK_AP,2017-09-15,95.0,71.6,72
BXK_AP,2017-09-16,95.0,66.2,72
BXK_AP,2017-09-17,93.2,66.2,72
BXK_AP,2017-09-18,96.8,64.4,72
BXK_AP,2017-09-19,96.8,64.4,72
BXK_AP,2017-09-20,96.8,68.0,72
BXK_AP,2017-09-21,95.0,68.0,72
BXK_AP,2017-09-22,86.0,62.6,70
BXK_AP,2017-09-23,84.2,53.6,72
BXK_AP,2017-09-24,86.0,55.4,72
BXK_AP,2017-09-25,86.0,53.6,72
BXK_AP,2017-09-26,86.0,55.4,62
BXK_AP,2017-09-27,89.6,60.8,72
BXK_AP,2017-09-28,91.4,55.4,71
BXK_AP,2017-09-29,95.0,62.6,72
BXK_AP,2017-09-30,95.0,59.0,72
BXK_AP,2017-10-01,95.0,62.6,71
BXK_AP,2017-10-02,89.6,60.8,72
BXK_AP,2017-10-03,91.4,59.0,72
BXK_AP,2017-10-04,95.0,59.0,72
BXK_AP,2017-10-05,95.0,62.6,69
BXK_AP,2017-10-06,98.6,59.0,72
BXK_AP,2017-10-07,93.2,59.0,72
BXK_AP,2017-10-08,93.2,50.0,72
BXK_AP,2017-10-09,84.2,62.6,72
BXK_AP,2017-10-10,89.6,68.0,72
BXK_AP,2017-10-11,93.2,57.2,72
BXK_AP,2017-10-12,91.4,55.4,72
BXK_AP,2017-10-13,93.2,57.2,70
BXK_AP,2017-10-14,93.2,55.4,72
BXK_AP,2017-10-15,93.2,57.2,72
BXK_AP,2017-10-16,95.0,59.0,71
BXK_AP,2017-10-17,95.0,62.6,72
BXK_AP,2017-10-18,93.2,62.6,72
BXK_AP,2017-10-19,93.2,66.2,72
BXK_AP,2017-10-20,84.2,62.6,71
BXK_AP,2017-10-21,84.2,55.4,72
BXK_AP,2017-10-22,91.4,53.6,72
BXK_AP,2017-10-23,95.0,59.0,72
BXK_AP,2017-10-24,95.0,59.0,70
BXK_AP,2017-10-25,91.4,68.0,71
BXK_AP,2017-10-26,91.4,55.4,72
BXK_AP,2017-10-27,89.6,55.4,72
BXK_AP,2017-10-28,89.6,51.8,72
BXK_AP,2017-10-29,89.6,51.8,72
BXK_AP,2017-10-30,82.4,55.4,71
BXK_AP,2017-10-31,77.0,57.2,72
BXK_AP,2017-11-01,80.6,55.4,72
BXK_AP,2017-11-02,77.0,55.4,72
BXK_AP,2017-11-03,77.0,53.6,72
BXK_AP,2017-11-04,80.6,59.0,67
BXK_AP,2017-11-05,77.0,55.4,72
BXK_AP,2017-11-06,78.8,51.8,71
BXK_AP,2017-11-07,78.8,59.0,72
BXK_AP,2017-11-08,80.6,55.4,69
BXK_AP,2017-11-09,82.4,53.6,67
BXK_AP,2017-11-10,82.4,50.0,72
BXK_AP,2017-11-11,82.4,50.0,72
BXK_AP,2017-11-12,82.4,46.4,71
BXK_AP,2017-11-13,84.2,55.4,72
BXK_AP,2017-11-14,82.4,50.0,71
BXK_AP,2017-11-15,80.6,50.0,72
BXK_AP,2017-11-16,82.4,48.2,70
BXK_AP,2017-11-17,78.8,55.4,72
BXK_AP,2017-11-18,77.0,51.8,72
BXK_AP,2017-11-19,80.6,46.4,72
BXK_AP,2017-11-20,75.2,42.8,71
BXK_AP,2017-11-21,80.6,46.4,72
BXK_AP,2017-11-22,86.0,50.0,72
BXK_AP,2017-11-23,84.2,51.8,71
BXK_AP,2017-11-24,82.4,46.4,72
BXK_AP,2017-11-25,82.4,48.2,72
BXK_AP,2017-11-26,84.2,48.2,71
BXK_AP,2017-11-27,75.2,44.6,67
BXK_AP,2017-11-28,71.6,48.2,64
BXK_AP,2017-11-29,73.4,51.8,72
BXK_AP,2017-11-30,73.4,57.2,72
BXK_AP,2017-12-01,75.2,53.6,72
BXK_AP,2017-12-02,80.6,50.0,72
BXK_AP,2017-12-03,77.0,48.2,71
BXK_AP,2017-12-04,71.6,44.6,72
BXK_AP,2017-12-05,64.4,42.8,72
BXK_AP,2017-12-06,73.4,41.0,68
BXK_AP,2017-12-07,68.0,46.4,71
BXK_AP,2017-12-08,64.4,37.4,72
BXK_AP,2017-12-09,73.4,32.0,72
BXK_AP,2017-12-10,77.0,57.2,72
BXK_AP,2017-12-11,77.0,50.0,71
BXK_AP,2017-12-12,71.6,39.2,70
BXK_AP,2017-12-13,73.4,39.2,70
BXK_AP,2017-12-14,71.6,32.0,72
BXK_AP,2017-12-15,69.8,42.8,72
BXK_AP,2017-12-16,64.4,37.4,72
BXK_AP,2017-12-17,62.6,41.0,71
BXK_AP,2017-12-18,64.4,41.0,72
BXK_AP,2017-12-19,64.4,32.0,72
BXK_AP,2017-12-20,64.4,35.6,72
BXK_AP,2017-12-21,55.4,37.4,72
BXK_AP,2017-12-22,57.2,32.0,72
BXK_AP,2017-12-23,59.0,30.2,72
BXK_AP,2017-12-24,66.2,32.0,71
BXK_AP,2017-12-25,64.4,33.8,72
BXK_AP,2017-12-26,66.2,32.0,66
BXK_AP,2017-12-27,69.8,35.6,72
BXK_AP,2017-12-28,73.4,33.8,71
BXK_AP,2017-12-29,75.2,35.6,72
BXK_AP,2017-12-30,71.6,33.8,70
BXK_AP,2017-12-31,66.2,35.6,72
BXK_AP,2018-01-01,71.6,33.8,72
BXK_AP,2018-01-02,73.4,42.8,72
BXK_AP,2018-01-03,73.4,41.0,72
BXK_AP,2018-01-04,75.2,44.6,70
BXK_AP,2018-01-05,73.4,39.2,72
BXK_AP,2018-01-06,71.6,42.8,72
BXK_AP,2018-01-07,73.4,46.4,71
BXK_AP,2018-01-08,73.4,50.0,72
BXK_AP,2018-01-09,73.4,50.0,72
BXK_AP,2018-01-10,60.8,48.2,71
BXK_AP,2018-01-11,64.4,44.6,71
BXK_AP,2018-01-12,68.0,41.0,70
BXK_AP,2018-01-13,77.0,41.0,72
BXK_AP,2018-01-14,73.4,41.0,72
BXK_AP,2018-01-15,69.8,44.6,72
BXK_AP,2018-01-16,69.8,46.4,72
BXK_AP,2018-01-17,68.0,48.2,72
BXK_AP,2018-01-18,71.6,39.2,71
BXK_AP,2018-01-19,71.6,41.0,72
BXK_AP,2018-01-20,62.6,41.0,72
BXK_AP,2018-01-21,59.0,32.0,71
BXK_AP,2018-01-22,59.0,32.0,72
BXK_AP,2018-01-23,66.2,32.0,71
BXK_AP,2018-01-24,73.4,35.6,71
BXK_AP,2018-01-25,73.4,46.4,72
BXK_AP,2018-01-26,66.2,39.2,72
BXK_AP,2018-01-27,73.4,37.4,72
BXK_AP,2018-01-28,80.6,44.6,72
BXK_AP,2018-01-29,80.6,51.8,72
BXK_AP,2018-01-30,77.0,44.6,72
BXK_AP,2018-01-31,77.0,41.0,68
BXK_AP,2018-02-01,77.0,39.2,72
BXK_AP,2018-02-02,75.2,41.0,72
BXK_AP,2018-02-03,77.0,39.2,72
BXK_AP,2018-02-04,77.0,42.8,72
BXK_AP,2018-02-05,77.0,41.0,72
BXK_AP,2018-02-06,78.8,41.0,72
BXK_AP,2018-02-07,75.2,46.4,72
BXK_AP,2018-02-08,80.6,42.8,72
BXK_AP,2018-02-09,78.8,41.0,60
BXK_AP,2018-02-10,77.0,44.6,72
BXK_AP,2018-02-11,71.6,50.0,72
BXK_AP,2018-02-12,66.2,50.0,72
BXK_AP,2018-02-13,68.0,50.0,72
BXK_AP,2018-02-14,60.8,44.6,38
BXK_AP,2018-02-15,64.4,53.6,38
BXK_AP,2018-02-16,64.4,46.4,71
BXK_AP,2018-02-17,68.0,39.2,72
BXK_AP,2018-02-18,71.6,42.8,72
BXK_AP,2018-02-19,62.6,41.0,72
BXK_AP,2018-02-20,57.2,32.0,72
BXK_AP,2018-02-21,59.0,30.2,72
BXK_AP,2018-02-22,59.0,32.0,72
BXK_AP,2018-02-23,59.0,37.4,69
BXK_AP,2018-02-24,57.2,35.6,71
BXK_AP,2018-02-25,62.6,32.0,72
BXK_AP,2018-02-26,66.2,28.4,69
BXK_AP,2018-02-27,64.4,35.6,71
BXK_AP,2018-02-28,59.0,37.4,72
BXK_AP,2018-03-01,64.4,35.6,69
BXK_AP,2018-03-02,71.6,39.2,72
BXK_AP,2018-03-03,73.4,39.2,72
BXK_AP,2018-03-04,64.4,42.8,72
BXK_AP,2018-03-05,71.6,41.0,72
BXK_AP,2018-03-06,75.2,42.8,72
BXK_AP,2018-03-07,75.2,41.0,72
BXK_AP,2018-03-08,80.6,48.2,72
BXK_AP,2018-03-09,82.4,48.2,70
BXK_AP,2018-03-10,71.6,57.2,72
BXK_AP,2018-03-11,75.2,57.2,72
BXK_AP,2018-03-12,80.6,53.6,72
BXK_AP,2018-03-13,80.6,57.2,72
BXK_AP,2018-03-14,82.4,50.0,71
BXK_AP,2018-03-15,71.6,48.2,72
BXK_AP,2018-03-16,71.6,46.4,72
BXK_AP,2018-03-17,68.0,44.6,72
BXK_AP,2018-03-18,66.2,41.0,72
BXK_AP,2018-03-19,71.6,44.6,72
BXK_AP,2018-03-20,77.0,41.0,72
BXK_AP,2018-03-21,82.4,46.4,72
BXK_AP,2018-03-22,86.0,55.4,72
BXK_AP,2018-03-23,82.4,57.2,72
BXK_AP,2018-03-24,77.0,53.6,72
BXK_AP,2018-03-25,73.4,46.4,72
BXK_AP,2018-03-26,71.6,46.4,68
BXK_AP,2018-03-27,75.2,46.4,67
BXK_AP,2018-03-28,78.8,42.8,69
BXK_AP,2018-03-29,86.0,46.4,72
BXK_AP,2018-03-30,91.4,59.0,72
BXK_AP,2018-03-31,91.4,55.4,72
BXK_AP,2018-04-01,89.6,59.0,72
BXK_AP,2018-04-02,86.0,57.2,72
BXK_AP,2018-04-03,84.2,55.4,72
BXK_AP,2018-04-04,87.8,55.4,72
BXK_AP,2018-04-05,91.4,57.2,71
BXK_AP,2018-04-06,89.6,62.6,70
BXK_AP,2018-04-07,93.2,64.4,72
BXK_AP,2018-04-08,91.4,66.2,72
BXK_AP,2018-04-09,91.4,59.0,72
BXK_AP,2018-04-10,95.0,59.0,67
BXK_AP,2018-04-11,95.0,57.2,72
BXK_AP,2018-04-12,84.2,62.6,72
BXK_AP,2018-04-13,75.2,55.4,72
BXK_AP,2018-04-14,77.0,51.8,41
BXK_AP,2018-04-16,84.2,66.2,47
BXK_AP,2018-04-17,73.4,51.8,72
BXK_AP,2018-04-18,80.6,44.6,72
BXK_AP,2018-04-19,77.0,50.0,70
BXK_AP,2018-04-20,77.0,46.4,72
BXK_AP,2018-04-21,86.0,50.0,72
BXK_AP,2018-04-22,91.4,57.2,69
BXK_AP,2018-04-23,93.2,57.2,71
BXK_AP,2018-04-24,95.0,62.6,66
BXK_AP,2018-04-25,95.0,64.4,72
BXK_AP,2018-04-26,95.0,62.6,72
BXK_AP,2018-04-27,96.8,66.2,72
BXK_AP,2018-04-28,95.0,66.2,72
BXK_AP,2018-04-29,89.6,59.0,72
BXK_AP,2018-04-30,82.4,59.0,72
BXK_AP,2018-05-01,71.6,55.4,70
BXK_AP,2018-05-02,73.4,53.6,71
BXK_AP,2018-05-03,82.4,50.0,71
BXK_AP,2018-05-04,91.4,55.4,72
BXK_AP,2018-05-05,100.4,59.0,71
BXK_AP,2018-05-06,104.0,62.6,72
BXK_AP,2018-05-07,100.4,68.0,72
BXK_AP,2018-05-08,100.4,64.4,64
BXK_AP,2018-05-09,102.2,68.0,68
BXK_AP,2018-05-10,102.2,68.0,72
BXK_AP,2018-05-11,95.0,69.8,72
BXK_AP,2018-05-12,86.0,64.4,72
BXK_AP,2018-05-13,86.0,59.0,72
BXK_AP,2018-05-14,91.4,60.8,65
BXK_AP,2018-05-15,91.4,60.8,64
BXK_AP,2018-05-16,98.6,59.0,72
BXK_AP,2018-05-17,95.0,62.6,72
BXK_AP,2018-05-18,91.4,62.6,72
BXK_AP,2018-05-19,93.2,62.6,68
BXK_AP,2018-05-20,93.2,62.6,72
BXK_AP,2018-05-21,93.2,62.6,67
BXK_AP,2018-05-22,89.6,64.4,67
BXK_AP,2018-05-23,91.4,59.0,72
BXK_AP,2018-05-24,95.0,60.8,72
BXK_AP,2018-05-25,95.0,64.4,68
BXK_AP,2018-05-26,89.6,62.6,72
BXK_AP,2018-05-27,89.6,59.0,72
BXK_AP,2018-05-28,96.8,64.4,72
BXK_AP,2018-05-29,100.4,68.0,72
BXK_AP,2018-05-30,98.6,71.6,71
BXK_AP,2018-05-31,95.0,64.4,68
BXK_AP,2018-06-01,96.8,66.2,72
BXK_AP,2018-06-02,100.4,64.4,72
BXK_AP,2018-06-03,104.0,66.2,72
BXK_AP,2018-06-04,107.6,68.0,72
BXK_AP,2018-06-05,102.2,71.6,72
BXK_AP,2018-06-06,98.6,71.6,71
BXK_AP,2018-06-07,102.2,68.0,72
BXK_AP,2018-06-08,104.0,66.2,72
BXK_AP,2018-06-09,105.8,71.6,72
BXK_AP,2018-06-10,102.2,73.4,72
BXK_AP,2018-06-11,104.0,66.2,72
BXK_AP,2018-06-12,104.0,71.6,60
BXK_AP,2018-06-13,109.4,73.4,68
BXK_AP,2018-06-14,107.6,82.4,72
BXK_AP,2018-06-15,91.4,75.2,72
BXK_AP,2018-06-16,84.2,71.6,72
BXK_AP,2018-06-17,96.8,69.8,72
BXK_AP,2018-06-18,96.8,64.4,72
BXK_AP,2018-06-19,100.4,66.2,72
BXK_AP,2018-06-20,107.6,68.0,72
BXK_AP,2018-06-21,107.6,73.4,70
BXK_AP,2018-06-22,109.4,71.6,70
BXK_AP,2018-06-23,105.8,77.0,72
BXK_AP,2018-06-24,102.2,75.2,72
BXK_AP,2018-06-25,104.0,73.4,71
BXK_AP,2018-06-26,107.6,71.6,69
BXK_AP,2018-06-27,107.6,71.6,65
BXK_AP,2018-06-28,104.0,77.0,72
BXK_AP,2018-06-29,102.2,75.2,72
BXK_AP,2018-06-30,100.4,71.6,71
BXK_AP,2018-07-01,102.2,69.8,71
BXK_AP,2018-07-02,105.8,71.6,69
BXK_AP,2018-07-03,105.8,75.2,71
BXK_AP,2018-07-04,104.0,75.2,72
BXK_AP,2018-07-05,113.0,77.0,72
BXK_AP,2018-07-06,109.4,93.2,72
BXK_AP,2018-07-07,109.4,87.8,72
BXK_AP,2018-07-08,109.4,89.6,63
BXK_AP,2018-07-09,102.2,75.2,56
BXK_AP,2018-07-10,95.0,75.2,71
BXK_AP,2018-07-11,98.6,75.2,72
BXK_AP,2018-07-12,100.4,75.2,72
BXK_AP,2018-07-13,104.0,78.8,72
BXK_AP,2018-07-14,104.0,84.2,72
BXK_AP,2018-07-15,100.4,84.2,72
BXK_AP,2018-07-16,104.0,82.4,72
BXK_AP,2018-07-17,102.2,80.6,71
BXK_AP,2018-07-18,100.4,78.8,72
BXK_AP,2018-07-19,105.8,80.6,72
BXK_AP,2018-07-20,107.6,84.2,72
BXK_AP,2018-07-21,100.4,73.4,72
BXK_AP,2018-07-22,107.6,77.0,72
BXK_AP,2018-07-23,113.0,82.4,72
BXK_AP,2018-07-24,113.0,84.2,72
BXK_AP,2018-07-25,114.8,86.0,72
BXK_AP,2018-07-26,109.4,89.6,72
BXK_AP,2018-07-27,107.6,86.0,72
BXK_AP,2018-07-28,104.0,82.4,72
BXK_AP,2018-07-29,102.2,82.4,71
BXK_AP,2018-07-30,107.6,86.0,72
BXK_AP,2018-07-31,104.0,82.4,72
BXK_AP,2018-08-01,109.4,84.2,72
BXK_AP,2018-08-02,109.4,86.0,72
BXK_AP,2018-08-03,107.6,80.6,71
BXK_AP,2018-08-04,109.4,86.0,71
BXK_AP,2018-08-05,111.2,86.0,72
BXK_AP,2018-08-06,113.0,82.4,72
BXK_AP,2018-08-07,107.6,86.0,72
BXK_AP,2018-08-08,102.2,77.0,71
BXK_AP,2018-08-09,100.4,80.6,72
BXK_AP,2018-08-10,98.6,75.2,72
BXK_AP,2018-08-11,98.6,75.2,71
BXK_AP,2018-08-12,104.0,80.6,72
BXK_AP,2018-08-13,100.4,77.0,72
BXK_AP,2018-08-14,102.2,80.6,72
BXK_AP,2018-08-15,98.6,80.6,72
BXK_AP,2018-08-16,98.6,82.4,72
BXK_AP,2018-08-17,100.4,77.0,72
BXK_AP,2018-08-18,104.0,82.4,72
BXK_AP,2018-08-19,107.6,82.4,69
BXK_AP,2018-08-20,107.6,84.2,69
BXK_AP,2018-08-21,100.4,84.2,72
BXK_AP,2018-08-22,98.6,84.2,72
BXK_AP,2018-08-23,100.4,80.6,68
BXK_AP,2018-08-24,100.4,82.4,72
BXK_AP,2018-08-25,100.4,80.6,72
BXK_AP,2018-08-26,102.2,78.8,72
BXK_AP,2018-08-27,104.0,75.2,72
BXK_AP,2018-08-28,102.2,75.2,72
BXK_AP,2018-08-29,104.0,75.2,60
BXK_AP,2018-08-30,102.2,80.6,72
BXK_AP,2018-08-31,102.2,80.6,72
BXK_AP,2018-09-01,102.2,80.6,72
BXK_AP,2018-09-02,98.6,77.0,72
BXK_AP,2018-09-03,96.8,75.2,72
BXK_AP,2018-09-04,98.6,73.4,72
BXK_AP,2018-09-05,100.4,77.0,72
BXK_AP,2018-09-06,102.2,77.0,70
BXK_AP,2018-09-07,102.2,80.6,72
BXK_AP,2018-09-08,105.8,75.2,72
BXK_AP,2018-09-09,104.0,78.8,72
BXK_AP,2018-09-10,104.0,78.8,71
BXK_AP,2018-09-11,104.0,77.0,71
BXK_AP,2018-09-12,104.0,73.4,72
BXK_AP,2018-09-13,102.2,68.0,72
BXK_AP,2018-09-14,104.0,73.4,72
BXK_AP,2018-09-15,107.6,73.4,72
BXK_AP,2018-09-16,102.2,82.4,49
BXK_AP,2018-09-17,104.0,77.0,67
BXK_AP,2018-09-18,102.2,77.0,72
BXK_AP,2018-09-19,86.0,73.4,62
BXK_AP,2018-09-20,96.8,68.0,72
BXK_AP,2018-09-21,100.4,71.6,72
BXK_AP,2018-09-22,102.2,73.4,72
BXK_AP,2018-09-23,100.4,80.6,72
BXK_AP,2018-09-24,98.6,80.6,71
BXK_AP,2018-09-25,98.6,71.6,71
BXK_AP,2018-09-26,100.4,71.6,72
BXK_AP,2018-09-27,102.2,69.8,72
BXK_AP,2018-09-28,102.2,66.2,68
BXK_AP,2018-09-29,100.4,73.4,72
BXK_AP,2018-09-30,91.4,71.6,69
BXK_AP,2018-10-01,77.0,69.8,72
BXK_AP,2018-10-02,78.8,68.0,72
BXK_AP,2018-10-03,84.2,71.6,72
BXK_AP,2018-10-04,82.4,68.0,72
BXK_AP,2018-10-05,84.2,62.6,72
BXK_AP,2018-10-06,82.4,64.4,72
BXK_AP,2018-10-07,73.4,55.4,72
BXK_AP,2018-10-08,73.4,53.6,71
BXK_AP,2018-10-09,78.8,55.4,71
BXK_AP,2018-10-10,80.6,55.4,72
BXK_AP,2018-10-11,80.6,66.2,72
BXK_AP,2018-10-12,80.6,66.2,72
BXK_AP,2018-10-13,71.6,62.6,72
BXK_AP,2018-10-14,75.2,59.0,72
BXK_AP,2018-10-15,75.2,55.4,64
BXK_AP,2018-10-16,68.0,55.4,64
BXK_AP,2018-10-17,75.2,55.4,72
BXK_AP,2018-10-18,78.8,53.6,72
BXK_AP,2018-10-19,84.2,51.8,72
BXK_AP,2018-10-20,89.6,60.8,72
BXK_AP,2018-10-21,86.0,73.4,72
BXK_AP,2018-10-22,84.2,66.2,72
BXK_AP,2018-10-23,86.0,64.4,71
BXK_AP,2018-10-24,82.4,57.2,71
BXK_AP,2018-10-25,84.2,57.2,70
BXK_AP,2018-10-26,84.2,55.4,68
BXK_AP,2018-10-27,86.0,53.6,72
BXK_AP,2018-10-28,84.2,53.6,72
BXK_AP,2018-10-29,84.2,55.4,71
BXK_AP,2018-10-30,82.4,57.2,68
BXK_AP,2018-10-31,75.2,51.8,71
BXK_AP,2018-11-01,73.4,46.4,60
BXK_AP,2018-11-02,75.2,46.4,50
BXK_AP,2018-11-03,78.8,46.4,72
BXK_AP,2018-11-04,77.0,51.8,72
BXK_AP,2018-11-05,80.6,48.2,61
BXK_AP,2018-11-06,80.6,48.2,71
BXK_AP,2018-11-07,80.6,48.2,72
BXK_AP,2018-11-08,77.0,48.2,72
BXK_AP,2018-11-09,77.0,50.0,72
BXK_AP,2018-11-10,75.2,48.2,72
BXK_AP,2018-11-11,73.4,41.0,72
BXK_AP,2018-11-12,66.2,42.8,72
BXK_AP,2018-11-13,64.4,44.6,72
BXK_AP,2018-11-14,66.2,37.4,70
BXK_AP,2018-11-15,71.6,35.6,70
BXK_AP,2018-11-16,71.6,35.6,71
BXK_AP,2018-11-17,71.6,35.6,72
BXK_AP,2018-11-18,69.8,37.4,72
BXK_AP,2018-11-19,73.4,37.4,71
BXK_AP,2018-11-20,75.2,44.6,67
BXK_AP,2018-11-21,69.8,37.4,70
BXK_AP,2018-11-22,66.2,48.2,72
BXK_AP,2018-11-23,68.0,41.0,72
BXK_AP,2018-11-24,69.8,39.2,69
BXK_AP,2018-11-25,71.6,41.0,72
BXK_AP,2018-11-26,73.4,39.2,66
BXK_AP,2018-11-27,73.4,41.0,71
BXK_AP,2018-11-28,71.6,41.0,66
BXK_AP,2018-11-29,66.2,41.0,71
BXK_AP,2018-11-30,64.4,46.4,68
BXK_AP,2018-12-01,62.6,41.0,71
BXK_AP,2018-12-02,62.6,41.0,72
BXK_AP,2018-12-03,59.0,35.6,71
BXK_AP,2018-12-04,62.6,33.8,62
BXK_AP,2018-12-05,68.0,37.4,72
BXK_AP,2018-12-06,57.2,46.4,72
BXK_AP,2018-12-07,64.4,50.0,70
BXK_AP,2018-12-08,64.4,44.6,72
BXK_AP,2018-12-09,66.2,41.0,72
BXK_AP,2018-12-10,68.0,42.8,55
BXK_AP,2018-12-20,71.6,42.8,32
BXK_AP,2018-12-21,64.4,39.2,72
BXK_AP,2018-12-22,68.0,37.4,72
BXK_AP,2018-12-23,68.0,37.4,72
BXK_AP,2018-12-24,68.0,37.4,72
BXK_AP,2018-12-25,62.6,37.4,72
BXK_AP,2018-12-26,62.6,37.4,71
BXK_AP,2018-12-27,57.2,32.0,71
BXK_AP,2018-12-28,53.6,33.8,53
BXK_AP,2018-12-29,55.4,32.0,72
BXK_AP,2018-12-30,55.4,28.4,72
BXK_AP,2018-12-31,44.6,28.4,68
BXK_AP,2019-01-01,48.2,28.4,72
BXK_AP,2019-01-02,50.0,30.2,69
BXK_AP,2019-01-03,53.6,23.0,72
BXK_AP,2019-01-04,62.6,26.6,72
BXK_AP,2019-01-05,62.6,35.6,71
BXK_AP,2019-01-06,53.6,44.6,72
BXK_AP,2019-01-07,60.8,39.2,72
BXK_AP,2019-01-08,66.2,39.2,72
BXK_AP,2019-01-09,69.8,41.0,71
BXK_AP,2019-01-10,66.2,46.4,72
BXK_AP,2019-01-11,64.4,39.2,72
BXK_AP,2019-01-12,64.4,41.0,72
BXK_AP,2019-01-13,59.0,41.0,72
BXK_AP,2019-01-14,66.2,46.4,72
BXK_AP,2019-01-15,59.0,48.2,72
BXK_AP,2019-01-16,66.2,48.2,72
BXK_AP,2019-01-17,64.4,41.0,71
BXK_AP,2019-01-18,71.6,46.4,72
BXK_AP,2019-01-19,68.0,41.0,72
BXK_AP,2019-01-20,69.8,37.4,72
BXK_AP,2019-01-21,64.4,42.8,72
BXK_AP,2019-01-22,62.6,37.4,72
BXK_AP,2019-01-23,59.0,35.6,71
BXK_AP,2019-01-24,66.2,32.0,72
BXK_AP,2019-01-25,68.0,39.2,72
BXK_AP,2019-01-26,71.6,41.0,70
BXK_AP,2019-01-27,69.8,39.2,72
BXK_AP,2019-01-28,68.0,37.4,72
BXK_AP,2019-01-29,68.0,42.8,72
BXK_AP,2019-01-30,71.6,50.0,71
BXK_AP,2019-01-31,71.6,41.0,72
BXK_AP,2019-02-01,69.8,48.2,68
BXK_AP,2019-02-02,69.8,53.6,72
BXK_AP,2019-02-03,64.4,50.0,72
BXK_AP,2019-02-04,62.6,48.2,72
BXK_AP,2019-02-05,66.2,46.4,72
BXK_AP,2019-02-06,55.4,35.6,71
BXK_AP,2019-02-07,55.4,28.4,71
BXK_AP,2019-02-08,62.6,28.4,70
BXK_AP,2019-02-09,55.4,35.6,72
BXK_AP,2019-02-10,62.6,28.4,72
BXK_AP,2019-02-11,59.0,35.6,72
BXK_AP,2019-02-12,66.2,28.4,72
BXK_AP,2019-02-13,64.4,39.2,71
BXK_AP,2019-02-14,62.6,50.0,72
BXK_AP,2019-02-15,66.2,48.2,71
BXK_AP,2019-02-16,60.8,41.0,72
BXK_AP,2019-02-17,59.0,33.8,72
BXK_AP,2019-02-18,55.4,37.4,72
BXK_AP,2019-02-19,55.4,28.4,72
BXK_AP,2019-02-20,55.4,28.4,72
BXK_AP,2019-02-21,53.6,41.0,71
BXK_AP,2019-02-22,50.0,37.4,72
BXK_AP,2019-02-23,55.4,32.0,72
BXK_AP,2019-02-24,60.8,32.0,71
BXK_AP,2019-02-25,64.4,35.6,72
BXK_AP,2019-02-26,68.0,37.4,71
BXK_AP,2019-02-27,73.4,50.0,69
BXK_AP,2019-02-28,73.4,42.8,71
BXK_AP,2019-03-01,75.2,50.0,68
BXK_AP,2019-03-02,71.6,53.6,72
BXK_AP,2019-03-03,73.4,46.4,72
BXK_AP,2019-03-04,71.6,48.2,70
BXK_AP,2019-03-05,77.0,42.8,72
BXK_AP,2019-03-06,82.4,55.4,72
BXK_AP,2019-03-07,73.4,53.6,72
BXK_AP,2019-03-08,66.2,46.4,72
BXK_AP,2019-03-09,64.4,41.0,72
BXK_AP,2019-03-10,68.0,35.6,72
BXK_AP,2019-03-11,66.2,44.6,72
BXK_AP,2019-03-12,59.0,48.2,69
BXK_AP,2019-03-13,64.4,44.6,71
BXK_AP,2019-03-14,60.8,39.2,67
BXK_AP,2019-03-15,73.4,37.4,71
BXK_AP,2019-03-16,77.0,55.4,72
BXK_AP,2019-03-17,77.0,55.4,72
BXK_AP,2019-03-18,80.6,48.2,70
BXK_AP,2019-03-19,82.4,48.2,72
BXK_AP,2019-03-20,80.6,50.0,72
BXK_AP,2019-03-21,68.0,48.2,72
BXK_AP,2019-03-22,73.4,41.0,72
BXK_AP,2019-03-23,77.0,44.6,72
BXK_AP,2019-03-24,78.8,48.2,72
BXK_AP,2019-03-25,82.4,42.8,72
BXK_AP,2019-03-26,84.2,48.2,72
BXK_AP,2019-03-27,80.6,51.8,72
BXK_AP,2019-03-28,84.2,46.4,72
BXK_AP,2019-03-29,80.6,46.4,69
BXK_AP,2019-03-30,80.6,51.8,72
BXK_AP,2019-03-31,82.4,50.0,71
BXK_AP,2019-04-01,80.6,48.2,71
BXK_AP,2019-04-02,86.0,48.2,72
BXK_AP,2019-04-03,77.0,53.6,72
BXK_AP,2019-04-04,82.4,50.0,72
BXK_AP,2019-04-05,77.0,50.0,72
BXK_AP,2019-04-06,77.0,55.4,72
BXK_AP,2019-04-07,89.6,55.4,71
BXK_AP,2019-04-08,95.0,53.6,69
BXK_AP,2019-04-09,95.0,57.2,72
BXK_AP,2019-04-10,75.2,55.4,72
BXK_AP,2019-04-11,77.0,48.2,71
BXK_AP,2019-04-12,73.4,55.4,71
BXK_AP,2019-04-13,77.0,50.0,72
BXK_AP,2019-04-14,84.2,46.4,72
BXK_AP,2019-04-15,86.0,53.6,72
BXK_AP,2019-04-16,77.0,55.4,72
BXK_AP,2019-04-17,77.0,50.0,70
BXK_AP,2019-04-18,87.8,48.2,71
BXK_AP,2019-04-19,95.0,55.4,72
BXK_AP,2019-04-20,91.4,64.4,72
BXK_AP,2019-04-21,86.0,59.0,72
BXK_AP,2019-04-22,84.2,53.6,71
BXK_AP,2019-04-23,86.0,55.4,72
BXK_AP,2019-04-24,93.2,57.2,72
BXK_AP,2019-04-25,98.6,62.6,71
BXK_AP,2019-04-26,98.6,62.6,70
BXK_AP,2019-04-27,95.0,64.4,72
BXK_AP,2019-04-28,95.0,60.8,72
BXK_AP,2019-04-29,84.2,66.2,70
BXK_AP,2019-04-30,82.4,55.4,70
BXK_AP,2019-05-01,84.2,55.4,55
BXK_AP,2019-05-02,84.2,55.4,72
BXK_AP,2019-05-03,91.4,57.2,72
BXK_AP,2019-05-04,93.2,57.2,72
BXK_AP,2019-05-05,91.4,59.0,72
BXK_AP,2019-05-06,82.4,60.8,69
BXK_AP,2019-05-07,80.6,57.2,71
BXK_AP,2019-05-08,86.0,59.0,72
BXK_AP,2019-05-09,86.0,64.4,71
BXK_AP,2019-05-10,80.6,55.4,68
BXK_AP,2019-05-11,82.4,55.4,72
BXK_AP,2019-05-12,84.2,62.6,72
BXK_AP,2019-05-13,91.4,59.0,72
BXK_AP,2019-05-14,95.0,66.2,72
BXK_AP,2019-05-15,98.6,66.2,69
BXK_AP,2019-05-16,89.6,66.2,72
BXK_AP,2019-05-17,80.6,53.6,72
BXK_AP,2019-05-18,84.2,53.6,72
BXK_AP,2019-05-19,80.6,66.2,72
BXK_AP,2019-05-20,75.2,55.4,72
BXK_AP,2019-05-21,78.8,62.6,38
BXK_AP,2019-05-22,75.2,51.8,72
BXK_AP,2019-05-23,75.2,50.0,72
BXK_AP,2019-05-24,84.2,50.0,71
BXK_AP,2019-05-25,89.6,55.4,72
BXK_AP,2019-05-26,80.6,55.4,72
BXK_AP,2019-05-27,78.8,59.0,72
BXK_AP,2019-05-28,82.4,50.0,72
BXK_AP,2019-05-29,89.6,57.2,67
BXK_AP,2019-05-30,95.0,64.4,72
BXK_AP,2019-05-31,95.0,66.2,72
BXK_AP,2019-06-01,95.0,62.6,72
BXK_AP,2019-06-02,93.2,62.6,72
BXK_AP,2019-06-03,93.2,71.6,29
BXK_AP,2019-06-04,98.6,66.2,72
BXK_AP,2019-06-05,100.4,68.0,72
BXK_AP,2019-06-06,100.4,71.6,70
BXK_AP,2019-06-07,98.6,71.6,71
BXK_AP,2019-06-08,96.8,64.4,72
BXK_AP,2019-06-09,102.2,66.2,71
BXK_AP,2019-06-10,105.8,71.6,70
BXK_AP,2019-06-11,107.6,82.4,71
BXK_AP,2019-06-12,109.4,71.6,72
BXK_AP,2019-06-13,107.6,80.6,67
BXK_AP,2019-06-14,102.2,71.6,72
BXK_AP,2019-06-15,102.2,71.6,72
BXK_AP,2019-06-16,102.2,73.4,72
BXK_AP,2019-06-17,102.2,69.8,71
BXK_AP,2019-06-18,100.4,68.0,72
BXK_AP,2019-06-19,100.4,68.0,71
BXK_AP,2019-06-20,102.2,66.2,70
BXK_AP,2019-06-21,100.4,71.6,72
BXK_AP,2019-06-22,96.8,69.8,71
BXK_AP,2019-06-23,98.6,66.2,69
BXK_AP,2019-06-24,102.2,68.0,71
BXK_AP,2019-06-25,102.2,69.8,69
BXK_AP,2019-06-26,100.4,71.6,71
BXK_AP,2019-06-27,102.2,64.4,68
BXK_AP,2019-06-28,107.6,69.8,72
BXK_AP,2019-06-29,109.4,78.8,72
BXK_AP,2019-06-30,107.6,78.8,72
BXK_AP,2019-07-01,109.4,75.2,72
BXK_AP,2019-07-02,104.0,75.2,72
BXK_AP,2019-07-03,102.2,75.2,71
BXK_AP,2019-07-04,102.2,71.6,72
BXK_AP,2019-07-05,102.2,68.0,72
BXK_AP,2019-07-06,102.2,73.4,72
BXK_AP,2019-07-07,102.2,75.2,71
BXK_AP,2019-07-08,100.4,73.4,72
BXK_AP,2019-07-09,102.2,66.2,71
BXK_AP,2019-07-10,109.4,73.4,72
BXK_AP,2019-07-11,109.4,77.0,72
BXK_AP,2019-07-12,109.4,86.0,72
BXK_AP,2019-07-13,107.6,82.4,72
BXK_AP,2019-07-14,109.4,84.2,72
BXK_AP,2019-07-15,111.2,84.2,63
BXK_AP,2019-07-16,113.0,80.6,71
BXK_AP,2019-07-17,104.0,80.6,72
BXK_AP,2019-07-18,107.6,78.8,72
BXK_AP,2019-07-19,105.8,84.2,72
BXK_AP,2019-07-20,107.6,77.0,72
BXK_AP,2019-07-21,107.6,82.4,71
BXK_AP,2019-07-22,105.8,78.8,71
BXK_AP,2019-07-23,104.0,78.8,72
BXK_AP,2019-07-24,98.6,77.0,72
BXK_AP,2019-07-25,107.6,82.4,71
BXK_AP,2019-07-26,109.4,86.0,72
BXK_AP,2019-07-27,113.0,86.0,72
BXK_AP,2019-07-28,111.2,86.0,72
BXK_AP,2019-07-29,111.2,84.2,72
BXK_AP,2019-07-30,105.8,77.0,71
BXK_AP,2019-07-31,93.2,75.2,71
BXK_AP,2019-08-01,102.2,78.8,71
BXK_AP,2019-08-02,109.4,84.2,72
BXK_AP,2019-08-03,111.2,84.2,71
BXK_AP,2019-08-04,111.2,86.0,72
BXK_AP,2019-08-05,114.8,87.8,72
BXK_AP,2019-08-06,100.4,84.2,72
BXK_AP,2019-08-07,105.8,84.2,71
BXK_AP,2019-08-08,107.6,80.6,69
BXK_AP,2019-08-09,100.4,84.2,71
BXK_AP,2019-08-10,102.2,82.4,72
BXK_AP,2019-08-11,102.2,82.4,71
BXK_AP,2019-08-12,105.8,77.0,71
BXK_AP,2019-08-13,107.6,77.0,72
BXK_AP,2019-08-14,113.0,75.2,71
BXK_AP,2019-08-15,113.0,77.0,70
BXK_AP,2019-08-16,109.4,80.6,72
BXK_AP,2019-08-17,105.8,80.6,72
BXK_AP,2019-08-18,105.8,73.4,72
BXK_AP,2019-08-19,107.6,77.0,72
BXK_AP,2019-08-20,111.2,77.0,72
BXK_AP,2019-08-21,113.0,77.0,72
BXK_AP,2019-08-22,107.6,78.8,72
BXK_AP,2019-08-23,102.2,82.4,72
BXK_AP,2019-08-24,102.2,80.6,72
BXK_AP,2019-08-25,102.2,80.6,72
BXK_AP,2019-08-26,105.8,84.2,72
BXK_AP,2019-08-27,109.4,84.2,72
BXK_AP,2019-08-28,107.6,86.0,67
BXK_AP,2019-08-29,105.8,80.6,72
BXK_AP,2019-08-30,111.2,84.2,72
BXK_AP,2019-08-31,107.6,84.2,72
BXK_AP,2019-09-01,105.8,80.6,72
BXK_AP,2019-09-02,104.0,77.0,72
BXK_AP,2019-09-03,109.4,82.4,72
BXK_AP,2019-09-04,107.6,84.2,72
BXK_AP,2019-09-05,107.6,84.2,72
BXK_AP,2019-09-06,107.6,84.2,72
BXK_AP,2019-09-07,105.8,84.2,71
BXK_AP,2019-09-08,100.4,80.6,70
BXK_AP,2019-09-09,96.8,77.0,71
BXK_AP,2019-09-10,98.6,77.0,72
BXK_AP,2019-09-11,95.0,73.4,71
BXK_AP,2019-09-12,100.4,73.4,71
BXK_AP,2019-09-13,105.8,75.2,72
BXK_AP,2019-09-14,102.2,75.2,72
BXK_AP,2019-09-15,96.8,75.2,71
BXK_AP,2019-09-16,96.8,73.4,70
BXK_AP,2019-09-17,95.0,71.6,70
BXK_AP,2019-09-18,98.6,69.8,71
BXK_AP,2019-09-19,96.8,73.4,71
BXK_AP,2019-09-20,93.2,64.4,72
BXK_AP,2019-09-21,93.2,60.8,72
BXK_AP,2019-09-22,96.8,62.6,72
BXK_AP,2019-09-23,95.0,66.2,71
BXK_AP,2019-09-24,86.0,66.2,66
BXK_AP,2019-09-25,84.2,68.0,72
BXK_AP,2019-09-26,84.2,68.0,70
BXK_AP,2019-09-27,84.2,68.0,72
BXK_AP,2019-09-28,89.6,66.2,72
BXK_AP,2019-09-29,87.8,69.8,72
BXK_AP,2019-09-30,86.0,57.2,71
BXK_AP,2019-10-01,86.0,55.4,70
BXK_AP,2019-10-02,87.8,59.0,71
BXK_AP,2019-10-03,93.2,59.0,72
BXK_AP,2019-10-04,93.2,66.2,71
BXK_AP,2019-10-05,93.2,60.8,72
BXK_AP,2019-10-06,93.2,59.0,72
BXK_AP,2019-10-07,95.0,57.2,70
BXK_AP,2019-10-08,95.0,59.0,72
BXK_AP,2019-10-09,93.2,59.0,72
BXK_AP,2019-10-10,86.0,55.4,71
BXK_AP,2019-10-11,86.0,50.0,70
BXK_AP,2019-10-12,86.0,51.8,71
BXK_AP,2019-10-13,87.8,51.8,72
BXK_AP,2019-10-14,86.0,59.0,72
BXK_AP,2019-10-15,89.6,60.8,72
BXK_AP,2019-10-16,95.0,57.2,70
BXK_AP,2019-10-17,93.2,68.0,70
BXK_AP,2019-10-18,84.2,59.0,72
BXK_AP,2019-10-19,82.4,50.0,72
BXK_AP,2019-10-20,86.0,48.2,72
BXK_AP,2019-10-21,86.0,51.8,72
BXK_AP,2019-10-22,87.8,51.8,72
BXK_AP,2019-10-23,87.8,55.4,69
BXK_AP,2019-10-24,86.0,59.0,72
BXK_AP,2019-10-25,82.4,57.2,69
BXK_AP,2019-10-26,82.4,48.2,66
BXK_AP,2019-10-27,86.0,46.4,72
BXK_AP,2019-10-28,71.6,46.4,68
BXK_AP,2019-10-29,71.6,35.6,70
BXK_AP,2019-10-30,68.0,44.6,72
BXK_AP,2019-10-31,75.2,35.6,71
BXK_AP,2019-11-01,78.8,37.4,66
BXK_AP,2019-11-02,84.2,42.8,72
BXK_AP,2019-11-03,82.4,48.2,71
BXK_AP,2019-11-04,84.2,44.6,72
BXK_AP,2019-11-05,86.0,51.8,72
BXK_AP,2019-11-06,86.0,55.4,71
BXK_AP,2019-11-07,84.2,51.8,72
BXK_AP,2019-11-08,86.0,55.4,71
BXK_AP,2019-11-09,84.2,55.4,72
BXK_AP,2019-11-10,84.2,55.4,72
BXK_AP,2019-11-11,84.2,55.4,72
BXK_AP,2019-11-12,78.8,51.8,38
BXK_AP,2019-11-27,64.4,37.4,67
BXK_AP,2019-11-28,66.2,50.0,72
BXK_AP,2019-11-29,62.6,46.4,72
BXK_AP,2019-11-30,57.2,37.4,71
BXK_AP,2019-12-01,64.4,39.2,72
BXK_AP,2019-12-02,64.4,39.2,72
BXK_AP,2019-12-03,64.4,42.8,71
BXK_AP,2019-12-04,69.8,51.8,71
BXK_AP,2019-12-05,68.0,50.0,72
BXK_AP,2019-12-06,68.0,48.2,72
BXK_AP,2019-12-07,66.2,48.2,72
BXK_AP,2019-12-08,59.0,53.6,71
BXK_AP,2019-12-09,66.2,48.2,72
BXK_AP,2019-12-10,66.2,42.8,71
BXK_AP,2019-12-11,66.2,44.6,72
BXK_AP,2019-12-12,66.2,41.0,71
BXK_AP,2019-12-13,66.2,41.0,72
BXK_AP,2019-12-14,69.8,44.6,72
BXK_AP,2019-12-15,62.6,44.6,72
BXK_AP,2019-12-16,60.8,37.4,71
BXK_AP,2019-12-17,60.8,33.8,72
BXK_AP,2019-12-18,64.4,44.6,72
BXK_AP,2019-12-19,60.8,33.8,71
BXK_AP,2019-12-20,66.2,37.4,71
BXK_AP,2019-12-21,69.8,37.4,72
BXK_AP,2019-12-22,69.8,44.6,71
BXK_AP,2019-12-23,64.4,55.4,72
BXK_AP,2019-12-24,59.0,50.0,71
BXK_AP,2019-12-25,59.0,46.4,72
BXK_AP,2019-12-26,55.4,39.2,72
BXK_AP,2019-12-27,51.8,42.8,72
BXK_AP,2019-12-28,53.6,35.6,72
BXK_AP,2019-12-29,50.0,32.0,72
BXK_AP,2019-12-30,53.6,33.8,72
BXK_AP,2019-12-31,62.6,41.0,70
BXK_AP,2020-01-01,57.2,33.8,72
BXK_AP,2020-01-02,64.4,35.6,71
BXK_AP,2020-01-03,62.6,35.6,70
BXK_AP,2020-01-04,64.4,35.6,72
BXK_AP,2020-01-05,66.2,33.8,71
BXK_AP,2020-01-06,69.8,41.0,72
BXK_AP,2020-01-07,69.8,35.6,72
BXK_AP,2020-01-08,66.2,37.4,71
BXK_AP,2020-01-09,60.8,39.2,72
BXK_AP,2020-01-10,64.4,35.6,72
BXK_AP,2020-01-11,60.8,32.0,71
BXK_AP,2020-01-12,62.6,30.2,71
BXK_AP,2020-01-13,64.4,33.8,71
BXK_AP,2020-01-14,66.2,33.8,71
BXK_AP,2020-01-15,64.4,37.4,70
BXK_AP,2020-01-16,64.4,41.0,64
BXK_AP,2020-01-17,62.6,37.4,71
BXK_AP,2020-01-18,69.8,37.4,72
BXK_AP,2020-01-19,75.2,39.2,71
BXK_AP,2020-01-20,71.6,46.4,63
BXK_AP,2020-01-21,57.2,51.8,71
BXK_AP,2020-01-22,64.4,42.8,72
BXK_AP,2020-01-23,68.0,41.0,71
BXK_AP,2020-01-24,69.8,41.0,71
BXK_AP,2020-01-25,69.8,39.2,72
BXK_AP,2020-01-26,69.8,39.2,71
BXK_AP,2020-01-27,73.4,46.4,68
BXK_AP,2020-01-28,68.0,42.8,68
BXK_AP,2020-01-29,62.6,37.4,72
BXK_AP,2020-01-30,69.8,46.4,68
BXK_AP,2020-01-31,71.6,39.2,71
BXK_AP,2020-02-01,75.2,39.2,68
BXK_AP,2020-02-02,75.2,41.0,69
BXK_AP,2020-02-03,62.6,41.0,66
BXK_AP,2020-02-04,53.6,30.2,70
BXK_AP,2020-02-05,55.4,32.0,67
BXK_AP,2020-02-06,60.8,28.4,71
BXK_AP,2020-02-07,66.2,32.0,63
BXK_AP,2020-02-08,69.8,35.6,70
BXK_AP,2020-02-09,69.8,37.4,71
BXK_AP,2020-02-10,68.0,48.2,66
BXK_AP,2020-02-11,60.8,44.6,68
BXK_AP,2020-02-12,62.6,37.4,68
BXK_AP,2020-02-13,66.2,35.6,70
BXK_AP,2020-02-14,68.0,39.2,62
BXK_AP,2020-02-15,71.6,37.4,70
BXK_AP,2020-02-16,71.6,39.2,72
BXK_AP,2020-02-17,73.4,41.0,60
BXK_AP,2020-02-18,75.2,41.0,67
BXK_AP,2020-02-19,75.2,46.4,70
BXK_AP,2020-02-20,78.8,44.6,71
BXK_AP,2020-02-21,77.0,51.8,63
BXK_AP,2020-02-22,68.0,51.8,70
BXK_AP,2020-02-23,64.4,44.6,72
BXK_AP,2020-02-24,71.6,42.8,70
BXK_AP,2020-02-25,69.8,46.4,72
BXK_AP,2020-02-26,66.2,44.6,72
BXK_AP,2020-02-27,73.4,35.6,71
BXK_AP,2020-02-28,75.2,44.6,68
BXK_AP,2020-02-29,75.2,39.2,72
BXK_AP,2020-03-01,73.4,48.2,70
BXK_AP,2020-03-02,64.4,46.4,70
BXK_AP,2020-03-03,75.2,42.8,72
BXK_AP,2020-03-04,71.6,42.8,72
BXK_AP,2020-03-05,80.6,42.8,72
BXK_AP,2020-03-06,84.2,57.2,72
BXK_AP,2020-03-07,82.4,53.6,69
BXK_AP,2020-03-08,71.6,51.8,68
BXK_AP,2020-03-09,75.2,44.6,72
BXK_AP,2020-03-10,73.4,57.2,69
BXK_AP,2020-03-11,66.2,60.8,68
BXK_AP,2020-03-12,69.8,55.4,71
BXK_AP,2020-03-13,64.4,51.8,71
BXK_AP,2020-03-14,69.8,50.0,72
BXK_AP,2020-03-15,73.4,48.2,72
BXK_AP,2020-03-16,75.2,48.2,72
BXK_AP,2020-03-17,71.6,51.8,68
BXK_AP,2020-03-18,64.4,48.2,59
BXK_AP,2020-03-19,62.6,46.4,53
BXK_AP,2020-03-20,68.0,42.8,67
BXK_AP,2020-03-21,71.6,46.4,72
BXK_AP,2020-03-22,71.6,50.0,72
BXK_AP,2020-03-23,73.4,50.0,63
BXK_AP,2020-03-24,75.2,46.4,70
BXK_AP,2020-03-25,71.6,50.0,72
BXK_AP,2020-03-26,68.0,48.2,72
BXK_AP,2020-03-27,64.4,42.8,72
BXK_AP,2020-03-28,68.0,37.4,72
BXK_AP,2020-03-29,75.2,42.8,72
BXK_AP,2020-03-30,77.0,46.4,71
BXK_AP,2020-03-31,78.8,50.0,72
BXK_AP,2020-04-01,84.2,55.4,67
BXK_AP,2020-04-02,82.4,51.8,71
BXK_AP,2020-04-03,82.4,48.2,72
BXK_AP,2020-04-04,80.6,50.0,72
BXK_AP,2020-04-05,80.6,50.0,72
BXK_AP,2020-04-06,78.8,50.0,72
BXK_AP,2020-04-07,80.6,50.0,70
BXK_AP,2020-04-08,75.2,50.0,72
BXK_AP,2020-04-09,69.8,42.8,72
BXK_AP,2020-04-10,75.2,46.4,72
BXK_AP,2020-04-11,69.8,51.8,72
BXK_AP,2020-04-12,77.0,50.0,55
BXK_AP,2020-04-14,80.6,48.2,70
BXK_AP,2020-04-15,82.4,50.0,72
BXK_AP,2020-04-16,84.2,53.6,33
BXK_AP,2020-04-17,84.2,48.2,72
BXK_AP,2020-04-18,78.8,50.0,64
BXK_AP,2020-04-19,80.6,51.8,72
BXK_AP,2020-04-20,84.2,55.4,70
BXK_AP,2020-04-21,82.4,53.6,69
BXK_AP,2020-04-22,93.2,53.6,71
BXK_AP,2020-04-23,96.8,60.8,72
BXK_AP,2020-04-24,96.8,57.2,72
BXK_AP,2020-04-25,96.8,64.4,72
BXK_AP,2020-04-26,102.2,60.8,72
BXK_AP,2020-04-27,100.4,66.2,71
BXK_AP,2020-04-28,100.4,64.4,70
BXK_AP,2020-04-29,102.2,64.4,72
BXK_AP,2020-04-30,98.6,66.2,70
BXK_AP,2020-05-01,100.4,60.8,72
BXK_AP,2020-05-02,96.8,62.6,72
BXK_AP,2020-05-03,95.0,62.6,72
BXK_AP,2020-05-04,96.8,59.0,70
BXK_AP,2020-05-05,100.4,64.4,68
BXK_AP,2020-05-06,104.0,66.2,72
BXK_AP,2020-05-07,105.8,64.4,72
BXK_AP,2020-05-08,102.2,69.8,72
BXK_AP,2020-05-09,102.2,71.6,72
BXK_AP,2020-05-10,100.4,73.4,72
BXK_AP,2020-05-11,96.8,68.0,72
BXK_AP,2020-05-12,93.2,62.6,68
BXK_AP,2020-05-13,87.8,60.8,72
BXK_AP,2020-05-14,89.6,62.6,72
BXK_AP,2020-05-15,93.2,62.6,72
BXK_AP,2020-05-16,96.8,62.6,72
BXK_AP,2020-05-17,100.4,64.4,72
BXK_AP,2020-05-18,98.6,64.4,72
BXK_AP,2020-05-19,86.0,62.6,72
BXK_AP,2020-05-20,86.0,50.0,71
BXK_AP,2020-05-21,89.6,57.2,72
BXK_AP,2020-05-22,95.0,57.2,72
BXK_AP,2020-05-23,91.4,59.0,72
BXK_AP,2020-05-24,95.0,60.8,72
BXK_AP,2020-05-25,95.0,64.4,72
BXK_AP,2020-05-26,102.2,60.8,71
BXK_AP,2020-05-27,107.6,66.2,72
BXK_AP,2020-05-28,107.6,71.6,71
BXK_AP,2020-05-29,109.4,73.4,72
BXK_AP,2020-05-30,107.6,77.0,72
BXK_AP,2020-05-31,105.8,73.4,72
BXK_AP,2020-06-01,104.0,68.0,72
BXK_AP,2020-06-02,105.8,77.0,72
BXK_AP,2020-06-03,109.4,77.0,72
BXK_AP,2020-06-04,109.4,78.8,72
BXK_AP,2020-06-05,104.0,77.0,60
BXK_AP,2020-06-06,91.4,68.0,72
BXK_AP,2020-06-07,95.0,66.2,72
BXK_AP,2020-06-08,89.6,64.4,72
BXK_AP,2020-06-09,95.0,64.4,72
BXK_AP,2020-06-10,102.2,62.6,72
BXK_AP,2020-06-11,107.6,66.2,70
BXK_AP,2020-06-12,107.6,71.6,72
BXK_AP,2020-06-13,102.2,71.6,72
BXK_AP,2020-06-14,102.2,68.0,72
BXK_AP,2020-06-15,104.0,68.0,72
BXK_AP,2020-06-16,104.0,68.0,72
BXK_AP,2020-06-17,100.4,69.8,72
BXK_AP,2020-06-18,100.4,69.8,71
BXK_AP,2020-06-19,100.4,68.0,72
BXK_AP,2020-06-20,104.0,71.6,72
BXK_AP,2020-06-21,107.6,71.6,72
BXK_AP,2020-06-22,107.6,73.4,72
BXK_AP,2020-06-23,107.6,69.8,72
BXK_AP,2020-06-24,109.4,73.4,72
BXK_AP,2020-06-25,107.6,73.4,72
BXK_AP,2020-06-26,107.6,77.0,71
BXK_AP,2020-06-27,104.0,77.0,71
BXK_AP,2020-06-28,102.2,73.4,72
BXK_AP,2020-06-29,96.8,73.4,72
BXK_AP,2020-06-30,96.8,69.8,71
BXK_AP,2020-07-01,100.4,69.8,72
BXK_AP,2020-07-02,100.4,73.4,72
BXK_AP,2020-07-03,104.0,82.4,72
BXK_AP,2020-07-04,109.4,78.8,72
BXK_AP,2020-07-05,111.2,78.8,72
BXK_AP,2020-07-06,111.2,73.4,70
BXK_AP,2020-07-07,109.4,71.6,71
BXK_AP,2020-07-08,109.4,82.4,72
BXK_AP,2020-07-09,109.4,80.6,71
BXK_AP,2020-07-10,109.4,86.0,72
BXK_AP,2020-07-11,114.8,84.2,72
BXK_AP,2020-07-12,114.8,84.2,72
BXK_AP,2020-07-13,111.2,89.6,71
BXK_AP,2020-07-14,109.4,82.4,69
BXK_AP,2020-07-15,109.4,80.6,71
BXK_AP,2020-07-16,109.4,80.6,72
BXK_AP,2020-07-17,107.6,78.8,70
BXK_AP,2020-07-18,109.4,82.4,72
BXK_AP,2020-07-19,111.2,84.2,72
BXK_AP,2020-07-20,105.8,80.6,72
BXK_AP,2020-07-21,109.4,80.6,72
BXK_AP,2020-07-22,105.8,82.4,72
BXK_AP,2020-07-23,98.6,77.0,70
BXK_AP,2020-07-24,102.2,77.0,72
BXK_AP,2020-07-25,104.0,78.8,72
BXK_AP,2020-07-26,107.6,75.2,72
BXK_AP,2020-07-27,109.4,78.8,72
BXK_AP,2020-07-28,111.2,80.6,72
BXK_AP,2020-07-29,113.0,80.6,72
BXK_AP,2020-07-30,118.4,82.4,68
BXK_AP,2020-07-31,114.8,84.2,71
BXK_AP,2020-08-01,111.2,84.2,72
BXK_AP,2020-08-02,109.4,82.4,72
BXK_AP,2020-08-03,105.8,84.2,38
BXK_AP,2020-08-06,105.8,82.4,24
BXK_AP,2020-08-07,107.6,77.0,72
BXK_AP,2020-08-08,109.4,77.0,72
BXK_AP,2020-08-09,109.4,73.4,72
BXK_AP,2020-08-10,111.2,73.4,72
BXK_AP,2020-08-11,109.4,84.2,72
BXK_AP,2020-08-12,109.4,82.4,72
BXK_AP,2020-08-13,114.8,86.0,72
BXK_AP,2020-08-14,114.8,80.6,72
BXK_AP,2020-08-15,113.0,86.0,72
BXK_AP,2020-08-16,113.0,89.6,72
BXK_AP,2020-08-17,113.0,86.0,72
BXK_AP,2020-08-18,111.2,84.2,72
BXK_AP,2020-08-19,113.0,86.0,69
BXK_AP,2020-08-20,111.2,80.6,67
BXK_AP,2020-08-21,100.4,78.8,72
BXK_AP,2020-08-22,105.8,82.4,67
BXK_AP,2020-08-23,107.6,84.2,72
BXK_AP,2020-08-24,113.0,82.4,72
BXK_AP,2020-08-25,111.2,86.0,72
BXK_AP,2020-08-26,111.2,84.2,71
BXK_AP,2020-08-27,113.0,82.4,71
BXK_AP,2020-08-28,109.4,87.8,72
BXK_AP,2020-08-29,104.0,84.2,72
BXK_AP,2020-08-30,102.2,73.4,71
BXK_AP,2020-08-31,98.6,73.4,72
BXK_AP,2020-09-01,102.2,78.8,72
BXK_AP,2020-09-02,104.0,78.8,70
BXK_AP,2020-09-03,107.6,80.6,70
BXK_AP,2020-09-04,113.0,77.0,72
BXK_AP,2020-09-05,113.0,82.4,72
BXK_AP,2020-09-06,113.0,86.0,72
BXK_AP,2020-09-07,109.4,77.0,72
BXK_AP,2020-09-08,100.4,77.0,72
BXK_AP,2020-09-09,89.6,60.8,72
BXK_AP,2020-09-10,89.6,60.8,71
BXK_AP,2020-09-11,89.6,60.8,71
BXK_AP,2020-09-12,95.0,64.4,72
BXK_AP,2020-09-13,100.4,64.4,72
BXK_AP,2020-09-14,104.0,69.8,72
BXK_AP,2020-09-15,102.2,71.6,72
BXK_AP,2020-09-16,105.8,71.6,69
BXK_AP,2020-09-17,105.8,68.0,71
BXK_AP,2020-09-18,104.0,73.4,72
BXK_AP,2020-09-19,104.0,77.0,72
BXK_AP,2020-09-20,104.0,69.8,72
BXK_AP,2020-09-21,100.4,78.8,72
BXK_AP,2020-09-22,102.2,78.8,72
BXK_AP,2020-09-23,102.2,71.6,72
BXK_AP,2020-09-24,105.8,71.6,72
BXK_AP,2020-09-25,104.0,68.0,72
BXK_AP,2020-09-26,102.2,69.8,72
BXK_AP,2020-09-27,100.4,66.2,68
BXK_AP,2020-09-28,102.2,66.2,69
BXK_AP,2020-09-29,98.6,73.4,72
BXK_AP,2020-09-30,102.2,64.4,72
BXK_AP,2020-10-01,104.0,64.4,72
BXK_AP,2020-10-02,104.0,64.4,72
BXK_AP,2020-10-03,105.8,64.4,72
BXK_AP,2020-10-04,100.4,62.6,72
BXK_AP,2020-10-05,102.2,66.2,72
BXK_AP,2020-10-06,102.2,64.4,71
BXK_AP,2020-10-07,100.4,62.6,72
BXK_AP,2020-10-08,98.6,59.0,70
BXK_AP,2020-10-09,96.8,64.4,72
BXK_AP,2020-10-10,93.2,64.4,72
BXK_AP,2020-10-11,93.2,62.6,67
BXK_AP,2020-10-12,95.0,62.6,72
BXK_AP,2020-10-13,100.4,62.6,72
BXK_AP,2020-10-14,100.4,68.0,44
BXK_AP,2020-10-15,100.4,60.8,71
BXK_AP,2020-10-16,98.6,62.6,72
BXK_AP,2020-10-17,93.2,62.6,71
BXK_AP,2020-10-18,93.2,55.4,70
BXK_AP,2020-10-19,93.2,59.0,57
BXK_AP,2020-10-20,95.0,55.4,72
BXK_AP,2020-10-21,93.2,57.2,70
BXK_AP,2020-10-22,91.4,59.0,67
BXK_AP,2020-10-23,89.6,59.0,72
BXK_AP,2020-10-24,84.2,62.6,72
BXK_AP,2020-10-25,86.0,64.4,72
BXK_AP,2020-10-26,66.2,50.0,65
BXK_AP,2020-10-27,68.0,41.0,68
BXK_AP,2020-10-28,69.8,41.0,66
BXK_AP,2020-10-29,82.4,42.8,68
BXK_AP,2020-10-30,84.2,51.8,50
BXK_AP,2020-10-31,84.2,53.6,63
BXK_AP,2020-11-01,95.0,53.6,57
BXK_AP,2020-11-02,93.2,78.8,67
BXK_AP,2020-11-03,89.6,62.6,72
BXK_AP,2020-11-04,91.4,55.4,69
BXK_AP,2020-11-05,95.0,57.2,58
BXK_AP,2020-11-06,87.8,73.4,71
BXK_AP,2020-11-07,77.0,55.4,68
BXK_AP,2020-11-08,66.2,44.6,57
BXK_AP,2020-11-09,62.6,42.8,57
BXK_AP,2020-11-10,68.0,37.4,63
BXK_AP,2020-11-11,68.0,37.4,62
BXK_AP,2020-11-12,69.8,39.2,61
BXK_AP,2020-11-13,75.2,41.0,65
BXK_AP,2020-11-14,73.4,39.2,72
BXK_AP,2020-11-15,80.6,42.8,68
BXK_AP,2020-11-16,87.8,46.4,54
BXK_AP,2020-11-17,87.8,53.6,49
BXK_AP,2020-11-18,86.0,53.6,69
BXK_AP,2020-11-19,84.2,51.8,46
BXK_AP,2020-11-20,86.0,53.6,62
BXK_AP,2020-11-21,82.4,57.2,69
BXK_AP,2020-11-22,82.4,50.0,61
BXK_AP,2020-11-23,78.8,51.8,60
BXK_AP,2020-11-24,71.6,46.4,58
BXK_AP,2020-11-25,68.0,37.4,54
BXK_AP,2020-11-26,69.8,37.4,62
BXK_AP,2020-11-27,66.2,37.4,68
BXK_AP,2020-11-28,68.0,37.4,67
BXK_AP,2020-11-29,71.6,35.6,59
BXK_AP,2020-11-30,73.4,41.0,60
BXK_AP,2020-12-01,69.8,37.4,69
BXK_AP,2020-12-02,69.8,35.6,61
BXK_AP,2020-12-03,64.4,42.8,65
BXK_AP,2020-12-04,66.2,33.8,68
BXK_AP,2020-12-05,68.0,32.0,63
BXK_AP,2020-12-06,69.8,33.8,72
BXK_AP,2020-12-07,78.8,35.6,70
BXK_AP,2020-12-08,77.0,55.4,52
BXK_AP,2020-12-09,77.0,44.6,64
BXK_AP,2020-12-10,62.6,51.8,46
BXK_AP,2020-12-11,62.6,44.6,61
BXK_AP,2020-12-12,64.4,41.0,64
BXK_AP,2020-12-13,60.8,37.4,69
BXK_AP,2020-12-14,64.4,37.4,59
BXK_AP,2020-12-15,60.8,35.6,63
BXK_AP,2020-12-16,62.6,35.6,67
BXK_AP,2020-12-17,57.2,33.8,72
BXK_AP,2020-12-18,64.4,33.8,56
BXK_AP,2020-12-19,64.4,37.4,59
BXK_AP,2020-12-20,66.2,33.8,72
BXK_AP,2020-12-21,75.2,37.4,63
BXK_AP,2020-12-22,68.0,37.4,67
BXK_AP,2020-12-23,68.0,33.8,65
BXK_AP,2020-12-24,59.0,37.4,67
BXK_AP,2020-12-25,68.0,42.8,65
BXK_AP,2020-12-26,68.0,37.4,59
BXK_AP,2020-12-27,68.0,33.8,54
BXK_AP,2021-01-23,60.8,48.2,21
BXK_AP,2021-01-24,57.2,44.6,65
BXK_AP,2021-01-25,51.8,39.2,64
BXK_AP,2021-01-26,51.8,41.0,63
BXK_AP,2021-01-27,60.8,33.8,69
BXK_AP,2021-01-28,69.8,51.8,70
BXK_AP,2021-01-29,64.4,44.6,41
BXK_AP,2021-01-30,60.8,37.4,69
BXK_AP,2021-01-31,71.6,39.2,70
BXK_AP,2021-02-01,71.6,50.0,70
BXK_AP,2021-02-02,78.8,53.6,64
BXK_AP,2021-02-03,80.6,60.8,62
BXK_AP,2021-02-04,75.2,48.2,52
BXK_AP,2021-02-05,69.8,44.6,50
BXK_AP,2021-02-06,71.6,41.0,68
BXK_AP,2021-02-07,71.6,37.4,67
BXK_AP,2021-02-08,73.4,37.4,66
BXK_AP,2021-02-09,71.6,37.4,66
BXK_AP,2021-02-10,71.6,48.2,37
BXK_AP,2021-02-11,75.2,44.6,48
BXK_AP,2021-02-12,71.6,50.0,43
BXK_AP,2021-02-13,69.8,46.4,50
BXK_AP,2021-02-14,66.2,42.8,52
BXK_AP,2021-02-15,66.2,37.4,56
BXK_AP,2021-02-16,69.8,44.6,50
BXK_AP,2021-02-17,66.2,42.8,42
BXK_AP,2021-02-18,64.4,41.0,62
BXK_AP,2021-02-19,69.8,37.4,58
BXK_AP,2021-02-20,77.0,37.4,57
BXK_AP,2021-02-21,69.8,44.6,61
BXK_AP,2021-02-22,75.2,42.8,67
BXK_AP,2021-02-23,78.8,41.0,58
BXK_AP,2021-02-24,78.8,41.0,58
BXK_AP,2021-02-25,68.0,44.6,55
BXK_AP,2021-02-26,69.8,35.6,67
BXK_AP,2021-02-27,71.6,33.8,58
BXK_AP,2021-02-28,64.4,39.2,68
BXK_AP,2021-03-01,53.6,33.8,25
BXK_AP,2021-03-22,71.6,53.6,21
BXK_AP,2021-03-23,64.4,48.2,72
BXK_AP,2021-03-24,73.4,42.8,71
BXK_AP,2021-03-25,71.6,44.6,69
BXK_AP,2021-03-26,66.2,48.2,71
BXK_AP,2021-03-27,77.0,46.4,72
BXK_AP,2021-03-28,84.2,46.4,72
BXK_AP,2021-03-29,87.8,50.0,72
BXK_AP,2021-03-30,86.0,51.8,72
BXK_AP,2021-03-31,86.0,50.0,71
BXK_AP,2021-04-01,93.2,53.6,72
BXK_AP,2021-04-02,91.4,60.8,71
BXK_AP,2021-04-03,96.8,59.0,72
BXK_AP,2021-04-04,96.8,57.2,72
BXK_AP,2021-04-05,95.0,59.0,71
BXK_AP,2021-04-06,91.4,60.8,72
BXK_AP,2021-04-07,91.4,53.6,72
BXK_AP,2021-04-08,93.2,60.8,72
BXK_AP,2021-04-09,93.2,55.4,72
BXK_AP,2021-04-10,93.2,55.4,72
BXK_AP,2021-04-11,91.4,59.0,70
BXK_AP,2021-04-12,89.6,60.8,72
BXK_AP,2021-04-13,87.8,59.0,72
BXK_AP,2021-04-14,84.2,53.6,70
BXK_AP,2021-04-15,82.4,53.6,72
BXK_AP,2021-04-16,82.4,53.6,71
BXK_AP,2021-04-17,86.0,51.8,72
BXK_AP,2021-04-18,82.4,57.2,71
BXK_AP,2021-04-19,87.8,51.8,72
BXK_AP,2021-04-20,93.2,57.2,71
BXK_AP,2021-04-21,87.8,60.8,72
BXK_AP,2021-04-22,80.6,57.2,72
BXK_AP,2021-04-23,84.2,57.2,71
BXK_AP,2021-04-24,89.6,53.6,71
BXK_AP,2021-04-25,91.4,57.2,72
BXK_AP,2021-04-26,78.8,62.6,71
BXK_AP,2021-04-27,73.4,55.4,72
BXK_AP,2021-04-28,86.0,50.0,72
BXK_AP,2021-04-29,89.6,55.4,57
BXK_AP,2021-04-30,95.0,57.2,72
BXK_AP,2021-05-01,98.6,60.8,71
BXK_AP,2021-05-02,91.4,60.8,72
BXK_AP,2021-05-03,89.6,59.0,71
BXK_AP,2021-05-04,91.4,59.0,72
BXK_AP,2021-05-05,96.8,60.8,71
BXK_AP,2021-05-06,98.6,64.4,72
BXK_AP,2021-05-07,93.2,62.6,71
BXK_AP,2021-05-08,91.4,62.6,72
BXK_AP,2021-05-09,93.2,64.4,71
BXK_AP,2021-05-10,93.2,64.4,72
BXK_AP,2021-05-11,93.2,60.8,72
BXK_AP,2021-05-12,98.6,60.8,72
BXK_AP,2021-05-13,98.6,64.4,71
BXK_AP,2021-05-14,98.6,64.4,70
BXK_AP,2021-05-15,95.0,69.8,71
BXK_AP,2021-05-16,89.6,66.2,72
BXK_AP,2021-05-17,87.8,62.6,71
BXK_AP,2021-05-18,95.0,64.4,71
BXK_AP,2021-05-19,98.6,68.0,72
BXK_AP,2021-05-20,96.8,64.4,72
BXK_AP,2021-05-21,82.4,62.6,71
BXK_AP,2021-05-22,80.6,51.8,72
BXK_AP,2021-05-23,84.2,50.0,72
BXK_AP,2021-05-24,93.2,59.0,71
BXK_AP,2021-05-25,96.8,60.8,63
BXK_AP,2021-05-26,96.8,66.2,72
BXK_AP,2021-05-27,96.8,64.4,72
BXK_AP,2021-05-28,98.6,62.6,72
BXK_AP,2021-05-29,98.6,62.6,72
BXK_AP,2021-05-30,98.6,64.4,72
BXK_AP,2021-05-31,98.6,68.0,71
BXK_AP,2021-06-01,102.2,69.8,72
BXK_AP,2021-06-02,105.8,71.6,72
BXK_AP,2021-06-03,105.8,73.4,68
BXK_AP,2021-06-04,107.6,75.2,71
BXK_AP,2021-06-05,105.8,73.4,71
BXK_AP,2021-06-06,102.2,68.0,71
BXK_AP,2021-06-07,100.4,66.2,72
BXK_AP,2021-06-08,95.0,64.4,71
BXK_AP,2021-06-09,100.4,68.0,70
BXK_AP,2021-06-10,98.6,68.0,69
BXK_AP,2021-06-11,102.2,64.4,72
BXK_AP,2021-06-12,107.6,68.0,71
BXK_AP,2021-06-13,113.0,69.8,68
BXK_AP,2021-06-14,114.8,71.6,71
BXK_AP,2021-06-15,113.0,82.4,70
BXK_AP,2021-06-16,113.0,84.2,72
BXK_AP,2021-06-17,114.8,87.8,66
BXK_AP,2021-06-18,114.8,84.2,72
BXK_AP,2021-06-19,114.8,84.2,72
BXK_AP,2021-06-20,113.0,82.4,71
BXK_AP,2021-06-21,107.6,78.8,72
BXK_AP,2021-06-22,105.8,80.6,72
BXK_AP,2021-06-23,93.2,75.2,72
BXK_AP,2021-06-24,102.2,75.2,72
BXK_AP,2021-06-25,105.8,78.8,71
BXK_AP,2021-06-26,89.6,71.6,24
BXK_AP,2021-06-29,100.4,86.0,18
BXK_AP,2021-06-30,105.8,82.4,71
BXK_AP,2021-07-01,107.6,80.6,71
BXK_AP,2021-07-02,104.0,86.0,71
BXK_AP,2021-07-03,107.6,78.8,69
BXK_AP,2021-07-04,104.0,78.8,72
BXK_AP,2021-07-05,107.6,84.2,72
BXK_AP,2021-07-06,111.2,84.2,71
BXK_AP,2021-07-07,111.2,84.2,71
BXK_AP,2021-07-08,109.4,86.0,70
BXK_AP,2021-07-09,113.0,87.8,72
BXK_AP,2021-07-10,113.0,86.0,72
BXK_AP,2021-07-11,111.2,82.4,72
BXK_AP,2021-07-12,105.8,89.6,72
BXK_AP,2021-07-13,105.8,87.8,72
BXK_AP,2021-07-14,100.4,77.0,72
BXK_AP,2021-07-15,104.0,84.2,69
BXK_AP,2021-07-16,105.8,82.4,72
BXK_AP,2021-07-17,102.2,82.4,72
BXK_AP,2021-07-18,98.6,86.0,70
BXK_AP,2021-07-19,100.4,84.2,71
BXK_AP,2021-07-20,105.8,86.0,72
BXK_AP,2021-07-21,107.6,86.0,72
BXK_AP,2021-07-22,105.8,86.0,71
BXK_AP,2021-07-23,91.4,77.0,72
BXK_AP,2021-07-24,84.2,73.4,70
BXK_AP,2021-07-25,80.6,73.4,63
BXK_AP,2021-07-26,95.0,75.2,72
BXK_AP,2021-07-27,102.2,77.0,72
BXK_AP,2021-07-28,104.0,82.4,72
BXK_AP,2021-07-29,105.8,82.4,72
BXK_AP,2021-07-30,100.4,80.6,72
BXK_AP,2021-07-31,100.4,77.0,72
BXK_AP,2021-08-01,105.8,86.0,61
BXK_AP,2021-08-02,109.4,86.0,72
BXK_AP,2021-08-03,111.2,82.4,72
BXK_AP,2021-08-04,113.0,82.4,72
BXK_AP,2021-08-05,109.4,86.0,71
BXK_AP,2021-08-06,107.6,86.0,72
BXK_AP,2021-08-07,107.6,84.2,72
BXK_AP,2021-08-08,107.6,84.2,72
BXK_AP,2021-08-09,95.0,82.4,71
BXK_AP,2021-08-10,95.0,77.0,72
BXK_AP,2021-08-11,95.0,75.2,69
BXK_AP,2021-08-12,96.8,77.0,72
BXK_AP,2021-08-13,98.6,78.8,72
BXK_AP,2021-08-14,91.4,73.4,72
BXK_AP,2021-08-15,96.8,80.6,72
BXK_AP,2021-08-16,98.6,82.4,72
BXK_AP,2021-08-17,95.0,73.4,72
BXK_AP,2021-08-18,98.6,80.6,72
BXK_AP,2021-08-19,96.8,77.0,72
BXK_AP,2021-08-20,98.6,73.4,72
BXK_AP,2021-08-21,100.4,77.0,71
BXK_AP,2021-08-22,102.2,75.2,71
BXK_AP,2021-08-23,104.0,71.6,70
BXK_AP,2021-08-24,104.0,73.4,72
BXK_AP,2021-08-25,107.6,78.8,72
BXK_AP,2021-08-26,111.2,78.8,71
BXK_AP,2021-08-27,111.2,78.8,70
BXK_AP,2021-08-28,104.0,89.6,72
BXK_AP,2021-08-29,105.8,86.0,72
BXK_AP,2021-08-30,104.0,87.8,72
BXK_AP,2021-08-31,89.6,77.0,72
BXK_AP,2021-09-01,95.0,73.4,63
BXK_AP,2021-09-17,96.8,82.4,47
BXK_AP,2021-09-18,98.6,77.0,72
BXK_AP,2021-09-19,98.6,73.4,70
BXK_AP,2021-09-20,98.6,69.8,71
BXK_AP,2021-09-21,100.4,64.4,71
BXK_AP,2021-09-22,100.4,68.0,72
BXK_AP,2021-09-23,98.6,71.6,71
BXK_AP,2021-09-24,87.8,71.6,72
BXK_AP,2021-09-25,93.2,69.8,71
BXK_AP,2021-09-26,78.8,69.8,72
BXK_AP,2021-09-27,86.0,66.2,70
BXK_AP,2021-09-28,91.4,66.2,71
BXK_AP,2021-09-29,84.2,69.8,72
BXK_AP,2021-09-30,87.8,68.0,72
BXK_AP,2021-10-01,89.6,62.6,70
BXK_AP,2021-10-02,91.4,60.8,72
BXK_AP,2021-10-03,95.0,62.6,72
BXK_AP,2021-10-04,93.2,66.2,72
BXK_AP,2021-10-05,87.8,68.0,71
BXK_AP,2021-10-06,87.8,62.6,72
BXK_AP,2021-10-07,87.8,64.4,72
BXK_AP,2021-10-08,89.6,68.0,72
BXK_AP,2021-10-09,84.2,60.8,72
BXK_AP,2021-10-10,82.4,55.4,70
BXK_AP,2021-10-11,86.0,50.0,71
BXK_AP,2021-10-12,69.8,50.0,71
BXK_AP,2021-10-13,75.2,46.4,56
BXK_AP,2021-10-14,78.8,48.2,71
BXK_AP,2021-10-15,82.4,50.0,72
BXK_AP,2021-10-16,89.6,55.4,72
BXK_AP,2021-10-17,87.8,59.0,71
BXK_AP,2021-10-18,82.4,59.0,72
BXK_AP,2021-10-19,77.0,51.8,71
BXK_AP,2021-10-20,82.4,53.6,72
BXK_AP,2021-10-21,87.8,53.6,72
BXK_AP,2021-10-22,87.8,53.6,72
BXK_AP,2021-10-23,84.2,51.8,55
BXK_AP,2021-10-24,84.2,60.8,55
BXK_AP,2021-10-25,87.8,60.8,55
BXK_AP,2021-10-26,77.0,55.4,55
BXK_AP,2021-10-27,78.8,51.8,72
BXK_AP,2021-10-28,84.2,53.6,71
BXK_AP,2021-10-29,89.6,53.6,72
BXK_AP,2021-10-30,86.0,50.0,71
BXK_AP,2021-10-31,84.2,53.6,72
BXK_AP,2021-11-01,82.4,55.4,72
BXK_AP,2021-11-02,82.4,51.8,72
BXK_AP,2021-11-03,84.2,53.6,71
BXK_AP,2021-11-04,86.0,53.6,70
BXK_AP,2021-11-05,86.0,51.8,72
BXK_AP,2021-11-06,87.8,51.8,72
BXK_AP,2021-11-07,84.2,50.0,72
BXK_AP,2021-11-08,84.2,50.0,71
BXK_AP,2021-11-09,80.6,50.0,72
BXK_AP,2021-11-10,82.4,50.0,64
BXK_AP,2021-11-11,82.4,50.0,72
BXK_AP,2021-11-12,86.0,53.6,72
BXK_AP,2021-11-13,84.2,50.0,70
BXK_AP,2021-11-14,84.2,48.2,72
BXK_AP,2021-11-15,82.4,44.6,71
BXK_AP,2021-11-16,77.0,48.2,72
BXK_AP,2021-11-17,77.0,44.6,57
BXK_AP,2021-11-18,80.6,44.6,71
BXK_AP,2021-11-19,78.8,50.0,72
BXK_AP,2021-11-20,77.0,42.8,71
BXK_AP,2021-11-21,80.6,51.8,72
BXK_AP,2021-11-22,80.6,53.6,71
BXK_AP,2021-11-23,77.0,59.0,72
BXK_AP,2021-11-24,73.4,51.8,71
BXK_AP,2021-11-25,75.2,50.0,65
BXK_AP,2021-11-26,75.2,48.2,72
BXK_AP,2021-11-27,73.4,42.8,72
BXK_AP,2021-11-28,78.8,41.0,72
BXK_AP,2021-11-29,80.6,46.4,72
BXK_AP,2021-11-30,73.4,44.6,72
BXK_AP,2021-12-01,82.4,44.6,68
BXK_AP,2021-12-02,80.6,48.2,68
BXK_AP,2021-12-03,77.0,48.2,62
BXK_AP,2021-12-04,77.0,44.6,72
BXK_AP,2021-12-05,75.2,42.8,72
BXK_AP,2021-12-06,75.2,41.0,72
BXK_AP,2021-12-07,73.4,46.4,66
BXK_AP,2021-12-08,69.8,53.6,71
BXK_AP,2021-12-09,64.4,46.4,37
BXK_AP,2021-12-10,60.8,46.4,72
BXK_AP,2021-12-11,64.4,41.0,72
BXK_AP,2021-12-12,68.0,33.8,71
BXK_AP,2021-12-13,68.0,39.2,72
BXK_AP,2021-12-14,69.8,48.2,72
BXK_AP,2021-12-15,57.2,37.4,72
BXK_AP,2021-12-16,60.8,33.8,70
BXK_AP,2021-12-17,62.6,37.4,71
BXK_AP,2021-12-18,66.2,39.2,72
BXK_AP,2021-12-19,68.0,33.8,72
BXK_AP,2021-12-20,68.0,35.6,72
BXK_AP,2021-12-21,64.4,44.6,72
BXK_AP,2021-12-22,68.0,41.0,71
BXK_AP,2021-12-23,73.4,53.6,69
BXK_AP,2021-12-24,64.4,53.6,72
BXK_AP,2021-12-25,59.0,50.0,72
BXK_AP,2021-12-26,64.4,48.2,72
BXK_AP,2021-12-27,55.4,42.8,72
BXK_AP,2021-12-28,55.4,41.0,72
BXK_AP,2021-12-29,59.0,44.6,72
BXK_AP,2021-12-30,59.0,44.6,72
BXK_AP,2021-12-31,59.0,51.8,72
BXK_AP,2022-01-01,55.4,37.4,70
BXK_AP,2022-01-02,57.2,32.0,72
BXK_AP,2022-01-03,62.6,33.8,72
BXK_AP,2022-01-04,62.6,32.0,69
BXK_AP,2022-01-05,62.6,35.6,72
BXK_AP,2022-01-06,62.6,37.4,62
BXK_AP,2022-01-07,68.0,37.4,72
BXK_AP,2022-01-08,66.2,42.8,72
BXK_AP,2022-01-09,71.6,39.2,72
BXK_AP,2022-01-10,73.4,42.8,69
BXK_AP,2022-01-11,69.8,42.8,69
BXK_AP,2022-01-12,69.8,41.0,72
BXK_AP,2022-01-13,69.8,35.6,72
BXK_AP,2022-01-14,69.8,48.2,72
BXK_AP,2022-01-15,69.8,46.4,72
BXK_AP,2022-01-16,59.0,39.2,31
BXK_AP,2022-01-17,69.8,48.2,44
BXK_AP,2022-01-18,68.0,46.4,72
BXK_AP,2022-01-19,68.0,44.6,72
BXK_AP,2022-01-20,69.8,46.4,67
BXK_AP,2022-01-21,68.0,37.4,72
BXK_AP,2022-01-22,66.2,44.6,72
BXK_AP,2022-01-23,69.8,44.6,71
BXK_AP,2022-01-24,66.2,39.2,72
BXK_AP,2022-01-25,68.0,37.4,72
BXK_AP,2022-01-26,66.2,41.0,72
BXK_AP,2022-01-27,66.2,37.4,72
BXK_AP,2022-01-28,69.8,46.4,72
BXK_AP,2022-01-29,69.8,46.4,72
BXK_AP,2022-01-30,71.6,44.6,72
BXK_AP,2022-01-31,66.2,35.6,72
BXK_AP,2022-02-01,68.0,42.8,72
BXK_AP,2022-02-02,59.0,41.0,68
BXK_AP,2022-02-03,57.2,35.6,70
BXK_AP,2022-02-04,62.6,28.4,70
BXK_AP,2022-02-05,64.4,32.0,70
BXK_AP,2022-02-06,71.6,32.0,72
BXK_AP,2022-02-07,69.8,50.0,68
BXK_AP,2022-02-08,75.2,37.4,71
BXK_AP,2022-02-09,77.0,44.6,72
BXK_AP,2022-02-10,80.6,44.6,72
BXK_AP,2022-02-11,78.8,46.4,72
BXK_AP,2022-02-12,80.6,44.6,71
BXK_AP,2022-02-13,78.8,42.8,72
BXK_AP,2022-02-14,78.8,39.2,72
BXK_AP,2022-02-15,77.0,39.2,70
BXK_AP,2022-02-16,62.6,48.2,72
BXK_AP,2022-02-17,66.2,39.2,71
BXK_AP,2022-02-18,69.8,35.6,72
BXK_AP,2022-02-19,77.0,39.2,71
BXK_AP,2022-02-20,75.2,37.4,70
BXK_AP,2022-02-21,69.8,48.2,72
BXK_AP,2022-02-22,66.2,46.4,70
BXK_AP,2022-02-23,55.4,37.4,72
BXK_AP,2022-02-24,57.2,32.0,72
BXK_AP,2022-02-25,64.4,33.8,72
BXK_AP,2022-02-26,68.0,37.4,71
BXK_AP,2022-02-27,71.6,39.2,71
BXK_AP,2022-02-28,78.8,48.2,72
BXK_AP,2022-03-01,82.4,44.6,72
BXK_AP,2022-03-02,84.2,44.6,72
BXK_AP,2022-03-03,84.2,51.8,72
BXK_AP,2022-03-04,69.8,48.2,72
BXK_AP,2022-03-05,68.0,46.4,72
BXK_AP,2022-03-06,62.6,37.4,71
BXK_AP,2022-03-07,68.0,33.8,72
BXK_AP,2022-03-08,48.2,42.8,21
BXK_AP,2022-03-14,80.6,59.0,40
BXK_AP,2022-03-15,84.2,46.4,72
BXK_AP,2022-03-16,84.2,48.2,71
BXK_AP,2022-03-17,78.8,50.0,72
BXK_AP,2022-03-18,82.4,46.4,72
BXK_AP,2022-03-19,82.4,44.6,72
BXK_AP,2022-03-20,71.6,55.4,72
BXK_AP,2022-03-21,77.0,55.4,72
BXK_AP,2022-03-22,80.6,53.6,71
BXK_AP,2022-03-23,77.0,55.4,58
BXK_AP,2022-03-24,84.2,44.6,61
BXK_AP,2022-03-25,91.4,48.2,72
BXK_AP,2022-03-26,91.4,53.6,72
BXK_AP,2022-03-27,91.4,50.0,71
BXK_AP,2022-03-28,78.8,62.6,72
BXK_AP,2022-03-29,71.6,51.8,72
BXK_AP,2022-03-30,80.6,48.2,69
BXK_AP,2022-03-31,82.4,53.6,71
BXK_AP,2022-04-01,84.2,51.8,71
BXK_AP,2022-04-02,86.0,55.4,72
BXK_AP,2022-04-03,82.4,53.6,72
BXK_AP,2022-04-04,87.8,57.2,72
BXK_AP,2022-04-05,91.4,57.2,72
BXK_AP,2022-04-06,95.0,57.2,72
BXK_AP,2022-04-07,91.4,68.0,71
BXK_AP,2022-04-08,93.2,59.0,72
BXK_AP,2022-04-09,95.0,51.8,72
BXK_AP,2022-04-10,87.8,59.0,72
BXK_AP,2022-04-11,84.2,60.8,72
BXK_AP,2022-04-12,73.4,48.2,72
BXK_AP,2022-04-13,75.2,35.6,72
BXK_AP,2022-04-14,82.4,41.0,72
BXK_AP,2022-04-15,86.0,53.6,72
BXK_AP,2022-04-16,89.6,53.6,72
BXK_AP,2022-04-17,91.4,51.8,72
BXK_AP,2022-04-18,95.0,53.6,72
BXK_AP,2022-04-19,98.6,64.4,72
BXK_AP,2022-04-20,87.8,59.0,71
BXK_AP,2022-04-21,89.6,60.8,71
BXK_AP,2022-04-22,77.0,59.0,72
BXK_AP,2022-04-23,82.4,51.8,72
BXK_AP,2022-04-24,86.0,62.6,71
BXK_AP,2022-04-25,89.6,53.6,72
BXK_AP,2022-04-26,95.0,55.4,72
BXK_AP,2022-04-27,89.6,59.0,72
BXK_AP,2022-04-28,87.8,59.0,72
BXK_AP,2022-04-29,91.4,55.4,72
BXK_AP,2022-04-30,93.2,57.2,72
BXK_AP,2022-05-01,95.0,62.6,72
BXK_AP,2022-05-02,91.4,62.6,70
BXK_AP,2022-05-03,89.6,60.8,71
BXK_AP,2022-05-04,91.4,57.2,72
BXK_AP,2022-05-05,93.2,55.4,71
BXK_AP,2022-05-06,98.6,64.4,72
BXK_AP,2022-05-07,98.6,64.4,72
BXK_AP,2022-05-08,91.4,66.2,72
BXK_AP,2022-05-09,86.0,59.0,72
BXK_AP,2022-05-10,87.8,57.2,72
BXK_AP,2022-05-11,84.2,53.6,72
BXK_AP,2022-05-12,86.0,51.8,71
BXK_AP,2022-05-13,96.8,55.4,67
BXK_AP,2022-05-14,100.4,59.0,72
BXK_AP,2022-05-15,104.0,60.8,71
BXK_AP,2022-05-16,100.4,68.0,72
BXK_AP,2022-05-17,98.6,68.0,72
BXK_AP,2022-05-18,98.6,66.2,72
BXK_AP,2022-05-19,96.8,66.2,72
BXK_AP,2022-05-20,93.2,68.0,71
BXK_AP,2022-05-21,91.4,64.4,71
BXK_AP,2022-05-22,93.2,62.6,72
BXK_AP,2022-05-23,95.0,62.6,72
BXK_AP,2022-05-24,98.6,66.2,72
BXK_AP,2022-05-25,102.2,66.2,72
BXK_AP,2022-05-26,104.0,69.8,72
BXK_AP,2022-05-27,102.2,69.8,72
BXK_AP,2022-05-28,98.6,68.0,72
BXK_AP,2022-05-29,93.2,69.8,71
BXK_AP,2022-05-30,93.2,66.2,71
BXK_AP,2022-05-31,95.0,66.2,69
BXK_AP,2022-06-01,98.6,60.8,70
BXK_AP,2022-06-02,102.2,64.4,72
BXK_AP,2022-06-03,100.4,68.0,72
BXK_AP,2022-06-04,100.4,68.0,71
BXK_AP,2022-06-05,100.4,69.8,72
BXK_AP,2022-06-06,102.2,73.4,72
BXK_AP,2022-06-07,105.8,73.4,71
BXK_AP,2022-06-08,107.6,75.2,71
BXK_AP,2022-06-09,109.4,78.8,72
BXK_AP,2022-06-10,113.0,80.6,72
BXK_AP,2022-06-11,111.2,82.4,72
BXK_AP,2022-06-12,109.4,82.4,72
BXK_AP,2022-06-13,102.2,80.6,72
BXK_AP,2022-06-14,100.4,73.4,72
BXK_AP,2022-06-15,104.0,71.6,71
BXK_AP,2022-06-16,109.4,73.4,72
BXK_AP,2022-06-17,107.6,80.6,72
BXK_AP,2022-06-18,98.6,82.4,71
BXK_AP,2022-06-19,96.8,71.6,72
BXK_AP,2022-06-20,100.4,64.4,71
BXK_AP,2022-06-21,105.8,69.8,72
BXK_AP,2022-06-22,102.2,86.0,71
BXK_AP,2022-06-23,109.4,82.4,72
BXK_AP,2022-06-24,105.8,82.4,72
BXK_AP,2022-06-25,105.8,82.4,72
BXK_AP,2022-06-26,105.8,77.0,72
BXK_AP,2022-06-27,100.4,75.2,72
BXK_AP,2022-06-28,104.0,87.8,72
BXK_AP,2022-06-29,107.6,84.2,70
BXK_AP,2022-06-30,104.0,77.0,69
BXK_AP,2022-07-01,105.8,82.4,72
BXK_AP,2022-07-02,105.8,84.2,72
BXK_AP,2022-07-03,105.8,80.6,71
BXK_AP,2022-07-04,102.2,77.0,72
BXK_AP,2022-07-05,102.2,80.6,72
BXK_AP,2022-07-06,104.0,75.2,72
BXK_AP,2022-07-07,105.8,77.0,72
BXK_AP,2022-07-08,109.4,77.0,72
BXK_AP,2022-07-09,111.2,80.6,72
BXK_AP,2022-07-10,111.2,89.6,72
BXK_AP,2022-07-11,113.0,84.2,72
BXK_AP,2022-07-12,111.2,86.0,72
BXK_AP,2022-07-13,111.2,89.6,72
BXK_AP,2022-07-14,109.4,82.4,72
BXK_AP,2022-07-15,109.4,80.6,72
BXK_AP,2022-07-16,113.0,82.4,72
BXK_AP,2022-07-17,109.4,80.6,72
BXK_AP,2022-07-18,105.8,78.8,72
BXK_AP,2022-07-19,109.4,84.2,72
BXK_AP,2022-07-20,109.4,84.2,72
BXK_AP,2022-07-21,109.4,87.8,71
BXK_AP,2022-07-22,111.2,89.6,72
BXK_AP,2022-07-23,104.0,86.0,72
BXK_AP,2022-07-24,96.8,77.0,72
BXK_AP,2022-07-25,96.8,77.0,72
BXK_AP,2022-07-26,96.8,77.0,72
BXK_AP,2022-07-27,98.6,80.6,72
BXK_AP,2022-07-28,91.4,78.8,72
BXK_AP,2022-07-29,95.0,77.0,71
BXK_AP,2022-07-30,100.4,80.6,71
BXK_AP,2022-07-31,98.6,78.8,72
BXK_AP,2022-08-01,102.2,78.8,71
BXK_AP,2022-08-02,105.8,82.4,72
BXK_AP,2022-08-03,100.4,84.2,72
BXK_AP,2022-08-04,89.6,73.4,72
BXK_AP,2022-08-05,100.4,75.2,72
BXK_AP,2022-08-06,105.8,82.4,72
BXK_AP,2022-08-07,102.2,82.4,70
BXK_AP,2022-08-08,100.4,82.4,72
BXK_AP,2022-08-09,98.6,78.8,72
BXK_AP,2022-08-10,102.2,82.4,72
BXK_AP,2022-08-11,102.2,80.6,72
BXK_AP,2022-08-12,100.4,80.6,72
BXK_AP,2022-08-13,104.0,78.8,71
BXK_AP,2022-08-14,100.4,77.0,71
BXK_AP,2022-08-15,100.4,77.0,72
BXK_AP,2022-08-16,102.2,80.6,72
BXK_AP,2022-08-17,104.0,84.2,72
BXK_AP,2022-08-18,102.2,78.8,70
BXK_AP,2022-08-19,95.0,75.2,72
BXK_AP,2022-08-20,95.0,73.4,71
BXK_AP,2022-08-21,95.0,73.4,72
BXK_AP,2022-08-22,98.6,75.2,72
BXK_AP,2022-08-23,102.2,82.4,72
BXK_AP,2022-08-24,100.4,84.2,72
BXK_AP,2022-08-25,100.4,78.8,72
BXK_AP,2022-08-26,105.8,80.6,72
BXK_AP,2022-08-27,104.0,82.4,72
BXK_AP,2022-08-28,102.2,80.6,72
BXK_AP,2022-08-29,105.8,80.6,72
BXK_AP,2022-08-30,109.4,80.6,72
BXK_AP,2022-08-31,105.8,87.8,72
BXK_AP,2022-09-01,104.0,86.0,72
BXK_AP,2022-09-02,104.0,80.6,71
BXK_AP,2022-09-03,107.6,80.6,71
BXK_AP,2022-09-04,105.8,87.8,72
BXK_AP,2022-09-05,105.8,82.4,72
BXK_AP,2022-09-06,107.6,80.6,70
BXK_AP,2022-09-07,104.0,80.6,72
BXK_AP,2022-09-08,102.2,80.6,70
BXK_AP,2022-09-09,95.0,73.4,71
BXK_AP,2022-09-10,91.4,73.4,72
BXK_AP,2022-09-11,98.6,75.2,72
BXK_AP,2022-09-12,93.2,75.2,69
BXK_AP,2022-09-13,93.2,77.0,72
BXK_AP,2022-09-14,93.2,71.6,71
BXK_AP,2022-09-15,95.0,71.6,72
BXK_AP,2022-09-16,95.0,68.0,72
BXK_AP,2022-09-17,96.8,71.6,72
BXK_AP,2022-09-18,96.8,64.4,72
BXK_AP,2022-09-19,100.4,68.0,72
BXK_AP,2022-09-20,95.0,75.2,72
BXK_AP,2022-09-21,86.0,73.4,72
BXK_AP,2022-09-22,91.4,75.2,72
BXK_AP,2022-09-23,95.0,75.2,72
BXK_AP,2022-09-24,98.6,71.6,72
BXK_AP,2022-09-25,102.2,75.2,72
BXK_AP,2022-09-26,102.2,68.0,72
BXK_AP,2022-09-27,100.4,82.4,72
BXK_AP,2022-09-28,98.6,75.2,72
BXK_AP,2022-09-29,95.0,71.6,72
BXK_AP,2022-09-30,95.0,69.8,72
BXK_AP,2022-10-01,93.2,75.2,71
BXK_AP,2022-10-02,95.0,73.4,72
BXK_AP,2022-10-03,96.8,71.6,72
BXK_AP,2022-10-04,91.4,62.6,72
BXK_AP,2022-10-05,93.2,66.2,72
BXK_AP,2022-10-06,89.6,73.4,72
BXK_AP,2022-10-07,91.4,71.6,72
BXK_AP,2022-10-08,87.8,69.8,72
BXK_AP,2022-10-09,87.8,71.6,72
BXK_AP,2022-10-10,87.8,66.2,70
BXK_AP,2022-10-11,91.4,64.4,72
BXK_AP,2022-10-12,93.2,64.4,72
BXK_AP,2022-10-13,95.0,64.4,72
BXK_AP,2022-10-14,95.0,62.6,72
BXK_AP,2022-10-15,84.2,64.4,72
BXK_AP,2022-10-16,77.0,62.6,72
BXK_AP,2022-10-17,82.4,60.8,72
BXK_AP,2022-10-18,86.0,66.2,72
BXK_AP,2022-10-19,86.0,62.6,69
BXK_AP,2022-10-20,87.8,59.0,70
BXK_AP,2022-10-21,86.0,59.0,72
BXK_AP,2022-10-22,86.0,62.6,72
BXK_AP,2022-10-23,75.2,60.8,72
BXK_AP,2022-10-24,71.6,50.0,72
BXK_AP,2022-10-25,73.4,44.6,68
BXK_AP,2022-10-26,75.2,44.6,72
BXK_AP,2022-10-27,80.6,46.4,72
BXK_AP,2022-10-28,77.0,46.4,71
BXK_AP,2022-10-29,78.8,48.2,72
BXK_AP,2022-10-30,78.8,50.0,72
BXK_AP,2022-10-31,78.8,48.2,70
BXK_AP,2022-11-01,77.0,53.6,72
BXK_AP,2022-11-02,77.0,57.2,72
BXK_AP,2022-11-03,62.6,44.6,71
BXK_AP,2022-11-04,62.6,42.8,72
BXK_AP,2022-11-05,68.0,41.0,72
BXK_AP,2022-11-06,77.0,41.0,72
BXK_AP,2022-11-07,77.0,44.6,72
BXK_AP,2022-11-08,77.0,46.4,72
BXK_AP,2022-11-09,64.4,51.8,72
BXK_AP,2022-11-10,68.0,44.6,70
BXK_AP,2022-11-11,66.2,42.8,71
BXK_AP,2022-11-12,68.0,39.2,72
BXK_AP,2022-11-13,66.2,37.4,71
BXK_AP,2022-11-14,64.4,42.8,71
BXK_AP,2022-11-15,66.2,35.6,67
BXK_AP,2022-11-16,69.8,42.8,72
BXK_AP,2022-11-17,69.8,41.0,72
BXK_AP,2022-11-18,68.0,35.6,72
BXK_AP,2022-11-19,71.6,41.0,70
BXK_AP,2022-11-20,71.6,42.8,68
BXK_AP,2022-11-21,69.8,37.4,70
BXK_AP,2022-11-22,71.6,39.2,67
BXK_AP,2022-11-23,69.8,35.6,72
BXK_AP,2022-11-24,71.6,48.2,72
BXK_AP,2022-11-25,69.8,41.0,71
BXK_AP,2022-11-26,66.2,33.8,69
BXK_AP,2022-11-27,66.2,33.8,68
BXK_AP,2022-11-28,68.0,39.2,72
BXK_AP,2022-11-29,64.4,41.0,72
BXK_AP,2022-11-30,68.0,39.2,72
BXK_AP,2022-12-01,68.0,37.4,69
BXK_AP,2022-12-02,66.2,48.2,72
BXK_AP,2022-12-03,57.2,42.8,72
BXK_AP,2022-12-04,66.2,55.4,69
BXK_AP,2022-12-05,68.0,55.4,72
BXK_AP,2022-12-06,66.2,53.6,72
BXK_AP,2022-12-07,62.6,44.6,72
BXK_AP,2022-12-08,62.6,37.4,71
BXK_AP,2022-12-09,62.6,39.2,72
BXK_AP,2022-12-10,62.6,33.8,72
BXK_AP,2022-12-11,66.2,35.6,72
BXK_AP,2022-12-12,57.2,42.8,72
BXK_AP,2022-12-13,53.6,37.4,68
BXK_AP,2022-12-14,53.6,32.0,71
BXK_AP,2022-12-15,55.4,32.0,72
BXK_AP,2022-12-16,55.4,35.6,69
BXK_AP,2022-12-17,59.0,28.4,69
BXK_AP,2022-12-18,55.4,39.2,72
BXK_AP,2022-12-19,60.8,32.0,72
BXK_AP,2022-12-20,62.6,33.8,72
BXK_AP,2022-12-21,62.6,32.0,71
BXK_AP,2022-12-22,62.6,32.0,72
BXK_AP,2022-12-23,64.4,37.4,72
BXK_AP,2022-12-24,69.8,37.4,72
BXK_AP,2022-12-25,71.6,42.8,71
BXK_AP,2022-12-26,71.6,41.0,72
BXK_AP,2022-12-27,68.0,42.8,71
BXK_AP,2022-12-28,59.0,50.0,72
BXK_AP,2022-12-29,60.8,44.6,71
BXK_AP,2022-12-30,60.8,51.8,72
BXK_AP,2022-12-31,64.4,44.6,71
BXK_AP,2023-01-01,60.8,48.2,72
BXK_AP,2023-01-02,57.2,42.8,72
BXK_AP,2023-01-03,60.8,46.4,72
BXK_AP,2023-01-04,64.4,48.2,72
BXK_AP,2023-01-05,62.6,42.8,69
BXK_AP,2023-01-06,60.8,42.8,72
BXK_AP,2023-01-07,66.2,35.6,70
BXK_AP,2023-01-08,66.2,37.4,72
BXK_AP,2023-01-09,66.2,37.4,72
BXK_AP,2023-01-10,66.2,44.6,72
BXK_AP,2023-01-11,64.4,44.6,71
BXK_AP,2023-01-12,69.8,39.2,72
BXK_AP,2023-01-13,71.6,42.8,70
BXK_AP,2023-01-14,60.8,41.0,70
BXK_AP,2023-01-15,59.0,50.0,70
BXK_AP,2023-01-16,59.0,50.0,72
BXK_AP,2023-01-17,59.0,42.8,72
BXK_AP,2023-01-18,57.2,39.2,72
BXK_AP,2023-01-19,57.2,33.8,72
BXK_AP,2023-01-20,55.4,41.0,72
BXK_AP,2023-01-21,57.2,35.6,69
BXK_AP,2023-01-22,57.2,30.2,70
BXK_AP,2023-01-23,50.0,32.0,72
BXK_AP,2023-01-24,55.4,30.2,72
BXK_AP,2023-01-25,59.0,30.2,72
BXK_AP,2023-01-26,62.6,37.4,70
BXK_AP,2023-01-27,60.8,33.8,72
BXK_AP,2023-01-28,62.6,30.2,72
BXK_AP,2023-01-29,64.4,32.0,72
BXK_AP,2023-01-30,59.0,48.2,72
BXK_AP,2023-01-31,59.0,44.6,72
BXK_AP,2023-02-01,64.4,39.2,71
BXK_AP,2023-02-02,64.4,37.4,70
BXK_AP,2023-02-03,69.8,37.4,72
BXK_AP,2023-02-04,71.6,37.4,71
BXK_AP,2023-02-05,71.6,37.4,72
BXK_AP,2023-02-06,68.0,41.0,72
BXK_AP,2023-02-07,66.2,42.8,72
BXK_AP,2023-02-08,66.2,37.4,72
BXK_AP,2023-02-09,68.0,35.6,69
BXK_AP,2023-02-10,68.0,53.6,70
BXK_AP,2023-02-11,71.6,44.6,70
BXK_AP,2023-02-12,73.4,42.8,72
BXK_AP,2023-02-13,55.4,41.0,72
BXK_AP,2023-02-14,59.0,41.0,70
BXK_AP,2023-02-15,55.4,30.2,70
BXK_AP,2023-02-16,57.2,28.4,67
BXK_AP,2023-02-17,64.4,41.0,72
BXK_AP,2023-02-18,69.8,41.0,72
BXK_AP,2023-02-19,75.2,39.2,71
BXK_AP,2023-02-20,75.2,42.8,71
BXK_AP,2023-02-21,69.8,46.4,72
BXK_AP,2023-02-22,59.0,44.6,72
BXK_AP,2023-02-23,59.0,37.4,70
BXK_AP,2023-02-24,62.6,42.8,71
BXK_AP,2023-02-25,73.4,44.6,72
BXK_AP,2023-02-26,57.2,41.0,70
BXK_AP,2023-02-27,60.8,33.8,71
BXK_AP,2023-02-28,64.4,37.4,72
BXK_AP,2023-03-01,62.6,41.0,70
BXK_AP,2023-03-02,51.8,39.2,72
BXK_AP,2023-03-03,60.8,33.8,72
BXK_AP,2023-03-04,66.2,37.4,72
BXK_AP,2023-03-05,68.0,39.2,72
BXK_AP,2023-03-06,69.8,48.2,72
BXK_AP,2023-03-07,69.8,46.4,57
BXK_AP,2023-03-08,73.4,37.4,70
BXK_AP,2023-03-09,73.4,39.2,69
BXK_AP,2023-03-10,77.0,41.0,71
BXK_AP,2023-03-11,77.0,57.2,72
BXK_AP,2023-03-12,80.6,46.4,72
BXK_AP,2023-03-13,78.8,48.2,70
BXK_AP,2023-03-14,78.8,44.6,72
BXK_AP,2023-03-15,64.4,55.4,71
BXK_AP,2023-03-16,69.8,48.2,71
BXK_AP,2023-03-17,71.6,46.4,72
BXK_AP,2023-03-18,73.4,42.8,72
BXK_AP,2023-03-19,71.6,57.2,72
BXK_AP,2023-03-20,71.6,50.0,72
BXK_AP,2023-03-21,64.4,59.0,71
BXK_AP,2023-03-22,64.4,51.8,71
BXK_AP,2023-03-23,66.2,41.0,71
BXK_AP,2023-03-24,68.0,46.4,72
BXK_AP,2023-03-25,69.8,39.2,71
BXK_AP,2023-03-26,68.0,39.2,69
BXK_AP,2023-03-27,71.6,44.6,72
BXK_AP,2023-03-28,77.0,42.8,71
BXK_AP,2023-03-29,78.8,41.0,71
BXK_AP,2023-03-30,66.2,50.0,72
BXK_AP,2023-03-31,69.8,39.2,72
BXK_AP,2023-04-01,78.8,44.6,72
BXK_AP,2023-04-02,80.6,42.8,72
BXK_AP,2023-04-03,77.0,50.0,71
BXK_AP,2023-04-04,60.8,39.2,72
BXK_AP,2023-04-05,68.0,33.8,70
BXK_AP,2023-04-06,77.0,42.8,72
BXK_AP,2023-04-07,80.6,41.0,72
BXK_AP,2023-04-08,82.4,42.8,71
BXK_AP,2023-04-09,89.6,50.0,72
BXK_AP,2023-04-10,95.0,53.6,71
BXK_AP,2023-04-11,96.8,57.2,67
BXK_AP,2023-04-12,91.4,59.0,70
BXK_AP,2023-04-13,80.6,60.8,72
BXK_AP,2023-04-14,75.2,51.8,72
BXK_AP,2023-04-15,82.4,50.0,71
BXK_AP,2023-04-16,87.8,50.0,72
BXK_AP,2023-04-17,89.6,51.8,72
BXK_AP,2023-04-18,84.2,57.2,71
BXK_AP,2023-04-19,80.6,51.8,71
BXK_AP,2023-04-20,86.0,51.8,72
BXK_AP,2023-04-21,89.6,53.6,71
BXK_AP,2023-04-22,93.2,57.2,72
BXK_AP,2023-04-23,93.2,62.6,72
BXK_AP,2023-04-24,91.4,60.8,71
BXK_AP,2023-04-25,89.6,60.8,72
BXK_AP,2023-04-26,87.8,53.6,72
BXK_AP,2023-04-27,95.0,55.4,72
BXK_AP,2023-04-28,95.0,57.2,71
BXK_AP,2023-04-29,96.8,59.0,72
BXK_AP,2023-04-30,100.4,55.4,71
BXK_AP,2023-05-01,93.2,68.0,72
BXK_AP,2023-05-02,87.8,55.4,72
BXK_AP,2023-05-03,84.2,57.2,66
BXK_AP,2023-05-04,77.0,53.6,70
BXK_AP,2023-05-05,78.8,51.8,71
BXK_AP,2023-05-06,84.2,50.0,72
BXK_AP,2023-05-07,87.8,51.8,72
BXK_AP,2023-05-08,91.4,55.4,71
BXK_AP,2023-05-09,91.4,57.2,72
BXK_AP,2023-05-10,78.8,59.0,72
BXK_AP,2023-05-11,87.8,53.6,72
BXK_AP,2023-05-12,93.2,59.0,72
BXK_AP,2023-05-13,95.0,64.4,72
BXK_AP,2023-05-14,98.6,66.2,72
BXK_AP,2023-05-15,100.4,71.6,70
BXK_AP,2023-05-16,100.4,75.2,69
BXK_AP,2023-05-17,98.6,73.4,70
BXK_AP,2023-05-18,96.8,71.6,69
BXK_AP,2023-05-19,91.4,68.0,72
BXK_AP,2023-05-20,95.0,64.4,71
BXK_AP,2023-05-21,96.8,66.2,70
BXK_AP,2023-05-22,98.6,69.8,68
BXK_AP,2023-05-23,98.6,66.2,64
BXK_AP,2023-05-24,96.8,66.2,71
BXK_AP,2023-05-25,96.8,64.4,71
BXK_AP,2023-05-26,93.2,64.4,67
BXK_AP,2023-05-27,93.2,62.6,70
BXK_AP,2023-05-28,96.8,62.6,72
BXK_AP,2023-05-29,95.0,62.6,71
BXK_AP,2023-05-30,95.0,60.8,68
BXK_AP,2023-05-31,86.0,60.8,72
BXK_AP,2023-06-01,89.6,62.6,70
BXK_AP,2023-06-02,93.2,62.6,72
BXK_AP,2023-06-03,98.6,64.4,72
BXK_AP,2023-06-04,100.4,69.8,71
BXK_AP,2023-06-05,100.4,68.0,68
BXK_AP,2023-06-06,95.0,64.4,71
BXK_AP,2023-06-07,93.2,62.6,71
BXK_AP,2023-06-08,93.2,60.8,70
BXK_AP,2023-06-09,93.2,62.6,72
BXK_AP,2023-06-10,96.8,62.6,72
BXK_AP,2023-06-11,87.8,62.6,71
BXK_AP,2023-06-12,89.6,64.4,72
BXK_AP,2023-06-13,93.2,64.4,71
BXK_AP,2023-06-14,96.8,66.2,72
BXK_AP,2023-06-15,96.8,68.0,72
BXK_AP,2023-06-16,98.6,68.0,72
BXK_AP,2023-06-17,100.4,69.8,72
BXK_AP,2023-06-18,102.2,71.6,72
BXK_AP,2023-06-19,100.4,69.8,72
BXK_AP,2023-06-20,98.6,73.4,64
BXK_AP,2023-06-21,100.4,68.0,72
BXK_AP,2023-06-22,100.4,69.8,72
BXK_AP,2023-06-23,96.8,64.4,70
BXK_AP,2023-06-24,100.4,62.6,71
BXK_AP,2023-06-25,105.8,68.0,72
BXK_AP,2023-06-26,107.6,71.6,71
BXK_AP,2023-06-27,104.0,68.0,71
BXK_AP,2023-06-28,102.2,69.8,72
BXK_AP,2023-06-29,102.2,69.8,72
BXK_AP,2023-06-30,107.6,69.8,71
BXK_AP,2023-07-01,109.4,75.2,71
BXK_AP,2023-07-02,111.2,77.0,71
BXK_AP,2023-07-03,113.0,77.0,61
BXK_AP,2023-07-04,109.4,80.6,70
BXK_AP,2023-07-05,107.6,78.8,71
BXK_AP,2023-07-06,109.4,75.2,70
BXK_AP,2023-07-07,107.6,75.2,70
BXK_AP,2023-07-08,107.6,73.4,71
BXK_AP,2023-07-09,107.6,78.8,71
BXK_AP,2023-07-10,105.8,82.4,70
BXK_AP,2023-07-11,107.6,86.0,70
BXK_AP,2023-07-12,107.6,86.0,72
BXK_AP,2023-07-13,111.2,86.0,71
BXK_AP,2023-07-14,113.0,86.0,71
BXK_AP,2023-07-15,116.6,86.0,69
BXK_AP,2023-07-16,111.2,87.8,72
BXK_AP,2023-07-17,113.0,86.0,72
BXK_AP,2023-07-18,114.8,86.0,72
BXK_AP,2023-07-19,114.8,86.0,71
BXK_AP,2023-07-20,116.6,84.2,71
BXK_AP,2023-07-21,114.8,82.4,72
BXK_AP,2023-07-22,113.0,91.4,72
BXK_AP,2023-07-23,109.4,87.8,70
BXK_AP,2023-07-24,113.0,87.8,71
BXK_AP,2023-07-25,114.8,86.0,72
BXK_AP,2023-07-26,114.8,89.6,72
BXK_AP,2023-07-27,113.0,84.2,72
BXK_AP,2023-07-28,111.2,87.8,72
BXK_AP,2023-07-29,111.2,86.0,72
BXK_AP,2023-07-30,109.4,84.2,72
BXK_AP,2023-07-31,104.0,77.0,72
BXK_AP,2023-08-01,105.8,84.2,70
BXK_AP,2023-08-02,107.6,86.0,72
BXK_AP,2023-08-03,109.4,82.4,72
BXK_AP,2023-08-04,111.2,77.0,72
BXK_AP,2023-08-05,111.2,80.6,72
BXK_AP,2023-08-06,109.4,80.6,72
BXK_AP,2023-08-07,107.6,86.0,72
BXK_AP,2023-08-08,105.8,84.2,69
BXK_AP,2023-08-09,105.8,86.0,61
BXK_AP,2023-08-10,104.0,84.2,69
BXK_AP,2023-08-11,105.8,80.6,71
BXK_AP,2023-08-12,104.0,80.6,65
BXK_AP,2023-08-13,104.0,80.6,72
BXK_AP,2023-08-14,104.0,80.6,72
BXK_AP,2023-08-15,107.6,86.0,72
BXK_AP,2023-08-16,109.4,82.4,72
BXK_AP,2023-08-17,111.2,86.0,72
BXK_AP,2023-08-18,104.0,84.2,72
BXK_AP,2023-08-19,89.6,78.8,70
BXK_AP,2023-08-20,96.8,77.0,72
BXK_AP,2023-08-21,87.8,73.4,72
BXK_AP,2023-08-22,96.8,73.4,72
BXK_AP,2023-08-23,105.8,75.2,72
BXK_AP,2023-08-24,102.2,82.4,72
BXK_AP,2023-08-25,109.4,80.6,69
BXK_AP,2023-08-26,109.4,84.2,72
BXK_AP,2023-08-27,109.4,84.2,71
BXK_AP,2023-08-28,113.0,87.8,72
BXK_AP,2023-08-29,113.0,80.6,72
BXK_AP,2023-08-30,109.4,82.4,72
BXK_AP,2023-08-31,105.8,77.0,71
BXK_AP,2023-09-01,87.8,75.2,72
BXK_AP,2023-09-02,93.2,75.2,72
BXK_AP,2023-09-03,98.6,71.6,72
BXK_AP,2023-09-04,98.6,77.0,72
BXK_AP,2023-09-05,98.6,69.8,72
BXK_AP,2023-09-06,102.2,68.0,71
BXK_AP,2023-09-07,105.8,68.0,72
BXK_AP,2023-09-08,107.6,78.8,72
BXK_AP,2023-09-09,111.2,80.6,72
BXK_AP,2023-09-10,109.4,82.4,72
BXK_AP,2023-09-11,104.0,78.8,72
BXK_AP,2023-09-12,100.4,80.6,72
BXK_AP,2023-09-13,98.6,77.0,72
BXK_AP,2023-09-14,98.6,77.0,72
BXK_AP,2023-09-15,100.4,69.8,72
BXK_AP,2023-09-16,102.2,69.8,72
BXK_AP,2023-09-17,100.4,69.8,69
BXK_AP,2023-09-18,96.8,69.8,71
BXK_AP,2023-09-19,95.0,68.0,69
BXK_AP,2023-09-20,96.8,64.4,72
BXK_AP,2023-09-21,95.0,68.0,69
BXK_AP,2023-09-22,93.2,68.0,70
BXK_AP,2023-09-23,95.0,73.4,72
BXK_AP,2023-09-24,96.8,66.2,72
BXK_AP,2023-09-25,100.4,62.6,69
BXK_AP,2023-09-26,102.2,66.2,68
BXK_AP,2023-09-27,102.2,64.4,72
BXK_AP,2023-09-28,100.4,64.4,72
BXK_AP,2023-09-29,96.8,60.8,71
BXK_AP,2023-09-30,93.2,64.4,72
BXK_AP,2023-10-01,82.4,62.6,72
BXK_AP,2023-10-02,82.4,59.0,72
BXK_AP,2023-10-03,86.0,60.8,71
BXK_AP,2023-10-04,91.4,59.0,72
BXK_AP,2023-10-05,96.8,59.0,71
BXK_AP,2023-10-06,102.2,62.6,72
BXK_AP,2023-10-07,100.4,71.6,72
BXK_AP,2023-10-08,98.6,75.2,71
BXK_AP,2023-10-09,96.8,68.0,70
BXK_AP,2023-10-10,95.0,66.2,72
BXK_AP,2023-10-11,89.6,66.2,72
BXK_AP,2023-10-12,87.8,59.0,72
BXK_AP,2023-10-13,87.8,53.6,70
BXK_AP,2023-10-14,89.6,59.0,72
BXK_AP,2023-10-15,96.8,60.8,72
BXK_AP,2023-10-16,98.6,64.4,71
BXK_AP,2023-10-17,96.8,64.4,66
BXK_AP,2023-10-18,96.8,59.0,68
BXK_AP,2023-10-19,98.6,62.6,72
BXK_AP,2023-10-20,100.4,62.6,72
BXK_AP,2023-10-21,100.4,62.6,72
BXK_AP,2023-10-22,93.2,60.8,72
BXK_AP,2023-10-23,84.2,60.8,72
BXK_AP,2023-10-24,82.4,59.0,72
BXK_AP,2023-10-25,82.4,60.8,71
BXK_AP,2023-10-26,82.4,57.2,70
BXK_AP,2023-10-27,86.0,57.2,72
BXK_AP,2023-10-28,82.4,59.0,70
BXK_AP,2023-10-29,75.2,48.2,72
BXK_AP,2023-10-30,78.8,46.4,71
BXK_AP,2023-10-31,78.8,44.6,71
BXK_AP,2023-11-01,80.6,57.2,72
BXK_AP,2023-11-02,82.4,46.4,71
BXK_AP,2023-11-03,82.4,44.6,72
BXK_AP,2023-11-04,87.8,46.4,66
BXK_AP,2023-11-05,87.8,50.0,72
BXK_AP,2023-11-06,89.6,51.8,72
BXK_AP,2023-11-07,86.0,51.8,72
BXK_AP,2023-11-08,77.0,53.6,72
BXK_AP,2023-11-09,77.0,46.4,72
BXK_AP,2023-11-10,73.4,46.4,72
BXK_AP,2023-11-11,78.8,44.6,71
BXK_AP,2023-11-12,80.6,48.2,71
BXK_AP,2023-11-13,84.2,53.6,72
BXK_AP,2023-11-14,84.2,62.6,71
BXK_AP,2023-11-15,80.6,59.0,65
BXK_AP,2023-11-16,73.4,60.8,72
BXK_AP,2023-11-17,78.8,59.0,72
BXK_AP,2023-11-18,71.6,59.0,71
BXK_AP,2023-11-19,71.6,51.8,72
BXK_AP,2023-11-20,71.6,48.2,71
BXK_AP,2023-11-21,77.0,51.8,72
BXK_AP,2023-11-22,73.4,46.4,72
BXK_AP,2023-11-23,69.8,46.4,72
BXK_AP,2023-11-24,71.6,44.6,72
BXK_AP,2023-11-25,68.0,46.4,72
BXK_AP,2023-11-26,68.0,35.6,71
BXK_AP,2023-11-27,73.4,50.0,72
BXK_AP,2023-11-28,73.4,48.2,72
BXK_AP,2023-11-29,69.8,44.6,72
BXK_AP,2023-11-30,62.6,42.8,72
BXK_AP,2023-12-01,62.6,46.4,72
BXK_AP,2023-12-02,62.6,37.4,72
BXK_AP,2023-12-03,64.4,37.4,72
BXK_AP,2023-12-04,68.0,39.2,72
BXK_AP,2023-12-05,77.0,42.8,72
BXK_AP,2023-12-06,78.8,46.4,72
BXK_AP,2023-12-07,73.4,42.8,72
BXK_AP,2023-12-08,69.8,39.2,72
BXK_AP,2023-12-09,66.2,41.0,72
BXK_AP,2023-12-10,68.0,37.4,72
BXK_AP,2023-12-11,68.0,39.2,72
BXK_AP,2023-12-12,68.0,41.0,70
BXK_AP,2023-12-13,66.2,32.0,72
BXK_AP,2023-12-14,64.4,33.8,72
BXK_AP,2023-12-15,71.6,35.6,71
BXK_AP,2023-12-16,78.8,42.8,72
BXK_AP,2023-12-17,75.2,39.2,71
BXK_AP,2023-12-18,69.8,41.0,72
BXK_AP,2023-12-19,73.4,51.8,72
BXK_AP,2023-12-20,73.4,57.2,72
BXK_AP,2023-12-21,75.2,48.2,71
BXK_AP,2023-12-22,59.0,51.8,70
BXK_AP,2023-12-23,57.2,46.4,72
BXK_AP,2023-12-24,60.8,42.8,72
BXK_AP,2023-12-25,60.8,39.2,72
BXK_AP,2023-12-26,60.8,35.6,71
BXK_AP,2023-12-27,60.8,33.8,72
BXK_AP,2023-12-28,64.4,37.4,64
BXK_AP,2023-12-29,69.8,35.6,72
BXK_AP,2023-12-30,68.0,41.0,72
BXK_AP,2023-12-31,60.8,42.8,72
BXK_AP,2024-01-01,59.0,39.2,61
BXK_AP,2024-01-02,62.6,44.6,38
BXK_AP,2024-01-03,60.8,35.6,69
BXK_AP,2024-01-04,59.0,35.6,72
BXK_AP,2024-01-05,57.2,35.6,71
BXK_AP,2024-01-06,59.0,33.8,72
BXK_AP,2024-01-07,53.6,33.8,72
BXK_AP,2024-01-08,53.6,32.0,71
BXK_AP,2024-01-09,53.6,24.8,71
BXK_AP,2024-01-10,57.2,28.4,70
BXK_AP,2024-01-11,57.2,33.8,72
BXK_AP,2024-01-12,55.4,26.6,72
BXK_AP,2024-01-13,60.8,28.4,72
BXK_AP,2024-01-14,64.4,33.8,72
BXK_AP,2024-01-15,66.2,32.0,66
BXK_AP,2024-01-16,66.2,35.6,68
BXK_AP,2024-01-17,64.4,37.4,68
BXK_AP,2024-01-18,71.6,37.4,70
BXK_AP,2024-01-19,71.6,42.8,72
BXK_AP,2024-01-20,66.2,44.6,72
BXK_AP,2024-01-21,57.2,48.2,72
BXK_AP,2024-01-22,60.8,48.2,72
BXK_AP,2024-01-23,59.0,50.0,72
BXK_AP,2024-01-24,60.8,50.0,72
BXK_AP,2024-01-25,64.4,46.4,72
BXK_AP,2024-01-26,66.2,42.8,72
BXK_AP,2024-01-27,73.4,42.8,72
BXK_AP,2024-01-28,75.2,44.6,71
BXK_AP,2024-01-30,77.0,46.4,69
BXK_AP,2024-01-31,77.0,46.4,72
BXK_AP,2024-02-01,75.2,53.6,72
BXK_AP,2024-02-02,62.6,48.2,72
BXK_AP,2024-02-03,62.6,41.0,71
BXK_AP,2024-02-04,66.2,46.4,71
BXK_AP,2024-02-05,71.6,42.8,72
BXK_AP,2024-02-06,64.4,50.0,69
BXK_AP,2024-02-07,59.0,46.4,71
BXK_AP,2024-02-08,57.2,44.6,64
BXK_AP,2024-02-09,57.2,35.6,50
BXK_AP,2024-02-10,57.2,41.0,72
BXK_AP,2024-02-11,59.0,35.6,72
BXK_AP,2024-02-12,64.4,33.8,72
BXK_AP,2024-02-13,64.4,37.4,72
BXK_AP,2024-02-14,66.2,37.4,72
BXK_AP,2024-02-15,69.8,39.2,72
BXK_AP,2024-02-16,69.8,41.0,51
BXK_AP,2024-02-17,71.6,44.6,63
BXK_AP,2024-02-18,73.4,42.8,72
BXK_AP,2024-02-19,75.2,42.8,72
BXK_AP,2024-02-20,77.0,44.6,72
BXK_AP,2024-02-21,71.6,50.0,71
BXK_AP,2024-02-22,73.4,46.4,69
BXK_AP,2024-02-23,77.0,48.2,72
BXK_AP,2024-02-24,73.4,50.0,72
BXK_AP,2024-02-25,77.0,51.8,71
BXK_AP,2024-02-26,73.4,57.2,72
BXK_AP,2024-02-27,73.4,50.0,71
BXK_AP,2024-02-28,77.0,46.4,71
BXK_AP,2024-02-29,73.4,46.4,70
BXK_AP,2024-03-01,77.0,44.6,72
BXK_AP,2024-03-02,73.4,46.4,72
BXK_AP,2024-03-03,69.8,51.8,72
BXK_AP,2024-03-04,69.8,48.2,71
BXK_AP,2024-03-05,73.4,41.0,71
BXK_AP,2024-03-06,71.6,48.2,72
BXK_AP,2024-03-07,64.4,48.2,72
BXK_AP,2024-03-08,68.0,51.8,72
BXK_AP,2024-03-09,71.6,44.6,72
BXK_AP,2024-03-10,77.0,46.4,72
BXK_AP,2024-03-11,78.8,46.4,72
BXK_AP,2024-03-12,75.2,46.4,72
BXK_AP,2024-03-13,75.2,46.4,70
BXK_AP,2024-03-14,68.0,46.4,72
BXK_AP,2024-03-15,57.2,48.2,72
BXK_AP,2024-03-16,62.6,41.0,71
BXK_AP,2024-03-17,68.0,46.4,72
BXK_AP,2024-03-18,73.4,42.8,70
BXK_AP,2024-03-19,75.2,46.4,72
BXK_AP,2024-03-20,78.8,46.4,71
BXK_AP,2024-03-21,82.4,48.2,63
BXK_AP,2024-03-22,82.4,50.0,72
BXK_AP,2024-03-23,80.6,55.4,72
BXK_AP,2024-03-24,66.2,50.0,71
BXK_AP,2024-03-25,71.6,44.6,71
BXK_AP,2024-03-26,71.6,50.0,72
BXK_AP,2024-03-27,75.2,44.6,72
BXK_AP,2024-03-28,78.8,46.4,72
BXK_AP,2024-03-29,82.4,53.6,72
BXK_AP,2024-03-30,80.6,53.6,68
BXK_AP,2024-03-31,62.6,50.0,69
BXK_AP,2024-04-01,62.6,50.0,72
BXK_AP,2024-04-02,73.4,46.4,71
BXK_AP,2024-04-03,80.6,50.0,72
BXK_AP,2024-04-04,84.2,50.0,72
BXK_AP,2024-04-05,66.2,51.8,72
BXK_AP,2024-04-06,66.2,41.0,71
BXK_AP,2024-04-07,73.4,37.4,72
BXK_AP,2024-04-08,73.4,46.4,72
BXK_AP,2024-04-09,82.4,53.6,72
BXK_AP,2024-04-10,84.2,51.8,68
BXK_AP,2024-04-11,89.6,50.0,72
BXK_AP,2024-04-12,91.4,51.8,72
BXK_AP,2024-04-13,86.0,57.2,71
BXK_AP,2024-04-14,78.8,50.0,72
BXK_AP,2024-04-15,77.0,50.0,72
BXK_AP,2024-04-16,87.8,50.0,71
BXK_AP,2024-04-17,89.6,53.6,71
BXK_AP,2024-04-18,89.6,55.4,72
BXK_AP,2024-04-19,91.4,53.6,72
BXK_AP,2024-04-20,91.4,59.0,71
BXK_AP,2024-04-21,95.0,57.2,72
BXK_AP,2024-04-22,96.8,62.6,72
BXK_AP,2024-04-23,93.2,62.6,71
BXK_AP,2024-04-24,89.6,57.2,72
BXK_AP,2024-04-25,82.4,59.0,71
BXK_AP,2024-04-26,77.0,57.2,71
BXK_AP,2024-04-27,82.4,55.4,72
BXK_AP,2024-04-28,86.0,53.6,72
BXK_AP,2024-04-29,91.4,55.4,71
BXK_AP,2024-04-30,91.4,60.8,41
BXK_AP,2024-05-01,89.6,59.0,72
BXK_AP,2024-05-02,89.6,59.0,72
BXK_AP,2024-05-03,82.4,60.8,34
BXK_AP,2024-05-08,89.6,64.4,47
BXK_AP,2024-05-09,86.0,51.8,72
BXK_AP,2024-05-10,89.6,53.6,72
BXK_AP,2024-05-11,91.4,59.0,72
BXK_AP,2024-05-12,95.0,62.6,72
BXK_AP,2024-05-13,98.6,64.4,70
BXK_AP,2024-05-14,96.8,68.0,71
BXK_AP,2024-05-15,95.0,64.4,72
BXK_AP,2024-05-16,95.0,68.0,71
BXK_AP,2024-05-17,98.6,66.2,72
BXK_AP,2024-05-18,98.6,68.0,72
BXK_AP,2024-05-19,96.8,64.4,72
BXK_AP,2024-05-20,89.6,68.0,71
BXK_AP,2024-05-21,91.4,60.8,72
BXK_AP,2024-05-22,93.2,60.8,71
BXK_AP,2024-05-23,93.2,62.6,72
BXK_AP,2024-05-24,95.0,64.4,72
BXK_AP,2024-05-25,87.8,66.2,72
BXK_AP,2024-05-26,95.0,60.8,72
BXK_AP,2024-05-27,98.6,60.8,72
BXK_AP,2024-05-28,102.2,62.6,71
BXK_AP,2024-05-29,98.6,68.0,70
BXK_AP,2024-05-30,100.4,64.4,72
BXK_AP,2024-05-31,102.2,66.2,70
BXK_AP,2024-06-01,100.4,66.2,72
BXK_AP,2024-06-02,100.4,68.0,72
BXK_AP,2024-06-03,100.4,68.0,72
BXK_AP,2024-06-04,100.4,69.8,72
BXK_AP,2024-06-05,105.8,71.6,72
BXK_AP,2024-06-06,109.4,75.2,66
BXK_AP,2024-06-07,107.6,78.8,72
BXK_AP,2024-06-08,107.6,77.0,72
BXK_AP,2024-06-09,104.0,75.2,72
BXK_AP,2024-06-10,104.0,69.8,72
BXK_AP,2024-06-11,107.6,69.8,72
BXK_AP,2024-06-12,107.6,73.4,71
BXK_AP,2024-06-13,105.8,75.2,72
BXK_AP,2024-06-14,104.0,69.8,72
BXK_AP,2024-06-15,109.4,75.2,69
BXK_AP,2024-06-16,107.6,75.2,72
BXK_AP,2024-06-17,102.2,75.2,71
BXK_AP,2024-06-18,100.4,71.6,71
BXK_AP,2024-06-19,102.2,73.4,59
BXK_AP,2024-06-20,109.4,69.8,72
BXK_AP,2024-06-21,111.2,84.2,72
BXK_AP,2024-06-22,105.8,89.6,72
BXK_AP,2024-06-23,105.8,84.2,69
BXK_AP,2024-06-24,109.4,86.0,72
BXK_AP,2024-06-25,107.6,82.4,72
BXK_AP,2024-06-26,109.4,77.0,72
BXK_AP,2024-06-27,109.4,86.0,72
BXK_AP,2024-06-28,107.6,84.2,72
BXK_AP,2024-06-29,107.6,84.2,71
BXK_AP,2024-06-30,107.6,87.8,71
BXK_AP,2024-07-01,105.8,87.8,72
BXK_AP,2024-07-02,113.0,84.2,72
BXK_AP,2024-07-03,111.2,84.2,72
BXK_AP,2024-07-04,111.2,82.4,68
BXK_AP,2024-07-05,114.8,82.4,72
BXK_AP,2024-07-06,113.0,84.2,72
BXK_AP,2024-07-07,113.0,82.4,70
BXK_AP,2024-07-08,114.8,82.4,71
BXK_AP,2024-07-09,114.8,82.4,71
BXK_AP,2024-07-10,113.0,84.2,70
BXK_AP,2024-07-11,113.0,86.0,71
BXK_AP,2024-07-12,111.2,84.2,72
BXK_AP,2024-07-13,109.4,86.0,72
BXK_AP,2024-07-14,105.8,84.2,71
BXK_AP,2024-07-15,107.6,78.8,72
BXK_AP,2024-07-16,109.4,84.2,72
BXK_AP,2024-07-17,107.6,84.2,72
BXK_AP,2024-07-18,107.6,84.2,72
BXK_AP,2024-07-19,111.2,87.8,71
BXK_AP,2024-07-20,111.2,84.2,72
BXK_AP,2024-07-21,111.2,86.0,70
BXK_AP,2024-07-22,107.6,84.2,72
BXK_AP,2024-07-23,111.2,87.8,72
BXK_AP,2024-07-24,113.0,86.0,72
BXK_AP,2024-07-25,111.2,78.8,69
BXK_AP,2024-07-26,107.6,78.8,70
BXK_AP,2024-07-27,109.4,86.0,72
BXK_AP,2024-07-28,107.6,80.6,71
BXK_AP,2024-07-29,107.6,84.2,71
BXK_AP,2024-07-30,105.8,84.2,63
BXK_AP,2024-07-31,107.6,80.6,72
BXK_AP,2024-08-01,104.0,82.4,72
BXK_AP,2024-08-02,107.6,80.6,72
BXK_AP,2024-08-03,111.2,89.6,72
BXK_AP,2024-08-04,113.0,84.2,70
BXK_AP,2024-08-05,109.4,82.4,71
BXK_AP,2024-08-06,109.4,87.8,72
BXK_AP,2024-08-07,102.2,80.6,71
BXK_AP,2024-08-08,105.8,86.0,72
BXK_AP,2024-08-09,104.0,82.4,72
BXK_AP,2024-08-10,107.6,86.0,71
BXK_AP,2024-08-11,102.2,82.4,71
BXK_AP,2024-08-12,104.0,80.6,70
BXK_AP,2024-08-13,105.8,82.4,71
BXK_AP,2024-08-14,105.8,84.2,72
BXK_AP,2024-08-15,107.6,80.6,72
BXK_AP,2024-08-16,107.6,82.4,72
BXK_AP,2024-08-17,109.4,86.0,72
BXK_AP,2024-08-18,96.8,80.6,72
BXK_AP,2024-08-19,107.6,77.0,72
BXK_AP,2024-08-20,109.4,82.4,66
BXK_AP,2024-08-21,102.2,84.2,72
BXK_AP,2024-08-22,105.8,86.0,72
BXK_AP,2024-08-23,105.8,82.4,72
BXK_AP,2024-08-24,102.2,78.8,72
BXK_AP,2024-08-25,104.0,78.8,70
BXK_AP,2024-08-26,105.8,77.0,72
BXK_AP,2024-08-27,107.6,77.0,71
BXK_AP,2024-08-28,104.0,84.2,72
BXK_AP,2024-08-29,105.8,77.0,69
BXK_AP,2024-08-30,107.6,75.2,71
BXK_AP,2024-08-31,105.8,77.0,69
BXK_AP,2024-09-01,105.8,78.8,72
BXK_AP,2024-09-02,104.0,87.8,72
BXK_AP,2024-09-03,104.0,86.0,72
BXK_AP,2024-09-04,107.6,80.6,72
BXK_AP,2024-09-05,111.2,82.4,71
BXK_AP,2024-09-06,107.6,86.0,63
BXK_AP,2024-09-07,105.8,91.4,72
BXK_AP,2024-09-08,105.8,86.0,72
BXK_AP,2024-09-09,105.8,82.4,72
BXK_AP,2024-09-10,107.6,73.4,72
BXK_AP,2024-09-11,105.8,73.4,72
BXK_AP,2024-09-12,104.0,77.0,72
BXK_AP,2024-09-13,102.2,68.0,71
BXK_AP,2024-09-14,100.4,75.2,72
BXK_AP,2024-09-15,100.4,73.4,72
BXK_AP,2024-09-16,98.6,71.6,72
BXK_AP,2024-09-17,89.6,66.2,72
BXK_AP,2024-09-18,91.4,59.0,71
BXK_AP,2024-09-19,93.2,66.2,71
BXK_AP,2024-09-20,91.4,66.2,70
BXK_AP,2024-09-21,87.8,64.4,72
BXK_AP,2024-09-22,96.8,66.2,70
BXK_AP,2024-09-23,100.4,68.0,72
BXK_AP,2024-09-24,104.0,64.4,72
BXK_AP,2024-09-25,107.6,68.0,72
BXK_AP,2024-09-26,105.8,73.4,72
BXK_AP,2024-09-27,109.4,73.4,71
BXK_AP,2024-09-28,113.0,77.0,72
BXK_AP,2024-09-29,109.4,77.0,72
BXK_AP,2024-10-05,104.0,82.4,37
BXK_AP,2024-10-06,105.8,73.4,72
BXK_AP,2024-10-07,105.8,71.6,72
BXK_AP,2024-10-08,104.0,68.0,72
BXK_AP,2024-10-09,102.2,69.8,72
BXK_AP,2024-10-10,102.2,69.8,71
BXK_AP,2024-10-11,102.2,68.0,71
BXK_AP,2024-10-12,102.2,69.8,72
BXK_AP,2024-10-13,100.4,68.0,72
BXK_AP,2024-10-14,96.8,64.4,72
BXK_AP,2024-10-15,93.2,60.8,67
BXK_AP,2024-10-16,93.2,59.0,72
BXK_AP,2024-10-17,87.8,62.6,72
BXK_AP,2024-10-18,75.2,53.6,72
BXK_AP,2024-10-19,71.6,55.4,69
BXK_AP,2024-10-20,78.8,50.0,70
BXK_AP,2024-10-21,84.2,51.8,72
BXK_AP,2024-10-22,91.4,53.6,70
BXK_AP,2024-10-23,93.2,57.2,71
BXK_AP,2024-10-24,91.4,53.6,72
BXK_AP,2024-10-25,91.4,53.6,72
BXK_AP,2024-10-26,93.2,55.4,72
BXK_AP,2024-10-27,91.4,57.2,71
BXK_AP,2024-10-28,91.4,53.6,72
BXK_AP,2024-10-29,73.4,53.6,72
BXK_AP,2024-10-30,73.4,46.4,72
BXK_AP,2024-10-31,75.2,44.6,72
BXK_AP,2024-11-01,78.8,46.4,72
BXK_AP,2024-11-02,75.2,41.0,72
BXK_AP,2024-11-03,73.4,50.0,72
BXK_AP,2024-11-04,69.8,48.2,72
BXK_AP,2024-11-05,71.6,39.2,72
BXK_AP,2024-11-06,69.8,42.8,72
BXK_AP,2024-11-07,66.2,41.0,69
BXK_AP,2024-11-08,68.0,37.4,70
BXK_AP,2024-11-09,71.6,37.4,72
BXK_AP,2024-11-10,78.8,39.2,72
BXK_AP,2024-11-11,78.8,42.8,72
BXK_AP,2024-11-12,77.0,42.8,72
BXK_AP,2024-11-13,75.2,46.4,72
BXK_AP,2024-11-14,78.8,41.0,70
BXK_AP,2024-11-15,68.0,41.0,72
BXK_AP,2024-11-16,62.6,39.2,72
BXK_AP,2024-11-17,69.8,41.0,72
BXK_AP,2024-11-18,68.0,41.0,72
BXK_AP,2024-11-19,68.0,41.0,72
BXK_AP,2024-11-20,73.4,41.0,64
BXK_AP,2024-11-21,78.8,37.4,69
BXK_AP,2024-11-22,78.8,39.2,71
BXK_AP,2024-11-23,75.2,37.4,72
BXK_AP,2024-11-24,73.4,41.0,72
BXK_AP,2024-11-25,73.4,46.4,72
BXK_AP,2024-11-26,75.2,46.4,72
BXK_AP,2024-11-27,75.2,53.6,72
BXK_AP,2024-11-28,71.6,46.4,72
BXK_AP,2024-11-29,73.4,42.8,72
BXK_AP,2024-11-30,75.2,46.4,44
BXK_AP,2024-12-01,75.2,42.8,72
BXK_AP,2024-12-02,77.0,42.8,72
BXK_AP,2024-12-03,77.0,46.4,55
BXK_AP,2024-12-04,73.4,41.0,72
BXK_AP,2024-12-05,75.2,44.6,71
BXK_AP,2024-12-06,77.0,50.0,70
BXK_AP,2024-12-07,73.4,46.4,72
BXK_AP,2024-12-08,71.6,39.2,72
BXK_AP,2024-12-09,71.6,39.2,72
BXK_AP,2024-12-10,62.6,42.8,72
BXK_AP,2024-12-11,68.0,35.6,72
BXK_AP,2024-12-12,69.8,41.0,71
BXK_AP,2024-12-13,64.4,39.2,72
BXK_AP,2024-12-14,66.2,37.4,72
BXK_AP,2024-12-15,69.8,35.6,72
BXK_AP,2024-12-16,73.4,35.6,72
BXK_AP,2024-12-17,69.8,35.6,72
BXK_AP,2024-12-18,78.8,39.2,71
BXK_AP,2024-12-19,77.0,42.8,70
BXK_AP,2024-12-20,78.8,41.0,72
BXK_AP,2024-12-21,75.2,37.4,72
BXK_AP,2024-12-22,71.6,37.4,72
BXK_AP,2024-12-23,73.4,44.6,72
BXK_AP,2024-12-24,73.4,41.0,72
BXK_AP,2024-12-25,69.8,41.0,72
BXK_AP,2024-12-26,62.6,37.4,70
BXK_AP,2024-12-27,66.2,37.4,72
BXK_AP,2024-12-28,66.2,37.4,72
BXK_AP,2024-12-29,71.6,39.2,72
BXK_AP,2024-12-30,69.8,37.4,72
BXK_AP,2024-12-31,69.8,37.4,72
BXK_AP,2025-01-01,69.8,37.4,72
BXK_AP,2025-01-02,73.4,37.4,71
BXK_AP,2025-01-03,73.4,39.2,71
BXK_AP,2025-01-04,71.6,37.4,72
BXK_AP,2025-01-05,66.2,41.0,72
BXK_AP,2025-01-06,66.2,37.4,72
BXK_AP,2025-01-07,68.0,33.8,68
BXK_AP,2025-01-08,66.2,44.6,68
BXK_AP,2025-01-09,62.6,33.8,72
BXK_AP,2025-01-10,62.6,39.2,72
BXK_AP,2025-01-11,60.8,28.4,71
BXK_AP,2025-01-12,60.8,35.6,72
BXK_AP,2025-01-13,60.8,28.4,71
BXK_AP,2025-01-14,64.4,33.8,72
BXK_AP,2025-01-15,71.6,33.8,69
BXK_AP,2025-01-16,71.6,39.2,66
BXK_AP,2025-01-17,66.2,42.8,72
BXK_AP,2025-01-18,64.4,32.0,71
BXK_AP,2025-01-19,62.6,33.8,72
BXK_AP,2025-01-20,64.4,32.0,72
BXK_AP,2025-01-21,59.0,30.2,68
BXK_AP,2025-01-22,60.8,28.4,60
BXK_AP,2025-01-23,64.4,37.4,72
BXK_AP,2025-01-24,66.2,39.2,71
BXK_AP,2025-01-25,64.4,35.6,70
BXK_AP,2025-01-26,66.2,33.8,72
BXK_AP,2025-01-27,59.0,41.0,71
BXK_AP,2025-01-28,59.0,35.6,72
BXK_AP,2025-01-29,55.4,41.0,72
BXK_AP,2025-01-30,60.8,32.0,70
BXK_AP,2025-01-31,66.2,33.8,70
BXK_AP,2025-02-01,69.8,39.2,72
BXK_AP,2025-02-02,77.0,42.8,71
BXK_AP,2025-02-03,80.6,44.6,72
BXK_AP,2025-02-04,82.4,50.0,72
BXK_AP,2025-02-05,77.0,44.6,72
BXK_AP,2025-02-06,75.2,42.8,71
BXK_AP,2025-02-07,73.4,46.4,68
BXK_AP,2025-02-08,75.2,50.0,72
BXK_AP,2025-02-09,71.6,48.2,72
BXK_AP,2025-02-10,77.0,44.6,72
BXK_AP,2025-02-11,66.2,41.0,72
BXK_AP,2025-02-12,62.6,46.4,72
BXK_AP,2025-02-13,66.2,46.4,72
BXK_AP,2025-02-14,71.6,51.8,72
BXK_AP,2025-02-15,71.6,39.2,72
BXK_AP,2025-02-16,71.6,44.6,72
BXK_AP,2025-02-17,73.4,42.8,72
BXK_AP,2025-02-18,75.2,44.6,72
BXK_AP,2025-02-19,75.2,42.8,72
BXK_AP,2025-02-20,78.8,42.8,72
BXK_AP,2025-02-21,75.2,46.4,72
BXK_AP,2025-02-22,77.0,44.6,72
BXK_AP,2025-02-23,78.8,44.6,72
BXK_AP,2025-02-24,84.2,44.6,72
BXK_AP,2025-02-25,86.0,46.4,71
BXK_AP,2025-02-26,87.8,53.6,68
BXK_AP,2025-02-27,80.6,59.0,70
BXK_AP,2025-02-28,77.0,46.4,70
BXK_AP,2025-03-01,78.8,46.4,70
BXK_AP,2025-03-02,78.8,48.2,72
BXK_AP,2025-03-03,64.4,44.6,71
BXK_AP,2025-03-04,69.8,41.0,72
BXK_AP,2025-03-05,71.6,42.8,72
BXK_AP,2025-03-06,68.0,55.4,72
BXK_AP,2025-03-07,55.4,46.4,71
BXK_AP,2025-03-08,64.4,39.2,72
BXK_AP,2025-03-09,73.4,41.0,68
BXK_AP,2025-03-10,80.6,44.6,69
BXK_AP,2025-03-11,73.4,51.8,72
BXK_AP,2025-03-12,71.6,51.8,71
BXK_AP,2025-03-13,66.2,46.4,72
BXK_AP,2025-03-14,57.2,39.2,72
BXK_AP,2025-03-15,66.2,41.0,72
BXK_AP,2025-03-16,73.4,41.0,72
BXK_AP,2025-03-17,80.6,50.0,72
BXK_AP,2025-03-18,69.8,48.2,71
BXK_AP,2025-03-19,71.6,46.4,72
BXK_AP,2025-03-20,78.8,42.8,70
BXK_AP,2025-03-21,80.6,51.8,60
BXK_AP,2025-03-22,84.2,48.2,71
BXK_AP,2025-03-23,86.0,51.8,72
BXK_AP,2025-03-24,93.2,53.6,72
BXK_AP,2025-03-25,95.0,59.0,71
BXK_AP,2025-03-26,91.4,62.6,69
BXK_AP,2025-03-27,89.6,59.0,72
BXK_AP,2025-03-28,80.6,57.2,66
BXK_AP,2025-03-29,78.8,55.4,66
BXK_AP,2025-03-30,80.6,51.8,72
BXK_AP,2025-03-31,80.6,57.2,71
BXK_AP,2025-04-01,73.4,55.4,72
BXK_AP,2025-04-02,62.6,48.2,72
BXK_AP,2025-04-03,68.0,41.0,70
BXK_AP,2025-04-04,71.6,46.4,72
BXK_AP,2025-04-05,77.0,51.8,72
BXK_AP,2025-04-06,78.8,50.0,72
BXK_AP,2025-04-07,84.2,48.2,72
BXK_AP,2025-04-08,89.6,51.8,71
BXK_AP,2025-04-09,93.2,53.6,70
BXK_AP,2025-04-10,96.8,55.4,71
BXK_AP,2025-04-11,98.6,59.0,72
BXK_AP,2025-04-12,95.0,62.6,72
BXK_AP,2025-04-13,89.6,60.8,72
BXK_AP,2025-04-14,89.6,64.4,72
BXK_AP,2025-04-15,89.6,57.2,72
BXK_AP,2025-04-16,89.6,57.2,70
BXK_AP,2025-04-17,77.0,57.2,69
BXK_AP,2025-04-18,75.2,51.8,72
BXK_AP,2025-04-19,71.6,46.4,72
BXK_AP,2025-04-20,82.4,46.4,72
BXK_AP,2025-04-21,87.8,55.4,72
BXK_AP,2025-04-22,89.6,59.0,72
BXK_AP,2025-04-23,87.8,57.2,72
BXK_AP,2025-04-24,87.8,57.2,72
BXK_AP,2025-04-25,87.8,60.8,72
BXK_AP,2025-04-26,78.8,55.4,72
BXK_AP,2025-04-27,75.2,51.8,72
BXK_AP,2025-04-28,78.8,48.2,72
BXK_AP,2025-04-29,87.8,51.8,72
BXK_AP,2025-04-30,87.8,51.8,71
BXK_AP,2025-05-01,89.6,60.8,67
BXK_AP,2025-05-02,91.4,62.6,69
BXK_AP,2025-05-03,91.4,62.6,72
BXK_AP,2025-05-04,78.8,59.0,72
BXK_AP,2025-05-05,68.0,57.2,72
BXK_AP,2025-05-06,75.2,59.0,72
BXK_AP,2025-05-07,82.4,62.6,71
BXK_AP,2025-05-08,89.6,60.8,72
BXK_AP,2025-05-09,98.6,64.4,72
BXK_AP,2025-05-10,100.4,78.8,72
BXK_AP,2025-05-11,100.4,82.4,72
BXK_AP,2025-05-12,96.8,73.4,72
BXK_AP,2025-05-13,86.0,64.4,72
BXK_AP,2025-05-14,82.4,55.4,71
BXK_AP,2025-05-15,87.8,55.4,72
BXK_AP,2025-05-16,91.4,57.2,72
BXK_AP,2025-05-17,89.6,62.6,72
BXK_AP,2025-05-18,86.0,59.0,72
BXK_AP,2025-05-19,93.2,60.8,71
BXK_AP,2025-05-20,96.8,62.6,69
BXK_AP,2025-05-21,100.4,62.6,71
BXK_AP,2025-05-22,102.2,68.0,71
BXK_AP,2025-05-23,100.4,69.8,69
BXK_AP,2025-05-24,96.8,69.8,72
BXK_AP,2025-05-25,95.0,66.2,72
BXK_AP,2025-05-26,96.8,64.4,72
BXK_AP,2025-05-27,98.6,66.2,72
BXK_AP,2025-05-28,100.4,66.2,72
BXK_AP,2025-05-29,93.2,68.0,71
BXK_AP,2025-05-30,102.2,62.6,72
BXK_AP,2025-05-31,100.4,73.4,72
BXK_AP,2025-06-01,84.2,68.0,72
BXK_AP,2025-06-02,87.8,66.2,72
BXK_AP,2025-06-03,95.0,71.6,71
BXK_AP,2025-06-04,95.0,71.6,72
BXK_AP,2025-06-05,98.6,71.6,69
BXK_AP,2025-06-06,100.4,73.4,72
BXK_AP,2025-06-07,102.2,68.0,72
BXK_AP,2025-06-08,104.0,69.8,71
BXK_AP,2025-06-09,107.6,75.2,72
BXK_AP,2025-06-10,105.8,75.2,70
BXK_AP,2025-06-11,107.6,75.2,61
BXK_AP,2025-06-12,105.8,77.0,72
BXK_AP,2025-06-13,104.0,71.6,72
BXK_AP,2025-06-14,107.6,73.4,72
BXK_AP,2025-06-15,113.0,73.4,72
BXK_AP,2025-06-16,111.2,71.6,71
BXK_AP,2025-06-17,107.6,77.0,72
BXK_AP,2025-06-18,111.2,75.2,68
BXK_AP,2025-06-19,113.0,73.4,72
BXK_AP,2025-06-20,105.8,75.2,70
BXK_AP,2025-06-21,102.2,75.2,72
BXK_AP,2025-06-22,96.8,71.6,72
BXK_AP,2025-06-23,100.4,71.6,72
BXK_AP,2025-06-24,100.4,68.0,71
BXK_AP,2025-06-25,100.4,66.2,71
BXK_AP,2025-06-26,104.0,71.6,71
BXK_AP,2025-06-27,105.8,73.4,71
BXK_AP,2025-06-28,107.6,77.0,70
BXK_AP,2025-06-29,111.2,75.2,63
BXK_AP,2025-06-30,114.8,82.4,71
BXK_AP,2025-07-01,109.4,89.6,70
BXK_AP,2025-07-02,104.0,73.4,66
BXK_AP,2025-07-03,98.6,77.0,70
BXK_AP,2025-07-04,102.2,75.2,71
BXK_AP,2025-07-05,104.0,78.8,71
BXK_AP,2025-07-06,107.6,78.8,71
BXK_AP,2025-07-07,107.6,84.2,71
BXK_AP,2025-07-08,111.2,82.4,71
BXK_AP,2025-07-09,114.8,84.2,70
BXK_AP,2025-07-10,111.2,87.8,72
BXK_AP,2025-07-11,107.6,84.2,69
BXK_AP,2025-07-12,105.8,80.6,70
BXK_AP,2025-07-13,105.8,80.6,70
BXK_AP,2025-07-14,105.8,82.4,69
BXK_AP,2025-07-15,105.8,82.4,67
BXK_AP,2025-07-16,98.6,80.6,71
BXK_AP,2025-07-17,98.6,75.2,67
BXK_AP,2025-07-18,105.8,80.6,67
BXK_AP,2025-07-19,105.8,82.4,62
BXK_AP,2025-07-20,96.8,80.6,71
BXK_AP,2025-07-21,102.2,80.6,69
BXK_AP,2025-07-22,100.4,80.6,68
BXK_AP,2025-07-23,102.2,75.2,72
BXK_AP,2025-07-24,105.8,68.0,72
BXK_AP,2025-07-25,107.6,71.6,63
BXK_AP,2025-07-26,104.0,69.8,67
BXK_AP,2025-07-27,107.6,73.4,69
BXK_AP,2025-07-28,109.4,77.0,71
BXK_AP,2025-07-29,107.6,80.6,70
BXK_AP,2025-07-30,109.4,80.6,69
BXK_AP,2025-07-31,107.6,77.0,72
BXK_AP,2025-08-01,109.4,82.4,70
BXK_AP,2025-08-02,111.2,82.4,69
BXK_AP,2025-08-03,109.4,71.6,69
BXK_AP,2025-08-04,109.4,78.8,67
BXK_AP,2025-08-05,111.2,78.8,64
BXK_AP,2025-08-06,114.8,84.2,68
BXK_AP,2025-08-07,116.6,82.4,61
BXK_AP,2025-08-08,111.2,84.2,70
BXK_AP,2025-08-09,109.4,84.2,71
BXK_AP,2025-08-10,105.8,86.0,72
BXK_AP,2025-08-11,111.2,84.2,67
BXK_AP,2025-08-12,109.4,84.2,68
BXK_AP,2025-08-13,107.6,87.8,72
BXK_AP,2025-08-14,107.6,86.0,72
BXK_AP,2025-08-15,102.2,80.6,69
BXK_AP,2025-08-16,102.2,77.0,72
BXK_AP,2025-08-17,102.2,73.4,70
BXK_AP,2025-08-18,105.8,78.8,72
BXK_AP,2025-08-19,107.6,80.6,72
BXK_AP,2025-08-20,111.2,82.4,72
BXK_AP,2025-08-21,111.2,86.0,62
BXK_AP,2025-08-22,111.2,87.8,65
BXK_AP,2025-08-23,107.6,86.0,66
BXK_AP,2025-08-24,109.4,86.0,65
CHD_AP,2016-01-01,64.4,32.0,16
CHD_AP,2016-01-02,69.8,39.2,15
CHD_AP,2016-01-03,71.6,44.6,14
CHD_AP,2016-01-04,60.8,51.8,16
CHD_AP,2016-01-05,60.8,50.0,16
CHD_AP,2016-01-06,59.0,48.2,16
CHD_AP,2016-01-07,51.8,46.4,17
CHD_AP,2016-01-08,53.6,44.6,15
CHD_AP,2016-01-09,55.4,37.4,14
CHD_AP,2016-01-10,55.4,41.0,16
CHD_AP,2016-01-11,59.0,35.6,16
CHD_AP,2016-01-12,66.2,33.8,15
CHD_AP,2016-01-13,64.4,35.6,16
CHD_AP,2016-01-14,60.8,35.6,14
CHD_AP,2016-01-15,59.0,39.2,16
CHD_AP,2016-01-16,69.8,33.8,16
CHD_AP,2016-01-17,66.2,37.4,16
CHD_AP,2016-01-18,68.0,39.2,16
CHD_AP,2016-01-19,66.2,39.2,15
CHD_AP,2016-01-20,68.0,42.8,16
CHD_AP,2016-01-21,69.8,41.0,13
CHD_AP,2016-01-22,73.4,39.2,13
CHD_AP,2016-01-23,71.6,42.8,16
CHD_AP,2016-01-24,66.2,41.0,15
CHD_AP,2016-01-25,64.4,42.8,16
CHD_AP,2016-01-26,66.2,46.4,16
CHD_AP,2016-01-27,68.0,37.4,16
CHD_AP,2016-01-28,69.8,39.2,16
CHD_AP,2016-01-29,69.8,39.2,15
CHD_AP,2016-01-30,73.4,39.2,16
CHD_AP,2016-01-31,73.4,46.4,14
CHD_AP,2016-02-01,51.8,46.4,16
CHD_AP,2016-02-02,53.6,37.4,16
CHD_AP,2016-02-03,55.4,30.2,13
CHD_AP,2016-02-04,62.6,35.6,14
CHD_AP,2016-02-05,66.2,42.8,14
CHD_AP,2016-02-06,73.4,37.4,14
CHD_AP,2016-02-07,82.4,39.2,15
CHD_AP,2016-02-08,82.4,46.4,15
CHD_AP,2016-02-09,82.4,50.0,13
CHD_AP,2016-02-10,82.4,46.4,16
CHD_AP,2016-02-11,80.6,48.2,16
CHD_AP,2016-02-12,84.2,46.4,15
CHD_AP,2016-02-13,84.2,46.4,16
CHD_AP,2016-02-14,78.8,46.4,16
CHD_AP,2016-02-15,82.4,48.2,15
CHD_AP,2016-02-16,84.2,50.0,15
CHD_AP,2016-02-17,87.8,50.0,14
CHD_AP,2016-02-18,80.6,51.8,16
CHD_AP,2016-02-19,80.6,53.6,15
CHD_AP,2016-02-20,84.2,48.2,16
CHD_AP,2016-02-21,80.6,48.2,14
CHD_AP,2016-02-22,82.4,48.2,16
CHD_AP,2016-02-23,71.6,53.6,16
CHD_AP,2016-02-24,73.4,50.0,16
CHD_AP,2016-02-25,80.6,46.4,15
CHD_AP,2016-02-26,86.0,48.2,15
CHD_AP,2016-02-27,84.2,48.2,16
CHD_AP,2016-02-28,82.4,48.2,13
CHD_AP,2016-02-29,84.2,53.6,15
CHD_AP,2016-03-01,84.2,53.6,15
CHD_AP,2016-03-02,86.0,51.8,16
CHD_AP,2016-03-03,87.8,55.4,16
CHD_AP,2016-03-04,87.8,55.4,16
CHD_AP,2016-03-05,80.6,53.6,16
CHD_AP,2016-03-06,78.8,60.8,16
CHD_AP,2016-03-07,69.8,48.2,16
CHD_AP,2016-03-08,71.6,48.2,16
CHD_AP,2016-03-09,78.8,44.6,15
CHD_AP,2016-03-10,82.4,50.0,16
CHD_AP,2016-03-11,87.8,48.2,16
CHD_AP,2016-03-12,69.8,51.8,15
CHD_AP,2016-03-13,75.2,48.2,15
CHD_AP,2016-03-14,78.8,53.6,14
CHD_AP,2016-03-15,82.4,51.8,16
CHD_AP,2016-03-16,84.2,48.2,14
CHD_AP,2016-03-17,86.0,50.0,16
CHD_AP,2016-03-18,87.8,51.8,16
CHD_AP,2016-03-19,87.8,53.6,15
CHD_AP,2016-03-20,89.6,53.6,16
CHD_AP,2016-03-21,89.6,57.2,15
CHD_AP,2016-03-22,78.8,66.2,16
CHD_AP,2016-03-23,73.4,55.4,16
CHD_AP,2016-03-24,78.8,46.4,15
CHD_AP,2016-03-25,82.4,46.4,12
CHD_AP,2016-03-27,86.0,51.8,15
CHD_AP,2016-03-28,84.2,57.2,15
CHD_AP,2016-03-29,68.0,55.4,15
CHD_AP,2016-03-30,66.2,50.0,16
CHD_AP,2016-03-31,71.6,44.6,16
CHD_AP,2016-04-01,77.0,48.2,16
CHD_AP,2016-04-02,82.4,51.8,16
CHD_AP,2016-04-03,87.8,55.4,16
CHD_AP,2016-04-04,89.6,53.6,16
CHD_AP,2016-04-05,89.6,57.2,16
CHD_AP,2016-04-06,95.0,59.0,16
CHD_AP,2016-04-07,87.8,68.0,14
CHD_AP,2016-04-08,80.6,60.8,15
CHD_AP,2016-04-09,82.4,60.8,15
CHD_AP,2016-04-10,68.0,57.2,15
CHD_AP,2016-04-11,75.2,53.6,16
CHD_AP,2016-04-12,80.6,57.2,16
CHD_AP,2016-04-13,84.2,59.0,14
CHD_AP,2016-04-14,87.8,59.0,14
CHD_AP,2016-04-15,80.6,62.6,16
CHD_AP,2016-04-16,78.8,57.2,12
CHD_AP,2016-04-17,80.6,59.0,15
CHD_AP,2016-04-18,84.2,60.8,16
CHD_AP,2016-04-19,87.8,57.2,15
CHD_AP,2016-04-20,93.2,57.2,16
CHD_AP,2016-04-21,95.0,60.8,14
CHD_AP,2016-04-22,96.8,62.6,14
CHD_AP,2016-04-23,87.8,68.0,16
CHD_AP,2016-04-24,87.8,55.4,15
CHD_AP,2016-04-25,78.8,66.2,15
CHD_AP,2016-04-26,75.2,53.6,14
CHD_AP,2016-04-27,82.4,55.4,17
CHD_AP,2016-04-28,75.2,62.6,14
CHD_AP,2016-04-29,78.8,60.8,16
CHD_AP,2016-04-30,82.4,59.0,16
CHD_AP,2016-05-01,77.0,59.0,15
CHD_AP,2016-05-02,86.0,59.0,16
CHD_AP,2016-05-03,91.4,66.2,15
CHD_AP,2016-05-04,100.4,64.4,16
CHD_AP,2016-05-05,95.0,68.0,16
CHD_AP,2016-05-06,80.6,62.6,16
CHD_AP,2016-05-07,77.0,55.4,14
CHD_AP,2016-05-08,78.8,59.0,16
CHD_AP,2016-05-09,84.2,57.2,16
CHD_AP,2016-05-10,89.6,60.8,16
CHD_AP,2016-05-11,93.2,66.2,16
CHD_AP,2016-05-12,100.4,64.4,16
CHD_AP,2016-05-13,102.2,66.2,12
CHD_AP,2016-05-15,93.2,68.0,16
CHD_AP,2016-05-16,89.6,64.4,15
CHD_AP,2016-05-17,89.6,68.0,15
CHD_AP,2016-05-18,84.2,68.0,16
CHD_AP,2016-05-19,91.4,66.2,16
CHD_AP,2016-05-21,91.4,71.6,16
CHD_AP,2016-05-22,87.8,64.4,16
CHD_AP,2016-05-23,87.8,59.0,14
CHD_AP,2016-05-24,87.8,64.4,16
CHD_AP,2016-05-25,91.4,60.8,16
CHD_AP,2016-05-26,82.4,59.0,17
CHD_AP,2016-05-27,89.6,60.8,16
CHD_AP,2016-05-28,95.0,62.6,15
CHD_AP,2016-05-29,96.8,68.0,16
CHD_AP,2016-05-30,93.2,68.0,16
CHD_AP,2016-05-31,96.8,64.4,16
CHD_AP,2016-06-01,100.4,78.8,15
CHD_AP,2016-06-02,105.8,71.6,14
CHD_AP,2016-06-03,111.2,73.4,16
CHD_AP,2016-06-04,113.0,75.2,13
CHD_AP,2016-06-05,111.2,75.2,15
CHD_AP,2016-06-06,109.4,78.8,14
CHD_AP,2016-06-07,104.0,73.4,16
CHD_AP,2016-06-08,105.8,80.6,15
CHD_AP,2016-06-09,102.2,78.8,16
CHD_AP,2016-06-10,96.8,82.4,16
CHD_AP,2016-06-11,100.4,75.2,15
CHD_AP,2016-06-12,102.2,75.2,16
CHD_AP,2016-06-13,98.6,75.2,16
CHD_AP,2016-06-14,98.6,71.6,15
CHD_AP,2016-06-15,100.4,69.8,16
CHD_AP,2016-06-16,100.4,73.4,14
CHD_AP,2016-06-17,102.2,69.8,16
CHD_AP,2016-06-18,109.4,73.4,16
CHD_AP,2016-06-19,116.6,75.2,16
CHD_AP,2016-06-20,114.8,80.6,16
CHD_AP,2016-06-21,109.4,87.8,16
CHD_AP,2016-06-22,109.4,84.2,15
CHD_AP,2016-06-23,109.4,84.2,16
CHD_AP,2016-06-24,107.6,82.4,14
CHD_AP,2016-06-25,107.6,84.2,16
CHD_AP,2016-06-26,104.0,87.8,16
CHD_AP,2016-06-27,107.6,86.0,16
CHD_AP,2016-06-28,109.4,87.8,16
CHD_AP,2016-06-29,104.0,86.0,16
CHD_AP,2016-06-30,93.2,80.6,14
CHD_AP,2016-07-01,93.2,75.2,16
CHD_AP,2016-07-02,102.2,78.8,15
CHD_AP,2016-07-03,104.0,82.4,15
CHD_AP,2016-07-04,107.6,82.4,16
CHD_AP,2016-07-05,107.6,78.8,16
CHD_AP,2016-07-06,105.8,84.2,16
CHD_AP,2016-07-07,105.8,84.2,16
CHD_AP,2016-07-08,105.8,82.4,16
CHD_AP,2016-07-09,109.4,82.4,15
CHD_AP,2016-07-10,109.4,84.2,18
CHD_AP,2016-07-11,107.6,80.6,15
CHD_AP,2016-07-12,107.6,78.8,16
CHD_AP,2016-07-13,105.8,86.0,15
CHD_AP,2016-07-14,109.4,84.2,16
CHD_AP,2016-07-15,109.4,82.4,16
CHD_AP,2016-07-16,105.8,87.8,15
CHD_AP,2016-07-17,100.4,84.2,16
CHD_AP,2016-07-18,104.0,84.2,16
CHD_AP,2016-07-19,105.8,82.4,17
CHD_AP,2016-07-20,105.8,86.0,15
CHD_AP,2016-07-21,111.2,86.0,16
CHD_AP,2016-07-22,111.2,87.8,16
CHD_AP,2016-07-23,109.4,87.8,13
CHD_AP,2016-07-24,105.8,87.8,16
CHD_AP,2016-07-25,105.8,86.0,14
CHD_AP,2016-07-26,109.4,87.8,15
CHD_AP,2016-07-27,109.4,87.8,16
CHD_AP,2016-07-28,109.4,87.8,15
CHD_AP,2016-07-29,109.4,89.6,12
CHD_AP,2016-07-31,100.4,84.2,16
CHD_AP,2016-08-01,96.8,78.8,16
CHD_AP,2016-08-02,95.0,77.0,16
CHD_AP,2016-08-03,98.6,80.6,16
CHD_AP,2016-08-04,96.8,82.4,16
CHD_AP,2016-08-05,98.6,82.4,16
CHD_AP,2016-08-06,105.8,82.4,16
CHD_AP,2016-08-07,107.6,86.0,15
CHD_AP,2016-08-08,107.6,84.2,16
CHD_AP,2016-08-09,95.0,84.2,16
CHD_AP,2016-08-10,100.4,82.4,16
CHD_AP,2016-08-11,96.8,75.2,16
CHD_AP,2016-08-12,104.0,80.6,14
CHD_AP,2016-08-13,105.8,80.6,16
CHD_AP,2016-08-14,105.8,84.2,16
CHD_AP,2016-08-15,107.6,87.8,16
CHD_AP,2016-08-16,109.4,84.2,16
CHD_AP,2016-08-17,107.6,87.8,16
CHD_AP,2016-08-18,102.2,87.8,16
CHD_AP,2016-08-19,102.2,80.6,15
CHD_AP,2016-08-20,100.4,80.6,16
CHD_AP,2016-08-21,98.6,78.8,17
CHD_AP,2016-08-22,98.6,78.8,14
CHD_AP,2016-08-23,96.8,73.4,16
CHD_AP,2016-08-24,100.4,78.8,15
CHD_AP,2016-08-25,100.4,77.0,15
CHD_AP,2016-08-26,96.8,78.8,16
CHD_AP,2016-08-27,96.8,78.8,15
CHD_AP,2016-08-28,98.6,73.4,15
CHD_AP,2016-08-29,102.2,77.0,16
CHD_AP,2016-08-30,104.0,80.6,14
CHD_AP,2016-08-31,104.0,80.6,17
CHD_AP,2016-09-01,102.2,82.4,17
CHD_AP,2016-09-02,102.2,80.6,15
CHD_AP,2016-09-03,104.0,80.6,16
CHD_AP,2016-09-04,100.4,71.6,14
CHD_AP,2016-09-05,100.4,68.0,16
CHD_AP,2016-09-06,100.4,73.4,16
CHD_AP,2016-09-07,87.8,77.0,14
CHD_AP,2016-09-08,95.0,73.4,16
CHD_AP,2016-09-09,100.4,77.0,12
CHD_AP,2016-09-11,102.2,75.2,15
CHD_AP,2016-09-12,98.6,82.4,16
CHD_AP,2016-09-13,98.6,73.4,12
CHD_AP,2016-09-14,96.8,73.4,13
CHD_AP,2016-09-15,107.6,68.0,17
CHD_AP,2016-09-16,95.0,64.4,16
CHD_AP,2016-09-17,100.4,64.4,14
CHD_AP,2016-09-18,102.2,66.2,15
CHD_AP,2016-09-19,98.6,69.8,16
CHD_AP,2016-09-20,89.6,82.4,16
CHD_AP,2016-09-21,100.4,75.2,13
CHD_AP,2016-09-23,86.0,73.4,15
CHD_AP,2016-09-24,87.8,57.2,16
CHD_AP,2016-09-25,95.0,62.6,16
CHD_AP,2016-09-26,86.0,77.0,16
CHD_AP,2016-09-27,87.8,69.8,16
CHD_AP,2016-09-28,95.0,71.6,15
CHD_AP,2016-09-29,91.4,73.4,15
CHD_AP,2016-09-30,95.0,71.6,14
CHD_AP,2016-10-01,95.0,71.6,16
CHD_AP,2016-10-02,84.2,69.8,20
CHD_AP,2016-10-03,84.2,68.0,16
CHD_AP,2016-10-04,82.4,55.4,16
CHD_AP,2016-10-05,87.8,57.2,16
CHD_AP,2016-10-06,87.8,60.8,16
CHD_AP,2016-10-07,95.0,59.0,16
CHD_AP,2016-10-08,95.0,75.2,15
CHD_AP,2016-10-09,95.0,69.8,16
CHD_AP,2016-10-10,93.2,66.2,15
CHD_AP,2016-10-11,95.0,64.4,15
CHD_AP,2016-10-12,91.4,60.8,16
CHD_AP,2016-10-13,91.4,59.0,13
CHD_AP,2016-10-14,95.0,59.0,15
CHD_AP,2016-10-15,93.2,60.8,15
CHD_AP,2016-10-16,93.2,60.8,14
CHD_AP,2016-10-17,91.4,62.6,14
CHD_AP,2016-10-18,89.6,60.8,16
CHD_AP,2016-10-19,91.4,60.8,14
CHD_AP,2016-10-20,95.0,64.4,15
CHD_AP,2016-10-21,96.8,68.0,14
CHD_AP,2016-10-22,96.8,66.2,15
CHD_AP,2016-10-23,95.0,66.2,16
CHD_AP,2016-10-24,89.6,68.0,16
CHD_AP,2016-10-25,89.6,68.0,16
CHD_AP,2016-10-26,95.0,64.4,16
CHD_AP,2016-10-27,98.6,66.2,15
CHD_AP,2016-10-28,93.2,71.6,14
CHD_AP,2016-10-29,93.2,64.4,16
CHD_AP,2016-10-30,91.4,66.2,15
CHD_AP,2016-10-31,84.2,64.4,16
CHD_AP,2016-11-01,82.4,62.6,16
CHD_AP,2016-11-03,84.2,60.8,18
CHD_AP,2016-11-04,77.0,57.2,16
CHD_AP,2016-11-05,78.8,57.2,16
CHD_AP,2016-11-06,80.6,57.2,15
CHD_AP,2016-11-07,84.2,59.0,16
CHD_AP,2016-11-08,87.8,62.6,14
CHD_AP,2016-11-09,82.4,66.2,16
CHD_AP,2016-11-10,78.8,64.4,16
CHD_AP,2016-11-11,80.6,59.0,16
CHD_AP,2016-11-12,82.4,57.2,15
CHD_AP,2016-11-13,82.4,55.4,16
CHD_AP,2016-11-14,82.4,51.8,14
CHD_AP,2016-11-15,84.2,51.8,14
CHD_AP,2016-11-16,80.6,53.6,16
CHD_AP,2016-11-17,69.8,55.4,16
CHD_AP,2016-11-18,75.2,42.8,15
CHD_AP,2016-11-19,82.4,48.2,13
CHD_AP,2016-11-20,75.2,57.2,13
CHD_AP,2016-11-21,69.8,57.2,16
CHD_AP,2016-11-22,69.8,46.4,15
CHD_AP,2016-11-23,75.2,46.4,15
CHD_AP,2016-11-24,77.0,44.6,15
CHD_AP,2016-11-25,80.6,44.6,16
CHD_AP,2016-11-26,73.4,53.6,14
CHD_AP,2016-11-27,64.4,48.2,13
CHD_AP,2016-11-28,57.2,44.6,15
CHD_AP,2016-11-29,59.0,46.4,16
CHD_AP,2016-11-30,60.8,35.6,16
CHD_AP,2016-12-01,60.8,39.2,15
CHD_AP,2016-12-02,60.8,41.0,14
CHD_AP,2016-12-03,68.0,48.2,14
CHD_AP,2016-12-04,68.0,44.6,15
CHD_AP,2016-12-05,68.0,39.2,14
CHD_AP,2016-12-06,66.2,42.8,14
CHD_AP,2016-12-07,64.4,44.6,15
CHD_AP,2016-12-08,68.0,41.0,15
CHD_AP,2016-12-09,69.8,42.8,15
CHD_AP,2016-12-10,86.0,42.8,14
CHD_AP,2016-12-11,71.6,46.4,14
CHD_AP,2016-12-12,73.4,48.2,16
CHD_AP,2016-12-13,73.4,33.8,14
CHD_AP,2016-12-14,75.2,48.2,16
CHD_AP,2016-12-15,75.2,46.4,16
CHD_AP,2016-12-16,75.2,57.2,15
CHD_AP,2016-12-17,59.0,48.2,15
CHD_AP,2016-12-18,60.8,35.6,13
CHD_AP,2016-12-19,69.8,46.4,16
CHD_AP,2016-12-20,71.6,48.2,16
CHD_AP,2016-12-21,68.0,57.2,16
CHD_AP,2016-12-22,66.2,57.2,16
CHD_AP,2016-12-23,64.4,55.4,14
CHD_AP,2016-12-24,64.4,46.4,16
CHD_AP,2016-12-25,53.6,39.2,15
CHD_AP,2016-12-26,60.8,35.6,15
CHD_AP,2016-12-27,69.8,39.2,16
CHD_AP,2016-12-28,60.8,44.6,15
CHD_AP,2016-12-29,75.2,48.2,14
CHD_AP,2016-12-30,71.6,51.8,16
CHD_AP,2016-12-31,62.6,55.4,14
CHD_AP,2017-01-01,55.4,50.0,13
CHD_AP,2017-01-02,57.2,46.4,13
CHD_AP,2017-01-03,60.8,44.6,15
CHD_AP,2017-01-04,66.2,42.8,16
CHD_AP,2017-01-05,68.0,44.6,15
CHD_AP,2017-01-06,64.4,48.2,14
CHD_AP,2017-01-07,66.2,41.0,16
CHD_AP,2017-01-08,73.4,44.6,15
CHD_AP,2017-01-09,66.2,50.0,16
CHD_AP,2017-01-10,69.8,48.2,16
CHD_AP,2017-01-11,66.2,48.2,16
CHD_AP,2017-01-12,69.8,44.6,13
CHD_AP,2017-01-13,64.4,53.6,15
CHD_AP,2017-01-14,64.4,53.6,15
CHD_AP,2017-01-15,59.0,51.8,15
CHD_AP,2017-01-17,62.6,42.8,15
CHD_AP,2017-01-18,66.2,41.0,15
CHD_AP,2017-01-19,59.0,44.6,16
CHD_AP,2017-01-20,57.2,50.0,15
CHD_AP,2017-01-21,59.0,48.2,16
CHD_AP,2017-01-22,60.8,42.8,14
CHD_AP,2017-01-23,62.6,50.0,17
CHD_AP,2017-01-24,57.2,41.0,16
CHD_AP,2017-01-25,55.4,33.8,16
CHD_AP,2017-01-26,57.2,33.8,16
CHD_AP,2017-01-27,59.0,41.0,16
CHD_AP,2017-01-28,64.4,39.2,15
CHD_AP,2017-01-29,71.6,35.6,13
CHD_AP,2017-01-30,77.0,42.8,16
CHD_AP,2017-01-31,71.6,41.0,15
CHD_AP,2017-02-01,73.4,39.2,16
CHD_AP,2017-02-02,71.6,42.8,15
CHD_AP,2017-02-03,69.8,44.6,15
CHD_AP,2017-02-04,75.2,42.8,12
CHD_AP,2017-02-05,75.2,41.0,16
CHD_AP,2017-02-06,66.2,50.0,14
CHD_AP,2017-02-07,71.6,46.4,16
CHD_AP,2017-02-08,75.2,51.8,15
CHD_AP,2017-02-09,80.6,50.0,16
CHD_AP,2017-02-10,84.2,51.8,16
CHD_AP,2017-02-11,77.0,55.4,12
CHD_AP,2017-02-12,75.2,60.8,14
CHD_AP,2017-02-13,73.4,59.0,14
CHD_AP,2017-02-14,71.6,55.4,16
CHD_AP,2017-02-15,73.4,53.6,16
CHD_AP,2017-02-16,73.4,48.2,15
CHD_AP,2017-02-17,75.2,51.8,16
CHD_AP,2017-02-18,66.2,51.8,16
CHD_AP,2017-02-19,59.0,50.0,16
CHD_AP,2017-02-20,68.0,46.4,15
CHD_AP,2017-02-21,73.4,46.4,14
CHD_AP,2017-02-22,77.0,53.6,16
CHD_AP,2017-02-23,60.8,48.2,15
CHD_AP,2017-02-24,60.8,37.4,14
CHD_AP,2017-02-25,64.4,37.4,16
CHD_AP,2017-02-26,66.2,50.0,15
CHD_AP,2017-02-27,69.8,44.6,15
CHD_AP,2017-02-28,64.4,55.4,16
CHD_AP,2017-03-01,69.8,42.8,16
CHD_AP,2017-03-02,77.0,46.4,16
CHD_AP,2017-03-03,78.8,51.8,15
CHD_AP,2017-03-04,82.4,50.0,16
CHD_AP,2017-03-05,75.2,57.2,15
CHD_AP,2017-03-06,66.2,46.4,16
CHD_AP,2017-03-07,75.2,41.0,16
CHD_AP,2017-03-08,82.4,44.6,15
CHD_AP,2017-03-09,86.0,50.0,16
CHD_AP,2017-03-10,87.8,51.8,14
CHD_AP,2017-03-11,87.8,55.4,15
CHD_AP,2017-03-12,87.8,57.2,13
CHD_AP,2017-03-13,89.6,57.2,14
CHD_AP,2017-03-14,91.4,57.2,16
CHD_AP,2017-03-15,89.6,59.0,16
CHD_AP,2017-03-16,91.4,57.2,16
CHD_AP,2017-03-17,91.4,57.2,16
CHD_AP,2017-03-18,95.0,59.0,16
CHD_AP,2017-03-19,95.0,60.8,17
CHD_AP,2017-03-20,95.0,60.8,16
CHD_AP,2017-03-21,93.2,60.8,16
CHD_AP,2017-03-22,80.6,60.8,17
CHD_AP,2017-03-23,68.0,53.6,16
CHD_AP,2017-03-24,77.0,48.2,15
CHD_AP,2017-03-25,80.6,51.8,15
CHD_AP,2017-03-26,80.6,51.8,15
CHD_AP,2017-03-27,80.6,55.4,16
CHD_AP,2017-03-28,77.0,60.8,15
CHD_AP,2017-03-29,82.4,51.8,16
CHD_AP,2017-03-30,87.8,55.4,15
CHD_AP,2017-03-31,66.2,57.2,16
CHD_AP,2017-04-02,80.6,46.4,15
CHD_AP,2017-04-03,84.2,53.6,16
CHD_AP,2017-04-04,77.0,53.6,16
CHD_AP,2017-04-05,82.4,53.6,16
CHD_AP,2017-04-06,89.6,51.8,16
CHD_AP,2017-04-07,89.6,59.0,16
CHD_AP,2017-04-08,86.0,59.0,14
CHD_AP,2017-04-09,78.8,55.4,15
CHD_AP,2017-04-10,84.2,51.8,16
CHD_AP,2017-04-11,87.8,51.8,16
CHD_AP,2017-04-12,89.6,57.2,15
CHD_AP,2017-04-13,93.2,59.0,16
CHD_AP,2017-04-14,87.8,57.2,15
CHD_AP,2017-04-15,86.0,55.4,16
CHD_AP,2017-04-17,91.4,57.2,17
CHD_AP,2017-04-18,93.2,59.0,16
CHD_AP,2017-04-19,89.6,66.2,16
CHD_AP,2017-04-20,89.6,57.2,15
CHD_AP,2017-04-21,93.2,59.0,15
CHD_AP,2017-04-22,95.0,60.8,16
CHD_AP,2017-04-23,98.6,62.6,15
CHD_AP,2017-04-24,91.4,64.4,16
CHD_AP,2017-04-25,84.2,69.8,15
CHD_AP,2017-04-26,87.8,60.8,16
CHD_AP,2017-04-27,89.6,64.4,15
CHD_AP,2017-04-28,84.2,71.6,16
CHD_AP,2017-04-29,78.8,57.2,14
CHD_AP,2017-04-30,84.2,55.4,16
CHD_AP,2017-05-01,91.4,59.0,15
CHD_AP,2017-05-02,95.0,64.4,14
CHD_AP,2017-05-03,98.6,66.2,16
CHD_AP,2017-05-04,102.2,66.2,17
CHD_AP,2017-05-05,105.8,69.8,16
CHD_AP,2017-05-06,96.8,75.2,14
CHD_AP,2017-05-07,73.4,62.6,16
CHD_AP,2017-05-08,78.8,57.2,16
CHD_AP,2017-05-09,73.4,55.4,16
CHD_AP,2017-05-10,77.0,57.2,16
CHD_AP,2017-05-11,87.8,60.8,16
CHD_AP,2017-05-12,96.8,64.4,14
CHD_AP,2017-05-13,96.8,66.2,16
CHD_AP,2017-05-14,91.4,64.4,15
CHD_AP,2017-05-15,86.0,66.2,16
CHD_AP,2017-05-16,77.0,59.0,16
CHD_AP,2017-05-17,84.2,55.4,16
CHD_AP,2017-05-18,84.2,66.2,14
CHD_AP,2017-05-19,84.2,59.0,16
CHD_AP,2017-05-20,91.4,60.8,12
CHD_AP,2017-05-22,102.2,64.4,15
CHD_AP,2017-05-23,102.2,71.6,16
CHD_AP,2017-05-24,105.8,69.8,16
CHD_AP,2017-05-25,98.6,78.8,16
CHD_AP,2017-05-26,95.0,73.4,16
CHD_AP,2017-05-27,95.0,64.4,16
CHD_AP,2017-05-28,98.6,66.2,16
CHD_AP,2017-05-29,100.4,68.0,16
CHD_AP,2017-05-30,98.6,71.6,16
CHD_AP,2017-05-31,100.4,73.4,16
CHD_AP,2017-06-01,96.8,75.2,16
CHD_AP,2017-06-02,100.4,68.0,16
CHD_AP,2017-06-03,105.8,73.4,15
CHD_AP,2017-06-04,105.8,73.4,16
CHD_AP,2017-06-05,105.8,75.2,16
CHD_AP,2017-06-06,104.0,75.2,16
CHD_AP,2017-06-07,104.0,78.8,14
CHD_AP,2017-06-08,102.2,73.4,16
CHD_AP,2017-06-09,104.0,73.4,16
CHD_AP,2017-06-10,100.4,77.0,15
CHD_AP,2017-06-11,98.6,71.6,16
CHD_AP,2017-06-12,91.4,69.8,14
CHD_AP,2017-06-13,95.0,62.6,15
CHD_AP,2017-06-14,102.2,62.6,15
CHD_AP,2017-06-15,105.8,68.0,16
CHD_AP,2017-06-16,107.6,68.0,15
CHD_AP,2017-06-17,107.6,71.6,16
CHD_AP,2017-06-18,111.2,73.4,15
CHD_AP,2017-06-19,114.8,80.6,16
CHD_AP,2017-06-20,118.4,80.6,16
CHD_AP,2017-06-21,116.6,84.2,16
CHD_AP,2017-06-22,111.2,84.2,16
CHD_AP,2017-06-23,111.2,84.2,15
CHD_AP,2017-06-24,118.4,84.2,14
CHD_AP,2017-06-25,113.0,87.8,15
CHD_AP,2017-06-26,109.4,87.8,15
CHD_AP,2017-06-27,107.6,86.0,16
CHD_AP,2017-06-28,105.8,80.6,16
CHD_AP,2017-06-29,105.8,77.0,16
CHD_AP,2017-06-30,105.8,77.0,16
CHD_AP,2017-07-01,109.4,75.2,17
CHD_AP,2017-07-02,107.6,77.0,14
CHD_AP,2017-07-03,105.8,82.4,16
CHD_AP,2017-07-04,109.4,80.6,16
CHD_AP,2017-07-05,109.4,86.0,16
CHD_AP,2017-07-06,109.4,87.8,14
CHD_AP,2017-07-07,114.8,87.8,12
CHD_AP,2017-07-08,109.4,96.8,14
CHD_AP,2017-07-09,105.8,86.0,17
CHD_AP,2017-07-10,107.6,86.0,16
CHD_AP,2017-07-11,102.2,84.2,16
CHD_AP,2017-07-12,105.8,86.0,16
CHD_AP,2017-07-13,107.6,82.4,16
CHD_AP,2017-07-14,105.8,86.0,16
CHD_AP,2017-07-15,107.6,87.8,17
CHD_AP,2017-07-16,102.2,82.4,14
CHD_AP,2017-07-17,98.6,77.0,16
CHD_AP,2017-07-18,98.6,82.4,15
CHD_AP,2017-07-19,100.4,82.4,16
CHD_AP,2017-07-20,102.2,82.4,16
CHD_AP,2017-07-21,102.2,82.4,16
CHD_AP,2017-07-22,104.0,84.2,16
CHD_AP,2017-07-23,102.2,77.0,18
CHD_AP,2017-07-24,89.6,75.2,18
CHD_AP,2017-07-25,100.4,80.6,16
CHD_AP,2017-07-26,104.0,84.2,16
CHD_AP,2017-07-27,107.6,86.0,16
CHD_AP,2017-07-29,100.4,82.4,15
CHD_AP,2017-07-30,98.6,82.4,14
CHD_AP,2017-07-31,104.0,86.0,14
CHD_AP,2017-08-01,102.2,68.0,17
CHD_AP,2017-08-02,96.8,82.4,18
CHD_AP,2017-08-03,102.2,80.6,17
CHD_AP,2017-08-04,102.2,77.0,16
CHD_AP,2017-08-05,102.2,84.2,15
CHD_AP,2017-08-06,102.2,84.2,16
CHD_AP,2017-08-07,104.0,82.4,15
CHD_AP,2017-08-08,105.8,80.6,16
CHD_AP,2017-08-09,107.6,80.6,16
CHD_AP,2017-08-10,104.0,87.8,16
CHD_AP,2017-08-11,105.8,82.4,16
CHD_AP,2017-08-12,102.2,78.8,16
CHD_AP,2017-08-13,96.8,75.2,15
CHD_AP,2017-08-14,100.4,80.6,16
CHD_AP,2017-08-15,100.4,82.4,13
CHD_AP,2017-08-16,100.4,73.4,16
CHD_AP,2017-08-17,102.2,73.4,14
CHD_AP,2017-08-18,102.2,73.4,16
CHD_AP,2017-08-19,102.2,77.0,16
CHD_AP,2017-08-20,98.6,80.6,15
CHD_AP,2017-08-21,100.4,82.4,16
CHD_AP,2017-08-22,105.8,78.8,15
CHD_AP,2017-08-23,104.0,82.4,18
CHD_AP,2017-08-24,100.4,78.8,15
CHD_AP,2017-08-25,105.8,80.6,16
CHD_AP,2017-08-26,107.6,82.4,17
CHD_AP,2017-08-27,105.8,84.2,16
CHD_AP,2017-08-28,107.6,82.4,15
CHD_AP,2017-08-29,107.6,82.4,16
CHD_AP,2017-08-30,105.8,84.2,16
CHD_AP,2017-08-31,105.8,82.4,15
CHD_AP,2017-09-01,107.6,80.6,15
CHD_AP,2017-09-02,98.6,82.4,16
CHD_AP,2017-09-03,102.2,80.6,16
CHD_AP,2017-09-04,102.2,78.8,14
CHD_AP,2017-09-05,104.0,80.6,17
CHD_AP,2017-09-06,105.8,78.8,16
CHD_AP,2017-09-07,102.2,78.8,18
CHD_AP,2017-09-08,96.8,77.0,16
CHD_AP,2017-09-09,95.0,80.6,15
CHD_AP,2017-09-10,104.0,78.8,16
CHD_AP,2017-09-11,105.8,82.4,14
CHD_AP,2017-09-12,107.6,80.6,16
CHD_AP,2017-09-13,105.8,82.4,16
CHD_AP,2017-09-14,100.4,80.6,16
CHD_AP,2017-09-15,95.0,75.2,14
CHD_AP,2017-09-16,95.0,68.0,16
CHD_AP,2017-09-17,96.8,73.4,16
CHD_AP,2017-09-18,96.8,66.2,15
CHD_AP,2017-09-19,98.6,66.2,15
CHD_AP,2017-09-20,98.6,68.0,16
CHD_AP,2017-09-21,96.8,69.8,14
CHD_AP,2017-09-22,87.8,68.0,15
CHD_AP,2017-09-23,84.2,62.6,15
CHD_AP,2017-09-24,84.2,57.2,15
CHD_AP,2017-09-25,86.0,53.6,15
CHD_AP,2017-09-26,87.8,57.2,15
CHD_AP,2017-09-27,89.6,62.6,16
CHD_AP,2017-09-28,91.4,60.8,15
CHD_AP,2017-09-29,95.0,66.2,15
CHD_AP,2017-09-30,96.8,66.2,16
CHD_AP,2017-10-01,96.8,64.4,13
CHD_AP,2017-10-02,89.6,64.4,16
CHD_AP,2017-10-03,96.8,60.8,14
CHD_AP,2017-10-04,96.8,66.2,16
CHD_AP,2017-10-05,96.8,75.2,16
CHD_AP,2017-10-06,95.0,64.4,16
CHD_AP,2017-10-07,93.2,59.0,16
CHD_AP,2017-10-08,93.2,57.2,15
CHD_AP,2017-10-09,86.0,62.6,16
CHD_AP,2017-10-10,91.4,64.4,16
CHD_AP,2017-10-11,95.0,64.4,15
CHD_AP,2017-10-12,93.2,60.8,16
CHD_AP,2017-10-13,93.2,62.6,14
CHD_AP,2017-10-14,91.4,60.8,16
CHD_AP,2017-10-15,95.0,57.2,15
CHD_AP,2017-10-16,96.8,68.0,16
CHD_AP,2017-10-17,96.8,69.8,16
CHD_AP,2017-10-18,95.0,66.2,16
CHD_AP,2017-10-19,93.2,69.8,16
CHD_AP,2017-10-20,86.0,62.6,15
CHD_AP,2017-10-21,82.4,60.8,16
CHD_AP,2017-10-22,89.6,57.2,15
CHD_AP,2017-10-23,95.0,57.2,15
CHD_AP,2017-10-24,96.8,60.8,15
CHD_AP,2017-10-25,93.2,68.0,16
CHD_AP,2017-10-26,91.4,60.8,15
CHD_AP,2017-10-27,89.6,55.4,15
CHD_AP,2017-10-28,89.6,57.2,15
CHD_AP,2017-10-29,89.6,59.0,16
CHD_AP,2017-10-30,86.0,59.0,15
CHD_AP,2017-10-31,78.8,59.0,16
CHD_AP,2017-11-01,82.4,60.8,15
CHD_AP,2017-11-02,86.0,59.0,16
CHD_AP,2017-11-03,80.6,57.2,16
CHD_AP,2017-11-04,87.8,62.6,13
CHD_AP,2017-11-05,78.8,60.8,16
CHD_AP,2017-11-06,80.6,55.4,16
CHD_AP,2017-11-07,80.6,62.6,13
CHD_AP,2017-11-08,80.6,60.8,15
CHD_AP,2017-11-09,84.2,59.0,13
CHD_AP,2017-11-10,82.4,55.4,16
CHD_AP,2017-11-11,84.2,55.4,16
CHD_AP,2017-11-12,84.2,53.6,13
CHD_AP,2017-11-13,84.2,59.0,13
CHD_AP,2017-11-14,84.2,55.4,15
CHD_AP,2017-11-15,82.4,53.6,16
CHD_AP,2017-11-16,84.2,51.8,15
CHD_AP,2017-11-17,78.8,57.2,16
CHD_AP,2017-11-18,77.0,51.8,15
CHD_AP,2017-11-19,80.6,50.0,16
CHD_AP,2017-11-20,77.0,50.0,13
CHD_AP,2017-11-21,77.0,50.0,15
CHD_AP,2017-11-22,87.8,50.0,16
CHD_AP,2017-11-23,86.0,51.8,15
CHD_AP,2017-11-24,84.2,51.8,15
CHD_AP,2017-11-25,84.2,51.8,16
CHD_AP,2017-11-26,84.2,50.0,13
CHD_AP,2017-11-27,80.6,50.0,16
CHD_AP,2017-11-28,73.4,46.4,16
CHD_AP,2017-11-29,77.0,50.0,15
CHD_AP,2017-11-30,73.4,59.0,16
CHD_AP,2017-12-01,75.2,59.0,15
CHD_AP,2017-12-02,84.2,59.0,13
CHD_AP,2017-12-03,80.6,55.4,14
CHD_AP,2017-12-04,71.6,50.0,15
CHD_AP,2017-12-05,62.6,50.0,16
CHD_AP,2017-12-06,73.4,48.2,14
CHD_AP,2017-12-07,66.2,51.8,16
CHD_AP,2017-12-08,64.4,37.4,16
CHD_AP,2017-12-09,75.2,37.4,15
CHD_AP,2017-12-10,78.8,51.8,16
CHD_AP,2017-12-11,77.0,51.8,16
CHD_AP,2017-12-12,75.2,41.0,16
CHD_AP,2017-12-13,75.2,44.6,16
CHD_AP,2017-12-15,71.6,50.0,16
CHD_AP,2017-12-16,68.0,41.0,15
CHD_AP,2017-12-17,59.0,51.8,17
CHD_AP,2017-12-18,64.4,42.8,13
CHD_AP,2017-12-19,64.4,39.2,16
CHD_AP,2017-12-20,66.2,39.2,16
CHD_AP,2017-12-21,55.4,46.4,16
CHD_AP,2017-12-22,55.4,30.2,16
CHD_AP,2017-12-23,59.0,35.6,16
CHD_AP,2017-12-24,68.0,35.6,14
CHD_AP,2017-12-25,64.4,39.2,14
CHD_AP,2017-12-26,68.0,37.4,16
CHD_AP,2017-12-27,71.6,42.8,16
CHD_AP,2017-12-28,73.4,39.2,15
CHD_AP,2017-12-29,75.2,39.2,13
CHD_AP,2017-12-30,75.2,39.2,14
CHD_AP,2017-12-31,68.0,39.2,16
CHD_AP,2018-01-01,73.4,39.2,16
CHD_AP,2018-01-02,75.2,42.8,16
CHD_AP,2018-01-03,75.2,42.8,16
CHD_AP,2018-01-04,77.0,55.4,14
CHD_AP,2018-01-05,75.2,44.6,16
CHD_AP,2018-01-07,75.2,50.0,16
CHD_AP,2018-01-08,75.2,50.0,16
CHD_AP,2018-01-09,78.8,51.8,16
CHD_AP,2018-01-10,62.6,51.8,16
CHD_AP,2018-01-11,66.2,44.6,16
CHD_AP,2018-01-12,69.8,44.6,15
CHD_AP,2018-01-13,77.0,41.0,16
CHD_AP,2018-01-14,75.2,44.6,13
CHD_AP,2018-01-15,71.6,44.6,16
CHD_AP,2018-01-16,73.4,48.2,16
CHD_AP,2018-01-17,69.8,48.2,16
CHD_AP,2018-01-18,71.6,41.0,15
CHD_AP,2018-01-19,75.2,44.6,15
CHD_AP,2018-01-20,60.8,51.8,16
CHD_AP,2018-01-21,57.2,37.4,16
CHD_AP,2018-01-22,60.8,35.6,15
CHD_AP,2018-01-23,69.8,33.8,16
CHD_AP,2018-01-24,75.2,32.0,16
CHD_AP,2018-01-25,75.2,42.8,15
CHD_AP,2018-01-26,66.2,41.0,16
CHD_AP,2018-01-27,73.4,37.4,16
CHD_AP,2018-01-28,78.8,41.0,14
CHD_AP,2018-01-29,82.4,53.6,16
CHD_AP,2018-01-30,78.8,50.0,14
CHD_AP,2018-01-31,75.2,46.4,12
CHD_AP,2018-02-01,78.8,32.0,16
CHD_AP,2018-02-02,77.0,44.6,16
CHD_AP,2018-02-03,77.0,44.6,14
CHD_AP,2018-02-04,77.0,48.2,14
CHD_AP,2018-02-05,78.8,48.2,15
CHD_AP,2018-02-06,78.8,46.4,16
CHD_AP,2018-02-07,77.0,48.2,16
CHD_AP,2018-02-08,82.4,44.6,16
CHD_AP,2018-02-09,80.6,46.4,14
CHD_AP,2018-02-10,77.0,50.0,16
CHD_AP,2018-02-11,75.2,53.6,15
CHD_AP,2018-02-12,66.2,53.6,13
CHD_AP,2018-02-13,71.6,59.0,16
CHD_AP,2018-02-14,60.8,51.8,16
CHD_AP,2018-02-15,64.4,53.6,16
CHD_AP,2018-02-16,64.4,51.8,16
CHD_AP,2018-02-17,69.8,48.2,16
CHD_AP,2018-02-18,71.6,48.2,16
CHD_AP,2018-02-19,69.8,55.4,15
CHD_AP,2018-02-20,57.2,44.6,16
CHD_AP,2018-02-21,59.0,35.6,16
CHD_AP,2018-02-22,60.8,37.4,12
CHD_AP,2018-02-23,60.8,37.4,16
CHD_AP,2018-02-24,59.0,35.6,13
CHD_AP,2018-02-25,62.6,35.6,16
CHD_AP,2018-02-26,66.2,35.6,15
CHD_AP,2018-02-27,68.0,39.2,15
CHD_AP,2018-02-28,59.0,41.0,16
CHD_AP,2018-03-02,75.2,41.0,15
CHD_AP,2018-03-03,75.2,44.6,16
CHD_AP,2018-03-04,66.2,48.2,15
CHD_AP,2018-03-05,69.8,42.8,15
CHD_AP,2018-03-06,78.8,44.6,15
CHD_AP,2018-03-07,78.8,44.6,16
CHD_AP,2018-03-08,80.6,51.8,15
CHD_AP,2018-03-09,82.4,51.8,13
CHD_AP,2018-03-11,75.2,59.0,15
CHD_AP,2018-03-12,82.4,55.4,16
CHD_AP,2018-03-13,82.4,59.0,16
CHD_AP,2018-03-14,84.2,57.2,16
CHD_AP,2018-03-15,69.8,55.4,16
CHD_AP,2018-03-16,73.4,48.2,16
CHD_AP,2018-03-17,71.6,50.0,16
CHD_AP,2018-03-18,66.2,53.6,16
CHD_AP,2018-03-19,71.6,46.4,14
CHD_AP,2018-03-20,78.8,44.6,16
CHD_AP,2018-03-21,82.4,51.8,15
CHD_AP,2018-03-22,87.8,57.2,14
CHD_AP,2018-03-23,82.4,68.0,14
CHD_AP,2018-03-24,84.2,55.4,15
CHD_AP,2018-03-25,75.2,50.0,15
CHD_AP,2018-03-26,71.6,51.8,17
CHD_AP,2018-03-27,73.4,50.0,16
CHD_AP,2018-03-28,78.8,46.4,17
CHD_AP,2018-03-29,84.2,51.8,15
CHD_AP,2018-03-30,87.8,55.4,16
CHD_AP,2018-03-31,89.6,57.2,15
CHD_AP,2018-04-01,91.4,62.6,16
CHD_AP,2018-04-02,89.6,57.2,14
CHD_AP,2018-04-03,86.0,57.2,15
CHD_AP,2018-04-04,87.8,59.0,16
CHD_AP,2018-04-05,89.6,60.8,16
CHD_AP,2018-04-06,89.6,62.6,16
CHD_AP,2018-04-07,93.2,66.2,15
CHD_AP,2018-04-08,91.4,71.6,15
CHD_AP,2018-04-09,91.4,59.0,16
CHD_AP,2018-04-10,96.8,59.0,15
CHD_AP,2018-04-11,95.0,59.0,15
CHD_AP,2018-04-12,86.0,68.0,14
CHD_AP,2018-04-13,75.2,60.8,16
CHD_AP,2018-04-14,80.6,59.0,15
CHD_AP,2018-04-15,87.8,50.0,14
CHD_AP,2018-04-16,86.0,59.0,15
CHD_AP,2018-04-17,73.4,57.2,16
CHD_AP,2018-04-18,80.6,50.0,16
CHD_AP,2018-04-19,86.0,51.8,16
CHD_AP,2018-04-20,77.0,51.8,15
CHD_AP,2018-04-21,87.8,57.2,16
CHD_AP,2018-04-22,93.2,60.8,13
CHD_AP,2018-04-23,93.2,62.6,15
CHD_AP,2018-04-24,95.0,64.4,16
CHD_AP,2018-04-25,96.8,62.6,16
CHD_AP,2018-04-26,95.0,64.4,16
CHD_AP,2018-04-27,96.8,68.0,15
CHD_AP,2018-04-28,96.8,69.8,16
CHD_AP,2018-04-29,91.4,64.4,16
CHD_AP,2018-04-30,84.2,60.8,16
CHD_AP,2018-05-01,73.4,64.4,16
CHD_AP,2018-05-02,73.4,59.0,15
CHD_AP,2018-05-03,80.6,57.2,15
CHD_AP,2018-05-04,91.4,59.0,16
CHD_AP,2018-05-05,100.4,60.8,17
CHD_AP,2018-05-06,104.0,71.6,16
CHD_AP,2018-05-07,100.4,73.4,16
CHD_AP,2018-05-08,102.2,68.0,16
CHD_AP,2018-05-09,102.2,69.8,17
CHD_AP,2018-05-10,104.0,66.2,13
CHD_AP,2018-05-11,98.6,77.0,17
CHD_AP,2018-05-12,89.6,69.8,15
CHD_AP,2018-05-13,87.8,64.4,15
CHD_AP,2018-05-14,91.4,59.0,16
CHD_AP,2018-05-15,93.2,62.6,16
CHD_AP,2018-05-16,96.8,62.6,16
CHD_AP,2018-05-17,96.8,62.6,15
CHD_AP,2018-05-18,91.4,66.2,16
CHD_AP,2018-05-19,95.0,62.6,13
CHD_AP,2018-05-20,96.8,62.6,16
CHD_AP,2018-05-21,95.0,66.2,16
CHD_AP,2018-05-22,91.4,66.2,16
CHD_AP,2018-05-23,93.2,64.4,16
CHD_AP,2018-05-24,96.8,66.2,15
CHD_AP,2018-05-25,98.6,64.4,17
CHD_AP,2018-05-26,93.2,71.6,16
CHD_AP,2018-05-27,91.4,62.6,15
CHD_AP,2018-05-28,95.0,68.0,15
CHD_AP,2018-05-29,100.4,66.2,16
CHD_AP,2018-05-30,100.4,75.2,16
CHD_AP,2018-05-31,100.4,68.0,16
CHD_AP,2018-06-01,98.6,68.0,16
CHD_AP,2018-06-02,102.2,66.2,15
CHD_AP,2018-06-03,105.8,69.8,14
CHD_AP,2018-06-04,107.6,71.6,16
CHD_AP,2018-06-05,105.8,71.6,15
CHD_AP,2018-06-06,102.2,69.8,16
CHD_AP,2018-06-07,104.0,69.8,16
CHD_AP,2018-06-08,105.8,71.6,16
CHD_AP,2018-06-09,107.6,69.8,16
CHD_AP,2018-06-10,104.0,75.2,16
CHD_AP,2018-06-11,104.0,71.6,16
CHD_AP,2018-06-12,107.6,86.0,14
CHD_AP,2018-06-13,109.4,82.4,16
CHD_AP,2018-06-14,107.6,84.2,15
CHD_AP,2018-06-15,93.2,86.0,15
CHD_AP,2018-06-16,80.6,69.8,13
CHD_AP,2018-06-17,96.8,71.6,13
CHD_AP,2018-06-18,98.6,69.8,16
CHD_AP,2018-06-19,100.4,73.4,16
CHD_AP,2018-06-20,107.6,75.2,14
CHD_AP,2018-06-21,107.6,75.2,14
CHD_AP,2018-06-22,109.4,73.4,16
CHD_AP,2018-06-23,105.8,75.2,15
CHD_AP,2018-06-24,104.0,78.8,15
CHD_AP,2018-06-25,104.0,73.4,16
CHD_AP,2018-06-26,107.6,73.4,16
CHD_AP,2018-06-27,107.6,77.0,16
CHD_AP,2018-06-28,105.8,77.0,16
CHD_AP,2018-06-29,104.0,78.8,16
CHD_AP,2018-06-30,102.2,73.4,16
CHD_AP,2018-07-01,102.2,68.0,14
CHD_AP,2018-07-02,105.8,71.6,16
CHD_AP,2018-07-03,107.6,80.6,16
CHD_AP,2018-07-04,105.8,80.6,15
CHD_AP,2018-07-05,111.2,80.6,17
CHD_AP,2018-07-06,109.4,95.0,16
CHD_AP,2018-07-07,111.2,89.6,15
CHD_AP,2018-07-08,107.6,91.4,16
CHD_AP,2018-07-09,104.0,78.8,18
CHD_AP,2018-07-10,96.8,77.0,15
CHD_AP,2018-07-11,96.8,80.6,18
CHD_AP,2018-07-12,100.4,80.6,16
CHD_AP,2018-07-13,104.0,84.2,16
CHD_AP,2018-07-14,102.2,87.8,15
CHD_AP,2018-07-15,98.6,86.0,15
CHD_AP,2018-07-16,102.2,86.0,16
CHD_AP,2018-07-17,104.0,84.2,16
CHD_AP,2018-07-18,100.4,82.4,15
CHD_AP,2018-07-19,104.0,86.0,15
CHD_AP,2018-07-20,105.8,87.8,16
CHD_AP,2018-07-21,100.4,78.8,16
CHD_AP,2018-07-22,105.8,80.6,16
CHD_AP,2018-07-23,113.0,84.2,16
CHD_AP,2018-07-24,114.8,86.0,17
CHD_AP,2018-07-25,114.8,89.6,16
CHD_AP,2018-07-26,109.4,91.4,16
CHD_AP,2018-07-27,107.6,93.2,17
CHD_AP,2018-07-28,105.8,87.8,16
CHD_AP,2018-07-29,102.2,82.4,14
CHD_AP,2018-07-30,107.6,78.8,17
CHD_AP,2018-07-31,105.8,82.4,15
CHD_AP,2018-08-01,109.4,86.0,16
CHD_AP,2018-08-02,107.6,89.6,17
CHD_AP,2018-08-03,107.6,86.0,17
CHD_AP,2018-08-04,109.4,86.0,17
CHD_AP,2018-08-05,111.2,86.0,17
CHD_AP,2018-08-06,113.0,86.0,15
CHD_AP,2018-08-07,109.4,87.8,16
CHD_AP,2018-08-08,98.6,80.6,16
CHD_AP,2018-08-09,100.4,84.2,16
CHD_AP,2018-08-10,95.0,75.2,16
CHD_AP,2018-08-11,100.4,78.8,16
CHD_AP,2018-08-12,100.4,80.6,18
CHD_AP,2018-08-13,98.6,77.0,17
CHD_AP,2018-08-14,102.2,84.2,16
CHD_AP,2018-08-15,95.0,80.6,16
CHD_AP,2018-08-16,96.8,82.4,16
CHD_AP,2018-08-17,100.4,82.4,16
CHD_AP,2018-08-18,104.0,86.0,13
CHD_AP,2018-08-19,105.8,86.0,16
CHD_AP,2018-08-20,105.8,86.0,16
CHD_AP,2018-08-21,102.2,86.0,16
CHD_AP,2018-08-22,96.8,84.2,16
CHD_AP,2018-08-23,98.6,77.0,16
CHD_AP,2018-08-24,98.6,77.0,16
CHD_AP,2018-08-25,96.8,80.6,14
CHD_AP,2018-08-26,100.4,82.4,16
CHD_AP,2018-08-27,104.0,80.6,16
CHD_AP,2018-08-28,102.2,77.0,16
CHD_AP,2018-08-29,102.2,75.2,16
CHD_AP,2018-08-30,100.4,82.4,17
CHD_AP,2018-08-31,102.2,80.6,17
CHD_AP,2018-09-01,102.2,84.2,16
CHD_AP,2018-09-02,98.6,80.6,15
CHD_AP,2018-09-03,96.8,75.2,16
CHD_AP,2018-09-04,98.6,77.0,16
CHD_AP,2018-09-07,102.2,86.0,16
CHD_AP,2018-09-08,105.8,80.6,16
CHD_AP,2018-09-09,104.0,80.6,16
CHD_AP,2018-09-10,104.0,80.6,16
CHD_AP,2018-09-11,105.8,78.8,16
CHD_AP,2018-09-12,104.0,75.2,15
CHD_AP,2018-09-13,102.2,73.4,16
CHD_AP,2018-09-14,105.8,73.4,16
CHD_AP,2018-09-15,107.6,77.0,14
CHD_AP,2018-09-17,104.0,80.6,14
CHD_AP,2018-09-18,102.2,82.4,16
CHD_AP,2018-09-19,87.8,75.2,16
CHD_AP,2018-09-20,95.0,71.6,16
CHD_AP,2018-09-21,98.6,77.0,14
CHD_AP,2018-09-22,102.2,77.0,13
CHD_AP,2018-09-23,100.4,82.4,16
CHD_AP,2018-09-24,98.6,80.6,16
CHD_AP,2018-09-25,96.8,75.2,15
CHD_AP,2018-09-26,100.4,73.4,15
CHD_AP,2018-09-27,100.4,73.4,16
CHD_AP,2018-09-28,102.2,71.6,16
CHD_AP,2018-09-29,100.4,73.4,17
CHD_AP,2018-09-30,95.0,75.2,16
CHD_AP,2018-10-01,77.0,69.8,16
CHD_AP,2018-10-02,80.6,71.6,18
CHD_AP,2018-10-03,86.0,71.6,16
CHD_AP,2018-10-04,86.0,69.8,15
CHD_AP,2018-10-05,82.4,68.0,16
CHD_AP,2018-10-06,84.2,64.4,17
CHD_AP,2018-10-07,71.6,57.2,15
CHD_AP,2018-10-08,73.4,57.2,16
CHD_AP,2018-10-09,78.8,57.2,15
CHD_AP,2018-10-10,82.4,57.2,16
CHD_AP,2018-10-11,82.4,66.2,15
CHD_AP,2018-10-12,80.6,66.2,17
CHD_AP,2018-10-13,69.8,64.4,19
CHD_AP,2018-10-14,75.2,60.8,15
CHD_AP,2018-10-15,77.0,62.6,16
CHD_AP,2018-10-16,69.8,59.0,16
CHD_AP,2018-10-17,77.0,53.6,14
CHD_AP,2018-10-18,82.4,57.2,15
CHD_AP,2018-10-19,84.2,62.6,15
CHD_AP,2018-10-20,89.6,68.0,16
CHD_AP,2018-10-21,87.8,71.6,15
CHD_AP,2018-10-22,86.0,68.0,17
CHD_AP,2018-10-23,87.8,69.8,16
CHD_AP,2018-10-24,82.4,62.6,16
CHD_AP,2018-10-25,84.2,60.8,15
CHD_AP,2018-10-26,86.0,59.0,14
CHD_AP,2018-10-27,87.8,57.2,16
CHD_AP,2018-10-28,87.8,59.0,16
CHD_AP,2018-10-29,86.0,62.6,16
CHD_AP,2018-10-30,84.2,62.6,16
CHD_AP,2018-10-31,75.2,57.2,13
CHD_AP,2018-11-01,75.2,51.8,15
CHD_AP,2018-11-02,78.8,50.0,16
CHD_AP,2018-11-03,78.8,51.8,17
CHD_AP,2018-11-04,78.8,55.4,16
CHD_AP,2018-11-05,82.4,53.6,17
CHD_AP,2018-11-06,82.4,53.6,16
CHD_AP,2018-11-07,82.4,53.6,16
CHD_AP,2018-11-08,82.4,53.6,16
CHD_AP,2018-11-09,78.8,57.2,16
CHD_AP,2018-11-10,77.0,53.6,16
CHD_AP,2018-11-11,73.4,50.0,15
CHD_AP,2018-11-12,66.2,50.0,15
CHD_AP,2018-11-13,66.2,42.8,16
CHD_AP,2018-11-14,69.8,48.2,14
CHD_AP,2018-11-15,73.4,41.0,15
CHD_AP,2018-11-16,73.4,41.0,16
CHD_AP,2018-11-17,73.4,42.8,16
CHD_AP,2018-11-18,71.6,46.4,15
CHD_AP,2018-11-19,73.4,42.8,16
CHD_AP,2018-11-20,77.0,46.4,15
CHD_AP,2018-11-21,73.4,46.4,16
CHD_AP,2018-11-22,66.2,51.8,15
CHD_AP,2018-11-23,68.0,46.4,16
CHD_AP,2018-11-24,69.8,44.6,16
CHD_AP,2018-11-25,71.6,44.6,15
CHD_AP,2018-11-26,73.4,42.8,15
CHD_AP,2018-11-27,73.4,42.8,16
CHD_AP,2018-11-28,75.2,44.6,15
CHD_AP,2018-11-29,68.0,48.2,16
CHD_AP,2018-11-30,62.6,48.2,15
CHD_AP,2018-12-01,64.4,48.2,15
CHD_AP,2018-12-02,60.8,48.2,16
CHD_AP,2018-12-03,60.8,41.0,14
CHD_AP,2018-12-04,66.2,37.4,15
CHD_AP,2018-12-05,73.4,42.8,15
CHD_AP,2018-12-06,60.8,53.6,16
CHD_AP,2018-12-07,68.0,53.6,15
CHD_AP,2018-12-08,66.2,46.4,19
CHD_AP,2018-12-09,69.8,44.6,16
CHD_AP,2018-12-10,71.6,42.8,16
CHD_AP,2018-12-11,66.2,51.8,16
CHD_AP,2018-12-12,66.2,42.8,13
CHD_AP,2018-12-13,66.2,41.0,16
CHD_AP,2018-12-14,64.4,33.8,17
CHD_AP,2018-12-15,68.0,46.4,16
CHD_AP,2018-12-16,68.0,44.6,17
CHD_AP,2018-12-17,69.8,42.8,16
CHD_AP,2018-12-18,68.0,44.6,14
CHD_AP,2018-12-19,68.0,39.2,16
CHD_AP,2018-12-20,71.6,39.2,16
CHD_AP,2018-12-21,66.2,44.6,15
CHD_AP,2018-12-22,69.8,42.8,16
CHD_AP,2018-12-23,69.8,41.0,14
CHD_AP,2018-12-24,69.8,42.8,16
CHD_AP,2018-12-25,64.4,39.2,16
CHD_AP,2018-12-26,59.0,42.8,16
CHD_AP,2018-12-27,64.4,37.4,17
CHD_AP,2018-12-28,53.6,35.6,12
CHD_AP,2018-12-29,55.4,33.8,16
CHD_AP,2018-12-30,55.4,30.2,15
CHD_AP,2018-12-31,53.6,33.8,16
CHD_AP,2019-01-01,50.0,39.2,16
CHD_AP,2019-01-02,51.8,33.8,16
CHD_AP,2019-01-03,53.6,30.2,13
CHD_AP,2019-01-04,64.4,32.0,16
CHD_AP,2019-01-05,66.2,37.4,16
CHD_AP,2019-01-06,55.4,48.2,16
CHD_AP,2019-01-07,62.6,39.2,16
CHD_AP,2019-01-08,69.8,39.2,16
CHD_AP,2019-01-09,69.8,46.4,16
CHD_AP,2019-01-10,62.6,50.0,15
CHD_AP,2019-01-11,64.4,41.0,16
CHD_AP,2019-01-12,68.0,44.6,13
CHD_AP,2019-01-13,60.8,48.2,17
CHD_AP,2019-01-14,69.8,50.0,16
CHD_AP,2019-01-15,66.2,53.6,16
CHD_AP,2019-01-16,68.0,50.0,16
CHD_AP,2019-01-17,68.0,44.6,16
CHD_AP,2019-01-18,68.0,50.0,15
CHD_AP,2019-01-19,71.6,42.8,14
CHD_AP,2019-01-20,71.6,41.0,16
CHD_AP,2019-01-21,66.2,46.4,15
CHD_AP,2019-01-22,62.6,37.4,16
CHD_AP,2019-01-23,59.0,33.8,16
CHD_AP,2019-01-24,68.0,35.6,16
CHD_AP,2019-01-25,68.0,35.6,15
CHD_AP,2019-01-26,71.6,35.6,15
CHD_AP,2019-01-27,71.6,39.2,14
CHD_AP,2019-01-28,69.8,39.2,16
CHD_AP,2019-01-29,71.6,48.2,16
CHD_AP,2019-01-30,71.6,51.8,16
CHD_AP,2019-01-31,71.6,48.2,15
CHD_AP,2019-02-01,73.4,51.8,15
CHD_AP,2019-02-02,71.6,55.4,13
CHD_AP,2019-02-03,60.8,57.2,18
CHD_AP,2019-02-04,64.4,55.4,16
CHD_AP,2019-02-05,64.4,51.8,16
CHD_AP,2019-02-06,53.6,46.4,16
CHD_AP,2019-02-07,55.4,32.0,15
CHD_AP,2019-02-08,64.4,33.8,14
CHD_AP,2019-02-09,57.2,41.0,13
CHD_AP,2019-02-10,62.6,33.8,15
CHD_AP,2019-02-11,59.0,41.0,16
CHD_AP,2019-02-12,69.8,33.8,15
CHD_AP,2019-02-13,68.0,44.6,16
CHD_AP,2019-02-14,60.8,55.4,17
CHD_AP,2019-02-15,66.2,53.6,15
CHD_AP,2019-02-16,60.8,50.0,15
CHD_AP,2019-02-17,59.0,41.0,15
CHD_AP,2019-02-18,64.4,44.6,15
CHD_AP,2019-02-19,55.4,33.8,16
CHD_AP,2019-02-20,55.4,32.0,13
CHD_AP,2019-02-21,51.8,39.2,15
CHD_AP,2019-02-22,48.2,41.0,16
CHD_AP,2019-02-23,55.4,33.8,16
CHD_AP,2019-02-24,62.6,35.6,16
CHD_AP,2019-02-25,64.4,37.4,14
CHD_AP,2019-02-26,71.6,41.0,16
CHD_AP,2019-02-27,73.4,51.8,16
CHD_AP,2019-02-28,75.2,46.4,12
CHD_AP,2019-03-01,75.2,53.6,16
CHD_AP,2019-03-02,75.2,55.4,15
CHD_AP,2019-03-03,71.6,50.0,16
CHD_AP,2019-03-04,73.4,50.0,12
CHD_AP,2019-03-05,78.8,46.4,16
CHD_AP,2019-03-06,82.4,53.6,16
CHD_AP,2019-03-07,73.4,55.4,16
CHD_AP,2019-03-08,66.2,55.4,15
CHD_AP,2019-03-09,64.4,42.8,15
CHD_AP,2019-03-10,69.8,41.0,15
CHD_AP,2019-03-11,68.0,46.4,16
CHD_AP,2019-03-12,57.2,51.8,21
CHD_AP,2019-03-13,64.4,51.8,15
CHD_AP,2019-03-14,64.4,37.4,16
CHD_AP,2019-03-15,73.4,44.6,16
CHD_AP,2019-03-16,77.0,51.8,14
CHD_AP,2019-03-17,78.8,51.8,14
CHD_AP,2019-03-18,82.4,51.8,16
CHD_AP,2019-03-19,84.2,55.4,16
CHD_AP,2019-03-20,84.2,55.4,16
CHD_AP,2019-03-21,68.0,55.4,15
CHD_AP,2019-03-22,71.6,44.6,15
CHD_AP,2019-03-23,75.2,48.2,15
CHD_AP,2019-03-25,84.2,48.2,16
CHD_AP,2019-03-26,84.2,51.8,14
CHD_AP,2019-03-27,82.4,59.0,17
CHD_AP,2019-03-28,84.2,53.6,15
CHD_AP,2019-03-29,80.6,51.8,16
CHD_AP,2019-03-30,80.6,50.0,16
CHD_AP,2019-03-31,78.8,50.0,15
CHD_AP,2019-04-01,82.4,55.4,16
CHD_AP,2019-04-02,86.0,51.8,16
CHD_AP,2019-04-03,77.0,59.0,13
CHD_AP,2019-04-04,84.2,53.6,15
CHD_AP,2019-04-05,80.6,55.4,16
CHD_AP,2019-04-06,78.8,62.6,16
CHD_AP,2019-04-07,87.8,57.2,15
CHD_AP,2019-04-08,95.0,57.2,16
CHD_AP,2019-04-09,95.0,60.8,16
CHD_AP,2019-04-10,75.2,59.0,15
CHD_AP,2019-04-11,75.2,59.0,16
CHD_AP,2019-04-12,73.4,64.4,16
CHD_AP,2019-04-13,77.0,51.8,14
CHD_AP,2019-04-14,84.2,51.8,15
CHD_AP,2019-04-15,87.8,55.4,16
CHD_AP,2019-04-16,80.6,60.8,14
CHD_AP,2019-04-17,75.2,55.4,16
CHD_AP,2019-04-18,89.6,55.4,16
CHD_AP,2019-04-19,98.6,60.8,16
CHD_AP,2019-04-20,91.4,66.2,13
CHD_AP,2019-04-21,87.8,69.8,16
CHD_AP,2019-04-22,86.0,59.0,16
CHD_AP,2019-04-23,84.2,62.6,14
CHD_AP,2019-04-24,91.4,59.0,16
CHD_AP,2019-04-25,100.4,64.4,16
CHD_AP,2019-04-26,100.4,69.8,14
CHD_AP,2019-04-27,95.0,64.4,12
CHD_AP,2019-04-28,95.0,62.6,16
CHD_AP,2019-04-29,86.0,73.4,16
CHD_AP,2019-04-30,82.4,60.8,16
CHD_AP,2019-05-01,87.8,59.0,15
CHD_AP,2019-05-02,86.0,57.2,16
CHD_AP,2019-05-03,91.4,57.2,16
CHD_AP,2019-05-04,93.2,60.8,14
CHD_AP,2019-05-05,93.2,62.6,16
CHD_AP,2019-05-06,86.0,62.6,16
CHD_AP,2019-05-07,78.8,60.8,15
CHD_AP,2019-05-08,86.0,62.6,16
CHD_AP,2019-05-09,87.8,62.6,17
CHD_AP,2019-05-10,84.2,62.6,16
CHD_AP,2019-05-11,84.2,62.6,16
CHD_AP,2019-05-12,84.2,64.4,16
CHD_AP,2019-05-13,89.6,62.6,15
CHD_AP,2019-05-14,96.8,66.2,13
CHD_AP,2019-05-15,98.6,71.6,15
CHD_AP,2019-05-16,93.2,75.2,16
CHD_AP,2019-05-17,82.4,59.0,15
CHD_AP,2019-05-18,84.2,59.0,16
CHD_AP,2019-05-19,80.6,64.4,16
CHD_AP,2019-05-20,73.4,59.0,16
CHD_AP,2019-05-21,80.6,51.8,15
CHD_AP,2019-05-22,73.4,59.0,14
CHD_AP,2019-05-23,75.2,53.6,15
CHD_AP,2019-05-24,86.0,59.0,16
CHD_AP,2019-05-25,91.4,57.2,15
CHD_AP,2019-05-26,82.4,62.6,14
CHD_AP,2019-05-27,77.0,62.6,16
CHD_AP,2019-05-28,82.4,59.0,16
CHD_AP,2019-05-29,89.6,62.6,15
CHD_AP,2019-05-30,93.2,64.4,14
CHD_AP,2019-05-31,96.8,64.4,16
CHD_AP,2019-06-01,96.8,68.0,14
CHD_AP,2019-06-02,95.0,71.6,16
CHD_AP,2019-06-03,95.0,66.2,16
CHD_AP,2019-06-04,96.8,69.8,15
CHD_AP,2019-06-05,100.4,69.8,16
CHD_AP,2019-06-06,100.4,71.6,16
CHD_AP,2019-06-07,100.4,73.4,18
CHD_AP,2019-06-08,96.8,69.8,16
CHD_AP,2019-06-09,102.2,71.6,16
CHD_AP,2019-06-10,105.8,77.0,16
CHD_AP,2019-06-11,105.8,82.4,13
CHD_AP,2019-06-12,109.4,73.4,16
CHD_AP,2019-06-13,107.6,80.6,14
CHD_AP,2019-06-14,104.0,80.6,16
CHD_AP,2019-06-15,102.2,71.6,16
CHD_AP,2019-06-16,104.0,75.2,15
CHD_AP,2019-06-17,102.2,77.0,14
CHD_AP,2019-06-18,100.4,73.4,15
CHD_AP,2019-06-19,102.2,69.8,15
CHD_AP,2019-06-20,102.2,73.4,16
CHD_AP,2019-06-21,102.2,75.2,16
CHD_AP,2019-06-22,98.6,71.6,15
CHD_AP,2019-06-23,96.8,73.4,16
CHD_AP,2019-06-24,100.4,68.0,16
CHD_AP,2019-06-25,102.2,71.6,16
CHD_AP,2019-06-26,102.2,71.6,14
CHD_AP,2019-06-27,104.0,71.6,16
CHD_AP,2019-06-28,109.4,73.4,15
CHD_AP,2019-06-29,109.4,78.8,17
CHD_AP,2019-06-30,107.6,80.6,15
CHD_AP,2019-07-01,109.4,82.4,16
CHD_AP,2019-07-02,105.8,80.6,16
CHD_AP,2019-07-03,105.8,75.2,16
CHD_AP,2019-07-04,105.8,73.4,16
CHD_AP,2019-07-05,104.0,75.2,16
CHD_AP,2019-07-06,104.0,80.6,15
CHD_AP,2019-07-07,105.8,82.4,15
CHD_AP,2019-07-08,102.2,71.6,16
CHD_AP,2019-07-09,104.0,69.8,16
CHD_AP,2019-07-10,109.4,73.4,16
CHD_AP,2019-07-11,111.2,87.8,15
CHD_AP,2019-07-12,109.4,87.8,16
CHD_AP,2019-07-13,109.4,86.0,15
CHD_AP,2019-07-14,109.4,87.8,16
CHD_AP,2019-07-15,111.2,86.0,16
CHD_AP,2019-07-16,113.0,86.0,15
CHD_AP,2019-07-17,104.0,89.6,14
CHD_AP,2019-07-18,105.8,84.2,15
CHD_AP,2019-07-19,105.8,82.4,16
CHD_AP,2019-07-20,107.6,78.8,15
CHD_AP,2019-07-21,107.6,82.4,16
CHD_AP,2019-07-22,102.2,82.4,17
CHD_AP,2019-07-23,104.0,80.6,15
CHD_AP,2019-07-24,100.4,80.6,14
CHD_AP,2019-07-25,105.8,86.0,16
CHD_AP,2019-07-26,109.4,87.8,16
CHD_AP,2019-07-27,111.2,89.6,15
CHD_AP,2019-07-28,109.4,91.4,16
CHD_AP,2019-07-29,107.6,87.8,16
CHD_AP,2019-07-30,105.8,78.8,16
CHD_AP,2019-07-31,93.2,77.0,16
CHD_AP,2019-08-01,100.4,78.8,16
CHD_AP,2019-08-02,107.6,84.2,16
CHD_AP,2019-08-03,109.4,86.0,14
CHD_AP,2019-08-04,107.6,82.4,16
CHD_AP,2019-08-05,113.0,93.2,14
CHD_AP,2019-08-06,100.4,86.0,16
CHD_AP,2019-08-07,104.0,86.0,16
CHD_AP,2019-08-08,105.8,82.4,15
CHD_AP,2019-08-09,102.2,86.0,17
CHD_AP,2019-08-10,100.4,82.4,16
CHD_AP,2019-08-11,100.4,82.4,16
CHD_AP,2019-08-12,104.0,84.2,16
CHD_AP,2019-08-13,107.6,77.0,16
CHD_AP,2019-08-14,111.2,78.8,16
CHD_AP,2019-08-15,111.2,82.4,16
CHD_AP,2019-08-16,107.6,80.6,16
CHD_AP,2019-08-17,105.8,82.4,16
CHD_AP,2019-08-18,102.2,80.6,14
CHD_AP,2019-08-19,107.6,77.0,16
CHD_AP,2019-08-20,111.2,78.8,16
CHD_AP,2019-08-21,111.2,80.6,16
CHD_AP,2019-08-22,107.6,82.4,16
CHD_AP,2019-08-25,100.4,82.4,13
CHD_AP,2019-08-26,105.8,84.2,16
CHD_AP,2019-08-27,109.4,84.2,15
CHD_AP,2019-08-28,107.6,87.8,13
CHD_AP,2019-08-29,104.0,80.6,16
CHD_AP,2019-08-30,107.6,84.2,13
CHD_AP,2019-08-31,105.8,84.2,16
CHD_AP,2019-09-01,105.8,89.6,16
CHD_AP,2019-09-02,104.0,78.8,16
CHD_AP,2019-09-03,107.6,82.4,16
CHD_AP,2019-09-04,109.4,82.4,15
CHD_AP,2019-09-05,107.6,84.2,17
CHD_AP,2019-09-06,105.8,86.0,13
CHD_AP,2019-09-07,105.8,86.0,15
CHD_AP,2019-09-08,100.4,84.2,16
CHD_AP,2019-09-09,96.8,78.8,16
CHD_AP,2019-09-10,96.8,82.4,15
CHD_AP,2019-09-11,95.0,80.6,15
CHD_AP,2019-09-12,100.4,78.8,15
CHD_AP,2019-09-13,104.0,73.4,16
CHD_AP,2019-09-14,102.2,86.0,16
CHD_AP,2019-09-15,96.8,78.8,15
CHD_AP,2019-09-16,96.8,80.6,17
CHD_AP,2019-09-17,96.8,73.4,16
CHD_AP,2019-09-18,100.4,75.2,15
CHD_AP,2019-09-19,100.4,75.2,16
CHD_AP,2019-09-21,93.2,66.2,14
CHD_AP,2019-09-22,95.0,66.2,15
CHD_AP,2019-09-23,93.2,73.4,17
CHD_AP,2019-09-24,84.2,69.8,16
CHD_AP,2019-09-25,89.6,71.6,16
CHD_AP,2019-09-26,87.8,71.6,16
CHD_AP,2019-09-27,86.0,69.8,16
CHD_AP,2019-09-28,93.2,68.0,16
CHD_AP,2019-09-29,91.4,73.4,16
CHD_AP,2019-09-30,89.6,64.4,15
CHD_AP,2019-10-01,89.6,59.0,16
CHD_AP,2019-10-02,89.6,64.4,16
CHD_AP,2019-10-03,95.0,62.6,17
CHD_AP,2019-10-04,93.2,68.0,13
CHD_AP,2019-10-05,93.2,64.4,15
CHD_AP,2019-10-06,95.0,64.4,16
CHD_AP,2019-10-07,96.8,62.6,13
CHD_AP,2019-10-08,95.0,66.2,16
CHD_AP,2019-10-09,95.0,62.6,15
CHD_AP,2019-10-10,86.0,60.8,16
CHD_AP,2019-10-11,87.8,62.6,16
CHD_AP,2019-10-12,89.6,62.6,16
CHD_AP,2019-10-13,89.6,59.0,16
CHD_AP,2019-10-14,87.8,62.6,15
CHD_AP,2019-10-15,89.6,55.4,16
CHD_AP,2019-10-16,96.8,60.8,16
CHD_AP,2019-10-17,95.0,71.6,15
CHD_AP,2019-10-18,84.2,64.4,13
CHD_AP,2019-10-19,84.2,55.4,16
CHD_AP,2019-10-20,84.2,51.8,15
CHD_AP,2019-10-21,84.2,53.6,15
CHD_AP,2019-10-22,89.6,51.8,16
CHD_AP,2019-10-23,87.8,53.6,16
CHD_AP,2019-10-24,84.2,59.0,14
CHD_AP,2019-10-25,80.6,60.8,14
CHD_AP,2019-10-26,82.4,57.2,14
CHD_AP,2019-10-27,87.8,53.6,14
CHD_AP,2019-10-28,69.8,57.2,17
CHD_AP,2019-10-29,73.4,42.8,16
CHD_AP,2019-10-30,68.0,51.8,14
CHD_AP,2019-10-31,75.2,42.8,16
CHD_AP,2019-11-01,82.4,42.8,16
CHD_AP,2019-11-02,86.0,46.4,15
CHD_AP,2019-11-03,82.4,51.8,14
CHD_AP,2019-11-04,86.0,50.0,12
CHD_AP,2019-11-06,84.2,60.8,16
CHD_AP,2019-11-07,86.0,55.4,17
CHD_AP,2019-11-08,86.0,59.0,15
CHD_AP,2019-11-09,84.2,59.0,16
CHD_AP,2019-11-10,86.0,60.8,16
CHD_AP,2019-11-11,84.2,59.0,16
CHD_AP,2019-11-12,78.8,62.6,13
CHD_AP,2019-11-13,75.2,51.8,17
CHD_AP,2019-11-14,80.6,50.0,16
CHD_AP,2019-11-15,82.4,53.6,16
CHD_AP,2019-11-16,80.6,55.4,14
CHD_AP,2019-11-17,84.2,48.2,16
CHD_AP,2019-11-18,82.4,50.0,16
CHD_AP,2019-11-19,75.2,57.2,17
CHD_AP,2019-11-20,69.8,60.8,12
CHD_AP,2019-11-21,62.6,53.6,16
CHD_AP,2019-11-22,64.4,50.0,14
CHD_AP,2019-11-23,71.6,46.4,14
CHD_AP,2019-11-24,71.6,48.2,16
CHD_AP,2019-11-25,68.0,46.4,16
CHD_AP,2019-11-26,59.0,46.4,17
CHD_AP,2019-11-27,68.0,41.0,17
CHD_AP,2019-11-28,69.8,57.2,16
CHD_AP,2019-11-29,57.2,48.2,16
CHD_AP,2019-11-30,59.0,39.2,13
CHD_AP,2019-12-01,66.2,39.2,14
CHD_AP,2019-12-02,68.0,41.0,16
CHD_AP,2019-12-03,64.4,44.6,16
CHD_AP,2019-12-04,75.2,53.6,16
CHD_AP,2019-12-05,69.8,55.4,15
CHD_AP,2019-12-06,71.6,50.0,16
CHD_AP,2019-12-07,68.0,50.0,15
CHD_AP,2019-12-08,62.6,57.2,16
CHD_AP,2019-12-09,64.4,51.8,17
CHD_AP,2019-12-10,64.4,44.6,16
CHD_AP,2019-12-11,68.0,48.2,15
CHD_AP,2019-12-12,66.2,42.8,15
CHD_AP,2019-12-13,66.2,42.8,16
CHD_AP,2019-12-14,71.6,44.6,15
CHD_AP,2019-12-15,64.4,51.8,14
CHD_AP,2019-12-16,59.0,39.2,16
CHD_AP,2019-12-17,62.6,41.0,16
CHD_AP,2019-12-18,64.4,42.8,16
CHD_AP,2019-12-19,62.6,39.2,15
CHD_AP,2019-12-20,68.0,33.8,16
CHD_AP,2019-12-21,71.6,39.2,16
CHD_AP,2019-12-22,71.6,46.4,16
CHD_AP,2019-12-23,66.2,50.0,15
CHD_AP,2019-12-24,57.2,51.8,16
CHD_AP,2019-12-25,55.4,48.2,19
CHD_AP,2019-12-26,60.8,39.2,15
CHD_AP,2019-12-27,50.0,46.4,17
CHD_AP,2019-12-28,51.8,44.6,14
CHD_AP,2019-12-29,50.0,30.2,15
CHD_AP,2019-12-30,53.6,35.6,15
CHD_AP,2019-12-31,59.0,46.4,15
CHD_AP,2020-01-01,57.2,37.4,15
CHD_AP,2020-01-02,60.8,39.2,15
CHD_AP,2020-01-03,60.8,37.4,14
CHD_AP,2020-01-04,66.2,37.4,15
CHD_AP,2020-01-05,68.0,37.4,15
CHD_AP,2020-01-06,69.8,37.4,16
CHD_AP,2020-01-07,71.6,39.2,15
CHD_AP,2020-01-08,66.2,39.2,15
CHD_AP,2020-01-09,60.8,41.0,16
CHD_AP,2020-01-10,60.8,39.2,15
CHD_AP,2020-01-11,62.6,33.8,15
CHD_AP,2020-01-12,62.6,33.8,15
CHD_AP,2020-01-13,68.0,35.6,16
CHD_AP,2020-01-14,68.0,37.4,16
CHD_AP,2020-01-15,68.0,42.8,16
CHD_AP,2020-01-16,66.2,50.0,14
CHD_AP,2020-01-17,64.4,42.8,16
CHD_AP,2020-01-18,69.8,39.2,16
CHD_AP,2020-01-19,75.2,39.2,16
CHD_AP,2020-01-20,73.4,48.2,15
CHD_AP,2020-01-21,57.2,53.6,16
CHD_AP,2020-01-22,62.6,51.8,18
CHD_AP,2020-01-23,69.8,42.8,16
CHD_AP,2020-01-24,69.8,42.8,16
CHD_AP,2020-01-25,69.8,42.8,16
CHD_AP,2020-01-26,71.6,42.8,15
CHD_AP,2020-01-27,71.6,48.2,16
CHD_AP,2020-01-28,68.0,41.0,16
CHD_AP,2020-01-29,62.6,41.0,16
CHD_AP,2020-01-30,68.0,50.0,16
CHD_AP,2020-01-31,71.6,41.0,14
CHD_AP,2020-02-01,77.0,39.2,15
CHD_AP,2020-02-02,82.4,42.8,16
CHD_AP,2020-02-03,64.4,51.8,14
CHD_AP,2020-02-04,51.8,32.0,16
CHD_AP,2020-02-05,51.8,32.0,15
CHD_AP,2020-02-06,59.0,32.0,16
CHD_AP,2020-02-07,66.2,35.6,16
CHD_AP,2020-02-08,69.8,39.2,15
CHD_AP,2020-02-09,73.4,46.4,16
CHD_AP,2020-02-10,69.8,50.0,15
CHD_AP,2020-02-11,59.0,48.2,17
CHD_AP,2020-02-12,62.6,39.2,14
CHD_AP,2020-02-13,66.2,41.0,16
CHD_AP,2020-02-14,69.8,42.8,16
CHD_AP,2020-02-15,69.8,42.8,15
CHD_AP,2020-02-16,71.6,42.8,13
CHD_AP,2020-02-17,73.4,44.6,15
CHD_AP,2020-02-18,75.2,46.4,16
CHD_AP,2020-02-19,77.0,48.2,16
CHD_AP,2020-02-20,78.8,46.4,16
CHD_AP,2020-02-21,75.2,64.4,16
CHD_AP,2020-02-22,68.0,57.2,18
CHD_AP,2020-02-23,64.4,46.4,14
CHD_AP,2020-02-24,69.8,44.6,16
CHD_AP,2020-02-25,66.2,42.8,16
CHD_AP,2020-02-26,66.2,46.4,16
CHD_AP,2020-02-27,73.4,41.0,15
CHD_AP,2020-02-28,77.0,46.4,16
CHD_AP,2020-02-29,77.0,48.2,14
CHD_AP,2020-03-01,75.2,50.0,14
CHD_AP,2020-03-02,68.0,46.4,15
CHD_AP,2020-03-03,73.4,48.2,16
CHD_AP,2020-03-04,71.6,46.4,15
CHD_AP,2020-03-05,82.4,48.2,13
CHD_AP,2020-03-06,84.2,59.0,16
CHD_AP,2020-03-07,84.2,57.2,16
CHD_AP,2020-03-08,73.4,60.8,16
CHD_AP,2020-03-09,77.0,50.0,15
CHD_AP,2020-03-10,73.4,60.8,16
CHD_AP,2020-03-11,68.0,60.8,17
CHD_AP,2020-03-12,73.4,62.6,18
CHD_AP,2020-03-13,66.2,53.6,15
CHD_AP,2020-03-14,73.4,48.2,16
CHD_AP,2020-03-15,73.4,51.8,12
CHD_AP,2020-03-16,77.0,50.0,16
CHD_AP,2020-03-17,75.2,55.4,14
CHD_AP,2020-03-18,66.2,51.8,15
CHD_AP,2020-03-19,62.6,48.2,17
CHD_AP,2020-03-20,71.6,46.4,15
CHD_AP,2020-03-21,71.6,50.0,16
CHD_AP,2020-03-22,73.4,51.8,17
CHD_AP,2020-03-23,75.2,55.4,15
CHD_AP,2020-03-24,75.2,51.8,16
CHD_AP,2020-03-25,77.0,51.8,14
CHD_AP,2020-03-26,68.0,55.4,16
CHD_AP,2020-03-27,64.4,50.0,18
CHD_AP,2020-03-28,68.0,44.6,16
CHD_AP,2020-03-29,75.2,48.2,16
CHD_AP,2020-03-30,75.2,48.2,17
CHD_AP,2020-03-31,78.8,51.8,15
CHD_AP,2020-04-01,84.2,59.0,15
CHD_AP,2020-04-02,82.4,55.4,14
CHD_AP,2020-04-03,84.2,60.8,14
CHD_AP,2020-04-04,82.4,53.6,15
CHD_AP,2020-04-05,84.2,53.6,15
CHD_AP,2020-04-06,84.2,53.6,16
CHD_AP,2020-04-07,84.2,51.8,16
CHD_AP,2020-04-08,82.4,55.4,14
CHD_AP,2020-04-09,71.6,51.8,13
CHD_AP,2020-04-10,75.2,50.0,15
CHD_AP,2020-04-11,69.8,57.2,17
CHD_AP,2020-04-12,77.0,48.2,16
CHD_AP,2020-04-13,77.0,59.0,14
CHD_AP,2020-04-14,78.8,55.4,17
CHD_AP,2020-04-15,80.6,50.0,16
CHD_AP,2020-04-16,86.0,51.8,16
CHD_AP,2020-04-17,86.0,53.6,15
CHD_AP,2020-04-18,77.0,53.6,16
CHD_AP,2020-04-19,82.4,53.6,16
CHD_AP,2020-04-20,86.0,55.4,15
CHD_AP,2020-04-21,82.4,60.8,16
CHD_AP,2020-04-22,89.6,59.0,16
CHD_AP,2020-04-23,95.0,59.0,15
CHD_AP,2020-04-24,96.8,62.6,16
CHD_AP,2020-04-25,96.8,62.6,14
CHD_AP,2020-04-26,100.4,66.2,15
CHD_AP,2020-04-27,100.4,68.0,16
CHD_AP,2020-04-28,98.6,64.4,16
CHD_AP,2020-04-29,102.2,64.4,15
CHD_AP,2020-04-30,100.4,69.8,16
CHD_AP,2020-05-01,100.4,62.6,14
CHD_AP,2020-05-02,100.4,66.2,15
CHD_AP,2020-05-03,95.0,64.4,16
CHD_AP,2020-05-04,96.8,66.2,15
CHD_AP,2020-05-05,100.4,71.6,13
CHD_AP,2020-05-06,104.0,68.0,16
CHD_AP,2020-05-07,104.0,66.2,16
CHD_AP,2020-05-08,102.2,69.8,12
CHD_AP,2020-05-09,98.6,73.4,14
CHD_AP,2020-05-10,100.4,78.8,15
CHD_AP,2020-05-11,98.6,75.2,14
CHD_AP,2020-05-12,93.2,71.6,16
CHD_AP,2020-05-13,89.6,68.0,15
CHD_AP,2020-05-14,87.8,62.6,16
CHD_AP,2020-05-15,91.4,66.2,14
CHD_AP,2020-05-16,96.8,68.0,16
CHD_AP,2020-05-17,100.4,68.0,15
CHD_AP,2020-05-18,100.4,66.2,14
CHD_AP,2020-05-19,89.6,68.0,15
CHD_AP,2020-05-20,86.0,64.4,16
CHD_AP,2020-05-21,89.6,60.8,15
CHD_AP,2020-05-22,95.0,60.8,15
CHD_AP,2020-05-23,93.2,68.0,15
CHD_AP,2020-05-24,91.4,64.4,16
CHD_AP,2020-05-25,95.0,64.4,15
CHD_AP,2020-05-26,100.4,66.2,16
CHD_AP,2020-05-27,105.8,75.2,16
CHD_AP,2020-05-28,107.6,73.4,16
CHD_AP,2020-05-29,109.4,75.2,14
CHD_AP,2020-05-30,109.4,82.4,13
CHD_AP,2020-05-31,105.8,78.8,13
CHD_AP,2020-06-01,104.0,80.6,16
CHD_AP,2020-06-02,105.8,82.4,16
CHD_AP,2020-06-03,109.4,77.0,13
CHD_AP,2020-06-04,107.6,77.0,16
CHD_AP,2020-06-05,107.6,82.4,16
CHD_AP,2020-06-06,91.4,73.4,15
CHD_AP,2020-06-07,95.0,71.6,16
CHD_AP,2020-06-08,87.8,71.6,16
CHD_AP,2020-06-09,91.4,69.8,14
CHD_AP,2020-06-10,102.2,64.4,15
CHD_AP,2020-06-11,107.6,69.8,16
CHD_AP,2020-06-12,107.6,75.2,15
CHD_AP,2020-06-13,105.8,73.4,14
CHD_AP,2020-06-14,105.8,68.0,14
CHD_AP,2020-06-15,105.8,71.6,16
CHD_AP,2020-06-16,105.8,75.2,15
CHD_AP,2020-06-17,102.2,75.2,16
CHD_AP,2020-06-18,102.2,71.6,16
CHD_AP,2020-06-19,100.4,69.8,16
CHD_AP,2020-06-20,105.8,73.4,15
CHD_AP,2020-06-21,105.8,77.0,15
CHD_AP,2020-06-22,107.6,77.0,16
CHD_AP,2020-06-23,107.6,75.2,16
CHD_AP,2020-06-24,109.4,75.2,16
CHD_AP,2020-06-25,107.6,80.6,17
CHD_AP,2020-06-26,107.6,77.0,12
CHD_AP,2020-06-28,104.0,80.6,16
CHD_AP,2020-06-29,98.6,80.6,16
CHD_AP,2020-06-30,98.6,69.8,16
CHD_AP,2020-07-01,102.2,73.4,16
CHD_AP,2020-07-02,100.4,75.2,16
CHD_AP,2020-07-03,104.0,80.6,13
CHD_AP,2020-07-04,107.6,82.4,14
CHD_AP,2020-07-05,109.4,84.2,15
CHD_AP,2020-07-06,109.4,78.8,16
CHD_AP,2020-07-07,109.4,84.2,15
CHD_AP,2020-07-08,109.4,84.2,16
CHD_AP,2020-07-09,107.6,84.2,16
CHD_AP,2020-07-10,109.4,87.8,15
CHD_AP,2020-07-11,113.0,87.8,15
CHD_AP,2020-07-12,114.8,87.8,16
CHD_AP,2020-07-13,109.4,89.6,16
CHD_AP,2020-07-15,107.6,84.2,16
CHD_AP,2020-07-16,109.4,84.2,17
CHD_AP,2020-07-17,105.8,86.0,16
CHD_AP,2020-07-18,109.4,86.0,14
CHD_AP,2020-07-19,107.6,89.6,16
CHD_AP,2020-07-21,107.6,89.6,15
CHD_AP,2020-07-22,105.8,86.0,16
CHD_AP,2020-07-23,91.4,86.0,16
CHD_AP,2020-07-24,102.2,78.8,16
CHD_AP,2020-07-25,102.2,77.0,13
CHD_AP,2020-07-26,107.6,84.2,16
CHD_AP,2020-07-27,109.4,86.0,14
CHD_AP,2020-07-28,111.2,86.0,16
CHD_AP,2020-07-29,113.0,84.2,16
CHD_AP,2020-07-30,116.6,82.4,16
CHD_AP,2020-07-31,114.8,87.8,15
CHD_AP,2020-08-01,109.4,91.4,16
CHD_AP,2020-08-02,105.8,87.8,12
CHD_AP,2020-08-04,107.6,82.4,14
CHD_AP,2020-08-05,109.4,82.4,16
CHD_AP,2020-08-06,107.6,77.0,16
CHD_AP,2020-08-07,107.6,80.6,15
CHD_AP,2020-08-08,109.4,82.4,16
CHD_AP,2020-08-09,109.4,80.6,16
CHD_AP,2020-08-10,109.4,82.4,15
CHD_AP,2020-08-11,107.6,84.2,17
CHD_AP,2020-08-12,109.4,86.0,16
CHD_AP,2020-08-13,113.0,86.0,15
CHD_AP,2020-08-14,114.8,86.0,16
CHD_AP,2020-08-15,113.0,84.2,16
CHD_AP,2020-08-16,113.0,87.8,16
CHD_AP,2020-08-17,113.0,86.0,17
CHD_AP,2020-08-18,111.2,86.0,16
CHD_AP,2020-08-19,113.0,87.8,14
CHD_AP,2020-08-20,109.4,89.6,12
CHD_AP,2020-08-21,100.4,86.0,14
CHD_AP,2020-08-22,104.0,84.2,16
CHD_AP,2020-08-23,107.6,87.8,14
CHD_AP,2020-08-24,113.0,86.0,17
CHD_AP,2020-08-25,109.4,86.0,16
CHD_AP,2020-08-26,109.4,84.2,15
CHD_AP,2020-08-27,111.2,86.0,16
CHD_AP,2020-08-28,109.4,86.0,15
CHD_AP,2020-08-29,102.2,82.4,18
CHD_AP,2020-08-30,98.6,78.8,15
CHD_AP,2020-08-31,98.6,77.0,16
CHD_AP,2020-09-01,100.4,82.4,15
CHD_AP,2020-09-02,102.2,80.6,16
CHD_AP,2020-09-03,105.8,80.6,16
CHD_AP,2020-09-04,113.0,80.6,15
CHD_AP,2020-09-05,113.0,86.0,16
CHD_AP,2020-09-06,109.4,82.4,15
CHD_AP,2020-09-08,100.4,84.2,15
CHD_AP,2020-09-10,89.6,68.0,16
CHD_AP,2020-09-11,89.6,68.0,16
CHD_AP,2020-09-12,95.0,66.2,15
CHD_AP,2020-09-13,102.2,69.8,16
CHD_AP,2020-09-14,102.2,78.8,14
CHD_AP,2020-09-15,102.2,78.8,16
CHD_AP,2020-09-16,105.8,71.6,16
CHD_AP,2020-09-17,107.6,73.4,16
CHD_AP,2020-09-18,104.0,80.6,16
CHD_AP,2020-09-19,102.2,84.2,16
CHD_AP,2020-09-20,104.0,75.2,17
CHD_AP,2020-09-21,102.2,77.0,16
CHD_AP,2020-09-22,100.4,80.6,15
CHD_AP,2020-09-23,102.2,71.6,16
CHD_AP,2020-09-24,104.0,71.6,16
CHD_AP,2020-09-25,102.2,73.4,15
CHD_AP,2020-09-26,102.2,71.6,16
CHD_AP,2020-09-27,100.4,71.6,15
CHD_AP,2020-09-28,100.4,68.0,15
CHD_AP,2020-09-29,100.4,73.4,16
CHD_AP,2020-09-30,102.2,68.0,15
CHD_AP,2020-10-01,104.0,68.0,15
CHD_AP,2020-10-02,104.0,68.0,16
CHD_AP,2020-10-03,102.2,66.2,13
CHD_AP,2020-10-04,102.2,66.2,16
CHD_AP,2020-10-05,102.2,66.2,16
CHD_AP,2020-10-06,102.2,64.4,16
CHD_AP,2020-10-07,100.4,66.2,16
CHD_AP,2020-10-08,100.4,66.2,17
CHD_AP,2020-10-09,98.6,68.0,15
CHD_AP,2020-10-10,95.0,62.6,16
CHD_AP,2020-10-11,91.4,64.4,14
CHD_AP,2020-10-12,95.0,64.4,16
CHD_AP,2020-10-13,98.6,62.6,16
CHD_AP,2020-10-14,98.6,62.6,14
CHD_AP,2020-10-15,96.8,64.4,16
CHD_AP,2020-10-16,98.6,66.2,16
CHD_AP,2020-10-17,95.0,66.2,16
CHD_AP,2020-10-18,95.0,60.8,15
CHD_AP,2020-10-19,95.0,62.6,13
CHD_AP,2020-10-20,95.0,60.8,16
CHD_AP,2020-10-21,95.0,60.8,16
CHD_AP,2020-10-22,93.2,64.4,16
CHD_AP,2020-10-23,91.4,66.2,16
CHD_AP,2020-10-24,86.0,66.2,16
CHD_AP,2020-10-26,64.4,55.4,16
CHD_AP,2020-10-27,64.4,50.0,15
CHD_AP,2020-10-28,68.0,42.8,14
CHD_AP,2020-10-29,82.4,46.4,16
CHD_AP,2020-10-30,84.2,57.2,14
CHD_AP,2020-10-31,86.0,59.0,12
CHD_AP,2020-11-01,96.8,60.8,16
CHD_AP,2020-11-02,91.4,71.6,15
CHD_AP,2020-11-03,93.2,64.4,18
CHD_AP,2020-11-04,91.4,57.2,16
CHD_AP,2020-11-05,96.8,59.0,16
CHD_AP,2020-11-06,89.6,75.2,14
CHD_AP,2020-11-07,82.4,64.4,15
CHD_AP,2020-11-08,66.2,51.8,15
CHD_AP,2020-11-09,60.8,50.0,15
CHD_AP,2020-11-10,64.4,42.8,16
CHD_AP,2020-11-11,68.0,39.2,15
CHD_AP,2020-11-12,71.6,42.8,15
CHD_AP,2020-11-13,73.4,46.4,16
CHD_AP,2020-11-14,73.4,46.4,13
CHD_AP,2020-11-15,80.6,42.8,16
CHD_AP,2020-11-16,87.8,48.2,16
CHD_AP,2020-11-17,89.6,53.6,16
CHD_AP,2020-11-18,89.6,53.6,15
CHD_AP,2020-11-19,86.0,57.2,16
CHD_AP,2020-11-20,86.0,55.4,15
CHD_AP,2020-11-21,82.4,57.2,13
CHD_AP,2020-11-22,82.4,53.6,15
CHD_AP,2020-11-23,82.4,53.6,12
CHD_AP,2020-11-24,69.8,48.2,13
CHD_AP,2020-11-25,69.8,42.8,14
CHD_AP,2020-11-26,69.8,42.8,16
CHD_AP,2020-11-27,62.6,39.2,15
CHD_AP,2020-11-28,68.0,39.2,15
CHD_AP,2020-11-29,73.4,41.0,15
CHD_AP,2020-11-30,73.4,41.0,15
CHD_AP,2020-12-01,68.0,41.0,16
CHD_AP,2020-12-02,68.0,37.4,15
CHD_AP,2020-12-03,64.4,44.6,16
CHD_AP,2020-12-04,66.2,37.4,12
CHD_AP,2020-12-05,69.8,35.6,15
CHD_AP,2020-12-06,71.6,35.6,16
CHD_AP,2020-12-07,75.2,39.2,16
CHD_AP,2020-12-08,78.8,42.8,16
CHD_AP,2020-12-09,80.6,44.6,15
CHD_AP,2020-12-10,57.2,51.8,18
CHD_AP,2020-12-11,64.4,44.6,18
CHD_AP,2020-12-12,66.2,42.8,14
CHD_AP,2020-12-13,64.4,41.0,13
CHD_AP,2020-12-14,60.8,39.2,15
CHD_AP,2020-12-15,60.8,35.6,16
CHD_AP,2020-12-16,62.6,33.8,16
CHD_AP,2020-12-17,60.8,35.6,16
CHD_AP,2020-12-18,62.6,35.6,16
CHD_AP,2020-12-19,64.4,35.6,15
CHD_AP,2020-12-20,68.0,35.6,16
CHD_AP,2020-12-21,71.6,39.2,15
CHD_AP,2020-12-22,68.0,39.2,16
CHD_AP,2020-12-23,68.0,37.4,16
CHD_AP,2020-12-24,59.0,37.4,16
CHD_AP,2020-12-25,69.8,42.8,16
CHD_AP,2020-12-26,68.0,39.2,15
CHD_AP,2020-12-27,71.6,41.0,16
CHD_AP,2020-12-28,68.0,50.0,16
CHD_AP,2020-12-29,59.0,42.8,16
CHD_AP,2020-12-30,64.4,42.8,16
CHD_AP,2020-12-31,60.8,35.6,16
CHD_AP,2021-01-01,62.6,35.6,16
CHD_AP,2021-01-02,62.6,33.8,16
CHD_AP,2021-01-03,62.6,33.8,15
CHD_AP,2021-01-04,69.8,35.6,15
CHD_AP,2021-01-05,68.0,39.2,15
CHD_AP,2021-01-06,68.0,35.6,12
CHD_AP,2021-01-07,68.0,37.4,16
CHD_AP,2021-01-08,66.2,39.2,16
CHD_AP,2021-01-09,66.2,37.4,16
CHD_AP,2021-01-10,64.4,35.6,13
CHD_AP,2021-01-11,66.2,41.0,16
CHD_AP,2021-01-12,66.2,37.4,16
CHD_AP,2021-01-13,64.4,35.6,17
CHD_AP,2021-01-14,71.6,37.4,15
CHD_AP,2021-01-15,77.0,39.2,16
CHD_AP,2021-01-16,75.2,42.8,16
CHD_AP,2021-01-17,77.0,39.2,16
CHD_AP,2021-01-18,69.8,39.2,16
CHD_AP,2021-01-19,73.4,53.6,16
CHD_AP,2021-01-20,73.4,59.0,16
CHD_AP,2021-01-21,69.8,57.2,16
CHD_AP,2021-01-22,69.8,53.6,16
CHD_AP,2021-01-23,64.4,55.4,16
CHD_AP,2021-01-24,53.6,46.4,15
CHD_AP,2021-01-25,53.6,41.0,14
CHD_AP,2021-01-26,51.8,41.0,16
CHD_AP,2021-01-27,62.6,35.6,16
CHD_AP,2021-01-28,71.6,44.6,15
CHD_AP,2021-01-29,68.0,48.2,16
CHD_AP,2021-02-01,73.4,51.8,16
CHD_AP,2021-02-02,82.4,55.4,16
CHD_AP,2021-02-03,80.6,60.8,15
CHD_AP,2021-02-04,73.4,53.6,14
CHD_AP,2021-02-05,68.0,42.8,15
CHD_AP,2021-02-06,69.8,39.2,15
CHD_AP,2021-02-07,71.6,42.8,13
CHD_AP,2021-02-08,75.2,42.8,14
CHD_AP,2021-02-09,75.2,44.6,15
CHD_AP,2021-02-10,71.6,50.0,15
CHD_AP,2021-02-11,73.4,44.6,16
CHD_AP,2021-02-12,73.4,53.6,16
CHD_AP,2021-02-13,69.8,44.6,14
CHD_AP,2021-02-14,66.2,44.6,15
CHD_AP,2021-02-15,64.4,39.2,12
CHD_AP,2021-02-16,69.8,50.0,16
CHD_AP,2021-02-17,66.2,41.0,16
CHD_AP,2021-02-18,62.6,44.6,14
CHD_AP,2021-02-19,69.8,39.2,15
CHD_AP,2021-02-20,78.8,42.8,13
CHD_AP,2021-02-21,68.0,46.4,17
CHD_AP,2021-02-22,75.2,39.2,16
CHD_AP,2021-02-23,77.0,41.0,16
CHD_AP,2021-02-24,77.0,44.6,16
CHD_AP,2021-02-25,66.2,46.4,16
CHD_AP,2021-02-26,69.8,41.0,16
CHD_AP,2021-02-27,71.6,41.0,16
CHD_AP,2021-02-28,60.8,46.4,13
CHD_AP,2021-03-01,69.8,37.4,16
CHD_AP,2021-03-02,77.0,44.6,16
CHD_AP,2021-03-03,84.2,44.6,16
CHD_AP,2021-03-04,69.8,50.0,16
CHD_AP,2021-03-05,82.4,46.4,14
CHD_AP,2021-03-06,84.2,57.2,12
CHD_AP,2021-03-07,86.0,53.6,16
CHD_AP,2021-03-08,84.2,62.6,16
CHD_AP,2021-03-09,78.8,60.8,13
CHD_AP,2021-03-10,66.2,48.2,16
CHD_AP,2021-03-11,66.2,44.6,12
CHD_AP,2021-03-12,59.0,48.2,13
CHD_AP,2021-03-13,59.0,41.0,16
CHD_AP,2021-03-14,66.2,39.2,14
CHD_AP,2021-03-16,59.0,48.2,15
CHD_AP,2021-03-17,71.6,41.0,16
CHD_AP,2021-03-18,82.4,46.4,15
CHD_AP,2021-03-19,82.4,46.4,13
CHD_AP,2021-03-20,84.2,53.6,15
CHD_AP,2021-03-21,77.0,55.4,15
CHD_AP,2021-03-22,69.8,57.2,15
CHD_AP,2021-03-23,68.0,46.4,16
CHD_AP,2021-03-24,69.8,46.4,15
CHD_AP,2021-03-25,71.6,51.8,15
CHD_AP,2021-03-26,64.4,51.8,16
CHD_AP,2021-03-27,77.0,48.2,16
CHD_AP,2021-03-28,84.2,48.2,14
CHD_AP,2021-03-29,86.0,53.6,14
CHD_AP,2021-03-30,84.2,51.8,16
CHD_AP,2021-03-31,86.0,55.4,16
CHD_AP,2021-04-01,93.2,57.2,13
CHD_AP,2021-04-03,95.0,60.8,14
CHD_AP,2021-04-04,96.8,60.8,15
CHD_AP,2021-04-05,93.2,62.6,14
CHD_AP,2021-04-06,89.6,69.8,15
CHD_AP,2021-04-07,89.6,55.4,16
CHD_AP,2021-04-08,91.4,62.6,16
CHD_AP,2021-04-09,91.4,60.8,16
CHD_AP,2021-04-10,91.4,57.2,15
CHD_AP,2021-04-11,91.4,60.8,16
CHD_AP,2021-04-12,89.6,66.2,15
CHD_AP,2021-04-13,89.6,64.4,16
CHD_AP,2021-04-14,86.0,60.8,15
CHD_AP,2021-04-15,80.6,57.2,15
CHD_AP,2021-04-16,80.6,53.6,12
CHD_AP,2021-04-17,84.2,53.6,14
CHD_AP,2021-04-18,82.4,64.4,13
CHD_AP,2021-04-19,84.2,59.0,15
CHD_AP,2021-04-20,91.4,55.4,16
CHD_AP,2021-04-21,89.6,60.8,17
CHD_AP,2021-04-22,80.6,60.8,15
CHD_AP,2021-04-24,91.4,59.0,13
CHD_AP,2021-04-25,93.2,60.8,14
CHD_AP,2021-04-26,82.4,64.4,15
CHD_AP,2021-04-27,73.4,60.8,16
CHD_AP,2021-04-28,77.0,53.6,16
CHD_AP,2021-04-29,93.2,55.4,16
CHD_AP,2021-04-30,95.0,66.2,17
CHD_AP,2021-05-01,98.6,69.8,13
CHD_AP,2021-05-03,87.8,73.4,13
CHD_AP,2021-05-04,91.4,62.6,16
CHD_AP,2021-05-05,96.8,64.4,17
CHD_AP,2021-05-06,100.4,64.4,15
CHD_AP,2021-05-08,91.4,64.4,12
CHD_AP,2021-05-09,93.2,64.4,15
CHD_AP,2021-05-10,95.0,60.8,15
CHD_AP,2021-05-11,93.2,60.8,16
CHD_AP,2021-05-12,96.8,62.6,16
CHD_AP,2021-05-13,102.2,66.2,16
CHD_AP,2021-05-14,100.4,69.8,16
CHD_AP,2021-05-15,96.8,73.4,16
CHD_AP,2021-05-16,93.2,66.2,16
CHD_AP,2021-05-17,87.8,64.4,16
CHD_AP,2021-05-18,93.2,66.2,17
CHD_AP,2021-05-19,98.6,71.6,16
CHD_AP,2021-05-20,98.6,69.8,16
CHD_AP,2021-05-21,84.2,73.4,16
CHD_AP,2021-05-22,80.6,59.0,16
CHD_AP,2021-05-24,91.4,62.6,14
CHD_AP,2021-05-25,95.0,64.4,15
CHD_AP,2021-05-26,95.0,68.0,16
CHD_AP,2021-05-28,98.6,66.2,16
CHD_AP,2021-05-29,100.4,69.8,15
CHD_AP,2021-05-30,98.6,66.2,17
CHD_AP,2021-05-31,100.4,71.6,15
CHD_AP,2021-06-01,102.2,71.6,16
CHD_AP,2021-06-02,104.0,78.8,16
CHD_AP,2021-06-03,105.8,71.6,15
CHD_AP,2021-06-04,105.8,75.2,17
CHD_AP,2021-06-05,105.8,75.2,17
CHD_AP,2021-06-06,104.0,71.6,15
CHD_AP,2021-06-07,102.2,71.6,16
CHD_AP,2021-06-08,100.4,68.0,16
CHD_AP,2021-06-09,102.2,69.8,14
CHD_AP,2021-06-10,100.4,73.4,16
CHD_AP,2021-06-11,102.2,69.8,13
CHD_AP,2021-06-12,107.6,68.0,16
CHD_AP,2021-06-13,111.2,77.0,15
CHD_AP,2021-06-14,111.2,80.6,15
CHD_AP,2021-06-15,113.0,82.4,16
CHD_AP,2021-06-16,111.2,89.6,16
CHD_AP,2021-06-17,114.8,86.0,17
CHD_AP,2021-06-18,114.8,87.8,16
CHD_AP,2021-06-19,114.8,86.0,16
CHD_AP,2021-06-20,111.2,86.0,12
CHD_AP,2021-06-21,107.6,84.2,16
CHD_AP,2021-06-22,105.8,80.6,16
CHD_AP,2021-06-23,89.6,82.4,18
CHD_AP,2021-06-24,102.2,77.0,17
CHD_AP,2021-06-25,105.8,80.6,15
CHD_AP,2021-06-26,105.8,75.2,15
CHD_AP,2021-06-27,111.2,82.4,16
CHD_AP,2021-06-28,105.8,87.8,15
CHD_AP,2021-06-29,104.0,82.4,15
CHD_AP,2021-06-30,104.0,82.4,13
CHD_AP,2021-07-01,104.0,84.2,15
CHD_AP,2021-07-02,104.0,87.8,13
CHD_AP,2021-07-03,104.0,84.2,17
CHD_AP,2021-07-04,100.4,78.8,16
CHD_AP,2021-07-05,105.8,87.8,12
CHD_AP,2021-07-06,109.4,87.8,16
CHD_AP,2021-07-07,109.4,82.4,15
CHD_AP,2021-07-08,109.4,87.8,16
CHD_AP,2021-07-09,111.2,89.6,16
CHD_AP,2021-07-10,111.2,80.6,16
CHD_AP,2021-07-11,107.6,84.2,14
CHD_AP,2021-07-12,104.0,87.8,16
CHD_AP,2021-07-13,105.8,84.2,16
CHD_AP,2021-07-14,93.2,77.0,17
CHD_AP,2021-07-15,98.6,84.2,15
CHD_AP,2021-07-16,98.6,75.2,19
CHD_AP,2021-07-17,100.4,82.4,15
CHD_AP,2021-07-18,98.6,84.2,16
CHD_AP,2021-07-19,104.0,84.2,16
CHD_AP,2021-07-20,104.0,89.6,14
CHD_AP,2021-07-21,107.6,87.8,16
CHD_AP,2021-07-22,104.0,84.2,17
CHD_AP,2021-07-23,77.0,75.2,15
CHD_AP,2021-07-24,80.6,73.4,18
CHD_AP,2021-07-25,82.4,75.2,15
CHD_AP,2021-07-26,96.8,75.2,17
CHD_AP,2021-07-27,102.2,78.8,17
CHD_AP,2021-07-28,104.0,80.6,16
CHD_AP,2021-07-29,102.2,86.0,15
CHD_AP,2021-07-30,102.2,82.4,15
CHD_AP,2021-07-31,98.6,77.0,16
CHD_AP,2021-08-01,102.2,82.4,15
CHD_AP,2021-08-02,107.6,86.0,16
CHD_AP,2021-08-03,109.4,86.0,16
CHD_AP,2021-08-04,111.2,84.2,16
CHD_AP,2021-08-05,107.6,87.8,16
CHD_AP,2021-08-06,105.8,87.8,16
CHD_AP,2021-08-07,105.8,84.2,16
CHD_AP,2021-08-08,104.0,86.0,12
CHD_AP,2021-08-09,91.4,80.6,16
CHD_AP,2021-08-10,91.4,73.4,18
CHD_AP,2021-08-11,95.0,75.2,16
CHD_AP,2021-08-12,95.0,78.8,16
CHD_AP,2021-08-13,96.8,80.6,16
CHD_AP,2021-08-14,91.4,73.4,15
CHD_AP,2021-08-15,96.8,82.4,16
CHD_AP,2021-08-16,98.6,80.6,14
CHD_AP,2021-08-17,93.2,77.0,17
CHD_AP,2021-08-18,96.8,80.6,18
CHD_AP,2021-08-19,96.8,77.0,14
CHD_AP,2021-08-20,96.8,78.8,15
CHD_AP,2021-08-21,100.4,78.8,15
CHD_AP,2021-08-22,102.2,78.8,15
CHD_AP,2021-08-23,104.0,75.2,15
CHD_AP,2021-08-24,104.0,77.0,16
CHD_AP,2021-08-25,107.6,80.6,15
CHD_AP,2021-08-26,109.4,82.4,15
CHD_AP,2021-08-27,111.2,82.4,14
CHD_AP,2021-08-28,105.8,87.8,16
CHD_AP,2021-08-29,105.8,84.2,14
CHD_AP,2021-08-30,104.0,86.0,19
CHD_AP,2021-08-31,95.0,78.8,16
CHD_AP,2021-09-01,93.2,73.4,16
CHD_AP,2021-09-02,95.0,75.2,16
CHD_AP,2021-09-03,98.6,78.8,15
CHD_AP,2021-09-04,104.0,80.6,15
CHD_AP,2021-09-05,105.8,82.4,15
CHD_AP,2021-09-06,102.2,80.6,16
CHD_AP,2021-09-07,104.0,80.6,15
CHD_AP,2021-09-08,104.0,86.0,16
CHD_AP,2021-09-09,109.4,82.4,15
CHD_AP,2021-09-10,107.6,82.4,16
CHD_AP,2021-09-11,105.8,82.4,14
CHD_AP,2021-09-12,107.6,78.8,16
CHD_AP,2021-09-13,107.6,77.0,15
CHD_AP,2021-09-14,104.0,77.0,15
CHD_AP,2021-09-15,104.0,77.0,16
CHD_AP,2021-09-16,104.0,77.0,14
CHD_AP,2021-09-17,98.6,80.6,15
CHD_AP,2021-09-18,96.8,75.2,16
CHD_AP,2021-09-19,100.4,77.0,14
CHD_AP,2021-09-20,96.8,71.6,16
CHD_AP,2021-09-21,102.2,71.6,16
CHD_AP,2021-09-22,102.2,69.8,16
CHD_AP,2021-09-24,89.6,77.0,13
CHD_AP,2021-09-25,95.0,73.4,16
CHD_AP,2021-09-26,73.4,71.6,14
CHD_AP,2021-09-27,86.0,69.8,15
CHD_AP,2021-09-28,91.4,71.6,16
CHD_AP,2021-09-29,86.0,69.8,15
CHD_AP,2021-09-30,87.8,68.0,17
CHD_AP,2021-10-01,89.6,68.0,13
CHD_AP,2021-10-02,93.2,62.6,16
CHD_AP,2021-10-03,95.0,66.2,16
CHD_AP,2021-10-04,96.8,69.8,15
CHD_AP,2021-10-05,84.2,73.4,18
CHD_AP,2021-10-06,89.6,64.4,16
CHD_AP,2021-10-07,93.2,66.2,16
CHD_AP,2021-10-08,93.2,68.0,16
CHD_AP,2021-10-09,86.0,71.6,16
CHD_AP,2021-10-10,84.2,57.2,15
CHD_AP,2021-10-11,86.0,57.2,14
CHD_AP,2021-10-12,69.8,55.4,16
CHD_AP,2021-10-13,73.4,48.2,15
CHD_AP,2021-10-14,78.8,51.8,14
CHD_AP,2021-10-15,84.2,55.4,15
CHD_AP,2021-10-16,93.2,59.0,16
CHD_AP,2021-10-17,91.4,62.6,14
CHD_AP,2021-10-18,84.2,59.0,16
CHD_AP,2021-10-19,78.8,57.2,15
CHD_AP,2021-10-20,86.0,59.0,14
CHD_AP,2021-10-21,89.6,57.2,12
CHD_AP,2021-10-23,86.0,57.2,15
CHD_AP,2021-10-24,87.8,60.8,15
CHD_AP,2021-10-25,91.4,60.8,15
CHD_AP,2021-10-26,75.2,64.4,16
CHD_AP,2021-10-27,77.0,51.8,17
CHD_AP,2021-10-29,93.2,55.4,13
CHD_AP,2021-10-30,89.6,55.4,15
CHD_AP,2021-10-31,87.8,59.0,17
CHD_AP,2021-11-01,84.2,59.0,16
CHD_AP,2021-11-02,84.2,57.2,15
CHD_AP,2021-11-03,86.0,55.4,15
CHD_AP,2021-11-04,89.6,55.4,15
CHD_AP,2021-11-05,87.8,57.2,16
CHD_AP,2021-11-06,89.6,55.4,16
CHD_AP,2021-11-07,86.0,55.4,16
CHD_AP,2021-11-08,87.8,57.2,16
CHD_AP,2021-11-09,80.6,53.6,17
CHD_AP,2021-11-10,82.4,51.8,16
CHD_AP,2021-11-11,86.0,51.8,16
CHD_AP,2021-11-12,87.8,51.8,16
CHD_AP,2021-11-13,87.8,51.8,15
CHD_AP,2021-11-14,86.0,51.8,14
CHD_AP,2021-11-15,86.0,50.0,16
CHD_AP,2021-11-16,82.4,53.6,14
CHD_AP,2021-11-17,78.8,51.8,12
CHD_AP,2021-11-18,84.2,48.2,15
CHD_AP,2021-11-19,82.4,53.6,14
CHD_AP,2021-11-20,77.0,50.0,15
CHD_AP,2021-11-21,82.4,55.4,16
CHD_AP,2021-11-22,82.4,55.4,16
CHD_AP,2021-11-23,77.0,62.6,16
CHD_AP,2021-11-24,73.4,57.2,15
CHD_AP,2021-11-25,75.2,55.4,16
CHD_AP,2021-11-26,77.0,48.2,16
CHD_AP,2021-11-27,75.2,48.2,16
CHD_AP,2021-11-28,82.4,46.4,16
CHD_AP,2021-11-29,82.4,48.2,16
CHD_AP,2021-11-30,78.8,50.0,16
CHD_AP,2021-12-01,82.4,48.2,15
CHD_AP,2021-12-02,82.4,53.6,16
CHD_AP,2021-12-03,78.8,51.8,15
CHD_AP,2021-12-04,77.0,50.0,14
CHD_AP,2021-12-05,75.2,44.6,14
CHD_AP,2021-12-06,75.2,46.4,16
CHD_AP,2021-12-07,77.0,51.8,15
CHD_AP,2021-12-08,71.6,53.6,16
CHD_AP,2021-12-09,73.4,48.2,16
CHD_AP,2021-12-10,62.6,51.8,17
CHD_AP,2021-12-11,66.2,46.4,14
CHD_AP,2021-12-12,73.4,41.0,14
CHD_AP,2021-12-13,73.4,44.6,14
CHD_AP,2021-12-14,71.6,55.4,17
CHD_AP,2021-12-15,59.0,42.8,15
CHD_AP,2021-12-16,62.6,35.6,13
CHD_AP,2021-12-17,60.8,37.4,15
CHD_AP,2021-12-18,66.2,44.6,16
CHD_AP,2021-12-19,68.0,41.0,16
CHD_AP,2021-12-20,69.8,39.2,14
CHD_AP,2021-12-21,66.2,48.2,16
CHD_AP,2021-12-22,71.6,44.6,16
CHD_AP,2021-12-23,75.2,55.4,15
CHD_AP,2021-12-24,66.2,55.4,16
CHD_AP,2021-12-28,60.8,44.6,16
CHD_AP,2021-12-29,59.0,46.4,16
CHD_AP,2021-12-30,62.6,46.4,15
CHD_AP,2021-12-31,59.0,53.6,14
CHD_AP,2022-01-01,55.4,46.4,18
CHD_AP,2022-01-02,59.0,35.6,15
CHD_AP,2022-01-03,64.4,33.8,16
CHD_AP,2022-01-04,64.4,37.4,13
CHD_AP,2022-01-05,64.4,37.4,16
CHD_AP,2022-01-06,62.6,39.2,13
CHD_AP,2022-01-07,71.6,39.2,16
CHD_AP,2022-01-08,66.2,44.6,15
CHD_AP,2022-01-09,75.2,41.0,14
CHD_AP,2022-01-10,75.2,44.6,16
CHD_AP,2022-01-11,71.6,48.2,16
CHD_AP,2022-01-12,69.8,41.0,16
CHD_AP,2022-01-13,71.6,39.2,15
CHD_AP,2022-01-14,69.8,50.0,15
CHD_AP,2022-01-15,71.6,53.6,15
CHD_AP,2022-01-16,71.6,44.6,13
CHD_AP,2022-01-17,71.6,46.4,14
CHD_AP,2022-01-18,69.8,51.8,15
CHD_AP,2022-01-19,69.8,51.8,16
CHD_AP,2022-01-20,71.6,46.4,16
CHD_AP,2022-01-21,69.8,44.6,15
CHD_AP,2022-01-22,68.0,50.0,14
CHD_AP,2022-01-23,69.8,50.0,15
CHD_AP,2022-01-24,68.0,42.8,16
CHD_AP,2022-01-25,69.8,41.0,17
CHD_AP,2022-01-26,68.0,41.0,17
CHD_AP,2022-01-27,68.0,39.2,14
CHD_AP,2022-01-28,71.6,51.8,15
CHD_AP,2022-01-29,75.2,44.6,15
CHD_AP,2022-01-30,73.4,53.6,12
CHD_AP,2022-01-31,69.8,44.6,16
CHD_AP,2022-02-01,68.0,48.2,16
CHD_AP,2022-02-02,59.0,50.0,15
CHD_AP,2022-02-03,57.2,33.8,15
CHD_AP,2022-02-04,64.4,37.4,15
CHD_AP,2022-02-05,66.2,35.6,15
CHD_AP,2022-02-06,73.4,37.4,15
CHD_AP,2022-02-07,71.6,44.6,15
CHD_AP,2022-02-08,75.2,44.6,16
CHD_AP,2022-02-09,84.2,42.8,16
CHD_AP,2022-02-10,80.6,46.4,17
CHD_AP,2022-02-11,80.6,46.4,16
CHD_AP,2022-02-12,80.6,44.6,13
CHD_AP,2022-02-13,82.4,48.2,15
CHD_AP,2022-02-14,80.6,46.4,15
CHD_AP,2022-02-15,82.4,46.4,17
CHD_AP,2022-02-16,62.6,51.8,17
CHD_AP,2022-02-17,66.2,46.4,15
CHD_AP,2022-02-18,71.6,39.2,15
CHD_AP,2022-02-19,78.8,42.8,15
CHD_AP,2022-02-20,84.2,46.4,14
CHD_AP,2022-02-21,71.6,48.2,14
CHD_AP,2022-02-22,68.0,46.4,15
CHD_AP,2022-02-23,57.2,46.4,16
CHD_AP,2022-02-24,57.2,35.6,14
CHD_AP,2022-02-25,64.4,39.2,13
CHD_AP,2022-02-26,68.0,41.0,16
CHD_AP,2022-02-27,73.4,42.8,15
CHD_AP,2022-03-02,86.0,50.0,12
CHD_AP,2022-03-03,89.6,55.4,15
CHD_AP,2022-03-04,71.6,57.2,16
CHD_AP,2022-03-05,71.6,55.4,16
CHD_AP,2022-03-06,64.4,44.6,16
CHD_AP,2022-03-07,68.0,42.8,15
CHD_AP,2022-03-08,66.2,46.4,16
CHD_AP,2022-03-09,71.6,41.0,15
CHD_AP,2022-03-10,71.6,44.6,17
CHD_AP,2022-03-11,68.0,44.6,15
CHD_AP,2022-03-12,78.8,41.0,13
CHD_AP,2022-03-13,78.8,46.4,14
CHD_AP,2022-03-14,80.6,48.2,16
CHD_AP,2022-03-15,86.0,50.0,14
CHD_AP,2022-03-16,84.2,55.4,16
CHD_AP,2022-03-17,78.8,60.8,13
CHD_AP,2022-03-18,82.4,50.0,13
CHD_AP,2022-03-19,84.2,50.0,16
CHD_AP,2022-03-20,73.4,60.8,16
CHD_AP,2022-03-21,75.2,53.6,16
CHD_AP,2022-03-22,80.6,50.0,15
CHD_AP,2022-03-23,78.8,57.2,16
CHD_AP,2022-03-24,86.0,50.0,16
CHD_AP,2022-03-25,93.2,53.6,16
CHD_AP,2022-03-26,91.4,57.2,12
CHD_AP,2022-03-27,95.0,59.0,15
CHD_AP,2022-03-28,80.6,60.8,16
CHD_AP,2022-03-29,68.0,53.6,16
CHD_AP,2022-03-30,78.8,51.8,15
CHD_AP,2022-03-31,80.6,57.2,14
CHD_AP,2022-04-01,84.2,57.2,14
CHD_AP,2022-04-02,87.8,57.2,15
CHD_AP,2022-04-03,84.2,59.0,15
CHD_AP,2022-04-04,86.0,57.2,16
CHD_AP,2022-04-05,95.0,60.8,16
CHD_AP,2022-04-06,91.4,60.8,16
CHD_AP,2022-04-07,93.2,66.2,15
CHD_AP,2022-04-08,95.0,64.4,14
CHD_AP,2022-04-09,95.0,59.0,14
CHD_AP,2022-04-10,89.6,68.0,13
CHD_AP,2022-04-11,87.8,68.0,16
CHD_AP,2022-04-12,80.6,62.6,16
CHD_AP,2022-04-13,73.4,44.6,15
CHD_AP,2022-04-14,80.6,48.2,15
CHD_AP,2022-04-15,87.8,53.6,15
CHD_AP,2022-04-16,89.6,57.2,15
CHD_AP,2022-04-17,89.6,62.6,16
CHD_AP,2022-04-18,95.0,59.0,12
CHD_AP,2022-04-19,98.6,68.0,13
CHD_AP,2022-04-20,89.6,68.0,14
CHD_AP,2022-04-21,93.2,64.4,14
CHD_AP,2022-04-22,78.8,68.0,14
CHD_AP,2022-04-23,84.2,55.4,16
CHD_AP,2022-04-24,84.2,59.0,16
CHD_AP,2022-04-25,91.4,55.4,16
CHD_AP,2022-04-26,100.4,59.0,16
CHD_AP,2022-04-27,93.2,62.6,15
CHD_AP,2022-04-28,91.4,62.6,15
CHD_AP,2022-04-29,89.6,59.0,14
CHD_AP,2022-04-30,95.0,59.0,15
CHD_AP,2022-05-01,96.8,62.6,16
CHD_AP,2022-05-02,93.2,66.2,16
CHD_AP,2022-05-03,91.4,68.0,16
CHD_AP,2022-05-04,91.4,62.6,16
CHD_AP,2022-05-05,95.0,64.4,16
CHD_AP,2022-05-06,98.6,62.6,13
CHD_AP,2022-05-07,102.2,66.2,16
CHD_AP,2022-05-08,95.0,73.4,13
CHD_AP,2022-05-09,87.8,68.0,16
CHD_AP,2022-05-10,91.4,68.0,14
CHD_AP,2022-05-11,89.6,62.6,16
CHD_AP,2022-05-12,84.2,53.6,15
CHD_AP,2022-05-13,95.0,59.0,16
CHD_AP,2022-05-14,102.2,62.6,13
CHD_AP,2022-05-15,105.8,64.4,16
CHD_AP,2022-05-16,104.0,69.8,16
CHD_AP,2022-05-18,98.6,69.8,13
CHD_AP,2022-05-19,98.6,69.8,16
CHD_AP,2022-05-20,98.6,78.8,15
CHD_AP,2022-05-21,95.0,71.6,16
CHD_AP,2022-05-22,100.4,68.0,16
CHD_AP,2022-05-23,95.0,64.4,16
CHD_AP,2022-05-24,98.6,68.0,13
CHD_AP,2022-05-25,104.0,71.6,15
CHD_AP,2022-05-26,105.8,73.4,16
CHD_AP,2022-05-27,105.8,75.2,14
CHD_AP,2022-05-28,102.2,80.6,16
CHD_AP,2022-05-29,95.0,77.0,15
CHD_AP,2022-05-30,95.0,73.4,15
CHD_AP,2022-05-31,98.6,68.0,15
CHD_AP,2022-06-01,100.4,69.8,14
CHD_AP,2022-06-02,104.0,69.8,16
CHD_AP,2022-06-03,102.2,77.0,13
CHD_AP,2022-06-04,102.2,77.0,14
CHD_AP,2022-06-05,102.2,73.4,16
CHD_AP,2022-06-06,105.8,77.0,15
CHD_AP,2022-06-07,107.6,78.8,16
CHD_AP,2022-06-08,107.6,80.6,15
CHD_AP,2022-06-09,109.4,84.2,14
CHD_AP,2022-06-10,113.0,84.2,15
CHD_AP,2022-06-11,114.8,86.0,14
CHD_AP,2022-06-12,113.0,84.2,15
CHD_AP,2022-06-13,107.6,87.8,13
CHD_AP,2022-06-14,105.8,84.2,14
CHD_AP,2022-06-15,107.6,77.0,14
CHD_AP,2022-06-17,111.2,91.4,15
CHD_AP,2022-06-18,95.0,84.2,16
CHD_AP,2022-06-19,104.0,78.8,16
CHD_AP,2022-06-20,104.0,71.6,15
CHD_AP,2022-06-21,109.4,77.0,15
CHD_AP,2022-06-22,107.6,87.8,14
CHD_AP,2022-06-23,109.4,89.6,14
CHD_AP,2022-06-24,109.4,87.8,16
CHD_AP,2022-06-25,105.8,78.8,14
CHD_AP,2022-06-26,105.8,84.2,15
CHD_AP,2022-06-27,102.2,78.8,16
CHD_AP,2022-06-28,105.8,86.0,15
CHD_AP,2022-06-29,107.6,87.8,15
CHD_AP,2022-06-30,104.0,84.2,15
CHD_AP,2022-07-01,107.6,84.2,15
CHD_AP,2022-07-02,104.0,86.0,16
CHD_AP,2022-07-03,107.6,87.8,16
CHD_AP,2022-07-04,104.0,82.4,17
CHD_AP,2022-07-05,105.8,89.6,16
CHD_AP,2022-07-06,105.8,80.6,15
CHD_AP,2022-07-07,107.6,80.6,15
CHD_AP,2022-07-08,111.2,82.4,14
CHD_AP,2022-07-09,113.0,91.4,13
CHD_AP,2022-07-10,109.4,89.6,16
CHD_AP,2022-07-11,113.0,91.4,13
CHD_AP,2022-07-15,109.4,87.8,13
CHD_AP,2022-07-16,111.2,86.0,17
CHD_AP,2022-07-17,109.4,87.8,17
CHD_AP,2022-07-18,105.8,86.0,13
CHD_AP,2022-07-19,109.4,87.8,13
CHD_AP,2022-07-20,109.4,89.6,14
CHD_AP,2022-07-21,107.6,89.6,16
CHD_AP,2022-07-22,111.2,93.2,16
CHD_AP,2022-07-23,104.0,84.2,14
CHD_AP,2022-07-24,98.6,75.2,15
CHD_AP,2022-07-25,96.8,80.6,16
CHD_AP,2022-07-26,96.8,78.8,14
CHD_AP,2022-07-27,95.0,77.0,17
CHD_AP,2022-07-28,87.8,78.8,16
CHD_AP,2022-07-29,96.8,78.8,14
CHD_AP,2022-07-30,102.2,80.6,16
CHD_AP,2022-07-31,100.4,80.6,17
CHD_AP,2022-08-01,102.2,78.8,16
CHD_AP,2022-08-02,104.0,86.0,14
CHD_AP,2022-08-03,98.6,78.8,16
CHD_AP,2022-08-04,91.4,75.2,16
CHD_AP,2022-08-05,100.4,78.8,15
CHD_AP,2022-08-06,105.8,84.2,16
CHD_AP,2022-08-07,104.0,84.2,15
CHD_AP,2022-08-08,102.2,84.2,15
CHD_AP,2022-08-09,98.6,71.6,15
CHD_AP,2022-08-10,102.2,82.4,14
CHD_AP,2022-08-11,102.2,82.4,16
CHD_AP,2022-08-12,102.2,80.6,16
CHD_AP,2022-08-13,102.2,80.6,16
CHD_AP,2022-08-14,98.6,80.6,17
CHD_AP,2022-08-15,98.6,77.0,15
CHD_AP,2022-08-16,102.2,84.2,13
CHD_AP,2022-08-17,104.0,84.2,18
CHD_AP,2022-08-18,102.2,78.8,18
CHD_AP,2022-08-19,96.8,77.0,16
CHD_AP,2022-08-20,93.2,78.8,13
CHD_AP,2022-08-21,95.0,68.0,17
CHD_AP,2022-08-22,100.4,77.0,16
CHD_AP,2022-08-23,100.4,82.4,16
CHD_AP,2022-08-24,102.2,80.6,17
CHD_AP,2022-08-25,100.4,82.4,16
CHD_AP,2022-08-26,104.0,84.2,17
CHD_AP,2022-08-27,102.2,80.6,18
CHD_AP,2022-08-28,102.2,80.6,16
CHD_AP,2022-08-29,105.8,82.4,12
CHD_AP,2022-08-30,109.4,82.4,15
CHD_AP,2022-08-31,105.8,84.2,16
CHD_AP,2022-09-01,104.0,86.0,15
CHD_AP,2022-09-02,105.8,82.4,18
CHD_AP,2022-09-03,105.8,82.4,13
CHD_AP,2022-09-04,105.8,86.0,16
CHD_AP,2022-09-05,107.6,82.4,15
CHD_AP,2022-09-06,107.6,86.0,12
CHD_AP,2022-09-07,105.8,82.4,17
CHD_AP,2022-09-08,102.2,84.2,15
CHD_AP,2022-09-09,98.6,73.4,15
CHD_AP,2022-09-10,93.2,75.2,16
CHD_AP,2022-09-11,100.4,78.8,16
CHD_AP,2022-09-12,95.0,77.0,16
CHD_AP,2022-09-13,95.0,78.8,13
CHD_AP,2022-09-14,95.0,75.2,15
CHD_AP,2022-09-15,95.0,75.2,16
CHD_AP,2022-09-16,95.0,77.0,16
CHD_AP,2022-09-17,98.6,73.4,15
CHD_AP,2022-09-18,102.2,68.0,17
CHD_AP,2022-09-19,102.2,73.4,16
CHD_AP,2022-09-20,96.8,78.8,15
CHD_AP,2022-09-21,87.8,77.0,16
CHD_AP,2022-09-22,93.2,77.0,16
CHD_AP,2022-09-23,96.8,78.8,15
CHD_AP,2022-09-24,100.4,75.2,13
CHD_AP,2022-09-25,102.2,75.2,16
CHD_AP,2022-09-26,102.2,73.4,15
CHD_AP,2022-09-27,100.4,78.8,14
CHD_AP,2022-09-28,98.6,78.8,16
CHD_AP,2022-09-29,95.0,73.4,16
CHD_AP,2022-09-30,95.0,69.8,15
CHD_AP,2022-10-01,95.0,73.4,15
CHD_AP,2022-10-02,95.0,75.2,16
CHD_AP,2022-10-03,96.8,75.2,15
CHD_AP,2022-10-04,89.6,69.8,15
CHD_AP,2022-10-05,93.2,69.8,16
CHD_AP,2022-10-06,91.4,75.2,16
CHD_AP,2022-10-07,91.4,71.6,16
CHD_AP,2022-10-08,87.8,69.8,16
CHD_AP,2022-10-09,89.6,64.4,15
CHD_AP,2022-10-10,89.6,68.0,15
CHD_AP,2022-10-11,91.4,69.8,15
CHD_AP,2022-10-12,91.4,66.2,16
CHD_AP,2022-10-13,95.0,66.2,16
CHD_AP,2022-10-14,95.0,66.2,14
CHD_AP,2022-10-15,78.8,66.2,16
CHD_AP,2022-10-16,75.2,62.6,16
CHD_AP,2022-10-17,86.0,59.0,16
CHD_AP,2022-10-18,86.0,64.4,16
CHD_AP,2022-10-19,86.0,62.6,16
CHD_AP,2022-10-20,89.6,60.8,15
CHD_AP,2022-10-21,87.8,62.6,14
CHD_AP,2022-10-22,87.8,64.4,13
CHD_AP,2022-10-23,75.2,66.2,16
CHD_AP,2022-10-24,69.8,57.2,17
CHD_AP,2022-10-25,75.2,48.2,16
CHD_AP,2022-10-26,77.0,50.0,15
CHD_AP,2022-10-27,78.8,50.0,15
CHD_AP,2022-10-28,78.8,46.4,15
CHD_AP,2022-10-29,80.6,51.8,16
CHD_AP,2022-10-30,77.0,50.0,15
CHD_AP,2022-10-31,80.6,48.2,14
CHD_AP,2022-11-01,78.8,55.4,16
CHD_AP,2022-11-02,77.0,53.6,15
CHD_AP,2022-11-03,62.6,50.0,16
CHD_AP,2022-11-04,62.6,41.0,17
CHD_AP,2022-11-05,68.0,44.6,16
CHD_AP,2022-11-06,78.8,44.6,14
CHD_AP,2022-11-07,78.8,50.0,16
CHD_AP,2022-11-08,78.8,50.0,15
CHD_AP,2022-11-09,71.6,55.4,17
CHD_AP,2022-11-10,66.2,51.8,12
CHD_AP,2022-11-11,68.0,42.8,13
CHD_AP,2022-11-12,69.8,41.0,14
CHD_AP,2022-11-13,68.0,42.8,16
CHD_AP,2022-11-14,64.4,39.2,16
CHD_AP,2022-11-15,69.8,39.2,16
CHD_AP,2022-11-16,69.8,50.0,14
CHD_AP,2022-11-17,69.8,42.8,14
CHD_AP,2022-11-18,68.0,42.8,15
CHD_AP,2022-11-19,71.6,41.0,16
CHD_AP,2022-11-20,69.8,50.0,15
CHD_AP,2022-11-21,71.6,44.6,16
CHD_AP,2022-11-22,73.4,46.4,16
CHD_AP,2022-11-23,69.8,42.8,14
CHD_AP,2022-11-24,69.8,48.2,16
CHD_AP,2022-11-25,69.8,44.6,17
CHD_AP,2022-11-26,68.0,39.2,15
CHD_AP,2022-11-27,68.0,39.2,15
CHD_AP,2022-11-28,69.8,41.0,15
CHD_AP,2022-11-29,66.2,44.6,16
CHD_AP,2022-11-30,69.8,42.8,15
CHD_AP,2022-12-01,73.4,42.8,16
CHD_AP,2022-12-02,68.0,50.0,15
CHD_AP,2022-12-03,55.4,46.4,18
CHD_AP,2022-12-04,64.4,57.2,12
CHD_AP,2022-12-05,69.8,59.0,17
CHD_AP,2022-12-06,66.2,53.6,16
CHD_AP,2022-12-07,64.4,50.0,15
CHD_AP,2022-12-08,66.2,42.8,16
CHD_AP,2022-12-09,64.4,42.8,16
CHD_AP,2022-12-10,64.4,39.2,15
CHD_AP,2022-12-11,69.8,39.2,16
CHD_AP,2022-12-12,55.4,46.4,14
CHD_AP,2022-12-13,53.6,44.6,14
CHD_AP,2022-12-14,53.6,35.6,14
CHD_AP,2022-12-15,55.4,35.6,14
CHD_AP,2022-12-16,57.2,39.2,16
CHD_AP,2022-12-17,60.8,33.8,15
CHD_AP,2022-12-18,60.8,44.6,18
CHD_AP,2022-12-19,62.6,35.6,16
CHD_AP,2022-12-20,62.6,39.2,16
CHD_AP,2022-12-22,62.6,37.4,16
CHD_AP,2022-12-23,66.2,41.0,16
CHD_AP,2022-12-24,68.0,39.2,16
CHD_AP,2022-12-25,71.6,41.0,16
CHD_AP,2022-12-26,71.6,41.0,15
CHD_AP,2022-12-27,73.4,42.8,15
CHD_AP,2022-12-28,57.2,51.8,16
CHD_AP,2022-12-29,62.6,44.6,15
CHD_AP,2022-12-30,60.8,53.6,15
CHD_AP,2022-12-31,68.0,48.2,16
CHD_AP,2023-01-01,57.2,48.2,20
CHD_AP,2023-01-02,57.2,46.4,15
CHD_AP,2023-01-03,60.8,48.2,15
CHD_AP,2023-01-04,64.4,48.2,15
CHD_AP,2023-01-05,62.6,44.6,16
CHD_AP,2023-01-06,60.8,44.6,12
CHD_AP,2023-01-07,66.2,39.2,12
CHD_AP,2023-01-08,69.8,41.0,15
CHD_AP,2023-01-09,68.0,42.8,16
CHD_AP,2023-01-10,71.6,44.6,16
CHD_AP,2023-01-11,64.4,46.4,16
CHD_AP,2023-01-12,73.4,39.2,15
CHD_AP,2023-01-13,75.2,46.4,16
CHD_AP,2023-01-14,64.4,44.6,15
CHD_AP,2023-01-15,60.8,51.8,14
CHD_AP,2023-01-16,59.0,50.0,15
CHD_AP,2023-01-17,57.2,48.2,16
CHD_AP,2023-01-18,57.2,42.8,16
CHD_AP,2023-01-19,57.2,37.4,15
CHD_AP,2023-01-20,55.4,46.4,16
CHD_AP,2023-01-21,57.2,35.6,16
CHD_AP,2023-01-22,59.0,33.8,17
CHD_AP,2023-01-23,48.2,37.4,16
CHD_AP,2023-01-24,53.6,33.8,16
CHD_AP,2023-01-25,59.0,33.8,15
CHD_AP,2023-01-26,62.6,41.0,16
CHD_AP,2023-01-27,60.8,33.8,16
CHD_AP,2023-01-28,62.6,33.8,14
CHD_AP,2023-01-29,69.8,35.6,16
CHD_AP,2023-01-30,60.8,42.8,16
CHD_AP,2023-01-31,62.6,44.6,16
CHD_AP,2023-02-01,66.2,41.0,15
CHD_AP,2023-02-02,66.2,39.2,14
CHD_AP,2023-02-03,75.2,41.0,15
CHD_AP,2023-02-04,75.2,41.0,13
CHD_AP,2023-02-05,71.6,42.8,12
CHD_AP,2023-02-06,66.2,46.4,16
CHD_AP,2023-02-07,66.2,41.0,16
CHD_AP,2023-02-08,66.2,37.4,15
CHD_AP,2023-02-09,68.0,37.4,16
CHD_AP,2023-02-10,71.6,44.6,16
CHD_AP,2023-02-11,73.4,51.8,16
CHD_AP,2023-02-12,78.8,41.0,14
CHD_AP,2023-02-13,55.4,48.2,16
CHD_AP,2023-02-14,60.8,46.4,16
CHD_AP,2023-02-15,53.6,37.4,14
CHD_AP,2023-02-16,57.2,33.8,15
CHD_AP,2023-02-17,66.2,44.6,16
CHD_AP,2023-02-18,71.6,46.4,16
CHD_AP,2023-02-19,71.6,50.0,16
CHD_AP,2023-02-20,75.2,51.8,16
CHD_AP,2023-02-21,62.6,53.6,16
CHD_AP,2023-02-22,59.0,46.4,16
CHD_AP,2023-02-23,59.0,44.6,16
CHD_AP,2023-02-24,64.4,41.0,16
CHD_AP,2023-02-25,75.2,48.2,15
CHD_AP,2023-02-26,57.2,44.6,16
CHD_AP,2023-02-27,62.6,39.2,16
CHD_AP,2023-02-28,62.6,41.0,16
CHD_AP,2023-03-01,66.2,42.8,17
CHD_AP,2023-03-02,53.6,39.2,14
CHD_AP,2023-03-03,59.0,39.2,15
CHD_AP,2023-03-04,68.0,42.8,14
CHD_AP,2023-03-05,71.6,44.6,15
CHD_AP,2023-03-06,71.6,48.2,17
CHD_AP,2023-03-07,71.6,55.4,16
CHD_AP,2023-03-08,75.2,46.4,15
CHD_AP,2023-03-09,73.4,46.4,13
CHD_AP,2023-03-10,77.0,46.4,16
CHD_AP,2023-03-11,75.2,59.0,14
CHD_AP,2023-03-12,78.8,53.6,16
CHD_AP,2023-03-13,77.0,51.8,14
CHD_AP,2023-03-14,78.8,51.8,16
CHD_AP,2023-03-15,62.6,59.0,17
CHD_AP,2023-03-16,68.0,51.8,14
CHD_AP,2023-03-17,71.6,48.2,16
CHD_AP,2023-03-18,73.4,51.8,15
CHD_AP,2023-03-19,71.6,57.2,16
CHD_AP,2023-03-20,71.6,53.6,16
CHD_AP,2023-03-21,73.4,62.6,15
CHD_AP,2023-03-22,62.6,51.8,16
CHD_AP,2023-03-23,68.0,46.4,16
CHD_AP,2023-03-24,68.0,46.4,15
CHD_AP,2023-03-26,68.0,42.8,15
CHD_AP,2023-03-27,71.6,44.6,16
CHD_AP,2023-03-28,78.8,42.8,16
CHD_AP,2023-03-29,82.4,48.2,12
CHD_AP,2023-03-30,64.4,53.6,12
CHD_AP,2023-03-31,71.6,44.6,14
CHD_AP,2023-04-01,80.6,46.4,16
CHD_AP,2023-04-02,80.6,48.2,16
CHD_AP,2023-04-03,82.4,51.8,12
CHD_AP,2023-04-04,60.8,46.4,16
CHD_AP,2023-04-05,68.0,39.2,14
CHD_AP,2023-04-06,78.8,42.8,16
CHD_AP,2023-04-07,82.4,46.4,15
CHD_AP,2023-04-08,84.2,50.0,14
CHD_AP,2023-04-09,87.8,51.8,16
CHD_AP,2023-04-10,98.6,55.4,16
CHD_AP,2023-04-11,98.6,60.8,16
CHD_AP,2023-04-12,93.2,60.8,16
CHD_AP,2023-04-13,84.2,69.8,13
CHD_AP,2023-04-14,78.8,57.2,15
CHD_AP,2023-04-15,84.2,53.6,16
CHD_AP,2023-04-16,89.6,59.0,14
CHD_AP,2023-04-17,91.4,55.4,15
CHD_AP,2023-04-18,86.0,59.0,16
CHD_AP,2023-04-19,80.6,62.6,16
CHD_AP,2023-04-20,84.2,51.8,13
CHD_AP,2023-04-21,87.8,53.6,14
CHD_AP,2023-04-22,91.4,59.0,13
CHD_AP,2023-04-23,93.2,60.8,16
CHD_AP,2023-04-24,91.4,59.0,16
CHD_AP,2023-04-25,89.6,62.6,15
CHD_AP,2023-04-26,87.8,64.4,15
CHD_AP,2023-04-27,93.2,57.2,16
CHD_AP,2023-04-28,96.8,62.6,14
CHD_AP,2023-04-29,98.6,66.2,14
CHD_AP,2023-05-02,89.6,64.4,14
CHD_AP,2023-05-03,87.8,64.4,16
CHD_AP,2023-05-04,80.6,64.4,16
CHD_AP,2023-05-05,80.6,57.2,15
CHD_AP,2023-05-06,84.2,60.8,13
CHD_AP,2023-05-07,87.8,59.0,16
CHD_AP,2023-05-08,91.4,57.2,17
CHD_AP,2023-05-09,93.2,60.8,16
CHD_AP,2023-05-10,78.8,64.4,16
CHD_AP,2023-05-11,87.8,59.0,15
CHD_AP,2023-05-12,93.2,66.2,13
CHD_AP,2023-05-13,96.8,71.6,14
CHD_AP,2023-05-14,100.4,78.8,17
CHD_AP,2023-05-15,100.4,78.8,16
CHD_AP,2023-05-16,100.4,78.8,16
CHD_AP,2023-05-17,96.8,71.6,13
CHD_AP,2023-05-18,98.6,75.2,16
CHD_AP,2023-05-19,89.6,75.2,16
CHD_AP,2023-05-20,96.8,68.0,14
CHD_AP,2023-05-21,98.6,73.4,16
CHD_AP,2023-05-22,98.6,77.0,14
CHD_AP,2023-05-23,100.4,71.6,17
CHD_AP,2023-05-24,96.8,69.8,16
CHD_AP,2023-05-25,96.8,68.0,15
CHD_AP,2023-05-26,95.0,68.0,15
CHD_AP,2023-05-27,95.0,62.6,12
CHD_AP,2023-05-28,98.6,66.2,15
CHD_AP,2023-05-29,100.4,71.6,15
CHD_AP,2023-05-30,96.8,68.0,15
CHD_AP,2023-05-31,91.4,66.2,16
CHD_AP,2023-06-01,89.6,64.4,14
CHD_AP,2023-06-02,93.2,68.0,16
CHD_AP,2023-06-03,98.6,68.0,17
CHD_AP,2023-06-04,100.4,71.6,15
CHD_AP,2023-06-05,104.0,71.6,16
CHD_AP,2023-06-06,98.6,68.0,14
CHD_AP,2023-06-07,96.8,66.2,15
CHD_AP,2023-06-08,95.0,64.4,14
CHD_AP,2023-06-09,93.2,66.2,15
CHD_AP,2023-06-10,98.6,64.4,15
CHD_AP,2023-06-11,91.4,69.8,16
CHD_AP,2023-06-12,89.6,66.2,15
CHD_AP,2023-06-13,93.2,69.8,16
CHD_AP,2023-06-14,98.6,69.8,15
CHD_AP,2023-06-15,98.6,75.2,16
CHD_AP,2023-06-16,100.4,71.6,15
CHD_AP,2023-06-17,102.2,71.6,16
CHD_AP,2023-06-18,105.8,75.2,16
CHD_AP,2023-06-19,104.0,77.0,16
CHD_AP,2023-06-20,102.2,77.0,16
CHD_AP,2023-06-21,102.2,73.4,16
CHD_AP,2023-06-22,104.0,68.0,16
CHD_AP,2023-06-23,98.6,75.2,16
CHD_AP,2023-06-24,102.2,64.4,15
CHD_AP,2023-06-25,107.6,69.8,16
CHD_AP,2023-06-26,107.6,80.6,14
CHD_AP,2023-06-27,105.8,75.2,14
CHD_AP,2023-06-28,105.8,75.2,16
CHD_AP,2023-06-29,104.0,77.0,15
CHD_AP,2023-06-30,105.8,77.0,14
CHD_AP,2023-07-01,109.4,75.2,16
CHD_AP,2023-07-02,111.2,77.0,16
CHD_AP,2023-07-03,113.0,78.8,15
CHD_AP,2023-07-04,109.4,86.0,16
CHD_AP,2023-07-05,107.6,80.6,15
CHD_AP,2023-07-06,113.0,80.6,15
CHD_AP,2023-07-07,109.4,86.0,15
CHD_AP,2023-07-08,109.4,80.6,14
CHD_AP,2023-07-09,107.6,87.8,14
CHD_AP,2023-07-10,107.6,86.0,15
CHD_AP,2023-07-11,107.6,86.0,16
CHD_AP,2023-07-12,107.6,87.8,15
CHD_AP,2023-07-13,111.2,87.8,14
CHD_AP,2023-07-14,113.0,86.0,14
CHD_AP,2023-07-15,114.8,87.8,13
CHD_AP,2023-07-16,111.2,89.6,14
CHD_AP,2023-07-17,113.0,91.4,18
CHD_AP,2023-07-18,114.8,91.4,15
CHD_AP,2023-07-19,116.6,87.8,15
CHD_AP,2023-07-20,114.8,87.8,14
CHD_AP,2023-07-21,113.0,89.6,15
CHD_AP,2023-07-22,113.0,91.4,12
CHD_AP,2023-07-24,113.0,91.4,15
CHD_AP,2023-07-25,114.8,89.6,14
CHD_AP,2023-07-26,114.8,87.8,17
CHD_AP,2023-07-27,113.0,84.2,16
CHD_AP,2023-07-28,113.0,91.4,15
CHD_AP,2023-07-29,111.2,91.4,16
CHD_AP,2023-07-30,107.6,95.0,16
CHD_AP,2023-07-31,104.0,82.4,16
CHD_AP,2023-08-01,104.0,80.6,15
CHD_AP,2023-08-02,107.6,87.8,15
CHD_AP,2023-08-03,109.4,82.4,15
CHD_AP,2023-08-04,111.2,82.4,15
CHD_AP,2023-08-07,107.6,87.8,15
CHD_AP,2023-08-08,107.6,82.4,17
CHD_AP,2023-08-09,107.6,86.0,16
CHD_AP,2023-08-10,104.0,89.6,16
CHD_AP,2023-08-11,104.0,86.0,15
CHD_AP,2023-08-12,104.0,84.2,15
CHD_AP,2023-08-13,105.8,82.4,14
CHD_AP,2023-08-14,104.0,87.8,16
CHD_AP,2023-08-15,107.6,87.8,15
CHD_AP,2023-08-16,109.4,89.6,16
CHD_AP,2023-08-17,111.2,89.6,15
CHD_AP,2023-08-18,104.0,87.8,15
CHD_AP,2023-08-19,93.2,84.2,12
CHD_AP,2023-08-20,100.4,82.4,16
CHD_AP,2023-08-21,89.6,78.8,14
CHD_AP,2023-08-22,102.2,75.2,15
CHD_AP,2023-08-23,104.0,80.6,15
CHD_AP,2023-08-24,102.2,86.0,16
CHD_AP,2023-08-25,107.6,84.2,16
CHD_AP,2023-08-26,109.4,87.8,15
CHD_AP,2023-08-27,111.2,87.8,17
CHD_AP,2023-08-28,113.0,91.4,16
CHD_AP,2023-08-29,113.0,87.8,13
CHD_AP,2023-08-30,109.4,89.6,15
CHD_AP,2023-08-31,107.6,86.0,14
CHD_AP,2023-09-01,87.8,77.0,13
CHD_AP,2023-09-02,95.0,77.0,16
CHD_AP,2023-09-03,100.4,77.0,15
CHD_AP,2023-09-04,100.4,78.8,16
CHD_AP,2023-09-05,102.2,71.6,16
CHD_AP,2023-09-06,104.0,73.4,16
CHD_AP,2023-09-07,105.8,73.4,16
CHD_AP,2023-09-08,107.6,78.8,15
CHD_AP,2023-09-09,111.2,80.6,14
CHD_AP,2023-09-10,111.2,84.2,16
CHD_AP,2023-09-11,104.0,82.4,16
CHD_AP,2023-09-12,96.8,84.2,15
CHD_AP,2023-09-13,96.8,78.8,16
CHD_AP,2023-09-14,98.6,77.0,16
CHD_AP,2023-09-15,100.4,73.4,15
CHD_AP,2023-09-16,102.2,73.4,15
CHD_AP,2023-09-17,102.2,75.2,16
CHD_AP,2023-09-18,100.4,71.6,16
CHD_AP,2023-09-19,96.8,69.8,16
CHD_AP,2023-09-20,98.6,71.6,16
CHD_AP,2023-09-21,96.8,68.0,15
CHD_AP,2023-09-22,93.2,73.4,14
CHD_AP,2023-09-23,95.0,71.6,16
CHD_AP,2023-09-24,98.6,69.8,16
CHD_AP,2023-09-25,100.4,69.8,16
CHD_AP,2023-09-26,102.2,71.6,14
CHD_AP,2023-09-28,100.4,69.8,16
CHD_AP,2023-09-29,98.6,68.0,14
CHD_AP,2023-09-30,98.6,68.0,16
CHD_AP,2023-10-01,87.8,68.0,16
CHD_AP,2023-10-02,84.2,62.6,16
CHD_AP,2023-10-03,86.0,60.8,13
CHD_AP,2023-10-04,91.4,62.6,15
CHD_AP,2023-10-05,96.8,62.6,15
CHD_AP,2023-10-06,102.2,64.4,13
CHD_AP,2023-10-07,100.4,82.4,14
CHD_AP,2023-10-08,98.6,78.8,14
CHD_AP,2023-10-09,98.6,77.0,16
CHD_AP,2023-10-10,95.0,71.6,15
CHD_AP,2023-10-11,93.2,68.0,17
CHD_AP,2023-10-12,87.8,64.4,15
CHD_AP,2023-10-13,87.8,59.0,12
CHD_AP,2023-10-14,91.4,64.4,16
CHD_AP,2023-10-15,98.6,60.8,16
CHD_AP,2023-10-16,102.2,68.0,16
CHD_AP,2023-10-17,98.6,69.8,16
CHD_AP,2023-10-18,98.6,64.4,16
CHD_AP,2023-10-19,100.4,66.2,15
CHD_AP,2023-10-20,102.2,66.2,15
CHD_AP,2023-10-21,98.6,66.2,14
CHD_AP,2023-10-22,95.0,66.2,15
CHD_AP,2023-10-23,87.8,68.0,14
CHD_AP,2023-10-24,84.2,64.4,14
CHD_AP,2023-10-25,82.4,64.4,17
CHD_AP,2023-10-26,82.4,62.6,17
CHD_AP,2023-10-27,87.8,60.8,14
CHD_AP,2023-10-28,84.2,57.2,16
CHD_AP,2023-10-29,77.0,53.6,14
CHD_AP,2023-10-30,78.8,59.0,16
CHD_AP,2023-10-31,95.0,55.4,15
CHD_AP,2023-11-01,82.4,55.4,15
CHD_AP,2023-11-02,84.2,53.6,16
CHD_AP,2023-11-03,86.0,51.8,16
CHD_AP,2023-11-04,86.0,50.0,16
CHD_AP,2023-11-05,91.4,53.6,16
CHD_AP,2023-11-06,91.4,57.2,16
CHD_AP,2023-11-07,87.8,59.0,14
CHD_AP,2023-11-08,78.8,53.6,16
CHD_AP,2023-11-09,75.2,46.4,14
CHD_AP,2023-11-10,75.2,46.4,16
CHD_AP,2023-11-11,77.0,50.0,15
CHD_AP,2023-11-12,82.4,55.4,16
CHD_AP,2023-11-13,86.0,60.8,15
CHD_AP,2023-11-14,86.0,64.4,16
CHD_AP,2023-11-15,86.0,62.6,15
CHD_AP,2023-11-16,77.0,64.4,14
CHD_AP,2023-11-17,78.8,64.4,15
CHD_AP,2023-11-20,73.4,51.8,16
CHD_AP,2023-11-21,77.0,59.0,15
CHD_AP,2023-11-22,75.2,53.6,16
CHD_AP,2023-11-23,71.6,48.2,12
CHD_AP,2023-11-24,71.6,48.2,12
CHD_AP,2023-11-25,68.0,51.8,15
CHD_AP,2023-11-26,69.8,41.0,15
CHD_AP,2023-11-27,73.4,50.0,16
CHD_AP,2023-11-28,77.0,55.4,16
CHD_AP,2023-11-29,69.8,48.2,15
CHD_AP,2023-11-30,64.4,53.6,12
CHD_AP,2023-12-02,64.4,44.6,15
CHD_AP,2023-12-03,66.2,41.0,16
CHD_AP,2023-12-04,68.0,42.8,15
CHD_AP,2023-12-05,80.6,44.6,15
CHD_AP,2023-12-06,82.4,48.2,12
CHD_AP,2023-12-07,75.2,48.2,15
CHD_AP,2023-12-08,69.8,46.4,15
CHD_AP,2023-12-09,66.2,46.4,14
CHD_AP,2023-12-10,69.8,37.4,15
CHD_AP,2023-12-11,69.8,39.2,16
CHD_AP,2023-12-12,69.8,42.8,15
CHD_AP,2023-12-13,68.0,39.2,15
CHD_AP,2023-12-14,66.2,39.2,16
CHD_AP,2023-12-16,78.8,46.4,15
CHD_AP,2023-12-17,77.0,42.8,13
CHD_AP,2023-12-18,73.4,46.4,16
CHD_AP,2023-12-19,71.6,55.4,17
CHD_AP,2023-12-20,75.2,57.2,16
CHD_AP,2023-12-21,77.0,48.2,14
CHD_AP,2023-12-22,59.0,55.4,17
CHD_AP,2023-12-23,57.2,50.0,14
CHD_AP,2023-12-24,60.8,44.6,15
CHD_AP,2023-12-26,60.8,41.0,14
CHD_AP,2023-12-27,62.6,37.4,16
CHD_AP,2023-12-28,64.4,39.2,15
CHD_AP,2023-12-29,69.8,37.4,14
CHD_AP,2023-12-30,75.2,44.6,16
CHD_AP,2023-12-31,62.6,41.0,16
CHD_AP,2024-01-01,60.8,42.8,16
CHD_AP,2024-01-02,64.4,42.8,16
CHD_AP,2024-01-03,62.6,41.0,17
CHD_AP,2024-01-04,57.2,41.0,15
CHD_AP,2024-01-05,57.2,37.4,16
CHD_AP,2024-01-06,59.0,35.6,14
CHD_AP,2024-01-07,51.8,42.8,16
CHD_AP,2024-01-08,51.8,32.0,16
CHD_AP,2024-01-09,53.6,32.0,17
CHD_AP,2024-01-10,57.2,32.0,16
CHD_AP,2024-01-11,57.2,42.8,17
CHD_AP,2024-01-12,55.4,32.0,16
CHD_AP,2024-01-13,60.8,32.0,14
CHD_AP,2024-01-14,64.4,37.4,14
CHD_AP,2024-01-15,66.2,37.4,15
CHD_AP,2024-01-16,66.2,39.2,16
CHD_AP,2024-01-17,66.2,39.2,16
CHD_AP,2024-01-18,73.4,41.0,16
CHD_AP,2024-01-19,73.4,44.6,16
CHD_AP,2024-01-20,66.2,46.4,17
CHD_AP,2024-01-21,59.0,51.8,16
CHD_AP,2024-01-22,64.4,50.0,15
CHD_AP,2024-01-23,60.8,51.8,15
CHD_AP,2024-01-24,60.8,51.8,16
CHD_AP,2024-01-25,64.4,46.4,17
CHD_AP,2024-01-26,68.0,44.6,16
CHD_AP,2024-01-27,73.4,42.8,16
CHD_AP,2024-01-28,77.0,46.4,14
CHD_AP,2024-01-29,82.4,51.8,14
CHD_AP,2024-01-30,77.0,48.2,12
CHD_AP,2024-01-31,77.0,51.8,14
CHD_AP,2024-02-01,77.0,53.6,14
CHD_AP,2024-02-02,62.6,51.8,16
CHD_AP,2024-02-03,60.8,46.4,15
CHD_AP,2024-02-04,68.0,46.4,15
CHD_AP,2024-02-05,73.4,46.4,14
CHD_AP,2024-02-06,64.4,57.2,16
CHD_AP,2024-02-07,60.8,50.0,15
CHD_AP,2024-02-08,59.0,42.8,17
CHD_AP,2024-02-09,57.2,39.2,15
CHD_AP,2024-02-10,55.4,42.8,15
CHD_AP,2024-02-11,59.0,37.4,16
CHD_AP,2024-02-12,64.4,39.2,14
CHD_AP,2024-02-14,68.0,41.0,16
CHD_AP,2024-02-15,69.8,42.8,15
CHD_AP,2024-02-16,69.8,44.6,16
CHD_AP,2024-02-17,71.6,44.6,15
CHD_AP,2024-02-18,73.4,48.2,16
CHD_AP,2024-02-19,75.2,48.2,12
CHD_AP,2024-02-20,78.8,50.0,15
CHD_AP,2024-02-21,71.6,51.8,15
CHD_AP,2024-02-22,71.6,50.0,14
CHD_AP,2024-02-23,77.0,48.2,16
CHD_AP,2024-02-24,77.0,50.0,15
CHD_AP,2024-02-25,78.8,51.8,15
CHD_AP,2024-02-26,73.4,60.8,13
CHD_AP,2024-02-27,73.4,55.4,15
CHD_AP,2024-02-28,73.4,50.0,15
CHD_AP,2024-02-29,73.4,50.0,16
CHD_AP,2024-03-01,75.2,48.2,16
CHD_AP,2024-03-02,77.0,48.2,14
CHD_AP,2024-03-03,69.8,51.8,14
CHD_AP,2024-03-05,73.4,46.4,15
CHD_AP,2024-03-06,71.6,53.6,16
CHD_AP,2024-03-07,62.6,50.0,16
CHD_AP,2024-03-08,68.0,51.8,15
CHD_AP,2024-03-09,73.4,48.2,15
CHD_AP,2024-03-10,77.0,50.0,15
CHD_AP,2024-03-11,78.8,51.8,15
CHD_AP,2024-03-12,77.0,48.2,13
CHD_AP,2024-03-13,73.4,48.2,15
CHD_AP,2024-03-14,69.8,50.0,16
CHD_AP,2024-03-15,60.8,50.0,18
CHD_AP,2024-03-16,64.4,42.8,17
CHD_AP,2024-03-17,66.2,51.8,16
CHD_AP,2024-03-18,75.2,46.4,14
CHD_AP,2024-03-19,75.2,50.0,14
CHD_AP,2024-03-20,77.0,51.8,16
CHD_AP,2024-03-21,80.6,50.0,14
CHD_AP,2024-03-22,84.2,55.4,14
CHD_AP,2024-03-23,80.6,57.2,14
CHD_AP,2024-03-24,64.4,50.0,15
CHD_AP,2024-03-25,68.0,44.6,15
CHD_AP,2024-03-26,71.6,51.8,15
CHD_AP,2024-03-27,75.2,48.2,15
CHD_AP,2024-03-28,78.8,50.0,15
CHD_AP,2024-03-29,82.4,53.6,16
CHD_AP,2024-03-31,53.6,50.0,13
CHD_AP,2024-04-01,62.6,48.2,16
CHD_AP,2024-04-03,80.6,60.8,12
CHD_AP,2024-04-04,86.0,53.6,16
CHD_AP,2024-04-05,68.0,59.0,15
CHD_AP,2024-04-06,66.2,44.6,16
CHD_AP,2024-04-07,73.4,46.4,15
CHD_AP,2024-04-08,73.4,48.2,15
CHD_AP,2024-04-09,82.4,48.2,14
CHD_AP,2024-04-10,84.2,51.8,15
CHD_AP,2024-04-11,91.4,55.4,14
CHD_AP,2024-04-12,91.4,60.8,16
CHD_AP,2024-04-15,75.2,53.6,15
CHD_AP,2024-04-16,84.2,55.4,16
CHD_AP,2024-04-17,89.6,59.0,16
CHD_AP,2024-04-18,91.4,60.8,16
CHD_AP,2024-04-19,91.4,62.6,14
CHD_AP,2024-04-20,93.2,62.6,15
CHD_AP,2024-04-21,96.8,64.4,16
CHD_AP,2024-04-22,100.4,64.4,15
CHD_AP,2024-04-23,95.0,66.2,15
CHD_AP,2024-04-24,89.6,62.6,14
CHD_AP,2024-04-25,82.4,66.2,15
CHD_AP,2024-04-26,80.6,57.2,14
CHD_AP,2024-04-27,78.8,59.0,15
CHD_AP,2024-04-28,84.2,57.2,16
CHD_AP,2024-04-29,89.6,59.0,15
CHD_AP,2024-05-01,91.4,66.2,16
CHD_AP,2024-05-02,89.6,64.4,16
CHD_AP,2024-05-03,91.4,66.2,16
CHD_AP,2024-05-04,93.2,64.4,15
CHD_AP,2024-05-05,87.8,69.8,16
CHD_AP,2024-05-06,84.2,55.4,16
CHD_AP,2024-05-07,89.6,55.4,16
CHD_AP,2024-05-08,87.8,59.0,16
CHD_AP,2024-05-09,86.0,57.2,16
CHD_AP,2024-05-10,89.6,59.0,16
CHD_AP,2024-05-11,91.4,60.8,16
CHD_AP,2024-05-12,91.4,64.4,16
CHD_AP,2024-05-13,100.4,64.4,12
CHD_AP,2024-05-15,95.0,69.8,15
CHD_AP,2024-05-16,95.0,69.8,16
CHD_AP,2024-05-17,98.6,66.2,15
CHD_AP,2024-05-18,100.4,69.8,15
CHD_AP,2024-05-19,96.8,75.2,16
CHD_AP,2024-05-20,89.6,68.0,18
CHD_AP,2024-05-21,93.2,60.8,15
CHD_AP,2024-05-22,95.0,60.8,16
CHD_AP,2024-05-23,95.0,62.6,16
CHD_AP,2024-05-24,96.8,64.4,15
CHD_AP,2024-05-25,89.6,71.6,16
CHD_AP,2024-05-26,95.0,66.2,16
CHD_AP,2024-05-27,98.6,68.0,13
CHD_AP,2024-05-28,102.2,68.0,14
CHD_AP,2024-05-29,100.4,68.0,16
CHD_AP,2024-05-30,100.4,71.6,15
CHD_AP,2024-05-31,104.0,69.8,16
CHD_AP,2024-06-01,104.0,68.0,16
CHD_AP,2024-06-02,102.2,68.0,16
CHD_AP,2024-06-03,100.4,68.0,16
CHD_AP,2024-06-04,100.4,71.6,16
CHD_AP,2024-06-05,105.8,73.4,16
CHD_AP,2024-06-06,109.4,77.0,15
CHD_AP,2024-06-07,109.4,80.6,16
CHD_AP,2024-06-08,105.8,78.8,16
CHD_AP,2024-06-09,104.0,77.0,15
CHD_AP,2024-06-10,104.0,75.2,16
CHD_AP,2024-06-11,109.4,75.2,14
CHD_AP,2024-06-12,107.6,75.2,16
CHD_AP,2024-06-13,105.8,82.4,16
CHD_AP,2024-06-14,104.0,78.8,15
CHD_AP,2024-06-15,109.4,78.8,16
CHD_AP,2024-06-16,109.4,78.8,14
CHD_AP,2024-06-17,105.8,75.2,15
CHD_AP,2024-06-18,102.2,75.2,16
CHD_AP,2024-06-19,104.0,78.8,13
CHD_AP,2024-06-20,111.2,75.2,16
CHD_AP,2024-06-21,111.2,91.4,12
CHD_AP,2024-06-22,100.4,89.6,15
CHD_AP,2024-06-23,105.8,86.0,15
CHD_AP,2024-06-24,107.6,86.0,12
CHD_AP,2024-06-25,104.0,84.2,16
CHD_AP,2024-06-26,107.6,84.2,15
CHD_AP,2024-06-27,109.4,89.6,16
CHD_AP,2024-06-28,109.4,91.4,15
CHD_AP,2024-06-29,105.8,86.0,15
CHD_AP,2024-06-30,109.4,87.8,15
CHD_AP,2024-07-01,105.8,86.0,15
CHD_AP,2024-07-02,111.2,87.8,15
CHD_AP,2024-07-03,111.2,86.0,14
CHD_AP,2024-07-04,111.2,89.6,15
CHD_AP,2024-07-05,114.8,86.0,16
CHD_AP,2024-07-06,111.2,84.2,16
CHD_AP,2024-07-07,113.0,89.6,14
CHD_AP,2024-07-08,114.8,84.2,15
CHD_AP,2024-07-09,113.0,87.8,16
CHD_AP,2024-07-10,113.0,86.0,15
CHD_AP,2024-07-11,111.2,87.8,16
CHD_AP,2024-07-12,111.2,86.0,15
CHD_AP,2024-07-13,109.4,89.6,13
CHD_AP,2024-07-14,105.8,87.8,16
CHD_AP,2024-07-15,105.8,84.2,16
CHD_AP,2024-07-16,107.6,87.8,15
CHD_AP,2024-07-17,107.6,87.8,16
CHD_AP,2024-07-18,109.4,89.6,16
CHD_AP,2024-07-19,109.4,86.0,15
CHD_AP,2024-07-22,107.6,84.2,14
CHD_AP,2024-07-23,109.4,87.8,14
CHD_AP,2024-07-24,111.2,89.6,15
CHD_AP,2024-07-25,111.2,87.8,15
CHD_AP,2024-07-26,107.6,80.6,16
CHD_AP,2024-07-27,109.4,86.0,16
CHD_AP,2024-07-28,107.6,84.2,15
CHD_AP,2024-07-29,104.0,89.6,13
CHD_AP,2024-07-30,105.8,87.8,14
CHD_AP,2024-07-31,105.8,84.2,17
CHD_AP,2024-08-01,104.0,84.2,16
CHD_AP,2024-08-02,107.6,87.8,16
CHD_AP,2024-08-03,111.2,89.6,16
CHD_AP,2024-08-04,113.0,89.6,15
CHD_AP,2024-08-05,107.6,86.0,16
CHD_AP,2024-08-06,107.6,87.8,16
CHD_AP,2024-08-07,98.6,77.0,14
CHD_AP,2024-08-08,104.0,84.2,15
CHD_AP,2024-08-09,104.0,86.0,16
CHD_AP,2024-08-12,104.0,84.2,16
CHD_AP,2024-08-13,104.0,87.8,17
CHD_AP,2024-08-14,105.8,87.8,16
CHD_AP,2024-08-15,107.6,86.0,14
CHD_AP,2024-08-16,109.4,89.6,15
CHD_AP,2024-08-17,109.4,91.4,15
CHD_AP,2024-08-18,100.4,77.0,16
CHD_AP,2024-08-19,107.6,82.4,16
CHD_AP,2024-08-20,109.4,89.6,15
CHD_AP,2024-08-21,100.4,86.0,15
CHD_AP,2024-08-22,105.8,82.4,16
CHD_AP,2024-08-23,105.8,82.4,16
CHD_AP,2024-08-24,102.2,80.6,13
CHD_AP,2024-08-25,104.0,84.2,17
CHD_AP,2024-08-26,104.0,78.8,16
CHD_AP,2024-08-27,104.0,80.6,15
CHD_AP,2024-08-28,98.6,86.0,16
CHD_AP,2024-08-29,105.8,80.6,16
CHD_AP,2024-08-30,105.8,78.8,16
CHD_AP,2024-08-31,105.8,84.2,16
CHD_AP,2024-09-01,104.0,82.4,16
CHD_AP,2024-09-03,104.0,84.2,15
CHD_AP,2024-09-04,105.8,80.6,16
CHD_AP,2024-09-05,111.2,84.2,15
CHD_AP,2024-09-06,107.6,89.6,16
CHD_AP,2024-09-07,104.0,86.0,14
CHD_AP,2024-09-08,104.0,84.2,15
CHD_AP,2024-09-09,105.8,80.6,16
CHD_AP,2024-09-10,105.8,75.2,16
CHD_AP,2024-09-11,105.8,77.0,16
CHD_AP,2024-09-12,104.0,77.0,12
CHD_AP,2024-09-13,104.0,75.2,15
CHD_AP,2024-09-14,100.4,80.6,15
CHD_AP,2024-09-15,102.2,80.6,15
CHD_AP,2024-09-16,98.6,80.6,16
CHD_AP,2024-09-17,93.2,75.2,15
CHD_AP,2024-09-18,93.2,69.8,15
CHD_AP,2024-09-19,95.0,68.0,16
CHD_AP,2024-09-20,93.2,73.4,16
CHD_AP,2024-09-21,87.8,71.6,14
CHD_AP,2024-09-22,95.0,68.0,14
CHD_AP,2024-09-23,100.4,69.8,15
CHD_AP,2024-09-24,104.0,71.6,16
CHD_AP,2024-09-25,107.6,75.2,13
CHD_AP,2024-09-26,105.8,78.8,15
CHD_AP,2024-09-27,109.4,77.0,16
CHD_AP,2024-09-28,113.0,80.6,12
CHD_AP,2024-09-29,109.4,86.0,16
CHD_AP,2024-09-30,104.0,78.8,15
CHD_AP,2024-10-01,109.4,77.0,15
CHD_AP,2024-10-02,104.0,80.6,16
CHD_AP,2024-10-03,104.0,73.4,16
CHD_AP,2024-10-04,105.8,73.4,15
CHD_AP,2024-10-05,105.8,73.4,15
CHD_AP,2024-10-06,107.6,73.4,16
CHD_AP,2024-10-07,105.8,73.4,16
CHD_AP,2024-10-08,102.2,73.4,16
CHD_AP,2024-10-09,102.2,73.4,16
CHD_AP,2024-10-10,104.0,73.4,16
CHD_AP,2024-10-11,100.4,71.6,15
CHD_AP,2024-10-12,100.4,68.0,15
CHD_AP,2024-10-13,98.6,68.0,15
CHD_AP,2024-10-14,98.6,69.8,15
CHD_AP,2024-10-15,95.0,66.2,16
CHD_AP,2024-10-16,95.0,64.4,16
CHD_AP,2024-10-17,87.8,64.4,16
CHD_AP,2024-10-18,75.2,62.6,16
CHD_AP,2024-10-19,69.8,55.4,13
CHD_AP,2024-10-20,78.8,51.8,16
CHD_AP,2024-10-21,86.0,53.6,16
CHD_AP,2024-10-22,91.4,55.4,16
CHD_AP,2024-10-23,93.2,59.0,16
CHD_AP,2024-10-24,93.2,60.8,16
CHD_AP,2024-10-25,93.2,59.0,14
CHD_AP,2024-10-26,96.8,59.0,13
CHD_AP,2024-10-27,95.0,62.6,15
CHD_AP,2024-10-28,91.4,59.0,16
CHD_AP,2024-10-29,73.4,60.8,15
CHD_AP,2024-10-30,73.4,50.0,15
CHD_AP,2024-11-01,78.8,48.2,15
CHD_AP,2024-11-03,71.6,55.4,15
CHD_AP,2024-11-04,68.0,48.2,14
CHD_AP,2024-11-05,71.6,44.6,16
CHD_AP,2024-11-06,68.0,46.4,16
CHD_AP,2024-11-07,62.6,48.2,16
CHD_AP,2024-11-08,66.2,39.2,15
CHD_AP,2024-11-09,73.4,41.0,12
CHD_AP,2024-11-10,80.6,44.6,15
CHD_AP,2024-11-11,78.8,50.0,16
CHD_AP,2024-11-12,73.4,46.4,15
CHD_AP,2024-11-13,77.0,42.8,16
CHD_AP,2024-11-14,82.4,44.6,17
CHD_AP,2024-11-15,71.6,46.4,12
CHD_AP,2024-11-17,68.0,44.6,16
CHD_AP,2024-11-18,68.0,42.8,15
CHD_AP,2024-11-19,68.0,42.8,14
CHD_AP,2024-11-20,77.0,41.0,16
CHD_AP,2024-11-21,80.6,41.0,14
CHD_AP,2024-11-22,80.6,42.8,14
CHD_AP,2024-11-23,77.0,46.4,16
CHD_AP,2024-11-24,75.2,46.4,16
CHD_AP,2024-11-25,77.0,51.8,16
CHD_AP,2024-11-26,77.0,48.2,16
CHD_AP,2024-11-27,73.4,57.2,16
CHD_AP,2024-11-28,71.6,48.2,14
CHD_AP,2024-11-29,73.4,46.4,16
CHD_AP,2024-12-01,77.0,46.4,16
CHD_AP,2024-12-02,78.8,46.4,16
CHD_AP,2024-12-04,75.2,46.4,16
CHD_AP,2024-12-05,77.0,46.4,16
CHD_AP,2024-12-06,77.0,53.6,15
CHD_AP,2024-12-07,75.2,50.0,12
CHD_AP,2024-12-08,73.4,46.4,14
CHD_AP,2024-12-09,71.6,44.6,16
CHD_AP,2024-12-10,64.4,48.2,15
CHD_AP,2024-12-11,68.0,35.6,16
CHD_AP,2024-12-12,73.4,46.4,16
CHD_AP,2024-12-13,68.0,44.6,16
CHD_AP,2024-12-17,68.0,39.2,14
CHD_AP,2024-12-18,80.6,39.2,16
CHD_AP,2024-12-19,78.8,42.8,16
CHD_AP,2024-12-20,80.6,44.6,15
CHD_AP,2024-12-21,77.0,42.8,16
CHD_AP,2024-12-22,73.4,41.0,16
CHD_AP,2024-12-23,75.2,48.2,15
CHD_AP,2024-12-24,75.2,44.6,15
CHD_AP,2024-12-25,68.0,48.2,15
CHD_AP,2024-12-26,62.6,42.8,15
CHD_AP,2024-12-27,66.2,39.2,16
CHD_AP,2024-12-28,66.2,39.2,16
CHD_AP,2024-12-29,73.4,41.0,16
CHD_AP,2024-12-30,71.6,41.0,15
CHD_AP,2024-12-31,69.8,41.0,15
CHD_AP,2025-01-01,71.6,39.2,16
CHD_AP,2025-01-02,73.4,41.0,14
CHD_AP,2025-01-03,77.0,42.8,15
CHD_AP,2025-01-04,69.8,39.2,15
CHD_AP,2025-01-05,68.0,39.2,15
CHD_AP,2025-01-06,68.0,37.4,15
CHD_AP,2025-01-07,66.2,42.8,16
CHD_AP,2025-01-08,62.6,53.6,15
CHD_AP,2025-01-09,60.8,35.6,15
CHD_AP,2025-01-10,60.8,35.6,16
CHD_AP,2025-01-11,60.8,33.8,15
CHD_AP,2025-01-12,60.8,32.0,16
CHD_AP,2025-01-13,59.0,33.8,16
CHD_AP,2025-01-14,64.4,30.2,15
CHD_AP,2025-01-15,71.6,35.6,16
CHD_AP,2025-01-16,75.2,42.8,15
CHD_AP,2025-01-17,64.4,44.6,15
CHD_AP,2025-01-18,64.4,37.4,15
CHD_AP,2025-01-19,64.4,35.6,16
CHD_AP,2025-01-20,64.4,35.6,16
CHD_AP,2025-01-21,59.0,37.4,16
CHD_AP,2025-01-22,62.6,32.0,15
CHD_AP,2025-01-23,62.6,46.4,14
CHD_AP,2025-01-24,66.2,35.6,12
CHD_AP,2025-01-25,69.8,42.8,14
CHD_AP,2025-01-26,69.8,39.2,16
CHD_AP,2025-01-28,59.0,44.6,16
CHD_AP,2025-01-29,55.4,44.6,16
CHD_AP,2025-01-30,60.8,41.0,16
CHD_AP,2025-02-01,69.8,42.8,12
CHD_AP,2025-02-02,77.0,44.6,16
CHD_AP,2025-02-03,80.6,46.4,16
CHD_AP,2025-02-04,84.2,51.8,16
CHD_AP,2025-02-05,77.0,50.0,16
CHD_AP,2025-02-06,77.0,46.4,14
CHD_AP,2025-02-07,75.2,48.2,16
CHD_AP,2025-02-08,75.2,50.0,15
CHD_AP,2025-02-09,73.4,48.2,15
CHD_AP,2025-02-10,75.2,50.0,15
CHD_AP,2025-02-11,68.0,48.2,16
CHD_AP,2025-02-12,60.8,51.8,16
CHD_AP,2025-02-13,68.0,42.8,16
CHD_AP,2025-02-14,69.8,57.2,16
CHD_AP,2025-02-15,68.0,44.6,16
CHD_AP,2025-02-16,71.6,46.4,16
CHD_AP,2025-02-17,73.4,46.4,16
CHD_AP,2025-02-18,73.4,46.4,14
CHD_AP,2025-02-19,75.2,44.6,16
CHD_AP,2025-02-20,75.2,50.0,16
CHD_AP,2025-02-21,73.4,44.6,16
CHD_AP,2025-02-22,75.2,44.6,16
CHD_AP,2025-02-23,78.6,42.8,63
CHD_AP,2025-02-24,82.4,44.6,38
CHD_AP,2025-02-25,86.0,50.0,16
CHD_AP,2025-02-26,86.0,51.8,27
CHD_AP,2025-02-27,80.6,59.0,40
CHD_AP,2025-02-28,77.0,48.2,38
CHD_AP,2025-03-01,78.8,48.9,44
CHD_AP,2025-03-02,75.2,50.0,43
CHD_AP,2025-03-03,64.6,48.2,42
CHD_AP,2025-03-04,68.0,41.0,43
CHD_AP,2025-03-05,75.2,44.6,39
CHD_AP,2025-03-06,68.0,58.8,42
CHD_AP,2025-03-07,60.4,44.6,40
CHD_AP,2025-03-08,62.6,42.8,43
CHD_AP,2025-03-09,73.4,44.4,39
CHD_AP,2025-03-10,82.4,48.2,41
CHD_AP,2025-03-11,77.0,51.8,44
CHD_AP,2025-03-12,71.6,53.6,43
CHD_AP,2025-03-13,73.4,49.3,44
CHD_AP,2025-03-14,55.4,41.9,43
CHD_AP,2025-03-15,62.6,44.4,43
CHD_AP,2025-03-16,71.6,46.4,41
CHD_AP,2025-03-17,78.8,51.8,43
CHD_AP,2025-03-18,68.0,55.4,41
CHD_AP,2025-03-19,69.8,47.7,42
CHD_AP,2025-03-20,77.0,45.1,44
CHD_AP,2025-03-21,80.6,48.2,43
CHD_AP,2025-03-22,84.2,51.4,41
CHD_AP,2025-03-23,84.2,55.4,43
CHD_AP,2025-03-24,91.4,57.0,41
CHD_AP,2025-03-25,95.0,59.0,43
CHD_AP,2025-03-26,91.4,62.6,43
CHD_AP,2025-03-27,89.6,60.3,42
CHD_AP,2025-03-28,80.6,59.0,37
CHD_AP,2025-03-29,77.0,59.0,37
CHD_AP,2025-03-30,80.6,51.8,43
CHD_AP,2025-03-31,78.8,57.2,43
CHD_AP,2025-04-01,71.6,59.0,43
CHD_AP,2025-04-02,64.4,51.8,43
CHD_AP,2025-04-03,64.4,44.6,43
CHD_AP,2025-04-04,68.0,53.6,42
CHD_AP,2025-04-05,75.2,54.3,43
CHD_AP,2025-04-06,77.0,51.6,42
CHD_AP,2025-04-07,82.4,53.1,42
CHD_AP,2025-04-08,87.8,55.4,42
CHD_AP,2025-04-09,93.2,55.4,43
CHD_AP,2025-04-10,96.8,60.4,43
CHD_AP,2025-04-11,98.6,59.9,42
CHD_AP,2025-04-12,96.8,60.8,43
CHD_AP,2025-04-13,91.4,66.2,43
CHD_AP,2025-04-14,89.6,62.6,42
CHD_AP,2025-04-15,91.4,62.6,43
CHD_AP,2025-04-16,91.4,62.6,43
CHD_AP,2025-04-17,77.0,60.8,43
CHD_AP,2025-04-18,75.2,51.1,44
CHD_AP,2025-04-19,69.8,50.0,43
CHD_AP,2025-04-20,80.6,51.8,43
CHD_AP,2025-04-21,87.8,55.4,42
CHD_AP,2025-04-22,89.6,57.2,43
CHD_AP,2025-04-23,87.8,60.8,43
CHD_AP,2025-04-24,87.8,59.4,42
CHD_AP,2025-04-25,89.6,61.9,43
CHD_AP,2025-04-26,82.4,60.8,41
CHD_AP,2025-04-27,75.2,53.6,43
CHD_AP,2025-04-28,77.0,51.8,43
CHD_AP,2025-04-29,84.2,58.6,43
CHD_AP,2025-04-30,87.8,57.2,43
CHD_AP,2025-05-01,89.6,59.7,43
CHD_AP,2025-05-02,91.4,60.1,43
CHD_AP,2025-05-03,91.4,61.5,41
CHD_AP,2025-05-04,80.6,61.7,43
CHD_AP,2025-05-05,69.8,55.9,41
CHD_AP,2025-05-06,73.4,58.3,42
CHD_AP,2025-05-07,82.4,56.8,43
CHD_AP,2025-05-08,89.6,58.6,43
CHD_AP,2025-05-09,100.4,66.0,43
CHD_AP,2025-05-10,98.6,76.6,43
CHD_AP,2025-05-11,100.4,72.7,41
CHD_AP,2025-05-12,98.6,73.4,43
CHD_AP,2025-05-13,86.0,68.5,43
CHD_AP,2025-05-14,80.6,62.2,43
CHD_AP,2025-05-15,86.0,57.2,43
CHD_AP,2025-05-16,91.4,60.8,43
CHD_AP,2025-05-17,91.4,63.7,43
CHD_AP,2025-05-18,84.2,64.4,43
CHD_AP,2025-05-19,91.4,62.1,42
CHD_AP,2025-05-20,95.0,64.8,41
CHD_AP,2025-05-21,98.6,64.4,43
CHD_AP,2025-05-22,104.0,67.6,43
CHD_AP,2025-05-23,102.2,66.2,43
CHD_AP,2025-05-24,96.8,68.0,43
CHD_AP,2025-05-25,95.0,65.8,43
CHD_AP,2025-05-26,96.8,64.4,43
CHD_AP,2025-05-27,96.8,66.6,42
CHD_AP,2025-05-28,100.4,64.4,43
CHD_AP,2025-05-29,96.8,71.6,43
CHD_AP,2025-05-30,102.2,66.9,43
CHD_AP,2025-05-31,98.6,77.0,43
CHD_AP,2025-06-01,86.0,68.0,44
CHD_AP,2025-06-02,86.0,67.5,43
CHD_AP,2025-06-03,95.0,73.4,43
CHD_AP,2025-06-04,95.0,74.3,43
CHD_AP,2025-06-05,98.6,73.4,43
CHD_AP,2025-06-06,100.4,73.4,43
CHD_AP,2025-06-07,100.4,75.2,43
CHD_AP,2025-06-08,104.0,72.0,43
CHD_AP,2025-06-09,105.8,70.7,43
CHD_AP,2025-06-10,105.8,71.6,41
CHD_AP,2025-06-11,105.8,75.9,42
CHD_AP,2025-06-12,107.6,76.5,43
CHD_AP,2025-06-13,104.0,78.8,42
CHD_AP,2025-06-14,105.8,75.2,42
CHD_AP,2025-06-15,113.0,75.6,43
CHD_AP,2025-06-16,113.0,75.2,43
CHD_AP,2025-06-17,107.6,73.4,42
CHD_AP,2025-06-18,109.4,76.6,43
CHD_AP,2025-06-19,114.8,76.6,43
CHD_AP,2025-06-20,107.6,80.6,43
CHD_AP,2025-06-21,104.0,81.5,43
CHD_AP,2025-06-22,98.6,74.1,43
CHD_AP,2025-06-23,102.2,78.8,43
CHD_AP,2025-06-24,102.2,73.4,43
CHD_AP,2025-06-25,100.4,73.4,43
CHD_AP,2025-06-26,102.2,73.4,43
CHD_AP,2025-06-27,104.0,75.2,43
CHD_AP,2025-06-28,105.8,79.7,42
CHD_AP,2025-06-29,109.4,80.4,37
CHD_AP,2025-06-30,113.0,82.0,42
CHD_AP,2025-07-01,109.4,87.8,43
CHD_AP,2025-07-02,105.8,75.7,45
CHD_AP,2025-07-03,96.8,75.2,43
CHD_AP,2025-07-04,100.4,78.4,42
CHD_AP,2025-07-05,104.0,82.9,43
CHD_AP,2025-07-06,107.6,78.1,43
CHD_AP,2025-07-07,109.4,84.6,42
CHD_AP,2025-07-08,111.2,87.8,43
CHD_AP,2025-07-09,114.8,83.8,43
CHD_AP,2025-07-10,111.2,86.0,42
CHD_AP,2025-07-11,107.6,86.0,43
CHD_AP,2025-07-12,105.8,84.2,41
CHD_AP,2025-07-13,105.8,83.7,43
CHD_AP,2025-07-14,105.8,84.2,42
CHD_AP,2025-07-15,104.0,84.2,26
CHD_AP,2025-07-16,91.4,80.6,43
CHD_AP,2025-07-17,100.4,81.3,43
CHD_AP,2025-07-18,104.0,82.4,42
CHD_AP,2025-07-19,104.0,82.4,43
CHD_AP,2025-07-20,93.9,84.7,43
CHD_AP,2025-07-21,100.4,82.4,39
CHD_AP,2025-07-22,98.6,83.7,43
CHD_AP,2025-07-23,100.4,80.6,43
CHD_AP,2025-07-24,104.0,73.4,43
CHD_AP,2025-07-25,105.8,73.4,43
CHD_AP,2025-07-26,105.8,73.4,42
CHD_AP,2025-07-27,105.8,76.5,42
CHD_AP,2025-07-28,109.4,78.8,41
CHD_AP,2025-07-29,107.6,81.1,42
CHD_AP,2025-07-30,109.4,80.6,43
CHD_AP,2025-07-31,107.6,83.7,40
CHD_AP,2025-08-01,109.4,84.2,43
CHD_AP,2025-08-02,111.2,83.8,43
CHD_AP,2025-08-03,111.2,77.0,43
CHD_AP,2025-08-04,111.2,80.1,41
CHD_AP,2025-08-05,111.2,84.9,43
CHD_AP,2025-08-06,114.8,85.1,43
CHD_AP,2025-08-07,114.8,87.1,43
CHD_AP,2025-08-08,111.2,86.4,43
CHD_AP,2025-08-09,109.4,88.7,43
CHD_AP,2025-08-10,105.8,86.2,43
CHD_AP,2025-08-11,107.6,85.8,43
CHD_AP,2025-08-12,109.4,84.2,42
CHD_AP,2025-08-13,107.6,85.5,43
CHD_AP,2025-08-14,104.0,83.7,43
CHD_AP,2025-08-15,98.6,73.9,43
CHD_AP,2025-08-16,102.2,78.8,43
CHD_AP,2025-08-17,102.2,80.6,43
CHD_AP,2025-08-18,104.0,78.8,43
CHD_AP,2025-08-19,105.8,82.4,43
CHD_AP,2025-08-20,109.4,86.0,42
CHD_AP,2025-08-21,111.2,89.6,37
CHD_AP,2025-08-22,107.6,87.8,39
CHD_AP,2025-08-23,107.6,87.8,42
CHD_AP,2025-08-24,107.6,87.8,43
CHD_AP,2025-08-25,95.4,87.6,14
GYR_AP,2016-01-01,64.4,32.0,15
GYR_AP,2016-01-02,68.0,46.4,16
GYR_AP,2016-01-03,69.8,48.2,16
GYR_AP,2016-01-04,60.8,53.6,16
GYR_AP,2016-01-05,55.4,51.8,17
GYR_AP,2016-01-06,60.8,50.0,16
GYR_AP,2016-01-07,55.4,48.2,17
GYR_AP,2016-01-08,55.4,42.8,16
GYR_AP,2016-01-09,57.2,37.4,15
GYR_AP,2016-01-10,55.4,42.8,15
GYR_AP,2016-01-11,60.8,37.4,19
GYR_AP,2016-01-12,64.4,37.4,18
GYR_AP,2016-01-13,64.4,37.4,15
GYR_AP,2016-01-14,62.6,39.2,16
GYR_AP,2016-01-15,59.0,41.0,16
GYR_AP,2016-01-16,60.8,37.4,16
GYR_AP,2016-01-17,66.2,39.2,16
GYR_AP,2016-01-18,64.4,42.8,16
GYR_AP,2016-01-19,69.8,41.0,16
GYR_AP,2016-01-20,68.0,42.8,16
GYR_AP,2016-01-21,69.8,44.6,16
GYR_AP,2016-01-22,73.4,42.8,16
GYR_AP,2016-01-23,69.8,46.4,16
GYR_AP,2016-01-24,66.2,44.6,16
GYR_AP,2016-01-25,64.4,44.6,16
GYR_AP,2016-01-26,66.2,44.6,15
GYR_AP,2016-01-27,68.0,42.8,15
GYR_AP,2016-01-28,69.8,42.8,16
GYR_AP,2016-01-29,69.8,42.8,16
GYR_AP,2016-01-30,71.6,44.6,16
GYR_AP,2016-01-31,77.0,44.6,16
GYR_AP,2016-02-01,53.6,46.4,16
GYR_AP,2016-02-02,55.4,37.4,16
GYR_AP,2016-02-03,55.4,35.6,15
GYR_AP,2016-02-04,60.8,33.8,16
GYR_AP,2016-02-05,69.8,42.8,16
GYR_AP,2016-02-06,71.6,41.0,15
GYR_AP,2016-02-07,75.2,42.8,16
GYR_AP,2016-02-08,82.4,55.4,15
GYR_AP,2016-02-09,86.0,46.4,16
GYR_AP,2016-02-10,82.4,48.2,15
GYR_AP,2016-02-11,80.6,48.2,16
GYR_AP,2016-02-12,84.2,48.2,14
GYR_AP,2016-02-13,82.4,48.2,16
GYR_AP,2016-02-14,80.6,48.2,16
GYR_AP,2016-02-15,82.4,51.8,15
GYR_AP,2016-02-16,86.0,51.8,16
GYR_AP,2016-02-17,87.8,51.8,16
GYR_AP,2016-02-18,78.8,55.4,16
GYR_AP,2016-02-19,78.8,57.2,16
GYR_AP,2016-02-20,82.4,51.8,16
GYR_AP,2016-02-21,82.4,50.0,15
GYR_AP,2016-02-22,86.0,50.0,16
GYR_AP,2016-02-23,73.4,53.6,16
GYR_AP,2016-02-24,75.2,50.0,15
GYR_AP,2016-02-25,80.6,46.4,16
GYR_AP,2016-02-26,86.0,51.8,16
GYR_AP,2016-02-27,84.2,53.6,16
GYR_AP,2016-02-28,82.4,53.6,16
GYR_AP,2016-02-29,86.0,53.6,16
GYR_AP,2016-03-01,86.0,55.4,15
GYR_AP,2016-03-02,86.0,55.4,15
GYR_AP,2016-03-03,87.8,55.4,16
GYR_AP,2016-03-04,86.0,55.4,16
GYR_AP,2016-03-05,80.6,53.6,14
GYR_AP,2016-03-06,78.8,60.8,14
GYR_AP,2016-03-07,68.0,48.2,16
GYR_AP,2016-03-08,73.4,48.2,16
GYR_AP,2016-03-09,78.8,46.4,16
GYR_AP,2016-03-10,86.0,55.4,15
GYR_AP,2016-03-11,82.4,55.4,16
GYR_AP,2016-03-12,71.6,51.8,16
GYR_AP,2016-03-13,75.2,51.8,16
GYR_AP,2016-03-14,77.0,55.4,15
GYR_AP,2016-03-15,86.0,53.6,16
GYR_AP,2016-03-16,86.0,57.2,15
GYR_AP,2016-03-17,86.0,53.6,16
GYR_AP,2016-03-18,87.8,53.6,16
GYR_AP,2016-03-19,89.6,59.0,16
GYR_AP,2016-03-20,89.6,62.6,16
GYR_AP,2016-03-21,91.4,57.2,16
GYR_AP,2016-03-22,80.6,62.6,16
GYR_AP,2016-03-23,73.4,53.6,16
GYR_AP,2016-03-24,78.8,51.8,16
GYR_AP,2016-03-25,86.0,51.8,15
GYR_AP,2016-03-26,86.0,59.0,16
GYR_AP,2016-03-27,86.0,51.8,16
GYR_AP,2016-03-28,82.4,60.8,16
GYR_AP,2016-03-29,68.0,55.4,16
GYR_AP,2016-03-30,68.0,51.8,16
GYR_AP,2016-03-31,78.8,46.4,16
GYR_AP,2016-04-01,78.8,51.8,15
GYR_AP,2016-04-02,84.2,53.6,16
GYR_AP,2016-04-03,87.8,55.4,16
GYR_AP,2016-04-04,91.4,57.2,16
GYR_AP,2016-04-05,91.4,62.6,15
GYR_AP,2016-04-06,95.0,68.0,16
GYR_AP,2016-04-07,87.8,69.8,14
GYR_AP,2016-04-08,78.8,62.6,16
GYR_AP,2016-04-09,82.4,59.0,16
GYR_AP,2016-04-10,69.8,57.2,16
GYR_AP,2016-04-11,73.4,53.6,15
GYR_AP,2016-04-12,80.6,59.0,16
GYR_AP,2016-04-13,86.0,60.8,15
GYR_AP,2016-04-14,89.6,60.8,16
GYR_AP,2016-04-15,84.2,64.4,16
GYR_AP,2016-04-16,82.4,57.2,16
GYR_AP,2016-04-17,82.4,62.6,16
GYR_AP,2016-04-18,87.8,55.4,16
GYR_AP,2016-04-19,89.6,60.8,16
GYR_AP,2016-04-20,95.0,62.6,16
GYR_AP,2016-04-21,96.8,60.8,16
GYR_AP,2016-04-22,96.8,66.2,16
GYR_AP,2016-04-23,87.8,66.2,16
GYR_AP,2016-04-24,87.8,60.8,16
GYR_AP,2016-04-25,82.4,66.2,16
GYR_AP,2016-04-26,78.8,57.2,16
GYR_AP,2016-04-27,82.4,55.4,16
GYR_AP,2016-04-28,75.2,60.8,16
GYR_AP,2016-04-29,80.6,62.6,16
GYR_AP,2016-04-30,80.6,62.6,18
GYR_AP,2016-05-01,78.8,57.2,16
GYR_AP,2016-05-02,87.8,60.8,16
GYR_AP,2016-05-03,93.2,66.2,15
GYR_AP,2016-05-04,100.4,64.4,16
GYR_AP,2016-05-05,98.6,69.8,16
GYR_AP,2016-05-06,78.8,62.6,18
GYR_AP,2016-05-07,78.8,55.4,16
GYR_AP,2016-05-08,80.6,60.8,15
GYR_AP,2016-05-09,86.0,59.0,15
GYR_AP,2016-05-10,89.6,64.4,16
GYR_AP,2016-05-11,93.2,66.2,16
GYR_AP,2016-05-12,100.4,66.2,19
GYR_AP,2016-05-13,100.4,71.6,16
GYR_AP,2016-05-14,100.4,78.8,16
GYR_AP,2016-05-15,95.0,69.8,16
GYR_AP,2016-05-16,91.4,66.2,16
GYR_AP,2016-05-17,91.4,68.0,15
GYR_AP,2016-05-18,86.0,68.0,16
GYR_AP,2016-05-19,93.2,69.8,15
GYR_AP,2016-05-20,98.6,73.4,15
GYR_AP,2016-05-21,91.4,66.2,16
GYR_AP,2016-05-23,89.6,64.4,16
GYR_AP,2016-05-24,89.6,66.2,16
GYR_AP,2016-05-25,91.4,57.2,16
GYR_AP,2016-05-26,86.0,64.4,16
GYR_AP,2016-05-27,93.2,66.2,16
GYR_AP,2016-05-28,98.6,66.2,16
GYR_AP,2016-05-29,96.8,69.8,16
GYR_AP,2016-05-30,91.4,64.4,16
GYR_AP,2016-05-31,96.8,69.8,15
GYR_AP,2016-06-01,102.2,75.2,16
GYR_AP,2016-06-02,105.8,75.2,15
GYR_AP,2016-06-03,111.2,78.8,15
GYR_AP,2016-06-04,113.0,78.8,16
GYR_AP,2016-06-05,111.2,82.4,16
GYR_AP,2016-06-06,109.4,82.4,16
GYR_AP,2016-06-07,105.8,77.0,16
GYR_AP,2016-06-08,105.8,77.0,15
GYR_AP,2016-06-09,105.8,77.0,16
GYR_AP,2016-06-10,98.6,78.8,16
GYR_AP,2016-06-11,100.4,78.8,16
GYR_AP,2016-06-12,102.2,71.6,16
GYR_AP,2016-06-13,98.6,75.2,16
GYR_AP,2016-06-14,98.6,73.4,16
GYR_AP,2016-06-15,100.4,77.0,16
GYR_AP,2016-06-16,102.2,75.2,16
GYR_AP,2016-06-17,104.0,75.2,15
GYR_AP,2016-06-18,109.4,71.6,16
GYR_AP,2016-06-19,116.6,80.6,16
GYR_AP,2016-06-20,114.8,91.4,16
GYR_AP,2016-06-21,109.4,82.4,14
GYR_AP,2016-06-22,111.2,87.8,15
GYR_AP,2016-06-23,111.2,84.2,16
GYR_AP,2016-06-24,109.4,82.4,15
GYR_AP,2016-06-25,105.8,80.6,15
GYR_AP,2016-06-26,105.8,86.0,15
GYR_AP,2016-06-27,107.6,86.0,16
GYR_AP,2016-06-28,109.4,87.8,16
GYR_AP,2016-06-29,105.8,87.8,16
GYR_AP,2016-06-30,96.8,69.8,16
GYR_AP,2016-07-01,100.4,82.4,16
GYR_AP,2016-07-02,102.2,80.6,16
GYR_AP,2016-07-03,105.8,82.4,16
GYR_AP,2016-07-04,107.6,86.0,16
GYR_AP,2016-07-05,107.6,86.0,16
GYR_AP,2016-07-06,105.8,86.0,16
GYR_AP,2016-07-07,105.8,80.6,16
GYR_AP,2016-07-08,107.6,82.4,15
GYR_AP,2016-07-09,109.4,86.0,16
GYR_AP,2016-07-10,109.4,87.8,16
GYR_AP,2016-07-11,107.6,86.0,15
GYR_AP,2016-07-12,107.6,78.8,16
GYR_AP,2016-07-13,107.6,80.6,16
GYR_AP,2016-07-14,111.2,86.0,14
GYR_AP,2016-07-15,111.2,87.8,16
GYR_AP,2016-07-16,107.6,87.8,15
GYR_AP,2016-07-17,102.2,89.6,16
GYR_AP,2016-07-18,104.0,87.8,16
GYR_AP,2016-07-19,105.8,84.2,13
GYR_AP,2016-07-20,105.8,84.2,16
GYR_AP,2016-07-21,109.4,86.0,15
GYR_AP,2016-07-22,111.2,91.4,15
GYR_AP,2016-07-23,109.4,89.6,15
GYR_AP,2016-07-24,107.6,87.8,15
GYR_AP,2016-07-25,105.8,87.8,16
GYR_AP,2016-07-26,109.4,86.0,15
GYR_AP,2016-07-27,111.2,89.6,15
GYR_AP,2016-07-28,109.4,87.8,16
GYR_AP,2016-07-29,111.2,89.6,15
GYR_AP,2016-07-30,102.2,80.6,16
GYR_AP,2016-07-31,102.2,82.4,14
GYR_AP,2016-08-01,98.6,80.6,16
GYR_AP,2016-08-02,96.8,80.6,16
GYR_AP,2016-08-03,100.4,78.8,16
GYR_AP,2016-08-04,100.4,82.4,17
GYR_AP,2016-08-05,96.8,78.8,16
GYR_AP,2016-08-06,105.8,82.4,16
GYR_AP,2016-08-07,107.6,86.0,16
GYR_AP,2016-08-08,109.4,82.4,16
GYR_AP,2016-08-09,98.6,87.8,15
GYR_AP,2016-08-10,100.4,82.4,16
GYR_AP,2016-08-11,96.8,82.4,15
GYR_AP,2016-08-12,102.2,82.4,15
GYR_AP,2016-08-13,107.6,84.2,16
GYR_AP,2016-08-14,105.8,86.0,16
GYR_AP,2016-08-15,107.6,86.0,16
GYR_AP,2016-08-16,109.4,86.0,15
GYR_AP,2016-08-17,107.6,87.8,16
GYR_AP,2016-08-18,102.2,82.4,15
GYR_AP,2016-08-19,102.2,75.2,15
GYR_AP,2016-08-20,98.6,80.6,16
GYR_AP,2016-08-21,98.6,80.6,16
GYR_AP,2016-08-22,96.8,77.0,15
GYR_AP,2016-08-23,96.8,73.4,16
GYR_AP,2016-08-24,102.2,77.0,16
GYR_AP,2016-08-25,100.4,78.8,16
GYR_AP,2016-08-26,98.6,78.8,16
GYR_AP,2016-08-27,95.0,80.6,15
GYR_AP,2016-08-28,100.4,71.6,16
GYR_AP,2016-08-29,104.0,77.0,15
GYR_AP,2016-08-30,107.6,80.6,16
GYR_AP,2016-08-31,104.0,86.0,15
GYR_AP,2016-09-01,100.4,86.0,16
GYR_AP,2016-09-02,102.2,86.0,16
GYR_AP,2016-09-03,102.2,80.6,16
GYR_AP,2016-09-04,100.4,77.0,16
GYR_AP,2016-09-05,100.4,71.6,16
GYR_AP,2016-09-06,98.6,75.2,16
GYR_AP,2016-09-07,86.0,75.2,16
GYR_AP,2016-09-08,93.2,75.2,16
GYR_AP,2016-09-09,100.4,77.0,16
GYR_AP,2016-09-10,104.0,80.6,16
GYR_AP,2016-09-11,100.4,75.2,16
GYR_AP,2016-09-12,98.6,80.6,15
GYR_AP,2016-09-13,96.8,75.2,15
GYR_AP,2016-09-14,96.8,71.6,15
GYR_AP,2016-09-15,96.8,62.6,16
GYR_AP,2016-09-16,96.8,66.2,15
GYR_AP,2016-09-17,98.6,68.0,16
GYR_AP,2016-09-18,102.2,71.6,15
GYR_AP,2016-09-19,98.6,71.6,16
GYR_AP,2016-09-20,89.6,78.8,16
GYR_AP,2016-09-21,96.8,78.8,14
GYR_AP,2016-09-22,84.2,73.4,15
GYR_AP,2016-09-23,86.0,66.2,16
GYR_AP,2016-09-24,89.6,60.8,16
GYR_AP,2016-09-25,95.0,66.2,16
GYR_AP,2016-09-26,89.6,77.0,16
GYR_AP,2016-09-27,87.8,71.6,16
GYR_AP,2016-09-28,95.0,73.4,17
GYR_AP,2016-09-29,91.4,75.2,16
GYR_AP,2016-09-30,96.8,75.2,14
GYR_AP,2016-10-01,95.0,73.4,16
GYR_AP,2016-10-02,82.4,73.4,16
GYR_AP,2016-10-03,86.0,64.4,16
GYR_AP,2016-10-04,86.0,57.2,16
GYR_AP,2016-10-05,87.8,60.8,16
GYR_AP,2016-10-06,89.6,62.6,16
GYR_AP,2016-10-07,93.2,64.4,16
GYR_AP,2016-10-09,95.0,69.8,16
GYR_AP,2016-10-10,95.0,68.0,16
GYR_AP,2016-10-11,95.0,68.0,16
GYR_AP,2016-10-12,91.4,62.6,16
GYR_AP,2016-10-13,91.4,64.4,16
GYR_AP,2016-10-14,95.0,62.6,16
GYR_AP,2016-10-15,91.4,62.6,15
GYR_AP,2016-10-16,93.2,64.4,16
GYR_AP,2016-10-17,87.8,62.6,16
GYR_AP,2016-10-18,87.8,62.6,16
GYR_AP,2016-10-19,91.4,60.8,16
GYR_AP,2016-10-20,95.0,60.8,16
GYR_AP,2016-10-21,96.8,68.0,15
GYR_AP,2016-10-22,102.2,71.6,16
GYR_AP,2016-10-23,95.0,64.4,16
GYR_AP,2016-10-25,89.6,69.8,12
GYR_AP,2016-10-26,95.0,66.2,13
GYR_AP,2016-10-27,98.6,69.8,16
GYR_AP,2016-10-28,91.4,73.4,16
GYR_AP,2016-10-29,95.0,66.2,16
GYR_AP,2016-10-30,91.4,69.8,16
GYR_AP,2016-10-31,82.4,64.4,16
GYR_AP,2016-11-01,78.8,60.8,12
GYR_AP,2016-11-02,82.4,55.4,16
GYR_AP,2016-11-03,86.0,62.6,16
GYR_AP,2016-11-04,78.8,57.2,16
GYR_AP,2016-11-05,80.6,60.8,16
GYR_AP,2016-11-06,82.4,60.8,16
GYR_AP,2016-11-07,86.0,60.8,16
GYR_AP,2016-11-08,91.4,64.4,12
GYR_AP,2016-11-09,84.2,64.4,15
GYR_AP,2016-11-10,80.6,55.4,16
GYR_AP,2016-11-11,82.4,57.2,16
GYR_AP,2016-11-12,82.4,57.2,16
GYR_AP,2016-11-13,84.2,57.2,16
GYR_AP,2016-11-14,86.0,55.4,16
GYR_AP,2016-11-15,84.2,57.2,12
GYR_AP,2016-11-16,75.2,59.0,14
GYR_AP,2016-11-17,71.6,53.6,16
GYR_AP,2016-11-18,75.2,44.6,16
GYR_AP,2016-11-19,82.4,51.8,16
GYR_AP,2016-11-20,71.6,60.8,16
GYR_AP,2016-11-21,68.0,57.2,17
GYR_AP,2016-11-22,68.0,48.2,15
GYR_AP,2016-11-23,73.4,48.2,16
GYR_AP,2016-11-24,77.0,46.4,16
GYR_AP,2016-11-25,78.8,46.4,16
GYR_AP,2016-11-26,69.8,53.6,16
GYR_AP,2016-11-27,62.6,48.2,16
GYR_AP,2016-11-28,59.0,42.8,15
GYR_AP,2016-11-29,60.8,41.0,16
GYR_AP,2016-11-30,60.8,33.8,16
GYR_AP,2016-12-01,60.8,37.4,16
GYR_AP,2016-12-02,60.8,42.8,16
GYR_AP,2016-12-03,69.8,39.2,16
GYR_AP,2016-12-04,69.8,41.0,16
GYR_AP,2016-12-05,66.2,42.8,16
GYR_AP,2016-12-06,66.2,44.6,16
GYR_AP,2016-12-07,64.4,46.4,16
GYR_AP,2016-12-08,66.2,41.0,15
GYR_AP,2016-12-09,69.8,44.6,16
GYR_AP,2016-12-10,69.8,44.6,16
GYR_AP,2016-12-11,71.6,48.2,15
GYR_AP,2016-12-12,73.4,48.2,15
GYR_AP,2016-12-13,73.4,51.8,16
GYR_AP,2016-12-14,73.4,50.0,16
GYR_AP,2016-12-15,73.4,50.0,16
GYR_AP,2016-12-16,73.4,57.2,14
GYR_AP,2016-12-17,60.8,46.4,16
GYR_AP,2016-12-18,64.4,35.6,16
GYR_AP,2016-12-19,71.6,42.8,15
GYR_AP,2016-12-20,71.6,50.0,16
GYR_AP,2016-12-21,69.8,57.2,16
GYR_AP,2016-12-22,62.6,57.2,16
GYR_AP,2016-12-23,62.6,55.4,16
GYR_AP,2016-12-24,57.2,46.4,16
GYR_AP,2016-12-25,53.6,39.2,14
GYR_AP,2016-12-26,60.8,35.6,16
GYR_AP,2016-12-27,66.2,41.0,15
GYR_AP,2016-12-28,60.8,44.6,16
GYR_AP,2016-12-29,75.2,46.4,16
GYR_AP,2016-12-30,69.8,53.6,16
GYR_AP,2016-12-31,60.8,53.6,16
GYR_AP,2017-01-01,55.4,51.8,16
GYR_AP,2017-01-02,57.2,46.4,15
GYR_AP,2017-01-03,60.8,42.8,16
GYR_AP,2017-01-04,66.2,44.6,15
GYR_AP,2017-01-05,66.2,46.4,16
GYR_AP,2017-01-06,64.4,48.2,16
GYR_AP,2017-01-07,64.4,42.8,16
GYR_AP,2017-01-08,71.6,48.2,16
GYR_AP,2017-01-09,62.6,51.8,15
GYR_AP,2017-01-10,69.8,46.4,16
GYR_AP,2017-01-11,64.4,44.6,16
GYR_AP,2017-01-12,68.0,44.6,15
GYR_AP,2017-01-13,62.6,53.6,15
GYR_AP,2017-01-14,66.2,51.8,16
GYR_AP,2017-01-15,59.0,50.0,15
GYR_AP,2017-01-16,60.8,46.4,15
GYR_AP,2017-01-17,62.6,41.0,16
GYR_AP,2017-01-18,64.4,42.8,15
GYR_AP,2017-01-19,57.2,44.6,16
GYR_AP,2017-01-20,53.6,44.6,16
GYR_AP,2017-01-21,60.8,48.2,16
GYR_AP,2017-01-22,60.8,44.6,16
GYR_AP,2017-01-23,57.2,50.0,16
GYR_AP,2017-01-24,55.4,42.8,16
GYR_AP,2017-01-25,55.4,35.6,16
GYR_AP,2017-01-26,57.2,35.6,16
GYR_AP,2017-01-27,59.0,42.8,16
GYR_AP,2017-01-28,64.4,33.8,16
GYR_AP,2017-01-29,73.4,35.6,16
GYR_AP,2017-01-30,73.4,44.6,15
GYR_AP,2017-01-31,71.6,42.8,16
GYR_AP,2017-02-01,73.4,44.6,14
GYR_AP,2017-02-02,71.6,44.6,16
GYR_AP,2017-02-03,69.8,46.4,15
GYR_AP,2017-02-04,75.2,44.6,16
GYR_AP,2017-02-05,73.4,46.4,16
GYR_AP,2017-02-06,66.2,50.0,16
GYR_AP,2017-02-07,71.6,48.2,15
GYR_AP,2017-02-08,75.2,51.8,16
GYR_AP,2017-02-09,80.6,53.6,16
GYR_AP,2017-02-10,82.4,55.4,16
GYR_AP,2017-02-11,75.2,59.0,16
GYR_AP,2017-02-12,73.4,60.8,15
GYR_AP,2017-02-13,73.4,57.2,16
GYR_AP,2017-02-14,73.4,51.8,16
GYR_AP,2017-02-15,75.2,51.8,16
GYR_AP,2017-02-16,73.4,48.2,16
GYR_AP,2017-02-17,75.2,55.4,16
GYR_AP,2017-02-18,66.2,53.6,15
GYR_AP,2017-02-19,60.8,51.8,15
GYR_AP,2017-02-20,68.0,48.2,15
GYR_AP,2017-02-21,73.4,51.8,16
GYR_AP,2017-02-22,75.2,53.6,16
GYR_AP,2017-02-23,62.6,46.4,16
GYR_AP,2017-02-24,62.6,37.4,15
GYR_AP,2017-02-25,64.4,39.2,16
GYR_AP,2017-02-26,68.0,51.8,16
GYR_AP,2017-02-27,60.8,48.2,16
GYR_AP,2017-02-28,64.4,53.6,18
GYR_AP,2017-03-01,69.8,42.8,16
GYR_AP,2017-03-02,78.8,46.4,16
GYR_AP,2017-03-03,78.8,51.8,15
GYR_AP,2017-03-04,77.0,50.0,16
GYR_AP,2017-03-05,73.4,55.4,16
GYR_AP,2017-03-06,64.4,46.4,16
GYR_AP,2017-03-07,73.4,44.6,16
GYR_AP,2017-03-08,82.4,46.4,14
GYR_AP,2017-03-09,86.0,53.6,15
GYR_AP,2017-03-10,87.8,51.8,16
GYR_AP,2017-03-11,87.8,53.6,14
GYR_AP,2017-03-12,87.8,57.2,14
GYR_AP,2017-03-13,91.4,59.0,16
GYR_AP,2017-03-14,93.2,60.8,16
GYR_AP,2017-03-15,89.6,57.2,15
GYR_AP,2017-03-16,91.4,55.4,15
GYR_AP,2017-03-17,93.2,60.8,15
GYR_AP,2017-03-18,93.2,60.8,16
GYR_AP,2017-03-19,93.2,64.4,15
GYR_AP,2017-03-20,93.2,62.6,16
GYR_AP,2017-03-21,89.6,60.8,16
GYR_AP,2017-03-22,78.8,64.4,15
GYR_AP,2017-03-23,71.6,55.4,16
GYR_AP,2017-03-24,77.0,53.6,16
GYR_AP,2017-03-25,82.4,55.4,16
GYR_AP,2017-03-26,80.6,53.6,16
GYR_AP,2017-03-27,82.4,53.6,16
GYR_AP,2017-03-28,78.8,55.4,12
GYR_AP,2017-03-29,84.2,55.4,14
GYR_AP,2017-03-30,89.6,53.6,14
GYR_AP,2017-03-31,66.2,53.6,15
GYR_AP,2017-04-01,73.4,50.0,18
GYR_AP,2017-04-02,80.6,51.8,15
GYR_AP,2017-04-03,84.2,59.0,19
GYR_AP,2017-04-04,80.6,53.6,16
GYR_AP,2017-04-05,84.2,57.2,16
GYR_AP,2017-04-06,89.6,55.4,16
GYR_AP,2017-04-07,89.6,57.2,16
GYR_AP,2017-04-08,87.8,57.2,15
GYR_AP,2017-04-09,80.6,57.2,16
GYR_AP,2017-04-10,82.4,51.8,16
GYR_AP,2017-04-11,87.8,53.6,15
GYR_AP,2017-04-12,89.6,59.0,15
GYR_AP,2017-04-13,93.2,60.8,16
GYR_AP,2017-04-14,87.8,60.8,16
GYR_AP,2017-04-15,86.0,57.2,16
GYR_AP,2017-04-16,89.6,57.2,16
GYR_AP,2017-04-17,91.4,57.2,16
GYR_AP,2017-04-18,91.4,62.6,16
GYR_AP,2017-04-19,89.6,66.2,16
GYR_AP,2017-04-20,93.2,59.0,16
GYR_AP,2017-04-21,95.0,60.8,16
GYR_AP,2017-04-22,93.2,64.4,16
GYR_AP,2017-04-23,98.6,64.4,15
GYR_AP,2017-04-24,91.4,66.2,16
GYR_AP,2017-04-25,87.8,64.4,16
GYR_AP,2017-04-26,89.6,62.6,16
GYR_AP,2017-04-27,89.6,68.0,15
GYR_AP,2017-04-28,86.0,69.8,14
GYR_AP,2017-04-29,82.4,57.2,15
GYR_AP,2017-04-30,87.8,57.2,16
GYR_AP,2017-05-01,93.2,60.8,16
GYR_AP,2017-05-02,95.0,64.4,14
GYR_AP,2017-05-03,98.6,68.0,15
GYR_AP,2017-05-04,102.2,71.6,16
GYR_AP,2017-05-05,107.6,69.8,15
GYR_AP,2017-05-06,95.0,73.4,13
GYR_AP,2017-05-07,73.4,60.8,16
GYR_AP,2017-05-08,80.6,55.4,16
GYR_AP,2017-05-09,73.4,57.2,15
GYR_AP,2017-05-10,78.8,57.2,14
GYR_AP,2017-05-11,89.6,60.8,14
GYR_AP,2017-05-12,96.8,69.8,16
GYR_AP,2017-05-13,98.6,71.6,16
GYR_AP,2017-05-14,91.4,66.2,16
GYR_AP,2017-05-15,82.4,62.6,15
GYR_AP,2017-05-16,78.8,57.2,13
GYR_AP,2017-05-17,84.2,60.8,15
GYR_AP,2017-05-18,86.0,66.2,15
GYR_AP,2017-05-19,86.0,60.8,15
GYR_AP,2017-05-20,95.0,66.2,16
GYR_AP,2017-05-21,98.6,68.0,15
GYR_AP,2017-05-22,102.2,69.8,16
GYR_AP,2017-05-23,104.0,73.4,15
GYR_AP,2017-05-24,107.6,71.6,14
GYR_AP,2017-05-25,98.6,75.2,16
GYR_AP,2017-05-26,93.2,71.6,16
GYR_AP,2017-05-27,95.0,68.0,16
GYR_AP,2017-05-28,100.4,68.0,16
GYR_AP,2017-05-29,102.2,69.8,16
GYR_AP,2017-05-30,102.2,75.2,16
GYR_AP,2017-05-31,98.6,73.4,15
GYR_AP,2017-06-01,96.8,78.8,16
GYR_AP,2017-06-02,100.4,71.6,16
GYR_AP,2017-06-03,105.8,77.0,16
GYR_AP,2017-06-04,105.8,78.8,17
GYR_AP,2017-06-05,105.8,80.6,15
GYR_AP,2017-06-06,105.8,77.0,15
GYR_AP,2017-06-07,105.8,75.2,16
GYR_AP,2017-06-08,102.2,73.4,16
GYR_AP,2017-06-09,105.8,80.6,16
GYR_AP,2017-06-10,100.4,75.2,16
GYR_AP,2017-06-11,98.6,71.6,16
GYR_AP,2017-06-12,91.4,71.6,16
GYR_AP,2017-06-13,93.2,64.4,16
GYR_AP,2017-06-14,102.2,66.2,14
GYR_AP,2017-06-15,105.8,69.8,16
GYR_AP,2017-06-16,107.6,71.6,16
GYR_AP,2017-06-17,109.4,78.8,16
GYR_AP,2017-06-18,113.0,78.8,15
GYR_AP,2017-06-19,116.6,84.2,16
GYR_AP,2017-06-20,118.4,84.2,15
GYR_AP,2017-06-21,116.6,84.2,16
GYR_AP,2017-06-22,111.2,87.8,16
GYR_AP,2017-06-23,111.2,80.6,16
GYR_AP,2017-06-24,114.8,82.4,16
GYR_AP,2017-06-25,114.8,89.6,16
GYR_AP,2017-06-26,111.2,87.8,16
GYR_AP,2017-06-27,109.4,84.2,16
GYR_AP,2017-06-28,107.6,77.0,16
GYR_AP,2017-06-29,105.8,78.8,16
GYR_AP,2017-06-30,107.6,78.8,16
GYR_AP,2017-07-01,109.4,80.6,16
GYR_AP,2017-07-02,107.6,80.6,16
GYR_AP,2017-07-03,105.8,82.4,16
GYR_AP,2017-07-04,109.4,84.2,16
GYR_AP,2017-07-05,111.2,84.2,12
GYR_AP,2017-07-06,111.2,87.8,16
GYR_AP,2017-07-07,116.6,87.8,16
GYR_AP,2017-07-08,111.2,95.0,16
GYR_AP,2017-07-09,107.6,84.2,16
GYR_AP,2017-07-10,109.4,86.0,16
GYR_AP,2017-07-11,104.0,84.2,16
GYR_AP,2017-07-12,107.6,84.2,16
GYR_AP,2017-07-13,107.6,84.2,16
GYR_AP,2017-07-14,107.6,84.2,17
GYR_AP,2017-07-15,107.6,87.8,16
GYR_AP,2017-07-16,102.2,82.4,13
GYR_AP,2017-07-17,98.6,78.8,15
GYR_AP,2017-07-18,100.4,78.8,16
GYR_AP,2017-07-19,98.6,84.2,16
GYR_AP,2017-07-20,102.2,82.4,16
GYR_AP,2017-07-21,102.2,82.4,16
GYR_AP,2017-07-22,105.8,84.2,16
GYR_AP,2017-07-23,100.4,84.2,16
GYR_AP,2017-07-24,87.8,73.4,17
GYR_AP,2017-07-25,100.4,80.6,15
GYR_AP,2017-07-26,102.2,82.4,15
GYR_AP,2017-07-27,107.6,86.0,16
GYR_AP,2017-07-28,98.6,84.2,16
GYR_AP,2017-07-29,102.2,80.6,17
GYR_AP,2017-07-30,96.8,77.0,16
GYR_AP,2017-07-31,104.0,84.2,14
GYR_AP,2017-08-01,96.8,84.2,16
GYR_AP,2017-08-02,98.6,84.2,16
GYR_AP,2017-08-03,104.0,84.2,17
GYR_AP,2017-08-04,102.2,71.6,16
GYR_AP,2017-08-05,104.0,84.2,16
GYR_AP,2017-08-06,104.0,80.6,16
GYR_AP,2017-08-07,105.8,80.6,16
GYR_AP,2017-08-08,105.8,78.8,16
GYR_AP,2017-08-09,109.4,78.8,16
GYR_AP,2017-08-10,105.8,87.8,16
GYR_AP,2017-08-11,105.8,80.6,14
GYR_AP,2017-08-12,102.2,82.4,16
GYR_AP,2017-08-13,98.6,75.2,16
GYR_AP,2017-08-14,102.2,80.6,16
GYR_AP,2017-08-15,100.4,80.6,15
GYR_AP,2017-08-16,100.4,75.2,16
GYR_AP,2017-08-17,102.2,77.0,16
GYR_AP,2017-08-18,104.0,73.4,16
GYR_AP,2017-08-19,102.2,78.8,16
GYR_AP,2017-08-20,100.4,82.4,16
GYR_AP,2017-08-21,102.2,84.2,16
GYR_AP,2017-08-22,107.6,78.8,15
GYR_AP,2017-08-23,105.8,84.2,16
GYR_AP,2017-08-24,102.2,78.8,16
GYR_AP,2017-08-25,107.6,82.4,16
GYR_AP,2017-08-26,109.4,84.2,16
GYR_AP,2017-08-27,109.4,87.8,16
GYR_AP,2017-08-28,109.4,91.4,15
GYR_AP,2017-08-29,109.4,84.2,16
GYR_AP,2017-08-30,107.6,84.2,15
GYR_AP,2017-08-31,107.6,84.2,15
GYR_AP,2017-09-01,107.6,78.8,14
GYR_AP,2017-09-02,100.4,80.6,13
GYR_AP,2017-09-03,100.4,80.6,15
GYR_AP,2017-09-04,102.2,78.8,16
GYR_AP,2017-09-05,105.8,80.6,16
GYR_AP,2017-09-06,107.6,82.4,16
GYR_AP,2017-09-07,102.2,80.6,16
GYR_AP,2017-09-08,96.8,82.4,16
GYR_AP,2017-09-09,93.2,80.6,16
GYR_AP,2017-09-10,102.2,75.2,16
GYR_AP,2017-09-11,105.8,84.2,16
GYR_AP,2017-09-12,107.6,82.4,14
GYR_AP,2017-09-13,107.6,82.4,16
GYR_AP,2017-09-14,100.4,84.2,16
GYR_AP,2017-09-15,96.8,73.4,16
GYR_AP,2017-09-16,96.8,69.8,14
GYR_AP,2017-09-17,95.0,73.4,16
GYR_AP,2017-09-18,96.8,68.0,16
GYR_AP,2017-09-19,98.6,66.2,16
GYR_AP,2017-09-20,96.8,69.8,16
GYR_AP,2017-09-21,96.8,69.8,16
GYR_AP,2017-09-22,87.8,71.6,16
GYR_AP,2017-09-23,84.2,60.8,16
GYR_AP,2017-09-24,84.2,57.2,16
GYR_AP,2017-09-25,98.6,57.2,16
GYR_AP,2017-09-26,87.8,60.8,16
GYR_AP,2017-09-27,89.6,62.6,16
GYR_AP,2017-09-28,93.2,62.6,15
GYR_AP,2017-09-29,96.8,64.4,16
GYR_AP,2017-09-30,96.8,68.0,16
GYR_AP,2017-10-01,96.8,66.2,16
GYR_AP,2017-10-02,100.4,64.4,15
GYR_AP,2017-10-03,93.2,62.6,16
GYR_AP,2017-10-04,96.8,64.4,15
GYR_AP,2017-10-05,96.8,66.2,15
GYR_AP,2017-10-06,96.8,60.8,15
GYR_AP,2017-10-07,93.2,62.6,16
GYR_AP,2017-10-08,93.2,60.8,16
GYR_AP,2017-10-09,87.8,66.2,16
GYR_AP,2017-10-10,91.4,66.2,15
GYR_AP,2017-10-11,93.2,66.2,15
GYR_AP,2017-10-12,91.4,55.4,16
GYR_AP,2017-10-13,93.2,62.6,16
GYR_AP,2017-10-14,91.4,60.8,16
GYR_AP,2017-10-15,96.8,62.6,16
GYR_AP,2017-10-16,96.8,66.2,15
GYR_AP,2017-10-17,96.8,62.6,14
GYR_AP,2017-10-18,95.0,62.6,16
GYR_AP,2017-10-19,95.0,71.6,15
GYR_AP,2017-10-20,86.0,64.4,15
GYR_AP,2017-10-21,82.4,60.8,15
GYR_AP,2017-10-22,91.4,57.2,14
GYR_AP,2017-10-23,95.0,59.0,16
GYR_AP,2017-10-24,98.6,68.0,16
GYR_AP,2017-10-25,93.2,64.4,15
GYR_AP,2017-10-26,91.4,59.0,14
GYR_AP,2017-10-27,91.4,57.2,16
GYR_AP,2017-10-28,91.4,57.2,15
GYR_AP,2017-10-29,89.6,57.2,15
GYR_AP,2017-10-30,84.2,59.0,16
GYR_AP,2017-10-31,78.8,57.2,16
GYR_AP,2017-11-01,82.4,60.8,15
GYR_AP,2017-11-02,78.8,60.8,15
GYR_AP,2017-11-03,78.8,57.2,16
GYR_AP,2017-11-04,80.6,62.6,16
GYR_AP,2017-11-05,78.8,60.8,16
GYR_AP,2017-11-06,80.6,57.2,15
GYR_AP,2017-11-07,80.6,62.6,16
GYR_AP,2017-11-08,82.4,59.0,16
GYR_AP,2017-11-09,84.2,59.0,16
GYR_AP,2017-11-10,82.4,55.4,16
GYR_AP,2017-11-11,84.2,55.4,16
GYR_AP,2017-11-12,84.2,55.4,15
GYR_AP,2017-11-13,87.8,59.0,16
GYR_AP,2017-11-14,84.2,55.4,16
GYR_AP,2017-11-15,82.4,51.8,16
GYR_AP,2017-11-16,84.2,55.4,16
GYR_AP,2017-11-17,80.6,59.0,15
GYR_AP,2017-11-18,78.8,55.4,16
GYR_AP,2017-11-19,80.6,48.2,16
GYR_AP,2017-11-20,75.2,51.8,16
GYR_AP,2017-11-21,78.8,48.2,15
GYR_AP,2017-11-22,86.0,53.6,15
GYR_AP,2017-11-23,87.8,53.6,16
GYR_AP,2017-11-24,84.2,53.6,16
GYR_AP,2017-11-25,84.2,55.4,13
GYR_AP,2017-11-26,86.0,53.6,16
GYR_AP,2017-11-27,78.8,53.6,16
GYR_AP,2017-11-28,73.4,48.2,16
GYR_AP,2017-11-29,75.2,53.6,15
GYR_AP,2017-11-30,75.2,57.2,16
GYR_AP,2017-12-01,77.0,57.2,16
GYR_AP,2017-12-02,82.4,55.4,16
GYR_AP,2017-12-03,80.6,53.6,14
GYR_AP,2017-12-04,71.6,48.2,16
GYR_AP,2017-12-05,64.4,44.6,16
GYR_AP,2017-12-06,73.4,51.8,15
GYR_AP,2017-12-07,66.2,53.6,15
GYR_AP,2017-12-08,64.4,35.6,16
GYR_AP,2017-12-09,73.4,39.2,16
GYR_AP,2017-12-10,78.8,53.6,16
GYR_AP,2017-12-11,75.2,53.6,16
GYR_AP,2017-12-12,71.6,39.2,16
GYR_AP,2017-12-13,75.2,42.8,15
GYR_AP,2017-12-14,71.6,39.2,16
GYR_AP,2017-12-15,71.6,44.6,14
GYR_AP,2017-12-16,66.2,48.2,16
GYR_AP,2017-12-17,62.6,50.0,16
GYR_AP,2017-12-18,66.2,42.8,16
GYR_AP,2017-12-19,64.4,39.2,16
GYR_AP,2017-12-20,66.2,42.8,16
GYR_AP,2017-12-21,55.4,42.8,15
GYR_AP,2017-12-22,57.2,28.4,14
GYR_AP,2017-12-23,60.8,35.6,16
GYR_AP,2017-12-24,68.0,37.4,16
GYR_AP,2017-12-25,64.4,41.0,14
GYR_AP,2017-12-26,69.8,39.2,16
GYR_AP,2017-12-27,69.8,42.8,16
GYR_AP,2017-12-28,73.4,41.0,16
GYR_AP,2017-12-29,77.0,41.0,15
GYR_AP,2017-12-30,73.4,42.8,15
GYR_AP,2017-12-31,68.0,42.8,16
GYR_AP,2018-01-01,73.4,39.2,16
GYR_AP,2018-01-02,73.4,46.4,14
GYR_AP,2018-01-03,75.2,44.6,16
GYR_AP,2018-01-04,77.0,50.0,15
GYR_AP,2018-01-05,77.0,46.4,16
GYR_AP,2018-01-06,73.4,48.2,16
GYR_AP,2018-01-07,73.4,48.2,16
GYR_AP,2018-01-08,73.4,53.6,16
GYR_AP,2018-01-09,78.8,53.6,16
GYR_AP,2018-01-10,62.6,51.8,17
GYR_AP,2018-01-11,66.2,46.4,16
GYR_AP,2018-01-12,69.8,42.8,15
GYR_AP,2018-01-13,78.8,42.8,15
GYR_AP,2018-01-14,75.2,44.6,15
GYR_AP,2018-01-15,71.6,42.8,16
GYR_AP,2018-01-16,71.6,48.2,15
GYR_AP,2018-01-17,69.8,51.8,16
GYR_AP,2018-01-18,73.4,42.8,16
GYR_AP,2018-01-19,73.4,46.4,16
GYR_AP,2018-01-20,62.6,48.2,16
GYR_AP,2018-01-21,59.0,39.2,16
GYR_AP,2018-01-23,68.0,37.4,15
GYR_AP,2018-01-24,73.4,39.2,15
GYR_AP,2018-01-25,73.4,44.6,16
GYR_AP,2018-01-26,66.2,42.8,16
GYR_AP,2018-01-27,73.4,39.2,16
GYR_AP,2018-01-28,80.6,42.8,16
GYR_AP,2018-01-29,82.4,46.4,14
GYR_AP,2018-01-30,78.8,51.8,16
GYR_AP,2018-01-31,78.8,44.6,16
GYR_AP,2018-02-01,78.8,48.2,16
GYR_AP,2018-02-02,78.8,46.4,14
GYR_AP,2018-02-03,77.0,46.4,16
GYR_AP,2018-02-04,78.8,48.2,15
GYR_AP,2018-02-05,78.8,48.2,16
GYR_AP,2018-02-06,78.8,50.0,14
GYR_AP,2018-02-07,75.2,53.6,16
GYR_AP,2018-02-08,80.6,48.2,16
GYR_AP,2018-02-09,80.6,46.4,16
GYR_AP,2018-02-10,77.0,51.8,15
GYR_AP,2018-02-11,75.2,55.4,16
GYR_AP,2018-02-12,66.2,51.8,16
GYR_AP,2018-02-13,71.6,57.2,16
GYR_AP,2018-02-14,59.0,48.2,16
GYR_AP,2018-02-15,64.4,53.6,16
GYR_AP,2018-02-16,64.4,51.8,15
GYR_AP,2018-02-17,69.8,44.6,16
GYR_AP,2018-02-18,71.6,46.4,16
GYR_AP,2018-02-19,64.4,51.8,16
GYR_AP,2018-02-20,57.2,35.6,16
GYR_AP,2018-02-21,60.8,35.6,16
GYR_AP,2018-02-22,60.8,37.4,16
GYR_AP,2018-02-23,60.8,37.4,15
GYR_AP,2018-02-24,59.0,35.6,16
GYR_AP,2018-02-25,64.4,32.0,16
GYR_AP,2018-02-26,66.2,35.6,16
GYR_AP,2018-02-27,66.2,42.8,16
GYR_AP,2018-02-28,59.0,41.0,15
GYR_AP,2018-03-01,68.0,41.0,15
GYR_AP,2018-03-02,73.4,42.8,15
GYR_AP,2018-03-03,73.4,44.6,16
GYR_AP,2018-03-04,66.2,48.2,16
GYR_AP,2018-03-05,71.6,41.0,16
GYR_AP,2018-03-06,77.0,44.6,16
GYR_AP,2018-03-07,78.8,42.8,16
GYR_AP,2018-03-08,80.6,51.8,16
GYR_AP,2018-03-09,82.4,53.6,15
GYR_AP,2018-03-10,73.4,60.8,16
GYR_AP,2018-03-11,75.2,57.2,16
GYR_AP,2018-03-12,82.4,55.4,16
GYR_AP,2018-03-13,84.2,57.2,16
GYR_AP,2018-03-14,84.2,57.2,15
GYR_AP,2018-03-15,71.6,51.8,16
GYR_AP,2018-03-16,71.6,48.2,16
GYR_AP,2018-03-17,69.8,51.8,16
GYR_AP,2018-03-18,66.2,50.0,16
GYR_AP,2018-03-19,71.6,44.6,16
GYR_AP,2018-03-20,78.8,46.4,15
GYR_AP,2018-03-21,82.4,55.4,16
GYR_AP,2018-03-22,86.0,57.2,15
GYR_AP,2018-03-23,82.4,66.2,16
GYR_AP,2018-03-24,80.6,57.2,16
GYR_AP,2018-03-25,73.4,50.0,16
GYR_AP,2018-03-26,73.4,51.8,16
GYR_AP,2018-03-27,75.2,51.8,16
GYR_AP,2018-03-28,78.8,50.0,15
GYR_AP,2018-03-29,86.0,55.4,14
GYR_AP,2018-03-30,89.6,57.2,16
GYR_AP,2018-03-31,91.4,60.8,16
GYR_AP,2018-04-01,91.4,64.4,16
GYR_AP,2018-04-02,87.8,60.8,14
GYR_AP,2018-04-03,86.0,62.6,15
GYR_AP,2018-04-04,87.8,60.8,15
GYR_AP,2018-04-05,89.6,60.8,15
GYR_AP,2018-04-06,91.4,66.2,16
GYR_AP,2018-04-07,93.2,69.8,16
GYR_AP,2018-04-08,91.4,71.6,16
GYR_AP,2018-04-09,93.2,60.8,16
GYR_AP,2018-04-10,96.8,66.2,15
GYR_AP,2018-04-11,96.8,59.0,16
GYR_AP,2018-04-12,86.0,66.2,16
GYR_AP,2018-04-13,77.0,57.2,16
GYR_AP,2018-04-14,80.6,50.0,16
GYR_AP,2018-04-15,87.8,53.6,16
GYR_AP,2018-04-16,86.0,64.4,16
GYR_AP,2018-04-17,73.4,53.6,16
GYR_AP,2018-04-18,82.4,53.6,16
GYR_AP,2018-04-19,80.6,53.6,16
GYR_AP,2018-04-20,78.8,51.8,16
GYR_AP,2018-04-21,87.8,59.0,15
GYR_AP,2018-04-22,93.2,59.0,15
GYR_AP,2018-04-23,95.0,64.4,15
GYR_AP,2018-04-24,96.8,68.0,16
GYR_AP,2018-04-25,96.8,69.8,15
GYR_AP,2018-04-26,96.8,69.8,16
GYR_AP,2018-04-27,98.6,73.4,15
GYR_AP,2018-04-28,96.8,71.6,16
GYR_AP,2018-04-29,91.4,66.2,15
GYR_AP,2018-04-30,84.2,62.6,16
GYR_AP,2018-05-01,73.4,59.0,16
GYR_AP,2018-05-02,75.2,57.2,16
GYR_AP,2018-05-03,82.4,57.2,15
GYR_AP,2018-05-04,95.0,64.4,16
GYR_AP,2018-05-05,102.2,66.2,16
GYR_AP,2018-05-06,104.0,75.2,16
GYR_AP,2018-05-07,102.2,75.2,16
GYR_AP,2018-05-08,102.2,66.2,16
GYR_AP,2018-05-09,102.2,71.6,16
GYR_AP,2018-05-10,105.8,71.6,16
GYR_AP,2018-05-11,98.6,71.6,16
GYR_AP,2018-05-12,87.8,66.2,16
GYR_AP,2018-05-13,87.8,62.6,16
GYR_AP,2018-05-14,93.2,64.4,15
GYR_AP,2018-05-15,93.2,69.8,16
GYR_AP,2018-05-16,98.6,66.2,16
GYR_AP,2018-05-17,96.8,68.0,16
GYR_AP,2018-05-18,91.4,68.0,16
GYR_AP,2018-05-19,95.0,66.2,16
GYR_AP,2018-05-20,96.8,71.6,15
GYR_AP,2018-05-21,93.2,64.4,16
GYR_AP,2018-05-22,91.4,68.0,16
GYR_AP,2018-05-23,91.4,62.6,16
GYR_AP,2018-05-24,96.8,64.4,15
GYR_AP,2018-05-25,98.6,69.8,16
GYR_AP,2018-05-26,89.6,68.0,16
GYR_AP,2018-05-27,91.4,66.2,16
GYR_AP,2018-05-28,96.8,69.8,16
GYR_AP,2018-05-29,102.2,73.4,16
GYR_AP,2018-05-30,100.4,75.2,15
GYR_AP,2018-05-31,98.6,69.8,16
GYR_AP,2018-06-01,98.6,73.4,16
GYR_AP,2018-06-02,102.2,71.6,16
GYR_AP,2018-06-03,104.0,73.4,12
GYR_AP,2018-06-04,107.6,75.2,16
GYR_AP,2018-06-05,102.2,75.2,16
GYR_AP,2018-06-06,100.4,75.2,16
GYR_AP,2018-06-07,102.2,71.6,16
GYR_AP,2018-06-08,105.8,71.6,16
GYR_AP,2018-06-09,107.6,71.6,16
GYR_AP,2018-06-10,104.0,78.8,16
GYR_AP,2018-06-11,105.8,75.2,15
GYR_AP,2018-06-12,107.6,73.4,14
GYR_AP,2018-06-13,107.6,80.6,16
GYR_AP,2018-06-14,107.6,87.8,16
GYR_AP,2018-06-15,93.2,84.2,16
GYR_AP,2018-06-16,84.2,71.6,16
GYR_AP,2018-06-17,98.6,69.8,16
GYR_AP,2018-06-18,98.6,66.2,16
GYR_AP,2018-06-19,102.2,73.4,16
GYR_AP,2018-06-20,107.6,75.2,16
GYR_AP,2018-06-21,107.6,77.0,16
GYR_AP,2018-06-22,109.4,78.8,15
GYR_AP,2018-06-23,107.6,78.8,16
GYR_AP,2018-06-24,102.2,75.2,16
GYR_AP,2018-06-25,105.8,75.2,16
GYR_AP,2018-06-26,107.6,80.6,16
GYR_AP,2018-06-27,109.4,77.0,16
GYR_AP,2018-06-28,107.6,82.4,15
GYR_AP,2018-06-29,102.2,78.8,15
GYR_AP,2018-06-30,102.2,77.0,16
GYR_AP,2018-07-02,105.8,75.2,16
GYR_AP,2018-07-03,107.6,78.8,16
GYR_AP,2018-07-04,105.8,78.8,16
GYR_AP,2018-07-05,114.8,84.2,18
GYR_AP,2018-07-06,111.2,93.2,16
GYR_AP,2018-07-07,111.2,89.6,18
GYR_AP,2018-07-08,109.4,91.4,16
GYR_AP,2018-07-09,105.8,78.8,18
GYR_AP,2018-07-10,95.0,75.2,16
GYR_AP,2018-07-11,100.4,80.6,18
GYR_AP,2018-07-12,100.4,78.8,16
GYR_AP,2018-07-13,104.0,82.4,16
GYR_AP,2018-07-14,102.2,87.8,17
GYR_AP,2018-07-15,100.4,87.8,16
GYR_AP,2018-07-16,104.0,82.4,16
GYR_AP,2018-07-17,104.0,82.4,16
GYR_AP,2018-07-18,100.4,82.4,16
GYR_AP,2018-07-19,105.8,84.2,16
GYR_AP,2018-07-20,107.6,87.8,16
GYR_AP,2018-07-21,100.4,75.2,16
GYR_AP,2018-07-22,107.6,80.6,16
GYR_AP,2018-07-23,114.8,87.8,16
GYR_AP,2018-07-24,116.6,87.8,16
GYR_AP,2018-07-25,114.8,89.6,16
GYR_AP,2018-07-26,111.2,89.6,16
GYR_AP,2018-07-27,107.6,89.6,16
GYR_AP,2018-07-28,105.8,89.6,18
GYR_AP,2018-07-29,102.2,86.0,16
GYR_AP,2018-07-30,107.6,89.6,15
GYR_AP,2018-07-31,107.6,84.2,16
GYR_AP,2018-08-01,109.4,87.8,16
GYR_AP,2018-08-02,109.4,86.0,19
GYR_AP,2018-08-03,107.6,80.6,16
GYR_AP,2018-08-04,109.4,87.8,16
GYR_AP,2018-08-05,111.2,89.6,16
GYR_AP,2018-08-06,113.0,87.8,16
GYR_AP,2018-08-07,109.4,87.8,16
GYR_AP,2018-08-08,102.2,80.6,16
GYR_AP,2018-08-09,100.4,84.2,15
GYR_AP,2018-08-10,98.6,78.8,16
GYR_AP,2018-08-11,100.4,78.8,16
GYR_AP,2018-08-12,102.2,82.4,16
GYR_AP,2018-08-13,100.4,78.8,16
GYR_AP,2018-08-14,104.0,84.2,16
GYR_AP,2018-08-15,98.6,82.4,16
GYR_AP,2018-08-16,98.6,84.2,16
GYR_AP,2018-08-17,102.2,82.4,15
GYR_AP,2018-08-18,105.8,86.0,16
GYR_AP,2018-08-19,107.6,84.2,16
GYR_AP,2018-08-20,105.8,87.8,16
GYR_AP,2018-08-21,102.2,87.8,15
GYR_AP,2018-08-22,98.6,84.2,16
GYR_AP,2018-08-23,102.2,80.6,16
GYR_AP,2018-08-24,100.4,80.6,16
GYR_AP,2018-08-25,100.4,80.6,15
GYR_AP,2018-08-26,102.2,82.4,16
GYR_AP,2018-08-27,105.8,82.4,16
GYR_AP,2018-08-28,102.2,78.8,16
GYR_AP,2018-08-29,105.8,80.6,16
GYR_AP,2018-08-30,102.2,84.2,16
GYR_AP,2018-08-31,102.2,82.4,16
GYR_AP,2018-09-01,104.0,84.2,16
GYR_AP,2018-09-02,100.4,78.8,16
GYR_AP,2018-09-03,98.6,73.4,16
GYR_AP,2018-09-04,100.4,78.8,16
GYR_AP,2018-09-05,102.2,80.6,16
GYR_AP,2018-09-06,104.0,78.8,16
GYR_AP,2018-09-07,105.8,84.2,16
GYR_AP,2018-09-08,107.6,80.6,16
GYR_AP,2018-09-09,105.8,82.4,16
GYR_AP,2018-09-10,105.8,82.4,16
GYR_AP,2018-09-11,107.6,78.8,16
GYR_AP,2018-09-12,105.8,78.8,16
GYR_AP,2018-09-13,102.2,71.6,16
GYR_AP,2018-09-14,105.8,75.2,16
GYR_AP,2018-09-15,109.4,78.8,16
GYR_AP,2018-09-17,105.8,82.4,16
GYR_AP,2018-09-18,102.2,82.4,16
GYR_AP,2018-09-19,87.8,73.4,16
GYR_AP,2018-09-20,96.8,73.4,14
GYR_AP,2018-09-21,100.4,75.2,16
GYR_AP,2018-09-22,102.2,78.8,16
GYR_AP,2018-09-23,100.4,80.6,16
GYR_AP,2018-09-24,100.4,80.6,16
GYR_AP,2018-09-25,98.6,78.8,16
GYR_AP,2018-09-26,102.2,75.2,15
GYR_AP,2018-09-27,102.2,73.4,16
GYR_AP,2018-09-28,102.2,71.6,16
GYR_AP,2018-09-29,102.2,78.8,16
GYR_AP,2018-09-30,93.2,73.4,18
GYR_AP,2018-10-01,77.0,71.6,16
GYR_AP,2018-10-02,80.6,69.8,18
GYR_AP,2018-10-03,86.0,73.4,15
GYR_AP,2018-10-04,84.2,71.6,16
GYR_AP,2018-10-05,84.2,66.2,16
GYR_AP,2018-10-06,84.2,66.2,16
GYR_AP,2018-10-07,73.4,57.2,16
GYR_AP,2018-10-08,75.2,57.2,16
GYR_AP,2018-10-09,78.8,57.2,16
GYR_AP,2018-10-10,80.6,60.8,16
GYR_AP,2018-10-11,82.4,66.2,16
GYR_AP,2018-10-12,80.6,69.8,16
GYR_AP,2018-10-13,69.8,62.6,18
GYR_AP,2018-10-14,75.2,60.8,18
GYR_AP,2018-10-15,75.2,60.8,16
GYR_AP,2018-10-16,69.8,60.8,16
GYR_AP,2018-10-17,77.0,55.4,16
GYR_AP,2018-10-18,80.6,59.0,16
GYR_AP,2018-10-19,84.2,62.6,15
GYR_AP,2018-10-20,91.4,66.2,16
GYR_AP,2018-10-21,87.8,73.4,16
GYR_AP,2018-10-22,87.8,69.8,16
GYR_AP,2018-10-23,87.8,66.2,16
GYR_AP,2018-10-24,82.4,62.6,16
GYR_AP,2018-10-25,84.2,62.6,16
GYR_AP,2018-10-26,84.2,62.6,15
GYR_AP,2018-10-27,87.8,57.2,16
GYR_AP,2018-10-28,87.8,60.8,16
GYR_AP,2018-10-29,86.0,60.8,16
GYR_AP,2018-10-30,84.2,62.6,14
GYR_AP,2018-10-31,75.2,53.6,16
GYR_AP,2018-11-01,75.2,51.8,16
GYR_AP,2018-11-02,80.6,51.8,16
GYR_AP,2018-11-03,80.6,51.8,16
GYR_AP,2018-11-04,78.8,57.2,16
GYR_AP,2018-11-05,80.6,55.4,16
GYR_AP,2018-11-06,80.6,55.4,16
GYR_AP,2018-11-07,80.6,55.4,15
GYR_AP,2018-11-08,80.6,55.4,16
GYR_AP,2018-11-09,78.8,60.8,16
GYR_AP,2018-11-10,75.2,53.6,16
GYR_AP,2018-11-11,73.4,48.2,16
GYR_AP,2018-11-12,66.2,48.2,16
GYR_AP,2018-11-13,66.2,42.8,16
GYR_AP,2018-11-14,68.0,46.4,16
GYR_AP,2018-11-15,73.4,42.8,16
GYR_AP,2018-11-16,73.4,44.6,15
GYR_AP,2018-11-17,71.6,42.8,13
GYR_AP,2018-11-18,71.6,46.4,16
GYR_AP,2018-11-19,73.4,42.8,16
GYR_AP,2018-11-20,75.2,51.8,16
GYR_AP,2018-11-21,73.4,46.4,15
GYR_AP,2018-11-22,66.2,53.6,15
GYR_AP,2018-11-23,69.8,48.2,15
GYR_AP,2018-11-24,69.8,46.4,16
GYR_AP,2018-11-25,71.6,48.2,15
GYR_AP,2018-11-26,73.4,44.6,16
GYR_AP,2018-11-27,75.2,46.4,16
GYR_AP,2018-11-28,73.4,46.4,16
GYR_AP,2018-11-29,66.2,48.2,16
GYR_AP,2018-11-30,64.4,48.2,16
GYR_AP,2018-12-01,62.6,44.6,16
GYR_AP,2018-12-02,60.8,48.2,16
GYR_AP,2018-12-03,62.6,41.0,16
GYR_AP,2018-12-04,62.6,41.0,16
GYR_AP,2018-12-05,71.6,46.4,16
GYR_AP,2018-12-06,57.2,51.8,16
GYR_AP,2018-12-07,66.2,53.6,16
GYR_AP,2018-12-08,66.2,46.4,16
GYR_AP,2018-12-09,68.0,44.6,15
GYR_AP,2018-12-10,69.8,48.2,16
GYR_AP,2018-12-11,69.8,53.6,16
GYR_AP,2018-12-12,64.4,39.2,16
GYR_AP,2018-12-13,66.2,39.2,15
GYR_AP,2018-12-14,62.6,37.4,15
GYR_AP,2018-12-15,68.0,51.8,16
GYR_AP,2018-12-16,68.0,44.6,16
GYR_AP,2018-12-17,66.2,39.2,16
GYR_AP,2018-12-18,68.0,42.8,15
GYR_AP,2018-12-19,66.2,41.0,16
GYR_AP,2018-12-20,73.4,42.8,16
GYR_AP,2018-12-21,66.2,44.6,15
GYR_AP,2018-12-22,71.6,42.8,16
GYR_AP,2018-12-23,71.6,42.8,16
GYR_AP,2018-12-24,69.8,42.8,16
GYR_AP,2018-12-25,62.6,42.8,16
GYR_AP,2018-12-26,62.6,41.0,16
GYR_AP,2018-12-27,57.2,39.2,16
GYR_AP,2018-12-28,53.6,33.8,15
GYR_AP,2018-12-29,55.4,28.4,16
GYR_AP,2018-12-30,55.4,32.0,16
GYR_AP,2018-12-31,44.6,33.8,15
GYR_AP,2019-01-01,50.0,33.8,16
GYR_AP,2019-01-02,50.0,30.2,16
GYR_AP,2019-01-03,55.4,28.4,16
GYR_AP,2019-01-04,62.6,30.2,15
GYR_AP,2019-01-05,64.4,39.2,16
GYR_AP,2019-01-06,55.4,46.4,16
GYR_AP,2019-01-07,62.6,39.2,18
GYR_AP,2019-01-08,68.0,39.2,15
GYR_AP,2019-01-09,69.8,44.6,16
GYR_AP,2019-01-10,64.4,48.2,16
GYR_AP,2019-01-11,64.4,44.6,16
GYR_AP,2019-01-12,66.2,44.6,16
GYR_AP,2019-01-13,60.8,42.8,16
GYR_AP,2019-01-14,66.2,51.8,16
GYR_AP,2019-01-15,62.6,53.6,16
GYR_AP,2019-01-16,68.0,50.0,16
GYR_AP,2019-01-17,66.2,46.4,15
GYR_AP,2019-01-18,69.8,50.0,16
GYR_AP,2019-01-19,69.8,41.0,16
GYR_AP,2019-01-21,64.4,46.4,15
GYR_AP,2019-01-22,62.6,42.8,15
GYR_AP,2019-01-23,60.8,39.2,15
GYR_AP,2019-01-24,69.8,35.6,15
GYR_AP,2019-01-25,68.0,37.4,16
GYR_AP,2019-01-26,71.6,37.4,16
GYR_AP,2019-01-27,73.4,44.6,15
GYR_AP,2019-01-28,69.8,42.8,15
GYR_AP,2019-01-29,69.8,48.2,16
GYR_AP,2019-01-30,71.6,51.8,13
GYR_AP,2019-01-31,71.6,46.4,16
GYR_AP,2019-02-01,73.4,53.6,15
GYR_AP,2019-02-02,73.4,55.4,14
GYR_AP,2019-02-03,64.4,57.2,16
GYR_AP,2019-02-04,64.4,53.6,15
GYR_AP,2019-02-05,66.2,48.2,16
GYR_AP,2019-02-06,55.4,42.8,15
GYR_AP,2019-02-07,55.4,32.0,15
GYR_AP,2019-02-08,64.4,35.6,16
GYR_AP,2019-02-09,57.2,39.2,15
GYR_AP,2019-02-10,64.4,33.8,16
GYR_AP,2019-02-11,59.0,39.2,15
GYR_AP,2019-02-12,68.0,37.4,16
GYR_AP,2019-02-13,66.2,44.6,16
GYR_AP,2019-02-14,59.0,53.6,14
GYR_AP,2019-02-15,66.2,48.2,16
GYR_AP,2019-02-16,62.6,46.4,15
GYR_AP,2019-02-17,57.2,41.0,16
GYR_AP,2019-02-18,55.4,42.8,15
GYR_AP,2019-02-19,57.2,33.8,16
GYR_AP,2019-02-20,62.6,28.4,16
GYR_AP,2019-02-21,50.0,42.8,17
GYR_AP,2019-02-24,60.8,37.4,16
GYR_AP,2019-02-25,64.4,39.2,15
GYR_AP,2019-02-26,69.8,42.8,15
GYR_AP,2019-02-27,73.4,51.8,16
GYR_AP,2019-02-28,75.2,48.2,16
GYR_AP,2019-03-01,77.0,53.6,14
GYR_AP,2019-03-02,73.4,57.2,15
GYR_AP,2019-03-03,73.4,53.6,15
GYR_AP,2019-03-04,73.4,51.8,16
GYR_AP,2019-03-05,78.8,51.8,16
GYR_AP,2019-03-06,84.2,59.0,16
GYR_AP,2019-03-07,75.2,57.2,12
GYR_AP,2019-03-09,66.2,42.8,12
GYR_AP,2019-03-10,69.8,44.6,14
GYR_AP,2019-03-11,66.2,48.2,16
GYR_AP,2019-03-12,57.2,51.8,16
GYR_AP,2019-03-13,64.4,51.8,15
GYR_AP,2019-03-14,62.6,39.2,12
GYR_AP,2019-03-15,73.4,42.8,12
GYR_AP,2019-03-16,78.8,55.4,15
GYR_AP,2019-03-17,78.8,55.4,16
GYR_AP,2019-03-18,82.4,55.4,15
GYR_AP,2019-03-19,84.2,55.4,16
GYR_AP,2019-03-20,84.2,57.2,16
GYR_AP,2019-03-21,68.0,51.8,16
GYR_AP,2019-03-22,71.6,48.2,12
GYR_AP,2019-03-23,75.2,51.8,16
GYR_AP,2019-03-24,78.8,53.6,16
GYR_AP,2019-03-25,84.2,50.0,13
GYR_AP,2019-03-26,86.0,55.4,15
GYR_AP,2019-03-27,80.6,59.0,16
GYR_AP,2019-03-28,84.2,51.8,15
GYR_AP,2019-03-29,80.6,53.6,16
GYR_AP,2019-03-30,82.4,55.4,13
GYR_AP,2019-03-31,80.6,51.8,16
GYR_AP,2019-04-01,82.4,60.8,16
GYR_AP,2019-04-02,87.8,55.4,15
GYR_AP,2019-04-03,77.0,55.4,16
GYR_AP,2019-04-04,82.4,55.4,16
GYR_AP,2019-04-05,80.6,53.6,16
GYR_AP,2019-04-06,78.8,60.8,12
GYR_AP,2019-04-07,89.6,57.2,16
GYR_AP,2019-04-08,95.0,60.8,15
GYR_AP,2019-04-10,75.2,57.2,15
GYR_AP,2019-04-11,77.0,51.8,16
GYR_AP,2019-04-12,75.2,64.4,15
GYR_AP,2019-04-13,78.8,51.8,15
GYR_AP,2019-04-14,84.2,57.2,16
GYR_AP,2019-04-15,87.8,59.0,16
GYR_AP,2019-04-16,77.0,59.0,16
GYR_AP,2019-04-17,78.8,55.4,15
GYR_AP,2019-04-18,89.6,57.2,13
GYR_AP,2019-04-19,98.6,64.4,15
GYR_AP,2019-04-20,93.2,69.8,13
GYR_AP,2019-04-21,87.8,64.4,16
GYR_AP,2019-04-22,86.0,60.8,15
GYR_AP,2019-04-23,86.0,60.8,16
GYR_AP,2019-04-24,93.2,64.4,13
GYR_AP,2019-04-25,98.6,66.2,16
GYR_AP,2019-04-26,100.4,66.2,15
GYR_AP,2019-04-27,96.8,71.6,13
GYR_AP,2019-04-28,96.8,68.0,15
GYR_AP,2019-04-29,87.8,71.6,16
GYR_AP,2019-04-30,82.4,60.8,16
GYR_AP,2019-05-01,86.0,62.6,16
GYR_AP,2019-05-02,84.2,60.8,16
GYR_AP,2019-05-03,91.4,60.8,16
GYR_AP,2019-05-04,95.0,64.4,13
GYR_AP,2019-05-05,93.2,68.0,15
GYR_AP,2019-05-06,82.4,66.2,14
GYR_AP,2019-05-07,80.6,60.8,16
GYR_AP,2019-05-08,87.8,64.4,15
GYR_AP,2019-05-09,87.8,62.6,16
GYR_AP,2019-05-10,82.4,60.8,16
GYR_AP,2019-05-11,84.2,60.8,15
GYR_AP,2019-05-12,84.2,64.4,16
GYR_AP,2019-05-13,91.4,64.4,15
GYR_AP,2019-05-14,96.8,71.6,16
GYR_AP,2019-05-15,98.6,73.4,16
GYR_AP,2019-05-16,91.4,71.6,14
GYR_AP,2019-05-17,80.6,57.2,16
GYR_AP,2019-05-18,86.0,59.0,16
GYR_AP,2019-05-19,80.6,69.8,16
GYR_AP,2019-05-20,75.2,57.2,16
GYR_AP,2019-05-21,82.4,60.8,16
GYR_AP,2019-05-22,73.4,57.2,16
GYR_AP,2019-05-23,75.2,55.4,15
GYR_AP,2019-05-24,84.2,55.4,16
GYR_AP,2019-05-25,91.4,62.6,15
GYR_AP,2019-05-26,82.4,66.2,16
GYR_AP,2019-05-27,78.8,62.6,16
GYR_AP,2019-05-28,82.4,59.0,15
GYR_AP,2019-05-29,89.6,62.6,15
GYR_AP,2019-05-30,95.0,68.0,15
GYR_AP,2019-05-31,96.8,69.8,15
GYR_AP,2019-06-01,96.8,68.0,16
GYR_AP,2019-06-02,91.4,71.6,14
GYR_AP,2019-06-03,95.0,73.4,16
GYR_AP,2019-06-04,98.6,71.6,15
GYR_AP,2019-06-05,102.2,73.4,16
GYR_AP,2019-06-06,100.4,71.6,16
GYR_AP,2019-06-07,98.6,75.2,16
GYR_AP,2019-06-08,98.6,68.0,16
GYR_AP,2019-06-09,104.0,75.2,16
GYR_AP,2019-06-10,107.6,75.2,15
GYR_AP,2019-06-11,107.6,82.4,15
GYR_AP,2019-06-12,109.4,75.2,15
GYR_AP,2019-06-13,105.8,82.4,15
GYR_AP,2019-06-14,104.0,77.0,16
GYR_AP,2019-06-15,102.2,75.2,16
GYR_AP,2019-06-16,104.0,77.0,16
GYR_AP,2019-06-17,102.2,75.2,16
GYR_AP,2019-06-18,100.4,73.4,16
GYR_AP,2019-06-19,102.2,73.4,16
GYR_AP,2019-06-20,102.2,77.0,15
GYR_AP,2019-06-21,102.2,75.2,16
GYR_AP,2019-06-22,98.6,73.4,16
GYR_AP,2019-06-23,98.6,75.2,16
GYR_AP,2019-06-24,102.2,71.6,16
GYR_AP,2019-06-25,102.2,73.4,16
GYR_AP,2019-06-26,102.2,77.0,15
GYR_AP,2019-06-27,102.2,77.0,16
GYR_AP,2019-06-28,107.6,75.2,15
GYR_AP,2019-06-29,111.2,80.6,16
GYR_AP,2019-06-30,109.4,75.2,16
GYR_AP,2019-07-01,109.4,82.4,15
GYR_AP,2019-07-02,105.8,82.4,16
GYR_AP,2019-07-03,105.8,80.6,15
GYR_AP,2019-07-04,104.0,77.0,16
GYR_AP,2019-07-05,105.8,73.4,16
GYR_AP,2019-07-06,105.8,78.8,16
GYR_AP,2019-07-07,105.8,80.6,16
GYR_AP,2019-07-08,102.2,75.2,16
GYR_AP,2019-07-09,102.2,73.4,12
GYR_AP,2019-07-10,109.4,80.6,15
GYR_AP,2019-07-11,109.4,86.0,16
GYR_AP,2019-07-12,111.2,89.6,16
GYR_AP,2019-07-13,107.6,89.6,16
GYR_AP,2019-07-14,109.4,87.8,16
GYR_AP,2019-07-15,111.2,86.0,16
GYR_AP,2019-07-17,104.0,86.0,15
GYR_AP,2019-07-18,107.6,78.8,15
GYR_AP,2019-07-19,105.8,87.8,16
GYR_AP,2019-07-20,107.6,82.4,15
GYR_AP,2019-07-21,107.6,84.2,16
GYR_AP,2019-07-22,104.0,89.6,15
GYR_AP,2019-07-23,105.8,78.8,16
GYR_AP,2019-07-24,96.8,80.6,16
GYR_AP,2019-07-25,105.8,86.0,15
GYR_AP,2019-07-26,109.4,89.6,15
GYR_AP,2019-07-27,111.2,89.6,15
GYR_AP,2019-07-28,109.4,91.4,16
GYR_AP,2019-07-29,109.4,87.8,16
GYR_AP,2019-07-30,105.8,86.0,15
GYR_AP,2019-07-31,93.2,78.8,16
GYR_AP,2019-08-01,104.0,82.4,16
GYR_AP,2019-08-02,109.4,89.6,16
GYR_AP,2019-08-03,111.2,89.6,15
GYR_AP,2019-08-04,111.2,84.2,16
GYR_AP,2019-08-05,116.6,89.6,16
GYR_AP,2019-08-06,98.6,87.8,15
GYR_AP,2019-08-07,105.8,86.0,15
GYR_AP,2019-08-08,107.6,84.2,16
GYR_AP,2019-08-09,100.4,87.8,15
GYR_AP,2019-08-10,102.2,84.2,16
GYR_AP,2019-08-11,102.2,80.6,15
GYR_AP,2019-08-12,105.8,82.4,15
GYR_AP,2019-08-13,107.6,82.4,16
GYR_AP,2019-08-14,111.2,78.8,16
GYR_AP,2019-08-15,113.0,82.4,16
GYR_AP,2019-08-16,109.4,84.2,16
GYR_AP,2019-08-17,107.6,80.6,15
GYR_AP,2019-08-18,105.8,80.6,15
GYR_AP,2019-08-19,107.6,80.6,16
GYR_AP,2019-08-20,111.2,80.6,16
GYR_AP,2019-08-21,113.0,80.6,16
GYR_AP,2019-08-22,107.6,82.4,15
GYR_AP,2019-08-23,104.0,80.6,16
GYR_AP,2019-08-24,100.4,84.2,16
GYR_AP,2019-08-25,102.2,82.4,16
GYR_AP,2019-08-26,105.8,84.2,16
GYR_AP,2019-08-27,109.4,87.8,16
GYR_AP,2019-08-28,107.6,89.6,17
GYR_AP,2019-08-29,102.2,80.6,16
GYR_AP,2019-08-30,109.4,84.2,16
GYR_AP,2019-08-31,107.6,87.8,16
GYR_AP,2019-09-01,105.8,82.4,16
GYR_AP,2019-09-02,104.0,82.4,16
GYR_AP,2019-09-03,107.6,84.2,16
GYR_AP,2019-09-04,109.4,84.2,15
GYR_AP,2019-09-05,109.4,87.8,14
GYR_AP,2019-09-06,107.6,86.0,16
GYR_AP,2019-09-07,107.6,86.0,16
GYR_AP,2019-09-08,100.4,82.4,16
GYR_AP,2019-09-09,96.8,80.6,14
GYR_AP,2019-09-10,98.6,80.6,17
GYR_AP,2019-09-11,95.0,78.8,16
GYR_AP,2019-09-12,100.4,75.2,16
GYR_AP,2019-09-13,105.8,78.8,14
GYR_AP,2019-09-14,102.2,82.4,17
GYR_AP,2019-09-15,98.6,78.8,14
GYR_AP,2019-09-16,98.6,80.6,15
GYR_AP,2019-09-17,96.8,73.4,16
GYR_AP,2019-09-18,100.4,73.4,16
GYR_AP,2019-09-19,98.6,77.0,15
GYR_AP,2019-09-20,96.8,71.6,16
GYR_AP,2019-09-21,93.2,64.4,14
GYR_AP,2019-09-22,96.8,68.0,14
GYR_AP,2019-09-23,93.2,69.8,16
GYR_AP,2019-09-24,87.8,66.2,16
GYR_AP,2019-09-25,87.8,71.6,16
GYR_AP,2019-09-26,84.2,69.8,13
GYR_AP,2019-09-27,84.2,69.8,14
GYR_AP,2019-09-28,91.4,69.8,16
GYR_AP,2019-09-29,87.8,73.4,16
GYR_AP,2019-09-30,87.8,64.4,12
GYR_AP,2019-10-01,87.8,60.8,16
GYR_AP,2019-10-02,89.6,62.6,12
GYR_AP,2019-10-03,93.2,66.2,15
GYR_AP,2019-10-04,93.2,68.0,16
GYR_AP,2019-10-05,93.2,66.2,16
GYR_AP,2019-10-06,93.2,64.4,15
GYR_AP,2019-10-07,96.8,64.4,16
GYR_AP,2019-10-08,93.2,62.6,16
GYR_AP,2019-10-09,93.2,64.4,16
GYR_AP,2019-10-10,87.8,62.6,14
GYR_AP,2019-10-11,87.8,64.4,16
GYR_AP,2019-10-12,87.8,60.8,16
GYR_AP,2019-10-13,89.6,59.0,16
GYR_AP,2019-10-14,87.8,64.4,16
GYR_AP,2019-10-15,91.4,64.4,16
GYR_AP,2019-10-16,96.8,64.4,16
GYR_AP,2019-10-17,93.2,66.2,16
GYR_AP,2019-10-18,84.2,64.4,15
GYR_AP,2019-10-19,82.4,55.4,16
GYR_AP,2019-10-20,86.0,53.6,14
GYR_AP,2019-10-21,84.2,53.6,15
GYR_AP,2019-10-22,89.6,59.0,16
GYR_AP,2019-10-23,87.8,57.2,16
GYR_AP,2019-10-24,84.2,59.0,15
GYR_AP,2019-10-25,82.4,59.0,15
GYR_AP,2019-10-26,82.4,55.4,16
GYR_AP,2019-10-27,87.8,53.6,16
GYR_AP,2019-10-28,71.6,53.6,14
GYR_AP,2019-10-29,71.6,44.6,16
GYR_AP,2019-10-30,69.8,50.0,16
GYR_AP,2019-10-31,75.2,44.6,15
GYR_AP,2019-11-01,78.8,42.8,16
GYR_AP,2019-11-02,84.2,50.0,15
GYR_AP,2019-11-03,84.2,55.4,15
GYR_AP,2019-11-04,84.2,53.6,16
GYR_AP,2019-11-05,87.8,55.4,16
GYR_AP,2019-11-06,84.2,57.2,17
GYR_AP,2019-11-07,84.2,57.2,16
GYR_AP,2019-11-08,87.8,59.0,16
GYR_AP,2019-11-09,84.2,57.2,16
GYR_AP,2019-11-10,86.0,57.2,16
GYR_AP,2019-11-11,84.2,57.2,16
GYR_AP,2019-11-12,80.6,59.0,15
GYR_AP,2019-11-13,78.8,55.4,15
GYR_AP,2019-11-14,82.4,53.6,15
GYR_AP,2019-11-15,82.4,53.6,16
GYR_AP,2019-11-16,80.6,55.4,15
GYR_AP,2019-11-17,84.2,53.6,16
GYR_AP,2019-11-18,82.4,51.8,16
GYR_AP,2019-11-19,71.6,57.2,16
GYR_AP,2019-11-20,66.2,55.4,18
GYR_AP,2019-11-21,60.8,53.6,16
GYR_AP,2019-11-22,64.4,50.0,15
GYR_AP,2019-11-23,69.8,50.0,15
GYR_AP,2019-11-24,71.6,50.0,16
GYR_AP,2019-11-25,66.2,46.4,16
GYR_AP,2019-11-26,62.6,44.6,14
GYR_AP,2019-11-27,64.4,39.2,16
GYR_AP,2019-11-28,69.8,51.8,15
GYR_AP,2019-11-29,57.2,46.4,14
GYR_AP,2019-11-30,57.2,41.0,16
GYR_AP,2019-12-01,64.4,41.0,16
GYR_AP,2019-12-02,66.2,48.2,16
GYR_AP,2019-12-03,62.6,46.4,16
GYR_AP,2019-12-04,71.6,55.4,16
GYR_AP,2019-12-05,69.8,51.8,16
GYR_AP,2019-12-06,68.0,53.6,16
GYR_AP,2019-12-07,68.0,48.2,16
GYR_AP,2019-12-08,60.8,55.4,16
GYR_AP,2019-12-09,64.4,51.8,17
GYR_AP,2019-12-10,66.2,46.4,16
GYR_AP,2019-12-11,66.2,48.2,16
GYR_AP,2019-12-12,66.2,44.6,16
GYR_AP,2019-12-13,68.0,46.4,16
GYR_AP,2019-12-14,68.0,46.4,14
GYR_AP,2019-12-15,64.4,50.0,16
GYR_AP,2019-12-16,60.8,42.8,16
GYR_AP,2019-12-17,62.6,37.4,16
GYR_AP,2019-12-18,64.4,46.4,16
GYR_AP,2019-12-19,62.6,35.6,15
GYR_AP,2019-12-20,66.2,37.4,16
GYR_AP,2019-12-21,69.8,41.0,16
GYR_AP,2019-12-22,69.8,51.8,16
GYR_AP,2019-12-23,62.6,50.0,15
GYR_AP,2019-12-24,59.0,51.8,16
GYR_AP,2019-12-25,57.2,48.2,16
GYR_AP,2019-12-26,60.8,42.8,15
GYR_AP,2019-12-27,51.8,46.4,14
GYR_AP,2019-12-28,53.6,41.0,16
GYR_AP,2019-12-29,51.8,32.0,16
GYR_AP,2019-12-30,53.6,37.4,16
GYR_AP,2019-12-31,62.6,46.4,16
GYR_AP,2020-01-01,57.2,33.8,16
GYR_AP,2020-01-02,62.6,37.4,16
GYR_AP,2020-01-03,62.6,39.2,15
GYR_AP,2020-01-04,66.2,39.2,16
GYR_AP,2020-01-05,66.2,39.2,16
GYR_AP,2020-01-06,68.0,39.2,16
GYR_AP,2020-01-07,71.6,39.2,16
GYR_AP,2020-01-08,66.2,42.8,16
GYR_AP,2020-01-09,62.6,44.6,15
GYR_AP,2020-01-10,62.6,42.8,16
GYR_AP,2020-01-11,62.6,37.4,16
GYR_AP,2020-01-12,62.6,37.4,16
GYR_AP,2020-01-13,66.2,37.4,16
GYR_AP,2020-01-14,66.2,39.2,16
GYR_AP,2020-01-15,66.2,42.8,16
GYR_AP,2020-01-16,64.4,48.2,16
GYR_AP,2020-01-17,62.6,44.6,16
GYR_AP,2020-01-18,69.8,39.2,16
GYR_AP,2020-01-19,75.2,44.6,16
GYR_AP,2020-01-20,73.4,53.6,16
GYR_AP,2020-01-21,57.2,53.6,16
GYR_AP,2020-01-22,62.6,46.4,21
GYR_AP,2020-01-23,69.8,44.6,16
GYR_AP,2020-01-24,71.6,46.4,16
GYR_AP,2020-01-25,71.6,46.4,15
GYR_AP,2020-01-26,69.8,46.4,15
GYR_AP,2020-01-27,73.4,48.2,14
GYR_AP,2020-01-28,69.8,46.4,15
GYR_AP,2020-01-29,64.4,42.8,15
GYR_AP,2020-01-30,68.0,46.4,15
GYR_AP,2020-01-31,71.6,46.4,16
GYR_AP,2020-02-01,75.2,42.8,14
GYR_AP,2020-02-02,75.2,46.4,16
GYR_AP,2020-02-03,62.6,44.6,16
GYR_AP,2020-02-04,53.6,32.0,16
GYR_AP,2020-02-05,53.6,32.0,15
GYR_AP,2020-02-06,60.8,33.8,14
GYR_AP,2020-02-07,66.2,37.4,16
GYR_AP,2020-02-08,71.6,41.0,16
GYR_AP,2020-02-09,69.8,44.6,16
GYR_AP,2020-02-10,68.0,51.8,16
GYR_AP,2020-02-11,60.8,46.4,15
GYR_AP,2020-02-12,62.6,41.0,15
GYR_AP,2020-02-13,66.2,39.2,14
GYR_AP,2020-02-14,69.8,44.6,16
GYR_AP,2020-02-15,69.8,44.6,15
GYR_AP,2020-02-16,73.4,44.6,16
GYR_AP,2020-02-17,73.4,46.4,15
GYR_AP,2020-02-18,75.2,48.2,14
GYR_AP,2020-02-19,77.0,48.2,16
GYR_AP,2020-02-20,78.8,48.2,15
GYR_AP,2020-02-21,77.0,60.8,12
GYR_AP,2020-02-22,68.0,55.4,16
GYR_AP,2020-02-23,64.4,48.2,16
GYR_AP,2020-02-24,69.8,48.2,16
GYR_AP,2020-02-25,69.8,42.8,16
GYR_AP,2020-02-26,66.2,44.6,16
GYR_AP,2020-02-27,75.2,39.2,16
GYR_AP,2020-02-28,75.2,48.2,16
GYR_AP,2020-02-29,77.0,46.4,16
GYR_AP,2020-03-01,75.2,51.8,15
GYR_AP,2020-03-02,66.2,50.0,17
GYR_AP,2020-03-03,75.2,46.4,16
GYR_AP,2020-03-04,71.6,48.2,13
GYR_AP,2020-03-05,82.4,50.0,16
GYR_AP,2020-03-07,82.4,55.4,12
GYR_AP,2020-03-08,71.6,57.2,16
GYR_AP,2020-03-09,75.2,51.8,16
GYR_AP,2020-03-10,73.4,60.8,15
GYR_AP,2020-03-11,66.2,60.8,17
GYR_AP,2020-03-12,69.8,62.6,15
GYR_AP,2020-03-13,64.4,53.6,16
GYR_AP,2020-03-14,69.8,51.8,16
GYR_AP,2020-03-15,73.4,51.8,16
GYR_AP,2020-03-16,75.2,53.6,16
GYR_AP,2020-03-17,71.6,55.4,16
GYR_AP,2020-03-18,66.2,50.0,16
GYR_AP,2020-03-19,62.6,48.2,16
GYR_AP,2020-03-20,68.0,46.4,15
GYR_AP,2020-03-21,71.6,48.2,16
GYR_AP,2020-03-22,71.6,51.8,15
GYR_AP,2020-03-23,73.4,55.4,16
GYR_AP,2020-03-24,75.2,51.8,16
GYR_AP,2020-03-25,73.4,53.6,16
GYR_AP,2020-03-26,69.8,55.4,16
GYR_AP,2020-03-27,64.4,48.2,16
GYR_AP,2020-03-28,69.8,44.6,16
GYR_AP,2020-03-29,75.2,51.8,16
GYR_AP,2020-03-30,77.0,51.8,16
GYR_AP,2020-03-31,78.8,53.6,15
GYR_AP,2020-04-01,84.2,59.0,16
GYR_AP,2020-04-02,82.4,60.8,15
GYR_AP,2020-04-03,82.4,53.6,16
GYR_AP,2020-04-04,80.6,53.6,16
GYR_AP,2020-04-05,80.6,57.2,15
GYR_AP,2020-04-06,80.6,55.4,16
GYR_AP,2020-04-07,80.6,55.4,16
GYR_AP,2020-04-08,78.8,55.4,17
GYR_AP,2020-04-09,71.6,48.2,16
GYR_AP,2020-04-10,75.2,48.2,15
GYR_AP,2020-04-11,69.8,55.4,16
GYR_AP,2020-04-12,77.0,51.8,14
GYR_AP,2020-04-13,77.0,55.4,16
GYR_AP,2020-04-14,80.6,55.4,16
GYR_AP,2020-04-15,80.6,51.8,16
GYR_AP,2020-04-16,84.2,53.6,16
GYR_AP,2020-04-17,87.8,57.2,15
GYR_AP,2020-04-18,78.8,57.2,16
GYR_AP,2020-04-19,80.6,59.0,16
GYR_AP,2020-04-20,86.0,60.8,16
GYR_AP,2020-04-21,82.4,62.6,16
GYR_AP,2020-04-22,91.4,59.0,16
GYR_AP,2020-04-23,96.8,62.6,16
GYR_AP,2020-04-24,96.8,64.4,16
GYR_AP,2020-04-25,98.6,66.2,16
GYR_AP,2020-04-26,102.2,69.8,15
GYR_AP,2020-04-27,100.4,73.4,15
GYR_AP,2020-04-28,100.4,71.6,16
GYR_AP,2020-04-29,102.2,69.8,16
GYR_AP,2020-04-30,100.4,73.4,16
GYR_AP,2020-05-01,100.4,69.8,16
GYR_AP,2020-05-02,98.6,71.6,16
GYR_AP,2020-05-03,96.8,71.6,15
GYR_AP,2020-05-04,96.8,68.0,15
GYR_AP,2020-05-05,100.4,73.4,15
GYR_AP,2020-05-06,105.8,69.8,15
GYR_AP,2020-05-07,104.0,69.8,15
GYR_AP,2020-05-08,102.2,75.2,15
GYR_AP,2020-05-09,100.4,73.4,16
GYR_AP,2020-05-10,100.4,84.2,18
GYR_AP,2020-05-11,98.6,73.4,16
GYR_AP,2020-05-12,93.2,69.8,16
GYR_AP,2020-05-13,89.6,66.2,16
GYR_AP,2020-05-14,89.6,69.8,16
GYR_AP,2020-05-15,93.2,66.2,16
GYR_AP,2020-05-16,96.8,71.6,16
GYR_AP,2020-05-17,100.4,71.6,16
GYR_AP,2020-05-18,100.4,69.8,16
GYR_AP,2020-05-19,87.8,69.8,16
GYR_AP,2020-05-20,86.0,60.8,15
GYR_AP,2020-05-21,91.4,62.6,16
GYR_AP,2020-05-22,95.0,64.4,16
GYR_AP,2020-05-23,91.4,69.8,16
GYR_AP,2020-05-24,95.0,69.8,16
GYR_AP,2020-05-25,96.8,69.8,16
GYR_AP,2020-05-26,102.2,71.6,16
GYR_AP,2020-05-27,107.6,73.4,16
GYR_AP,2020-05-28,107.6,78.8,16
GYR_AP,2020-05-29,109.4,80.6,16
GYR_AP,2020-05-30,107.6,82.4,16
GYR_AP,2020-05-31,105.8,80.6,16
GYR_AP,2020-06-01,104.0,78.8,16
GYR_AP,2020-06-02,105.8,84.2,16
GYR_AP,2020-06-03,109.4,82.4,16
GYR_AP,2020-06-04,109.4,84.2,14
GYR_AP,2020-06-05,107.6,84.2,16
GYR_AP,2020-06-06,91.4,71.6,16
GYR_AP,2020-06-07,95.0,75.2,16
GYR_AP,2020-06-08,89.6,68.0,16
GYR_AP,2020-06-09,95.0,69.8,16
GYR_AP,2020-06-10,102.2,69.8,15
GYR_AP,2020-06-11,107.6,73.4,16
GYR_AP,2020-06-12,105.8,78.8,16
GYR_AP,2020-06-13,102.2,78.8,16
GYR_AP,2020-06-14,102.2,71.6,16
GYR_AP,2020-06-15,102.2,73.4,15
GYR_AP,2020-06-16,105.8,78.8,15
GYR_AP,2020-06-17,102.2,75.2,16
GYR_AP,2020-06-18,100.4,75.2,16
GYR_AP,2020-06-19,102.2,77.0,16
GYR_AP,2020-06-20,104.0,78.8,16
GYR_AP,2020-06-21,107.6,75.2,16
GYR_AP,2020-06-22,107.6,80.6,16
GYR_AP,2020-06-23,107.6,75.2,16
GYR_AP,2020-06-24,109.4,80.6,15
GYR_AP,2020-06-25,107.6,78.8,16
GYR_AP,2020-06-26,109.4,82.4,16
GYR_AP,2020-06-27,105.8,78.8,16
GYR_AP,2020-06-28,104.0,78.8,16
GYR_AP,2020-06-29,98.6,75.2,16
GYR_AP,2020-06-30,98.6,75.2,14
GYR_AP,2020-07-01,102.2,73.4,14
GYR_AP,2020-07-02,102.2,78.8,16
GYR_AP,2020-07-03,104.0,82.4,16
GYR_AP,2020-07-04,107.6,84.2,16
GYR_AP,2020-07-05,111.2,86.0,16
GYR_AP,2020-07-06,111.2,82.4,16
GYR_AP,2020-07-07,109.4,78.8,16
GYR_AP,2020-07-08,109.4,86.0,16
GYR_AP,2020-07-09,109.4,84.2,16
GYR_AP,2020-07-10,109.4,87.8,14
GYR_AP,2020-07-11,114.8,89.6,16
GYR_AP,2020-07-12,114.8,91.4,16
GYR_AP,2020-07-13,111.2,93.2,15
GYR_AP,2020-07-14,109.4,87.8,16
GYR_AP,2020-07-15,109.4,87.8,15
GYR_AP,2020-07-16,109.4,84.2,16
GYR_AP,2020-07-17,107.6,84.2,16
GYR_AP,2020-07-18,109.4,86.0,16
GYR_AP,2020-07-19,107.6,89.6,16
GYR_AP,2020-07-20,102.2,86.0,16
GYR_AP,2020-07-21,109.4,80.6,16
GYR_AP,2020-07-22,107.6,91.4,15
GYR_AP,2020-07-23,100.4,80.6,16
GYR_AP,2020-07-24,102.2,78.8,16
GYR_AP,2020-07-25,105.8,82.4,16
GYR_AP,2020-07-26,109.4,82.4,16
GYR_AP,2020-07-27,111.2,82.4,16
GYR_AP,2020-07-28,113.0,89.6,16
GYR_AP,2020-07-29,113.0,84.2,16
GYR_AP,2020-07-30,116.6,87.8,15
GYR_AP,2020-07-31,114.8,89.6,16
GYR_AP,2020-08-01,111.2,87.8,16
GYR_AP,2020-08-02,107.6,87.8,16
GYR_AP,2020-08-03,113.0,87.8,16
GYR_AP,2020-08-04,109.4,84.2,16
GYR_AP,2020-08-05,107.6,87.8,12
GYR_AP,2020-08-06,107.6,82.4,16
GYR_AP,2020-08-07,107.6,80.6,16
GYR_AP,2020-08-08,109.4,84.2,15
GYR_AP,2020-08-09,109.4,80.6,16
GYR_AP,2020-08-10,111.2,80.6,16
GYR_AP,2020-08-11,107.6,84.2,16
GYR_AP,2020-08-12,109.4,84.2,16
GYR_AP,2020-08-13,114.8,87.8,16
GYR_AP,2020-08-15,111.2,89.6,15
GYR_AP,2020-08-16,114.8,87.8,16
GYR_AP,2020-08-17,113.0,89.6,15
GYR_AP,2020-08-18,113.0,89.6,16
GYR_AP,2020-08-19,111.2,89.6,16
GYR_AP,2020-08-20,111.2,89.6,16
GYR_AP,2020-08-21,100.4,86.0,16
GYR_AP,2020-08-22,105.8,87.8,14
GYR_AP,2020-08-23,109.4,89.6,16
GYR_AP,2020-08-24,114.8,89.6,14
GYR_AP,2020-08-25,111.2,86.0,15
GYR_AP,2020-08-26,111.2,87.8,15
GYR_AP,2020-08-27,111.2,86.0,16
GYR_AP,2020-08-28,109.4,91.4,15
GYR_AP,2020-08-29,102.2,80.6,18
GYR_AP,2020-08-30,102.2,75.2,16
GYR_AP,2020-08-31,98.6,75.2,16
GYR_AP,2020-09-01,102.2,82.4,16
GYR_AP,2020-09-02,102.2,80.6,15
GYR_AP,2020-09-03,107.6,82.4,16
GYR_AP,2020-09-04,114.8,82.4,16
GYR_AP,2020-09-05,114.8,86.0,16
GYR_AP,2020-09-06,111.2,86.0,16
GYR_AP,2020-09-07,107.6,82.4,16
GYR_AP,2020-09-08,98.6,82.4,16
GYR_AP,2020-09-09,89.6,66.2,16
GYR_AP,2020-09-10,91.4,69.8,16
GYR_AP,2020-09-11,89.6,69.8,14
GYR_AP,2020-09-12,96.8,66.2,16
GYR_AP,2020-09-13,100.4,71.6,16
GYR_AP,2020-09-14,104.0,78.8,16
GYR_AP,2020-09-15,102.2,78.8,16
GYR_AP,2020-09-16,107.6,73.4,16
GYR_AP,2020-09-17,107.6,75.2,16
GYR_AP,2020-09-18,105.8,78.8,15
GYR_AP,2020-09-19,104.0,82.4,16
GYR_AP,2020-09-20,105.8,77.0,16
GYR_AP,2020-09-21,102.2,80.6,16
GYR_AP,2020-09-22,102.2,82.4,16
GYR_AP,2020-09-23,102.2,75.2,16
GYR_AP,2020-09-24,105.8,75.2,15
GYR_AP,2020-09-25,104.0,75.2,16
GYR_AP,2020-09-26,102.2,75.2,16
GYR_AP,2020-09-27,100.4,73.4,16
GYR_AP,2020-09-28,102.2,71.6,16
GYR_AP,2020-09-29,100.4,78.8,16
GYR_AP,2020-09-30,102.2,71.6,15
GYR_AP,2020-10-01,104.0,68.0,14
GYR_AP,2020-10-02,105.8,73.4,13
GYR_AP,2020-10-03,104.0,71.6,16
GYR_AP,2020-10-04,102.2,69.8,15
GYR_AP,2020-10-05,102.2,69.8,16
GYR_AP,2020-10-06,102.2,66.2,16
GYR_AP,2020-10-07,102.2,69.8,17
GYR_AP,2020-10-08,98.6,68.0,16
GYR_AP,2020-10-09,98.6,71.6,16
GYR_AP,2020-10-10,93.2,69.8,15
GYR_AP,2020-10-11,93.2,64.4,15
GYR_AP,2020-10-12,96.8,69.8,16
GYR_AP,2020-10-13,100.4,62.6,16
GYR_AP,2020-10-14,98.6,64.4,16
GYR_AP,2020-10-15,98.6,68.0,16
GYR_AP,2020-10-16,100.4,71.6,15
GYR_AP,2020-10-17,93.2,64.4,16
GYR_AP,2020-10-18,95.0,62.6,16
GYR_AP,2020-10-19,95.0,66.2,16
GYR_AP,2020-10-20,95.0,62.6,16
GYR_AP,2020-10-21,95.0,62.6,16
GYR_AP,2020-10-22,91.4,64.4,16
GYR_AP,2020-10-23,91.4,66.2,16
GYR_AP,2020-10-24,84.2,66.2,16
GYR_AP,2020-10-25,86.0,66.2,15
GYR_AP,2020-10-26,66.2,57.2,15
GYR_AP,2020-10-27,66.2,50.0,16
GYR_AP,2020-10-28,69.8,48.2,16
GYR_AP,2020-10-29,82.4,48.2,15
GYR_AP,2020-10-30,84.2,57.2,16
GYR_AP,2020-10-31,82.4,57.2,16
GYR_AP,2020-11-01,95.0,60.8,16
GYR_AP,2020-11-02,95.0,71.6,16
GYR_AP,2020-11-03,91.4,68.0,16
GYR_AP,2020-11-04,91.4,57.2,16
GYR_AP,2020-11-05,96.8,62.6,16
GYR_AP,2020-11-06,87.8,73.4,16
GYR_AP,2020-11-07,75.2,62.6,16
GYR_AP,2020-11-08,66.2,48.2,16
GYR_AP,2020-11-09,62.6,46.4,16
GYR_AP,2020-11-10,66.2,42.8,16
GYR_AP,2020-11-11,69.8,41.0,16
GYR_AP,2020-11-12,71.6,42.8,15
GYR_AP,2020-11-13,75.2,44.6,16
GYR_AP,2020-11-14,75.2,46.4,16
GYR_AP,2020-11-15,80.6,46.4,16
GYR_AP,2020-11-16,89.6,51.8,16
GYR_AP,2020-11-17,89.6,55.4,16
GYR_AP,2020-11-18,87.8,57.2,16
GYR_AP,2020-11-19,84.2,55.4,16
GYR_AP,2020-11-20,87.8,57.2,16
GYR_AP,2020-11-21,84.2,55.4,16
GYR_AP,2020-11-22,82.4,55.4,16
GYR_AP,2020-11-23,78.8,55.4,15
GYR_AP,2020-11-24,71.6,51.8,16
GYR_AP,2020-11-25,69.8,44.6,16
GYR_AP,2020-11-26,69.8,42.8,16
GYR_AP,2020-11-27,64.4,42.8,16
GYR_AP,2020-11-28,68.0,41.0,15
GYR_AP,2020-11-29,71.6,41.0,16
GYR_AP,2020-11-30,73.4,44.6,16
GYR_AP,2020-12-01,69.8,37.4,14
GYR_AP,2020-12-02,69.8,42.8,16
GYR_AP,2020-12-03,64.4,48.2,16
GYR_AP,2020-12-04,66.2,32.0,16
GYR_AP,2020-12-05,69.8,39.2,16
GYR_AP,2020-12-06,71.6,39.2,16
GYR_AP,2020-12-07,78.8,41.0,16
GYR_AP,2020-12-08,77.0,48.2,16
GYR_AP,2020-12-09,78.8,53.6,16
GYR_AP,2020-12-10,59.0,51.8,17
GYR_AP,2020-12-11,62.6,44.6,19
GYR_AP,2020-12-12,64.4,44.6,16
GYR_AP,2020-12-13,60.8,41.0,16
GYR_AP,2020-12-14,62.6,39.2,16
GYR_AP,2020-12-15,60.8,37.4,14
GYR_AP,2020-12-16,62.6,37.4,16
GYR_AP,2020-12-17,60.8,39.2,14
GYR_AP,2020-12-18,64.4,33.8,16
GYR_AP,2020-12-19,66.2,37.4,16
GYR_AP,2020-12-20,66.2,35.6,16
GYR_AP,2020-12-21,71.6,39.2,13
GYR_AP,2020-12-22,69.8,42.8,15
GYR_AP,2020-12-23,69.8,41.0,15
GYR_AP,2020-12-24,57.2,42.8,16
GYR_AP,2020-12-25,69.8,46.4,16
GYR_AP,2020-12-26,69.8,41.0,16
GYR_AP,2020-12-27,69.8,42.8,16
GYR_AP,2020-12-28,66.2,42.8,16
GYR_AP,2020-12-29,59.0,41.0,16
GYR_AP,2020-12-30,64.4,41.0,16
GYR_AP,2020-12-31,57.2,37.4,16
GYR_AP,2021-01-01,64.4,30.2,16
GYR_AP,2021-01-02,62.6,35.6,13
GYR_AP,2021-01-03,62.6,35.6,15
GYR_AP,2021-01-04,69.8,37.4,15
GYR_AP,2021-01-05,69.8,41.0,16
GYR_AP,2021-01-06,69.8,39.2,12
GYR_AP,2021-01-07,69.8,39.2,16
GYR_AP,2021-01-08,66.2,41.0,16
GYR_AP,2021-01-09,69.8,39.2,16
GYR_AP,2021-01-10,64.4,35.6,16
GYR_AP,2021-01-11,66.2,44.6,16
GYR_AP,2021-01-12,64.4,39.2,16
GYR_AP,2021-01-13,64.4,37.4,16
GYR_AP,2021-01-14,71.6,39.2,16
GYR_AP,2021-01-15,77.0,50.0,16
GYR_AP,2021-01-16,75.2,44.6,16
GYR_AP,2021-01-18,69.8,42.8,15
GYR_AP,2021-01-20,73.4,57.2,16
GYR_AP,2021-01-21,69.8,55.4,16
GYR_AP,2021-01-22,64.4,53.6,15
GYR_AP,2021-01-23,60.8,51.8,16
GYR_AP,2021-01-24,55.4,46.4,16
GYR_AP,2021-01-25,55.4,37.4,15
GYR_AP,2021-01-26,53.6,42.8,16
GYR_AP,2021-01-27,60.8,37.4,16
GYR_AP,2021-01-28,71.6,44.6,15
GYR_AP,2021-01-29,66.2,48.2,16
GYR_AP,2021-01-30,60.8,42.8,16
GYR_AP,2021-01-31,71.6,42.8,15
GYR_AP,2021-02-01,69.8,53.6,16
GYR_AP,2021-02-02,82.4,57.2,16
GYR_AP,2021-02-03,80.6,60.8,16
GYR_AP,2021-02-04,73.4,55.4,16
GYR_AP,2021-02-05,68.0,42.8,16
GYR_AP,2021-02-06,71.6,42.8,16
GYR_AP,2021-02-07,71.6,42.8,16
GYR_AP,2021-02-08,75.2,44.6,16
GYR_AP,2021-02-09,71.6,46.4,16
GYR_AP,2021-02-10,71.6,51.8,16
GYR_AP,2021-02-11,73.4,48.2,16
GYR_AP,2021-02-12,71.6,55.4,16
GYR_AP,2021-02-13,71.6,48.2,16
GYR_AP,2021-02-14,66.2,48.2,16
GYR_AP,2021-02-15,64.4,41.0,16
GYR_AP,2021-02-16,71.6,48.2,16
GYR_AP,2021-02-17,66.2,44.6,16
GYR_AP,2021-02-18,64.4,44.6,16
GYR_AP,2021-02-19,71.6,44.6,14
GYR_AP,2021-02-20,75.2,42.8,15
GYR_AP,2021-02-21,69.8,48.2,16
GYR_AP,2021-02-22,75.2,44.6,16
GYR_AP,2021-02-23,78.8,44.6,16
GYR_AP,2021-02-24,78.8,48.2,16
GYR_AP,2021-02-25,68.0,50.0,16
GYR_AP,2021-02-26,69.8,44.6,16
GYR_AP,2021-02-27,71.6,42.8,15
GYR_AP,2021-02-28,64.4,41.0,16
GYR_AP,2021-03-01,69.8,35.6,16
GYR_AP,2021-03-02,77.0,48.2,16
GYR_AP,2021-03-03,84.2,48.2,16
GYR_AP,2021-03-04,69.8,51.8,16
GYR_AP,2021-03-05,80.6,44.6,16
GYR_AP,2021-03-06,84.2,57.2,15
GYR_AP,2021-03-07,87.8,53.6,17
GYR_AP,2021-03-08,82.4,66.2,16
GYR_AP,2021-03-09,77.0,60.8,16
GYR_AP,2021-03-10,68.0,46.4,16
GYR_AP,2021-03-11,68.0,48.2,16
GYR_AP,2021-03-12,60.8,48.2,16
GYR_AP,2021-03-13,62.6,44.6,14
GYR_AP,2021-03-14,69.8,39.2,15
GYR_AP,2021-03-15,73.4,50.0,16
GYR_AP,2021-03-16,60.8,44.6,16
GYR_AP,2021-03-17,71.6,42.8,16
GYR_AP,2021-03-18,78.8,48.2,16
GYR_AP,2021-03-19,82.4,50.0,16
GYR_AP,2021-03-20,84.2,55.4,16
GYR_AP,2021-03-21,75.2,55.4,16
GYR_AP,2021-03-22,71.6,55.4,16
GYR_AP,2021-03-23,64.4,48.2,16
GYR_AP,2021-03-24,73.4,42.8,16
GYR_AP,2021-03-25,73.4,50.0,16
GYR_AP,2021-03-26,64.4,53.6,15
GYR_AP,2021-03-27,78.8,44.6,18
GYR_AP,2021-03-28,84.2,48.2,15
GYR_AP,2021-03-29,87.8,57.2,16
GYR_AP,2021-03-30,84.2,53.6,16
GYR_AP,2021-03-31,87.8,60.8,16
GYR_AP,2021-04-01,93.2,64.4,16
GYR_AP,2021-04-02,91.4,69.8,16
GYR_AP,2021-04-03,96.8,62.6,16
GYR_AP,2021-04-04,96.8,64.4,16
GYR_AP,2021-04-05,95.0,64.4,15
GYR_AP,2021-04-06,91.4,68.0,15
GYR_AP,2021-04-07,89.6,57.2,16
GYR_AP,2021-04-08,91.4,66.2,15
GYR_AP,2021-04-09,93.2,64.4,15
GYR_AP,2021-04-10,93.2,62.6,16
GYR_AP,2021-04-11,91.4,62.6,16
GYR_AP,2021-04-12,91.4,64.4,16
GYR_AP,2021-04-13,89.6,62.6,16
GYR_AP,2021-04-14,84.2,57.2,15
GYR_AP,2021-04-16,82.4,55.4,16
GYR_AP,2021-04-17,84.2,55.4,16
GYR_AP,2021-04-18,82.4,66.2,16
GYR_AP,2021-04-19,86.0,60.8,16
GYR_AP,2021-04-20,93.2,59.0,15
GYR_AP,2021-04-21,91.4,64.4,13
GYR_AP,2021-04-22,80.6,60.8,13
GYR_AP,2021-04-23,84.2,62.6,15
GYR_AP,2021-04-24,91.4,62.6,16
GYR_AP,2021-04-25,93.2,62.6,16
GYR_AP,2021-04-26,78.8,66.2,16
GYR_AP,2021-04-27,73.4,59.0,16
GYR_AP,2021-04-28,84.2,53.6,16
GYR_AP,2021-04-29,91.4,59.0,16
GYR_AP,2021-04-30,96.8,66.2,16
GYR_AP,2021-05-01,98.6,69.8,15
GYR_AP,2021-05-02,91.4,66.2,15
GYR_AP,2021-05-03,89.6,64.4,16
GYR_AP,2021-05-04,93.2,64.4,15
GYR_AP,2021-05-05,96.8,66.2,14
GYR_AP,2021-05-06,98.6,71.6,16
GYR_AP,2021-05-07,95.0,69.8,15
GYR_AP,2021-05-08,91.4,66.2,16
GYR_AP,2021-05-09,93.2,68.0,16
GYR_AP,2021-05-10,93.2,66.2,16
GYR_AP,2021-05-11,93.2,66.2,16
GYR_AP,2021-05-12,98.6,66.2,15
GYR_AP,2021-05-13,100.4,71.6,16
GYR_AP,2021-05-14,100.4,71.6,16
GYR_AP,2021-05-15,96.8,69.8,16
GYR_AP,2021-05-16,91.4,68.0,16
GYR_AP,2021-05-17,87.8,64.4,16
GYR_AP,2021-05-18,95.0,69.8,16
GYR_AP,2021-05-19,100.4,73.4,16
GYR_AP,2021-05-20,98.6,71.6,16
GYR_AP,2021-05-21,84.2,69.8,15
GYR_AP,2021-05-22,80.6,57.2,16
GYR_AP,2021-05-23,86.0,57.2,16
GYR_AP,2021-05-24,91.4,60.8,14
GYR_AP,2021-05-25,96.8,71.6,14
GYR_AP,2021-05-26,96.8,75.2,16
GYR_AP,2021-05-28,100.4,68.0,16
GYR_AP,2021-05-29,100.4,71.6,15
GYR_AP,2021-05-30,98.6,69.8,15
GYR_AP,2021-05-31,100.4,71.6,16
GYR_AP,2021-06-01,102.2,75.2,15
GYR_AP,2021-06-02,105.8,78.8,15
GYR_AP,2021-06-03,107.6,78.8,15
GYR_AP,2021-06-04,107.6,78.8,16
GYR_AP,2021-06-05,107.6,78.8,15
GYR_AP,2021-06-06,104.0,73.4,15
GYR_AP,2021-06-07,100.4,71.6,16
GYR_AP,2021-06-08,96.8,69.8,16
GYR_AP,2021-06-09,102.2,73.4,16
GYR_AP,2021-06-10,98.6,75.2,15
GYR_AP,2021-06-11,102.2,66.2,16
GYR_AP,2021-06-12,107.6,73.4,16
GYR_AP,2021-06-13,111.2,75.2,16
GYR_AP,2021-06-14,113.0,80.6,15
GYR_AP,2021-06-15,113.0,82.4,16
GYR_AP,2021-06-16,111.2,86.0,15
GYR_AP,2021-06-17,114.8,89.6,16
GYR_AP,2021-06-18,114.8,89.6,16
GYR_AP,2021-06-19,114.8,87.8,16
GYR_AP,2021-06-20,113.0,87.8,16
GYR_AP,2021-06-21,107.6,84.2,16
GYR_AP,2021-06-22,105.8,84.2,16
GYR_AP,2021-06-23,91.4,77.0,15
GYR_AP,2021-06-24,102.2,80.6,16
GYR_AP,2021-06-25,105.8,82.4,15
GYR_AP,2021-06-26,107.6,82.4,16
GYR_AP,2021-06-27,113.0,82.4,15
GYR_AP,2021-06-28,107.6,87.8,16
GYR_AP,2021-06-29,102.2,84.2,16
GYR_AP,2021-06-30,105.8,84.2,15
GYR_AP,2021-07-01,105.8,84.2,16
GYR_AP,2021-07-02,102.2,89.6,16
GYR_AP,2021-07-03,107.6,77.0,16
GYR_AP,2021-07-04,102.2,80.6,16
GYR_AP,2021-07-05,107.6,87.8,16
GYR_AP,2021-07-06,109.4,86.0,15
GYR_AP,2021-07-07,109.4,87.8,16
GYR_AP,2021-07-08,109.4,89.6,16
GYR_AP,2021-07-09,111.2,91.4,15
GYR_AP,2021-07-10,111.2,87.8,16
GYR_AP,2021-07-11,109.4,82.4,15
GYR_AP,2021-07-12,105.8,89.6,16
GYR_AP,2021-07-13,105.8,87.8,16
GYR_AP,2021-07-14,98.6,75.2,16
GYR_AP,2021-07-15,102.2,84.2,12
GYR_AP,2021-07-16,104.0,87.8,18
GYR_AP,2021-07-17,100.4,82.4,14
GYR_AP,2021-07-18,100.4,87.8,16
GYR_AP,2021-07-19,102.2,86.0,14
GYR_AP,2021-07-20,105.8,89.6,16
GYR_AP,2021-07-21,109.4,89.6,14
GYR_AP,2021-07-23,82.4,73.4,16
GYR_AP,2021-07-24,84.2,73.4,15
GYR_AP,2021-07-25,82.4,71.6,16
GYR_AP,2021-07-26,100.4,80.6,13
GYR_AP,2021-07-27,102.2,82.4,16
GYR_AP,2021-07-28,104.0,82.4,15
GYR_AP,2021-07-29,105.8,87.8,15
GYR_AP,2021-07-30,102.2,84.2,16
GYR_AP,2021-07-31,100.4,78.8,15
GYR_AP,2021-08-01,105.8,86.0,16
GYR_AP,2021-08-04,113.0,89.6,15
GYR_AP,2021-08-05,107.6,89.6,16
GYR_AP,2021-08-06,107.6,87.8,16
GYR_AP,2021-08-10,93.2,78.8,16
GYR_AP,2021-08-11,95.0,78.8,16
GYR_AP,2021-08-13,98.6,82.4,15
GYR_AP,2021-08-21,100.4,80.6,16
GYR_AP,2021-08-22,102.2,78.8,16
GYR_AP,2021-08-23,102.2,75.2,16
GYR_AP,2021-08-24,102.2,80.6,16
GYR_AP,2021-08-25,107.6,82.4,16
GYR_AP,2021-08-26,109.4,82.4,16
GYR_AP,2021-08-27,111.2,84.2,16
GYR_AP,2021-08-28,102.2,89.6,14
GYR_AP,2021-08-29,107.6,86.0,16
GYR_AP,2021-08-30,104.0,89.6,16
GYR_AP,2021-08-31,89.6,77.0,17
GYR_AP,2021-09-01,93.2,73.4,15
GYR_AP,2021-09-02,93.2,75.2,16
GYR_AP,2021-09-03,98.6,78.8,16
GYR_AP,2021-09-04,104.0,80.6,16
GYR_AP,2021-09-05,105.8,80.6,17
GYR_AP,2021-09-06,102.2,82.4,16
GYR_AP,2021-09-07,105.8,82.4,16
GYR_AP,2021-09-08,104.0,86.0,16
GYR_AP,2021-09-09,109.4,82.4,16
GYR_AP,2021-09-10,105.8,82.4,15
GYR_AP,2021-09-11,105.8,84.2,16
GYR_AP,2021-09-12,107.6,80.6,16
GYR_AP,2021-09-13,107.6,82.4,16
GYR_AP,2021-09-14,105.8,82.4,16
GYR_AP,2021-09-15,104.0,80.6,16
GYR_AP,2021-09-16,104.0,75.2,16
GYR_AP,2021-09-17,96.8,80.6,16
GYR_AP,2021-09-18,95.0,80.6,16
GYR_AP,2021-09-19,102.2,77.0,15
GYR_AP,2021-09-20,98.6,73.4,14
GYR_AP,2021-09-21,100.4,68.0,16
GYR_AP,2021-09-22,100.4,73.4,16
GYR_AP,2021-09-23,98.6,77.0,15
GYR_AP,2021-09-24,89.6,75.2,15
GYR_AP,2021-09-25,93.2,73.4,15
GYR_AP,2021-09-26,75.2,69.8,15
GYR_AP,2021-09-27,86.0,69.8,15
GYR_AP,2021-09-28,91.4,71.6,16
GYR_AP,2021-09-29,84.2,69.8,16
GYR_AP,2021-09-30,87.8,68.0,16
GYR_AP,2021-10-01,89.6,68.0,14
GYR_AP,2021-10-02,91.4,66.2,16
GYR_AP,2021-10-03,95.0,71.6,16
GYR_AP,2021-10-04,96.8,73.4,15
GYR_AP,2021-10-05,87.8,71.6,16
GYR_AP,2021-10-06,89.6,69.8,15
GYR_AP,2021-10-07,89.6,68.0,14
GYR_AP,2021-10-08,89.6,66.2,16
GYR_AP,2021-10-09,82.4,68.0,15
GYR_AP,2021-10-10,84.2,60.8,16
GYR_AP,2021-10-11,87.8,57.2,15
GYR_AP,2021-10-13,73.4,50.0,15
GYR_AP,2021-10-14,78.8,53.6,15
GYR_AP,2021-10-15,84.2,59.0,16
GYR_AP,2021-10-16,91.4,60.8,16
GYR_AP,2021-10-17,89.6,66.2,14
GYR_AP,2021-10-18,84.2,60.8,16
GYR_AP,2021-10-19,77.0,57.2,16
GYR_AP,2021-10-20,84.2,57.2,16
GYR_AP,2021-10-21,87.8,60.8,14
GYR_AP,2021-10-22,87.8,60.8,15
GYR_AP,2021-10-23,84.2,57.2,16
GYR_AP,2021-10-24,86.0,62.6,16
GYR_AP,2021-10-25,87.8,60.8,15
GYR_AP,2021-10-26,75.2,57.2,15
GYR_AP,2021-10-27,78.8,55.4,15
GYR_AP,2021-10-28,86.0,55.4,16
GYR_AP,2021-10-29,91.4,60.8,16
GYR_AP,2021-10-30,87.8,57.2,16
GYR_AP,2021-10-31,86.0,60.8,16
GYR_AP,2021-11-01,84.2,60.8,15
GYR_AP,2021-11-02,82.4,60.8,16
GYR_AP,2021-11-03,82.4,55.4,12
GYR_AP,2021-11-04,87.8,57.2,13
GYR_AP,2021-11-05,87.8,57.2,15
GYR_AP,2021-11-06,89.6,60.8,16
GYR_AP,2021-11-07,84.2,55.4,16
GYR_AP,2021-11-08,84.2,57.2,14
GYR_AP,2021-11-09,80.6,55.4,15
GYR_AP,2021-11-10,82.4,51.8,15
GYR_AP,2021-11-11,84.2,57.2,16
GYR_AP,2021-11-12,87.8,53.6,16
GYR_AP,2021-11-13,86.0,57.2,16
GYR_AP,2021-11-14,84.2,53.6,15
GYR_AP,2021-11-15,84.2,51.8,16
GYR_AP,2021-11-16,78.8,53.6,16
GYR_AP,2021-11-17,80.6,51.8,16
GYR_AP,2021-11-18,80.6,48.2,16
GYR_AP,2021-11-19,78.8,57.2,15
GYR_AP,2021-11-20,78.8,51.8,14
GYR_AP,2021-11-21,80.6,57.2,15
GYR_AP,2021-11-22,82.4,57.2,16
GYR_AP,2021-11-23,77.0,64.4,15
GYR_AP,2021-11-24,71.6,59.0,16
GYR_AP,2021-11-25,75.2,57.2,16
GYR_AP,2021-11-26,77.0,51.8,15
GYR_AP,2021-11-27,75.2,46.4,12
GYR_AP,2021-11-28,82.4,48.2,16
GYR_AP,2021-11-29,80.6,51.8,16
GYR_AP,2021-11-30,78.8,48.2,16
GYR_AP,2021-12-01,82.4,46.4,16
GYR_AP,2021-12-02,82.4,53.6,15
GYR_AP,2021-12-03,78.8,51.8,16
GYR_AP,2021-12-04,75.2,51.8,14
GYR_AP,2021-12-05,75.2,46.4,16
GYR_AP,2021-12-06,75.2,48.2,16
GYR_AP,2021-12-07,73.4,51.8,15
GYR_AP,2021-12-08,71.6,53.6,16
GYR_AP,2021-12-09,69.8,50.0,16
GYR_AP,2021-12-10,60.8,50.0,16
GYR_AP,2021-12-11,64.4,44.6,16
GYR_AP,2021-12-12,69.8,37.4,16
GYR_AP,2021-12-13,68.0,46.4,16
GYR_AP,2021-12-14,69.8,53.6,15
GYR_AP,2021-12-15,57.2,42.8,15
GYR_AP,2021-12-16,60.8,37.4,16
GYR_AP,2021-12-17,62.6,35.6,16
GYR_AP,2021-12-18,68.0,35.6,12
GYR_AP,2021-12-19,68.0,42.8,16
GYR_AP,2021-12-20,69.8,42.8,16
GYR_AP,2021-12-21,64.4,51.8,15
GYR_AP,2021-12-22,69.8,48.2,16
GYR_AP,2021-12-23,73.4,55.4,16
GYR_AP,2021-12-24,60.8,53.6,12
GYR_AP,2021-12-25,60.8,51.8,15
GYR_AP,2021-12-26,62.6,50.0,16
GYR_AP,2021-12-27,57.2,46.4,16
GYR_AP,2021-12-28,55.4,44.6,16
GYR_AP,2021-12-29,57.2,48.2,15
GYR_AP,2021-12-30,60.8,46.4,16
GYR_AP,2021-12-31,60.8,51.8,12
GYR_AP,2022-01-01,55.4,44.6,16
GYR_AP,2022-01-02,57.2,37.4,15
GYR_AP,2022-01-03,62.6,35.6,16
GYR_AP,2022-01-04,62.6,37.4,15
GYR_AP,2022-01-05,64.4,37.4,16
GYR_AP,2022-01-06,64.4,42.8,15
GYR_AP,2022-01-07,69.8,42.8,16
GYR_AP,2022-01-08,66.2,46.4,13
GYR_AP,2022-01-09,68.0,44.6,13
GYR_AP,2022-01-10,73.4,48.2,15
GYR_AP,2022-01-11,71.6,48.2,16
GYR_AP,2022-01-12,69.8,44.6,16
GYR_AP,2022-01-13,69.8,41.0,16
GYR_AP,2022-01-14,69.8,51.8,16
GYR_AP,2022-01-15,71.6,53.6,16
GYR_AP,2022-01-16,71.6,46.4,16
GYR_AP,2022-01-17,69.8,44.6,13
GYR_AP,2022-01-18,69.8,51.8,15
GYR_AP,2022-01-19,68.0,48.2,16
GYR_AP,2022-01-20,71.6,44.6,15
GYR_AP,2022-01-21,69.8,41.0,16
GYR_AP,2022-01-22,68.0,50.0,17
GYR_AP,2022-01-23,69.8,44.6,16
GYR_AP,2022-01-24,66.2,42.8,14
GYR_AP,2022-01-25,68.0,41.0,16
GYR_AP,2022-01-26,66.2,39.2,16
GYR_AP,2022-01-27,66.2,39.2,16
GYR_AP,2022-01-28,71.6,46.4,15
GYR_AP,2022-01-29,71.6,46.4,15
GYR_AP,2022-01-30,71.6,53.6,15
GYR_AP,2022-01-31,68.0,42.8,16
GYR_AP,2022-02-01,68.0,46.4,16
GYR_AP,2022-02-02,60.8,44.6,16
GYR_AP,2022-02-03,57.2,41.0,16
GYR_AP,2022-02-04,64.4,41.0,15
GYR_AP,2022-02-05,64.4,39.2,16
GYR_AP,2022-02-06,71.6,39.2,16
GYR_AP,2022-02-07,71.6,42.8,16
GYR_AP,2022-02-08,73.4,41.0,15
GYR_AP,2022-02-09,78.8,46.4,16
GYR_AP,2022-02-10,80.6,50.0,16
GYR_AP,2022-02-11,78.8,44.6,16
GYR_AP,2022-02-12,80.6,48.2,16
GYR_AP,2022-02-13,80.6,51.8,16
GYR_AP,2022-02-14,80.6,48.2,15
GYR_AP,2022-02-15,78.8,46.4,16
GYR_AP,2022-02-16,62.6,50.0,15
GYR_AP,2022-02-17,66.2,42.8,16
GYR_AP,2022-02-18,69.8,39.2,15
GYR_AP,2022-02-19,77.0,44.6,15
GYR_AP,2022-02-20,77.0,44.6,16
GYR_AP,2022-02-21,69.8,48.2,16
GYR_AP,2022-02-22,64.4,51.8,16
GYR_AP,2022-02-23,55.4,44.6,17
GYR_AP,2022-02-24,57.2,35.6,16
GYR_AP,2022-02-25,62.6,37.4,14
GYR_AP,2022-02-26,66.2,41.0,16
GYR_AP,2022-02-27,71.6,42.8,16
GYR_AP,2022-02-28,80.6,53.6,16
GYR_AP,2022-03-01,82.4,48.2,16
GYR_AP,2022-03-02,84.2,53.6,16
GYR_AP,2022-03-03,84.2,53.6,15
GYR_AP,2022-03-04,69.8,53.6,16
GYR_AP,2022-03-05,69.8,51.8,16
GYR_AP,2022-03-06,62.6,42.8,16
GYR_AP,2022-03-07,68.0,42.8,16
GYR_AP,2022-03-08,64.4,46.4,16
GYR_AP,2022-03-09,71.6,42.8,15
GYR_AP,2022-03-10,71.6,46.4,16
GYR_AP,2022-03-11,68.0,51.8,15
GYR_AP,2022-03-12,75.2,44.6,15
GYR_AP,2022-03-13,78.8,46.4,15
GYR_AP,2022-03-14,82.4,53.6,16
GYR_AP,2022-03-15,84.2,53.6,15
GYR_AP,2022-03-16,84.2,55.4,16
GYR_AP,2022-03-17,78.8,59.0,16
GYR_AP,2022-03-18,82.4,51.8,16
GYR_AP,2022-03-19,84.2,50.0,16
GYR_AP,2022-03-20,71.6,59.0,16
GYR_AP,2022-03-21,78.8,55.4,16
GYR_AP,2022-03-22,80.6,51.8,16
GYR_AP,2022-03-23,78.8,64.4,16
GYR_AP,2022-03-24,84.2,50.0,16
GYR_AP,2022-03-25,93.2,55.4,16
GYR_AP,2022-03-26,91.4,59.0,15
GYR_AP,2022-03-27,93.2,59.0,15
GYR_AP,2022-03-28,80.6,66.2,14
GYR_AP,2022-03-29,71.6,55.4,15
GYR_AP,2022-03-30,80.6,53.6,14
GYR_AP,2022-03-31,82.4,57.2,16
GYR_AP,2022-04-01,84.2,55.4,15
GYR_AP,2022-04-02,86.0,60.8,16
GYR_AP,2022-04-03,84.2,62.6,16
GYR_AP,2022-04-04,87.8,57.2,16
GYR_AP,2022-04-05,91.4,64.4,16
GYR_AP,2022-04-06,93.2,64.4,16
GYR_AP,2022-04-07,95.0,64.4,16
GYR_AP,2022-04-08,95.0,66.2,16
GYR_AP,2022-04-09,96.8,62.6,13
GYR_AP,2022-04-10,89.6,62.6,16
GYR_AP,2022-04-11,84.2,62.6,16
GYR_AP,2022-04-12,73.4,57.2,16
GYR_AP,2022-04-13,73.4,46.4,16
GYR_AP,2022-04-14,82.4,48.2,16
GYR_AP,2022-04-15,87.8,55.4,16
GYR_AP,2022-04-16,89.6,59.0,16
GYR_AP,2022-04-17,89.6,62.6,16
GYR_AP,2022-04-18,93.2,60.8,16
GYR_AP,2022-04-19,98.6,66.2,16
GYR_AP,2022-04-20,89.6,60.8,16
GYR_AP,2022-04-21,91.4,64.4,16
GYR_AP,2022-04-22,78.8,64.4,16
GYR_AP,2022-04-23,82.4,55.4,16
GYR_AP,2022-04-24,84.2,64.4,16
GYR_AP,2022-04-25,91.4,64.4,14
GYR_AP,2022-04-26,96.8,60.8,16
GYR_AP,2022-04-27,91.4,64.4,12
GYR_AP,2022-04-28,89.6,66.2,15
GYR_AP,2022-04-29,89.6,62.6,14
GYR_AP,2022-04-30,95.0,60.8,16
GYR_AP,2022-05-01,96.8,68.0,16
GYR_AP,2022-05-02,91.4,66.2,16
GYR_AP,2022-05-03,89.6,62.6,15
GYR_AP,2022-05-04,91.4,62.6,16
GYR_AP,2022-05-05,95.0,66.2,16
GYR_AP,2022-05-06,98.6,69.8,16
GYR_AP,2022-05-07,100.4,71.6,16
GYR_AP,2022-05-08,93.2,71.6,16
GYR_AP,2022-05-09,87.8,62.6,16
GYR_AP,2022-05-10,89.6,62.6,15
GYR_AP,2022-05-12,84.2,55.4,16
GYR_AP,2022-05-13,95.0,59.0,16
GYR_AP,2022-05-14,102.2,64.4,13
GYR_AP,2022-05-15,104.0,69.8,15
GYR_AP,2022-05-16,102.2,71.6,16
GYR_AP,2022-05-17,98.6,71.6,16
GYR_AP,2022-05-18,98.6,69.8,15
GYR_AP,2022-05-19,98.6,71.6,16
GYR_AP,2022-05-20,96.8,69.8,14
GYR_AP,2022-05-21,91.4,68.0,16
GYR_AP,2022-05-22,95.0,69.8,15
GYR_AP,2022-05-23,93.2,69.8,16
GYR_AP,2022-05-24,98.6,69.8,16
GYR_AP,2022-05-25,102.2,77.0,15
GYR_AP,2022-05-26,102.2,75.2,16
GYR_AP,2022-05-27,104.0,77.0,16
GYR_AP,2022-05-28,100.4,73.4,16
GYR_AP,2022-05-29,93.2,77.0,14
GYR_AP,2022-05-30,93.2,71.6,15
GYR_AP,2022-05-31,96.8,71.6,16
GYR_AP,2022-06-01,98.6,71.6,15
GYR_AP,2022-06-02,100.4,73.4,16
GYR_AP,2022-06-03,100.4,75.2,16
GYR_AP,2022-06-04,100.4,73.4,16
GYR_AP,2022-06-05,100.4,75.2,14
GYR_AP,2022-06-06,102.2,78.8,16
GYR_AP,2022-06-07,105.8,82.4,16
GYR_AP,2022-06-08,107.6,78.8,16
GYR_AP,2022-06-09,109.4,82.4,16
GYR_AP,2022-06-10,111.2,86.0,12
GYR_AP,2022-06-11,113.0,84.2,17
GYR_AP,2022-06-12,109.4,87.8,16
GYR_AP,2022-06-13,105.8,86.0,16
GYR_AP,2022-06-14,100.4,80.6,15
GYR_AP,2022-06-15,105.8,80.6,16
GYR_AP,2022-06-16,111.2,78.8,15
GYR_AP,2022-06-17,109.4,84.2,16
GYR_AP,2022-06-20,100.4,69.8,13
GYR_AP,2022-06-21,107.6,77.0,16
GYR_AP,2022-06-22,104.0,84.2,16
GYR_AP,2022-06-23,109.4,80.6,16
GYR_AP,2022-06-24,105.8,84.2,15
GYR_AP,2022-06-25,107.6,82.4,15
GYR_AP,2022-06-26,105.8,80.6,17
GYR_AP,2022-06-27,102.2,78.8,16
GYR_AP,2022-06-28,105.8,87.8,14
GYR_AP,2022-06-29,107.6,89.6,16
GYR_AP,2022-06-30,104.0,84.2,15
GYR_AP,2022-07-01,107.6,86.0,16
GYR_AP,2022-07-02,105.8,86.0,14
GYR_AP,2022-07-03,105.8,84.2,16
GYR_AP,2022-07-04,102.2,82.4,16
GYR_AP,2022-07-05,104.0,84.2,16
GYR_AP,2022-07-06,105.8,80.6,16
GYR_AP,2022-07-07,105.8,80.6,16
GYR_AP,2022-07-08,109.4,84.2,16
GYR_AP,2022-07-09,111.2,86.0,16
GYR_AP,2022-07-10,111.2,87.8,15
GYR_AP,2022-07-11,114.8,89.6,17
GYR_AP,2022-07-12,109.4,87.8,13
GYR_AP,2022-07-13,111.2,91.4,16
GYR_AP,2022-07-14,109.4,93.2,15
GYR_AP,2022-07-15,109.4,87.8,15
GYR_AP,2022-07-16,113.0,89.6,15
GYR_AP,2022-07-17,109.4,86.0,14
GYR_AP,2022-07-18,107.6,82.4,16
GYR_AP,2022-07-19,107.6,89.6,16
GYR_AP,2022-07-20,109.4,89.6,16
GYR_AP,2022-07-21,109.4,91.4,16
GYR_AP,2022-07-22,111.2,91.4,15
GYR_AP,2022-07-23,105.8,84.2,16
GYR_AP,2022-07-24,96.8,78.8,17
GYR_AP,2022-07-25,96.8,78.8,18
GYR_AP,2022-07-26,96.8,77.0,16
GYR_AP,2022-07-27,96.8,82.4,16
GYR_AP,2022-07-28,91.4,80.6,16
GYR_AP,2022-07-29,96.8,75.2,15
GYR_AP,2022-07-30,100.4,78.8,15
GYR_AP,2022-07-31,100.4,80.6,18
GYR_AP,2022-08-01,102.2,84.2,13
GYR_AP,2022-08-02,105.8,84.2,16
GYR_AP,2022-08-03,100.4,89.6,16
GYR_AP,2022-08-04,87.8,75.2,14
GYR_AP,2022-08-05,100.4,77.0,16
GYR_AP,2022-08-06,107.6,84.2,15
GYR_AP,2022-08-07,102.2,87.8,16
GYR_AP,2022-08-08,100.4,84.2,15
GYR_AP,2022-08-09,98.6,75.2,16
GYR_AP,2022-08-10,102.2,82.4,15
GYR_AP,2022-08-11,104.0,82.4,16
GYR_AP,2022-08-12,100.4,84.2,17
GYR_AP,2022-08-13,104.0,82.4,16
GYR_AP,2022-08-14,104.0,80.6,19
GYR_AP,2022-08-15,100.4,77.0,16
GYR_AP,2022-08-16,102.2,86.0,14
GYR_AP,2022-08-17,104.0,86.0,16
GYR_AP,2022-08-18,102.2,80.6,16
GYR_AP,2022-08-19,96.8,78.8,20
GYR_AP,2022-08-20,96.8,78.8,17
GYR_AP,2022-08-21,95.0,75.2,16
GYR_AP,2022-08-22,98.6,78.8,15
GYR_AP,2022-08-24,100.4,80.6,16
GYR_AP,2022-08-25,100.4,84.2,15
GYR_AP,2022-08-26,105.8,87.8,15
GYR_AP,2022-08-27,102.2,87.8,18
GYR_AP,2022-08-28,102.2,84.2,16
GYR_AP,2022-08-29,105.8,86.0,16
GYR_AP,2022-08-30,109.4,87.8,16
GYR_AP,2022-08-31,107.6,87.8,15
GYR_AP,2022-09-01,105.8,84.2,16
GYR_AP,2022-09-02,105.8,84.2,14
GYR_AP,2022-09-03,107.6,84.2,15
GYR_AP,2022-09-04,107.6,87.8,16
GYR_AP,2022-09-05,107.6,84.2,14
GYR_AP,2022-09-06,109.4,84.2,16
GYR_AP,2022-09-07,105.8,82.4,14
GYR_AP,2022-09-08,100.4,82.4,16
GYR_AP,2022-09-09,98.6,75.2,16
GYR_AP,2022-09-10,93.2,73.4,13
GYR_AP,2022-09-11,98.6,78.8,16
GYR_AP,2022-09-12,93.2,75.2,15
GYR_AP,2022-09-13,95.0,78.8,16
GYR_AP,2022-09-14,96.8,77.0,16
GYR_AP,2022-09-15,96.8,77.0,14
GYR_AP,2022-09-16,95.0,77.0,16
GYR_AP,2022-09-17,98.6,75.2,16
GYR_AP,2022-09-18,98.6,71.6,16
GYR_AP,2022-09-19,102.2,77.0,16
GYR_AP,2022-09-20,93.2,78.8,17
GYR_AP,2022-09-21,82.4,77.0,16
GYR_AP,2022-09-22,89.6,75.2,15
GYR_AP,2022-09-23,96.8,78.8,16
GYR_AP,2022-09-24,100.4,78.8,16
GYR_AP,2022-09-25,102.2,80.6,16
GYR_AP,2022-09-26,104.0,78.8,14
GYR_AP,2022-09-27,102.2,82.4,16
GYR_AP,2022-09-28,100.4,80.6,16
GYR_AP,2022-09-29,96.8,75.2,14
GYR_AP,2022-09-30,96.8,73.4,14
GYR_AP,2022-10-01,98.6,75.2,15
GYR_AP,2022-10-02,95.0,77.0,15
GYR_AP,2022-10-03,96.8,78.8,16
GYR_AP,2022-10-04,91.4,71.6,16
GYR_AP,2022-10-05,93.2,71.6,16
GYR_AP,2022-10-06,91.4,75.2,15
GYR_AP,2022-10-07,91.4,73.4,14
GYR_AP,2022-10-08,89.6,73.4,16
GYR_AP,2022-10-09,87.8,69.8,16
GYR_AP,2022-10-10,89.6,71.6,16
GYR_AP,2022-10-11,91.4,71.6,15
GYR_AP,2022-10-12,93.2,68.0,16
GYR_AP,2022-10-13,96.8,66.2,15
GYR_AP,2022-10-14,96.8,69.8,16
GYR_AP,2022-10-15,78.8,66.2,22
GYR_AP,2022-10-16,78.8,62.6,16
GYR_AP,2022-10-17,82.4,62.6,16
GYR_AP,2022-10-18,86.0,66.2,16
GYR_AP,2022-10-19,87.8,64.4,16
GYR_AP,2022-10-20,89.6,64.4,16
GYR_AP,2022-10-21,82.4,64.4,12
GYR_AP,2022-10-22,87.8,66.2,15
GYR_AP,2022-10-23,77.0,66.2,16
GYR_AP,2022-10-24,69.8,55.4,15
GYR_AP,2022-10-25,75.2,50.0,16
GYR_AP,2022-10-26,77.0,50.0,16
GYR_AP,2022-10-27,80.6,53.6,15
GYR_AP,2022-10-28,78.8,53.6,13
GYR_AP,2022-10-29,80.6,55.4,16
GYR_AP,2022-10-30,77.0,51.8,16
GYR_AP,2022-10-31,80.6,51.8,16
GYR_AP,2022-11-01,78.8,57.2,16
GYR_AP,2022-11-02,78.8,57.2,16
GYR_AP,2022-11-03,60.8,53.6,16
GYR_AP,2022-11-04,62.6,42.8,16
GYR_AP,2022-11-05,68.0,46.4,15
GYR_AP,2022-11-06,77.0,46.4,16
GYR_AP,2022-11-07,78.8,51.8,16
GYR_AP,2022-11-08,78.8,53.6,16
GYR_AP,2022-11-09,64.4,53.6,16
GYR_AP,2022-11-10,66.2,48.2,16
GYR_AP,2022-11-11,68.0,44.6,15
GYR_AP,2022-11-12,69.8,42.8,14
GYR_AP,2022-11-13,66.2,42.8,16
GYR_AP,2022-11-14,64.4,33.8,16
GYR_AP,2022-11-15,69.8,39.2,16
GYR_AP,2022-11-16,69.8,51.8,16
GYR_AP,2022-11-17,71.6,46.4,16
GYR_AP,2022-11-18,69.8,44.6,16
GYR_AP,2022-11-19,73.4,42.8,16
GYR_AP,2022-11-20,71.6,48.2,16
GYR_AP,2022-11-21,71.6,46.4,16
GYR_AP,2022-11-22,73.4,48.2,16
GYR_AP,2022-11-23,69.8,41.0,14
GYR_AP,2022-11-24,71.6,55.4,16
GYR_AP,2022-11-25,69.8,48.2,15
GYR_AP,2022-11-26,66.2,41.0,16
GYR_AP,2022-11-27,66.2,39.2,15
GYR_AP,2022-11-28,69.8,44.6,16
GYR_AP,2022-11-29,66.2,44.6,16
GYR_AP,2022-11-30,69.8,46.4,16
GYR_AP,2022-12-01,69.8,44.6,14
GYR_AP,2022-12-02,68.0,50.0,16
GYR_AP,2022-12-03,55.4,48.2,16
GYR_AP,2022-12-04,64.4,57.2,16
GYR_AP,2022-12-05,69.8,59.0,15
GYR_AP,2022-12-06,66.2,53.6,15
GYR_AP,2022-12-07,62.6,48.2,16
GYR_AP,2022-12-08,64.4,44.6,15
GYR_AP,2022-12-09,62.6,42.8,15
GYR_AP,2022-12-10,64.4,37.4,16
GYR_AP,2022-12-11,66.2,42.8,15
GYR_AP,2022-12-12,55.4,46.4,15
GYR_AP,2022-12-13,53.6,41.0,13
GYR_AP,2022-12-14,53.6,37.4,15
GYR_AP,2022-12-15,55.4,35.6,15
GYR_AP,2022-12-16,57.2,39.2,14
GYR_AP,2022-12-17,57.2,33.8,16
GYR_AP,2022-12-18,57.2,42.8,16
GYR_AP,2022-12-19,60.8,33.8,13
GYR_AP,2022-12-20,62.6,39.2,15
GYR_AP,2022-12-21,62.6,35.6,16
GYR_AP,2022-12-22,62.6,37.4,16
GYR_AP,2022-12-23,64.4,41.0,16
GYR_AP,2022-12-24,69.8,41.0,16
GYR_AP,2022-12-25,71.6,44.6,16
GYR_AP,2022-12-26,71.6,44.6,12
GYR_AP,2022-12-27,69.8,46.4,16
GYR_AP,2022-12-28,57.2,51.8,15
GYR_AP,2022-12-29,60.8,46.4,16
GYR_AP,2022-12-30,59.0,53.6,15
GYR_AP,2022-12-31,66.2,46.4,17
GYR_AP,2023-01-01,60.8,51.8,17
GYR_AP,2023-01-02,57.2,46.4,16
GYR_AP,2023-01-03,60.8,48.2,16
GYR_AP,2023-01-04,64.4,51.8,15
GYR_AP,2023-01-05,62.6,48.2,16
GYR_AP,2023-01-06,60.8,46.4,16
GYR_AP,2023-01-08,68.0,42.8,16
GYR_AP,2023-01-09,66.2,46.4,16
GYR_AP,2023-01-10,66.2,46.4,16
GYR_AP,2023-01-11,62.6,46.4,15
GYR_AP,2023-01-12,71.6,44.6,16
GYR_AP,2023-01-13,73.4,51.8,15
GYR_AP,2023-01-14,62.6,44.6,15
GYR_AP,2023-01-15,59.0,50.0,16
GYR_AP,2023-01-16,60.8,50.0,16
GYR_AP,2023-01-17,57.2,46.4,16
GYR_AP,2023-01-18,57.2,42.8,16
GYR_AP,2023-01-19,57.2,39.2,16
GYR_AP,2023-01-20,55.4,42.8,16
GYR_AP,2023-01-21,57.2,35.6,16
GYR_AP,2023-01-22,57.2,33.8,16
GYR_AP,2023-01-23,48.2,35.6,16
GYR_AP,2023-01-24,53.6,32.0,16
GYR_AP,2023-01-25,59.0,35.6,16
GYR_AP,2023-01-26,62.6,44.6,16
GYR_AP,2023-01-27,62.6,39.2,16
GYR_AP,2023-01-28,62.6,35.6,15
GYR_AP,2023-01-29,66.2,37.4,16
GYR_AP,2023-01-30,57.2,48.2,16
GYR_AP,2023-01-31,60.8,46.4,15
GYR_AP,2023-02-01,64.4,41.0,16
GYR_AP,2023-02-02,66.2,41.0,16
GYR_AP,2023-02-03,71.6,44.6,14
GYR_AP,2023-02-04,71.6,39.2,16
GYR_AP,2023-02-05,71.6,44.6,15
GYR_AP,2023-02-06,69.8,44.6,16
GYR_AP,2023-02-07,66.2,46.4,16
GYR_AP,2023-02-08,66.2,42.8,15
GYR_AP,2023-02-09,69.8,41.0,16
GYR_AP,2023-02-10,69.8,46.4,14
GYR_AP,2023-02-11,73.4,53.6,16
GYR_AP,2023-02-12,77.0,46.4,17
GYR_AP,2023-02-13,55.4,46.4,15
GYR_AP,2023-02-14,59.0,42.8,16
GYR_AP,2023-02-15,53.6,37.4,16
GYR_AP,2023-02-16,57.2,35.6,15
GYR_AP,2023-02-17,64.4,35.6,14
GYR_AP,2023-02-18,71.6,48.2,14
GYR_AP,2023-02-19,73.4,48.2,16
GYR_AP,2023-02-20,75.2,50.0,16
GYR_AP,2023-02-21,69.8,53.6,15
GYR_AP,2023-02-22,57.2,48.2,15
GYR_AP,2023-02-23,60.8,41.0,16
GYR_AP,2023-02-24,64.4,44.6,16
GYR_AP,2023-02-25,75.2,51.8,16
GYR_AP,2023-02-26,57.2,44.6,16
GYR_AP,2023-02-27,62.6,39.2,16
GYR_AP,2023-02-28,64.4,39.2,15
GYR_AP,2023-03-01,64.4,44.6,16
GYR_AP,2023-03-02,53.6,39.2,17
GYR_AP,2023-03-03,60.8,41.0,16
GYR_AP,2023-03-04,66.2,42.8,16
GYR_AP,2023-03-05,69.8,46.4,16
GYR_AP,2023-03-06,69.8,51.8,16
GYR_AP,2023-03-07,71.6,51.8,16
GYR_AP,2023-03-08,73.4,50.0,14
GYR_AP,2023-03-09,73.4,48.2,16
GYR_AP,2023-03-10,78.8,48.2,16
GYR_AP,2023-03-11,75.2,60.8,16
GYR_AP,2023-03-12,80.6,57.2,16
GYR_AP,2023-03-13,78.8,55.4,15
GYR_AP,2023-03-14,80.6,53.6,15
GYR_AP,2023-03-15,62.6,55.4,15
GYR_AP,2023-03-16,69.8,51.8,14
GYR_AP,2023-03-17,71.6,50.0,14
GYR_AP,2023-03-18,73.4,51.8,15
GYR_AP,2023-03-19,71.6,55.4,16
GYR_AP,2023-03-20,71.6,53.6,16
GYR_AP,2023-03-21,64.4,60.8,13
GYR_AP,2023-03-22,64.4,51.8,16
GYR_AP,2023-03-23,66.2,42.8,15
GYR_AP,2023-03-24,69.8,48.2,15
GYR_AP,2023-03-27,71.6,50.0,16
GYR_AP,2023-03-28,77.0,48.2,13
GYR_AP,2023-03-29,80.6,50.0,16
GYR_AP,2023-03-30,66.2,55.4,14
GYR_AP,2023-03-31,69.8,46.4,15
GYR_AP,2023-04-01,80.6,51.8,16
GYR_AP,2023-04-02,80.6,50.0,16
GYR_AP,2023-04-03,78.8,53.6,16
GYR_AP,2023-04-04,62.6,46.4,16
GYR_AP,2023-04-05,68.0,42.8,16
GYR_AP,2023-04-06,78.8,42.8,16
GYR_AP,2023-04-07,80.6,51.8,16
GYR_AP,2023-04-08,82.4,53.6,13
GYR_AP,2023-04-09,91.4,57.2,16
GYR_AP,2023-04-10,98.6,60.8,16
GYR_AP,2023-04-11,96.8,64.4,14
GYR_AP,2023-04-12,89.6,68.0,16
GYR_AP,2023-04-13,80.6,66.2,16
GYR_AP,2023-04-14,75.2,57.2,14
GYR_AP,2023-04-15,84.2,55.4,15
GYR_AP,2023-04-16,89.6,57.2,15
GYR_AP,2023-04-17,91.4,60.8,16
GYR_AP,2023-04-18,84.2,62.6,15
GYR_AP,2023-04-19,80.6,59.0,16
GYR_AP,2023-04-20,84.2,51.8,16
GYR_AP,2023-04-21,87.8,57.2,12
GYR_AP,2023-04-22,93.2,60.8,16
GYR_AP,2023-04-23,93.2,62.6,16
GYR_AP,2023-04-24,91.4,66.2,15
GYR_AP,2023-04-26,89.6,68.0,16
GYR_AP,2023-04-27,93.2,62.6,16
GYR_AP,2023-04-29,98.6,71.6,12
GYR_AP,2023-04-30,100.4,66.2,13
GYR_AP,2023-05-01,96.8,71.6,16
GYR_AP,2023-05-02,87.8,60.8,15
GYR_AP,2023-05-03,86.0,66.2,16
GYR_AP,2023-05-04,78.8,60.8,16
GYR_AP,2023-05-05,80.6,57.2,16
GYR_AP,2023-05-06,84.2,59.0,15
GYR_AP,2023-05-07,87.8,62.6,16
GYR_AP,2023-05-08,91.4,60.8,16
GYR_AP,2023-05-09,91.4,66.2,16
GYR_AP,2023-05-10,78.8,64.4,16
GYR_AP,2023-05-11,87.8,60.8,16
GYR_AP,2023-05-12,93.2,66.2,15
GYR_AP,2023-05-13,98.6,69.8,16
GYR_AP,2023-05-14,98.6,73.4,14
GYR_AP,2023-05-15,102.2,78.8,14
GYR_AP,2023-05-16,100.4,82.4,16
GYR_AP,2023-05-17,98.6,78.8,15
GYR_AP,2023-05-18,98.6,78.8,16
GYR_AP,2023-05-19,89.6,73.4,16
GYR_AP,2023-05-20,96.8,68.0,16
GYR_AP,2023-05-21,98.6,75.2,16
GYR_AP,2023-05-22,98.6,75.2,15
GYR_AP,2023-05-23,100.4,71.6,16
GYR_AP,2023-05-24,96.8,71.6,16
GYR_AP,2023-05-25,96.8,71.6,16
GYR_AP,2023-05-26,93.2,71.6,16
GYR_AP,2023-05-27,95.0,71.6,12
GYR_AP,2023-05-28,96.8,71.6,16
GYR_AP,2023-05-29,98.6,69.8,16
GYR_AP,2023-05-30,96.8,69.8,17
GYR_AP,2023-05-31,89.6,60.8,15
GYR_AP,2023-06-01,89.6,66.2,15
GYR_AP,2023-06-02,93.2,68.0,16
GYR_AP,2023-06-03,98.6,71.6,16
GYR_AP,2023-06-04,102.2,75.2,16
GYR_AP,2023-06-05,104.0,73.4,14
GYR_AP,2023-06-06,96.8,69.8,16
GYR_AP,2023-06-07,93.2,68.0,16
GYR_AP,2023-06-08,93.2,66.2,15
GYR_AP,2023-06-09,95.0,69.8,14
GYR_AP,2023-06-10,96.8,71.6,16
GYR_AP,2023-06-11,89.6,69.8,15
GYR_AP,2023-06-12,89.6,71.6,14
GYR_AP,2023-06-13,93.2,71.6,16
GYR_AP,2023-06-14,98.6,73.4,16
GYR_AP,2023-06-15,98.6,71.6,16
GYR_AP,2023-06-16,98.6,71.6,16
GYR_AP,2023-06-17,102.2,73.4,16
GYR_AP,2023-06-18,104.0,80.6,16
GYR_AP,2023-06-19,102.2,77.0,16
GYR_AP,2023-06-20,100.4,75.2,16
GYR_AP,2023-06-21,102.2,75.2,16
GYR_AP,2023-06-22,102.2,73.4,16
GYR_AP,2023-06-23,96.8,71.6,16
GYR_AP,2023-06-24,102.2,64.4,16
GYR_AP,2023-06-25,105.8,75.2,16
GYR_AP,2023-06-26,107.6,77.0,16
GYR_AP,2023-06-27,105.8,80.6,16
GYR_AP,2023-06-28,104.0,75.2,16
GYR_AP,2023-06-29,102.2,75.2,16
GYR_AP,2023-06-30,107.6,77.0,16
GYR_AP,2023-07-01,109.4,80.6,16
GYR_AP,2023-07-02,113.0,86.0,16
GYR_AP,2023-07-03,113.0,84.2,16
GYR_AP,2023-07-04,109.4,84.2,13
GYR_AP,2023-07-05,107.6,84.2,15
GYR_AP,2023-07-06,111.2,84.2,15
GYR_AP,2023-07-07,107.6,84.2,16
GYR_AP,2023-07-08,107.6,82.4,13
GYR_AP,2023-07-09,107.6,84.2,16
GYR_AP,2023-07-10,105.8,87.8,16
GYR_AP,2023-07-11,107.6,87.8,14
GYR_AP,2023-07-12,109.4,91.4,16
GYR_AP,2023-07-13,111.2,89.6,16
GYR_AP,2023-07-14,113.0,89.6,16
GYR_AP,2023-07-15,114.8,89.6,16
GYR_AP,2023-07-16,111.2,93.2,16
GYR_AP,2023-07-17,113.0,89.6,16
GYR_AP,2023-07-18,114.8,91.4,16
GYR_AP,2023-07-19,114.8,91.4,16
GYR_AP,2023-07-20,116.6,91.4,16
GYR_AP,2023-07-21,113.0,89.6,16
GYR_AP,2023-07-22,113.0,93.2,12
GYR_AP,2023-07-23,109.4,87.8,16
GYR_AP,2023-07-24,111.2,91.4,16
GYR_AP,2023-07-25,114.8,89.6,16
GYR_AP,2023-07-26,114.8,93.2,15
GYR_AP,2023-07-27,111.2,87.8,16
GYR_AP,2023-07-28,111.2,91.4,12
GYR_AP,2023-07-29,111.2,91.4,16
GYR_AP,2023-07-30,107.6,87.8,16
GYR_AP,2023-07-31,104.0,80.6,13
GYR_AP,2023-08-01,104.0,82.4,16
GYR_AP,2023-08-02,107.6,89.6,16
GYR_AP,2023-08-03,109.4,87.8,15
GYR_AP,2023-08-05,111.2,82.4,16
GYR_AP,2023-08-06,109.4,84.2,16
GYR_AP,2023-08-07,107.6,87.8,14
GYR_AP,2023-08-08,105.8,87.8,15
GYR_AP,2023-08-09,107.6,89.6,16
GYR_AP,2023-08-10,105.8,91.4,16
GYR_AP,2023-08-11,107.6,84.2,16
GYR_AP,2023-08-12,104.0,84.2,13
GYR_AP,2023-08-13,105.8,86.0,16
GYR_AP,2023-08-14,104.0,84.2,12
GYR_AP,2023-08-15,109.4,89.6,16
GYR_AP,2023-08-16,109.4,87.8,15
GYR_AP,2023-08-17,111.2,89.6,16
GYR_AP,2023-08-18,105.8,84.2,12
GYR_AP,2023-08-19,89.6,80.6,15
GYR_AP,2023-08-20,98.6,80.6,16
GYR_AP,2023-08-21,87.8,78.8,15
GYR_AP,2023-08-22,98.6,77.0,16
GYR_AP,2023-08-23,107.6,78.8,16
GYR_AP,2023-08-24,104.0,84.2,12
GYR_AP,2023-08-25,109.4,87.8,14
GYR_AP,2023-08-26,111.2,86.0,15
GYR_AP,2023-08-27,111.2,89.6,16
GYR_AP,2023-08-28,114.8,91.4,16
GYR_AP,2023-08-29,113.0,89.6,16
GYR_AP,2023-08-30,109.4,87.8,15
GYR_AP,2023-08-31,107.6,87.8,16
GYR_AP,2023-09-01,84.2,75.2,15
GYR_AP,2023-09-02,93.2,77.0,16
GYR_AP,2023-09-03,98.6,75.2,16
GYR_AP,2023-09-04,98.6,82.4,16
GYR_AP,2023-09-05,100.4,73.4,13
GYR_AP,2023-09-06,102.2,75.2,16
GYR_AP,2023-09-07,105.8,73.4,15
GYR_AP,2023-09-08,107.6,80.6,14
GYR_AP,2023-09-09,111.2,84.2,16
GYR_AP,2023-09-10,109.4,89.6,15
GYR_AP,2023-09-11,104.0,84.2,16
GYR_AP,2023-09-12,98.6,80.6,16
GYR_AP,2023-09-13,96.8,78.8,15
GYR_AP,2023-09-14,98.6,80.6,15
GYR_AP,2023-09-15,100.4,77.0,16
GYR_AP,2023-09-16,104.0,75.2,15
GYR_AP,2023-09-17,102.2,78.8,15
GYR_AP,2023-09-18,98.6,75.2,15
GYR_AP,2023-09-19,96.8,73.4,15
GYR_AP,2023-09-20,98.6,73.4,16
GYR_AP,2023-09-21,96.8,71.6,16
GYR_AP,2023-09-22,95.0,73.4,16
GYR_AP,2023-09-23,95.0,75.2,16
GYR_AP,2023-09-24,96.8,69.8,16
GYR_AP,2023-09-25,100.4,69.8,16
GYR_AP,2023-09-26,102.2,73.4,15
GYR_AP,2023-09-27,102.2,68.0,16
GYR_AP,2023-09-28,100.4,73.4,16
GYR_AP,2023-09-29,98.6,68.0,16
GYR_AP,2023-09-30,96.8,69.8,16
GYR_AP,2023-10-01,84.2,69.8,16
GYR_AP,2023-10-02,84.2,64.4,16
GYR_AP,2023-10-03,86.0,64.4,16
GYR_AP,2023-10-04,91.4,64.4,15
GYR_AP,2023-10-05,98.6,66.2,16
GYR_AP,2023-10-06,102.2,69.8,13
GYR_AP,2023-10-07,100.4,75.2,16
GYR_AP,2023-10-08,100.4,80.6,15
GYR_AP,2023-10-09,98.6,75.2,16
GYR_AP,2023-10-10,96.8,71.6,16
GYR_AP,2023-10-11,91.4,71.6,15
GYR_AP,2023-10-12,87.8,66.2,16
GYR_AP,2023-10-13,89.6,62.6,16
GYR_AP,2023-10-14,91.4,64.4,16
GYR_AP,2023-10-15,98.6,62.6,16
GYR_AP,2023-10-16,100.4,69.8,16
GYR_AP,2023-10-17,98.6,73.4,15
GYR_AP,2023-10-18,98.6,68.0,14
GYR_AP,2023-10-19,102.2,69.8,16
GYR_AP,2023-10-20,100.4,66.2,16
GYR_AP,2023-10-21,98.6,66.2,16
GYR_AP,2023-10-22,95.0,68.0,16
GYR_AP,2023-10-23,82.4,69.8,16
GYR_AP,2023-10-24,82.4,64.4,16
GYR_AP,2023-10-25,82.4,62.6,16
GYR_AP,2023-10-26,82.4,62.6,16
GYR_AP,2023-10-27,86.0,62.6,16
GYR_AP,2023-10-28,84.2,62.6,13
GYR_AP,2023-10-29,77.0,55.4,16
GYR_AP,2023-10-30,78.8,60.8,16
GYR_AP,2023-10-31,80.6,55.4,16
GYR_AP,2023-11-01,80.6,57.2,16
GYR_AP,2023-11-02,84.2,53.6,15
GYR_AP,2023-11-03,84.2,51.8,15
GYR_AP,2023-11-04,87.8,55.4,16
GYR_AP,2023-11-05,89.6,55.4,15
GYR_AP,2023-11-06,89.6,62.6,16
GYR_AP,2023-11-07,87.8,60.8,12
GYR_AP,2023-11-08,78.8,55.4,15
GYR_AP,2023-11-09,75.2,46.4,16
GYR_AP,2023-11-10,75.2,44.6,16
GYR_AP,2023-11-11,78.8,53.6,16
GYR_AP,2023-11-12,82.4,51.8,15
GYR_AP,2023-11-13,86.0,59.0,16
GYR_AP,2023-11-14,84.2,64.4,16
GYR_AP,2023-11-15,84.2,66.2,15
GYR_AP,2023-11-16,75.2,62.6,16
GYR_AP,2023-11-17,80.6,62.6,15
GYR_AP,2023-11-18,73.4,60.8,17
GYR_AP,2023-11-19,73.4,57.2,16
GYR_AP,2023-11-20,73.4,53.6,16
GYR_AP,2023-11-21,78.8,55.4,15
GYR_AP,2023-11-22,75.2,51.8,16
GYR_AP,2023-11-23,71.6,48.2,12
GYR_AP,2023-11-24,71.6,48.2,15
GYR_AP,2023-11-25,68.0,53.6,16
GYR_AP,2023-11-26,69.8,48.2,16
GYR_AP,2023-11-27,73.4,53.6,16
GYR_AP,2023-11-28,75.2,55.4,16
GYR_AP,2023-11-29,69.8,51.8,16
GYR_AP,2023-11-30,62.6,50.0,16
GYR_AP,2023-12-01,62.6,51.8,16
GYR_AP,2023-12-02,64.4,44.6,15
GYR_AP,2023-12-03,66.2,44.6,16
GYR_AP,2023-12-04,69.8,44.6,16
GYR_AP,2023-12-05,78.8,46.4,15
GYR_AP,2023-12-06,80.6,53.6,14
GYR_AP,2023-12-07,75.2,50.0,16
GYR_AP,2023-12-08,69.8,44.6,16
GYR_AP,2023-12-09,66.2,50.0,16
GYR_AP,2023-12-10,69.8,44.6,16
GYR_AP,2023-12-11,71.6,42.8,16
GYR_AP,2023-12-12,68.0,48.2,16
GYR_AP,2023-12-13,66.2,41.0,16
GYR_AP,2023-12-14,66.2,42.8,16
GYR_AP,2023-12-15,73.4,39.2,16
GYR_AP,2023-12-16,78.8,44.6,16
GYR_AP,2023-12-17,77.0,48.2,16
GYR_AP,2023-12-18,71.6,48.2,15
GYR_AP,2023-12-19,75.2,55.4,15
GYR_AP,2023-12-20,73.4,57.2,12
GYR_AP,2023-12-21,75.2,53.6,13
GYR_AP,2023-12-22,59.0,53.6,13
GYR_AP,2023-12-24,60.8,42.8,17
GYR_AP,2023-12-25,60.8,44.6,15
GYR_AP,2023-12-26,60.8,39.2,16
GYR_AP,2023-12-27,62.6,39.2,16
GYR_AP,2023-12-28,68.0,41.0,16
GYR_AP,2023-12-29,69.8,42.8,16
GYR_AP,2023-12-30,69.8,48.2,15
GYR_AP,2023-12-31,62.6,42.8,16
GYR_AP,2024-01-01,60.8,46.4,16
GYR_AP,2024-01-02,64.4,41.0,16
GYR_AP,2024-01-03,60.8,42.8,16
GYR_AP,2024-01-04,57.2,42.8,15
GYR_AP,2024-01-05,57.2,39.2,16
GYR_AP,2024-01-06,60.8,35.6,16
GYR_AP,2024-01-07,53.6,42.8,16
GYR_AP,2024-01-08,53.6,35.6,16
GYR_AP,2024-01-09,53.6,30.2,14
GYR_AP,2024-01-10,57.2,30.2,15
GYR_AP,2024-01-11,57.2,37.4,16
GYR_AP,2024-01-12,55.4,32.0,15
GYR_AP,2024-01-13,60.8,33.8,12
GYR_AP,2024-01-14,64.4,39.2,16
GYR_AP,2024-01-15,66.2,37.4,16
GYR_AP,2024-01-16,66.2,39.2,16
GYR_AP,2024-01-17,62.6,42.8,14
GYR_AP,2024-01-18,73.4,42.8,16
GYR_AP,2024-01-19,73.4,46.4,16
GYR_AP,2024-01-20,66.2,48.2,15
GYR_AP,2024-01-21,57.2,53.6,16
GYR_AP,2024-01-22,60.8,48.2,16
GYR_AP,2024-01-23,59.0,53.6,15
GYR_AP,2024-01-24,62.6,51.8,18
GYR_AP,2024-01-25,64.4,50.0,16
GYR_AP,2024-01-26,66.2,44.6,16
GYR_AP,2024-01-27,73.4,48.2,16
GYR_AP,2024-01-28,75.2,51.8,15
GYR_AP,2024-01-29,77.0,53.6,14
GYR_AP,2024-01-30,78.8,51.8,15
GYR_AP,2024-01-31,77.0,53.6,15
GYR_AP,2024-02-01,77.0,53.6,13
GYR_AP,2024-02-02,60.8,51.8,16
GYR_AP,2024-02-03,62.6,46.4,16
GYR_AP,2024-02-04,66.2,46.4,15
GYR_AP,2024-02-05,71.6,50.0,16
GYR_AP,2024-02-06,62.6,57.2,15
GYR_AP,2024-02-07,59.0,46.4,16
GYR_AP,2024-02-08,53.6,44.6,16
GYR_AP,2024-02-09,57.2,39.2,16
GYR_AP,2024-02-10,57.2,44.6,16
GYR_AP,2024-02-11,59.0,39.2,15
GYR_AP,2024-02-12,64.4,39.2,17
GYR_AP,2024-02-13,66.2,41.0,16
GYR_AP,2024-02-14,69.8,44.6,16
GYR_AP,2024-02-15,69.8,46.4,15
GYR_AP,2024-02-16,71.6,46.4,16
GYR_AP,2024-02-17,73.4,48.2,16
GYR_AP,2024-02-18,73.4,48.2,16
GYR_AP,2024-02-19,75.2,50.0,16
GYR_AP,2024-02-20,82.4,51.8,16
GYR_AP,2024-02-21,71.6,53.6,15
GYR_AP,2024-02-22,73.4,48.2,12
GYR_AP,2024-02-23,78.8,51.8,15
GYR_AP,2024-02-24,75.2,53.6,15
GYR_AP,2024-02-25,78.8,55.4,16
GYR_AP,2024-02-26,73.4,62.6,12
GYR_AP,2024-02-27,73.4,55.4,15
GYR_AP,2024-02-28,75.2,55.4,16
GYR_AP,2024-02-29,73.4,51.8,16
GYR_AP,2024-03-01,78.8,51.8,14
GYR_AP,2024-03-02,75.2,51.8,16
GYR_AP,2024-03-03,69.8,55.4,15
GYR_AP,2024-03-04,69.8,51.8,15
GYR_AP,2024-03-05,73.4,48.2,16
GYR_AP,2024-03-06,73.4,53.6,15
GYR_AP,2024-03-07,60.8,53.6,17
GYR_AP,2024-03-08,68.0,51.8,17
GYR_AP,2024-03-09,73.4,51.8,16
GYR_AP,2024-03-10,77.0,51.8,15
GYR_AP,2024-03-11,78.8,53.6,16
GYR_AP,2024-03-12,77.0,53.6,16
GYR_AP,2024-03-13,75.2,55.4,16
GYR_AP,2024-03-14,69.8,48.2,14
GYR_AP,2024-03-15,60.8,51.8,15
GYR_AP,2024-03-16,64.4,46.4,16
GYR_AP,2024-03-18,75.2,50.0,16
GYR_AP,2024-03-19,75.2,53.6,16
GYR_AP,2024-03-20,78.8,51.8,14
GYR_AP,2024-03-21,82.4,55.4,14
GYR_AP,2024-03-22,84.2,57.2,15
GYR_AP,2024-03-23,80.6,60.8,15
GYR_AP,2024-03-24,64.4,50.0,15
GYR_AP,2024-03-25,71.6,48.2,16
GYR_AP,2024-03-26,71.6,55.4,16
GYR_AP,2024-03-27,75.2,50.0,16
GYR_AP,2024-03-28,78.8,53.6,16
GYR_AP,2024-03-29,82.4,57.2,16
GYR_AP,2024-03-30,84.2,59.0,14
GYR_AP,2024-03-31,60.8,51.8,15
GYR_AP,2024-04-01,62.6,48.2,16
GYR_AP,2024-04-02,73.4,51.8,16
GYR_AP,2024-04-04,84.2,55.4,16
GYR_AP,2024-04-05,66.2,59.0,15
GYR_AP,2024-04-06,66.2,46.4,15
GYR_AP,2024-04-07,73.4,44.6,16
GYR_AP,2024-04-08,73.4,51.8,16
GYR_AP,2024-04-09,82.4,53.6,16
GYR_AP,2024-04-10,84.2,53.6,14
GYR_AP,2024-04-11,91.4,57.2,16
GYR_AP,2024-04-13,87.8,60.8,15
GYR_AP,2024-04-14,80.6,57.2,16
GYR_AP,2024-04-15,75.2,53.6,16
GYR_AP,2024-04-16,86.0,57.2,16
GYR_AP,2024-04-17,89.6,60.8,16
GYR_AP,2024-04-18,91.4,62.6,16
GYR_AP,2024-04-19,91.4,64.4,15
GYR_AP,2024-04-20,93.2,66.2,15
GYR_AP,2024-04-21,96.8,66.2,16
GYR_AP,2024-04-22,96.8,68.0,16
GYR_AP,2024-04-23,95.0,69.8,16
GYR_AP,2024-04-24,89.6,64.4,16
GYR_AP,2024-04-25,82.4,66.2,16
GYR_AP,2024-04-26,78.8,62.6,16
GYR_AP,2024-04-27,78.8,59.0,15
GYR_AP,2024-04-28,86.0,60.8,16
GYR_AP,2024-04-29,91.4,64.4,16
GYR_AP,2024-05-01,89.6,68.0,15
GYR_AP,2024-05-02,89.6,64.4,15
GYR_AP,2024-05-03,91.4,69.8,16
GYR_AP,2024-05-04,93.2,69.8,16
GYR_AP,2024-05-05,82.4,69.8,16
GYR_AP,2024-05-06,84.2,57.2,16
GYR_AP,2024-05-07,89.6,59.0,15
GYR_AP,2024-05-08,89.6,64.4,15
GYR_AP,2024-05-09,86.0,60.8,16
GYR_AP,2024-05-10,89.6,60.8,16
GYR_AP,2024-05-11,91.4,64.4,16
GYR_AP,2024-05-12,93.2,64.4,16
GYR_AP,2024-05-13,98.6,69.8,16
GYR_AP,2024-05-14,96.8,73.4,16
GYR_AP,2024-05-15,95.0,69.8,16
GYR_AP,2024-05-16,95.0,75.2,16
GYR_AP,2024-05-18,100.4,77.0,14
GYR_AP,2024-05-19,96.8,77.0,13
GYR_AP,2024-05-20,91.4,73.4,16
GYR_AP,2024-05-21,91.4,68.0,16
GYR_AP,2024-05-22,93.2,64.4,15
GYR_AP,2024-05-23,95.0,66.2,12
GYR_AP,2024-05-24,96.8,71.6,12
GYR_AP,2024-05-25,89.6,69.8,14
GYR_AP,2024-05-26,93.2,68.0,16
GYR_AP,2024-05-27,98.6,69.8,16
GYR_AP,2024-05-28,102.2,73.4,16
GYR_AP,2024-05-29,100.4,80.6,15
GYR_AP,2024-05-30,100.4,71.6,16
GYR_AP,2024-05-31,102.2,73.4,16
GYR_AP,2024-06-01,102.2,77.0,15
GYR_AP,2024-06-02,102.2,73.4,16
GYR_AP,2024-06-03,100.4,75.2,15
GYR_AP,2024-06-04,100.4,77.0,15
GYR_AP,2024-06-05,105.8,78.8,15
GYR_AP,2024-06-06,109.4,82.4,16
GYR_AP,2024-06-07,109.4,82.4,14
GYR_AP,2024-06-08,105.8,82.4,17
GYR_AP,2024-06-09,105.8,78.8,16
GYR_AP,2024-06-10,102.2,77.0,16
GYR_AP,2024-06-11,109.4,77.0,16
GYR_AP,2024-06-12,107.6,82.4,15
GYR_AP,2024-06-13,105.8,80.6,16
GYR_AP,2024-06-14,105.8,78.8,16
GYR_AP,2024-06-15,111.2,80.6,15
GYR_AP,2024-06-16,109.4,82.4,15
GYR_AP,2024-06-17,102.2,78.8,14
GYR_AP,2024-06-18,100.4,77.0,16
GYR_AP,2024-06-19,102.2,80.6,15
GYR_AP,2024-06-20,109.4,78.8,16
GYR_AP,2024-06-21,113.0,91.4,16
GYR_AP,2024-06-22,105.8,89.6,15
GYR_AP,2024-06-23,107.6,87.8,16
GYR_AP,2024-06-24,109.4,89.6,16
GYR_AP,2024-06-25,105.8,82.4,16
GYR_AP,2024-06-26,109.4,82.4,16
GYR_AP,2024-06-27,109.4,89.6,15
GYR_AP,2024-06-28,109.4,89.6,15
GYR_AP,2024-06-29,107.6,87.8,16
GYR_AP,2024-06-30,107.6,91.4,15
GYR_AP,2024-07-01,105.8,84.2,16
GYR_AP,2024-07-02,111.2,87.8,16
GYR_AP,2024-07-03,111.2,91.4,16
GYR_AP,2024-07-04,111.2,87.8,16
GYR_AP,2024-07-05,116.6,87.8,16
GYR_AP,2024-07-06,113.0,89.6,15
GYR_AP,2024-07-07,111.2,87.8,16
GYR_AP,2024-07-08,114.8,87.8,16
GYR_AP,2024-07-09,114.8,87.8,14
GYR_AP,2024-07-10,113.0,93.2,16
GYR_AP,2024-07-12,111.2,89.6,15
GYR_AP,2024-07-13,109.4,91.4,16
GYR_AP,2024-07-14,107.6,86.0,15
GYR_AP,2024-07-15,107.6,84.2,16
GYR_AP,2024-07-16,109.4,87.8,16
GYR_AP,2024-07-17,107.6,89.6,16
GYR_AP,2024-07-18,109.4,89.6,13
GYR_AP,2024-07-19,111.2,89.6,15
GYR_AP,2024-07-20,113.0,91.4,12
GYR_AP,2024-07-21,109.4,84.2,16
GYR_AP,2024-07-22,107.6,82.4,16
GYR_AP,2024-07-23,111.2,89.6,16
GYR_AP,2024-07-24,113.0,91.4,15
GYR_AP,2024-07-25,111.2,89.6,17
GYR_AP,2024-07-26,107.6,82.4,16
GYR_AP,2024-07-27,109.4,89.6,15
GYR_AP,2024-07-28,107.6,87.8,16
GYR_AP,2024-07-29,107.6,86.0,16
GYR_AP,2024-07-30,105.8,89.6,16
GYR_AP,2024-07-31,107.6,84.2,16
GYR_AP,2024-08-01,105.8,86.0,16
GYR_AP,2024-08-02,107.6,87.8,15
GYR_AP,2024-08-03,113.0,91.4,16
GYR_AP,2024-08-04,114.8,91.4,16
GYR_AP,2024-08-05,109.4,89.6,16
GYR_AP,2024-08-06,109.4,91.4,16
GYR_AP,2024-08-07,100.4,80.6,14
GYR_AP,2024-08-08,105.8,84.2,17
GYR_AP,2024-08-09,105.8,84.2,17
GYR_AP,2024-08-10,109.4,91.4,14
GYR_AP,2024-08-11,100.4,84.2,16
GYR_AP,2024-08-12,105.8,84.2,16
GYR_AP,2024-08-13,105.8,89.6,16
GYR_AP,2024-08-14,105.8,87.8,12
GYR_AP,2024-08-15,109.4,87.8,16
GYR_AP,2024-08-16,109.4,89.6,17
GYR_AP,2024-08-17,109.4,91.4,16
GYR_AP,2024-08-18,100.4,78.8,15
GYR_AP,2024-08-19,109.4,80.6,16
GYR_AP,2024-08-20,111.2,89.6,13
GYR_AP,2024-08-21,102.2,87.8,14
GYR_AP,2024-08-22,105.8,84.2,17
GYR_AP,2024-08-23,107.6,82.4,17
GYR_AP,2024-08-24,102.2,80.6,16
GYR_AP,2024-08-25,104.0,84.2,16
GYR_AP,2024-08-26,105.8,80.6,15
GYR_AP,2024-08-27,105.8,80.6,16
GYR_AP,2024-08-28,104.0,89.6,13
GYR_AP,2024-08-29,107.6,82.4,16
GYR_AP,2024-08-30,107.6,84.2,16
GYR_AP,2024-08-31,107.6,82.4,15
GYR_AP,2024-09-01,105.8,84.2,15
GYR_AP,2024-09-02,105.8,84.2,16
GYR_AP,2024-09-03,105.8,84.2,16
GYR_AP,2024-09-04,107.6,84.2,16
GYR_AP,2024-09-05,113.0,86.0,15
GYR_AP,2024-09-06,109.4,91.4,16
GYR_AP,2024-09-07,107.6,89.6,16
GYR_AP,2024-09-08,107.6,84.2,16
GYR_AP,2024-09-09,105.8,82.4,16
GYR_AP,2024-09-10,107.6,82.4,13
GYR_AP,2024-09-11,107.6,78.8,16
GYR_AP,2024-09-12,105.8,78.8,15
GYR_AP,2024-09-13,102.2,73.4,15
GYR_AP,2024-09-14,98.6,80.6,17
GYR_AP,2024-09-15,102.2,78.8,16
GYR_AP,2024-09-16,98.6,75.2,15
GYR_AP,2024-09-17,89.6,71.6,14
GYR_AP,2024-09-18,91.4,66.2,16
GYR_AP,2024-09-19,95.0,73.4,16
GYR_AP,2024-09-20,93.2,71.6,16
GYR_AP,2024-09-21,87.8,71.6,16
GYR_AP,2024-09-22,96.8,69.8,15
GYR_AP,2024-09-23,100.4,73.4,15
GYR_AP,2024-09-24,105.8,75.2,16
GYR_AP,2024-09-25,109.4,78.8,14
GYR_AP,2024-09-26,105.8,80.6,16
GYR_AP,2024-09-27,111.2,78.8,16
GYR_AP,2024-09-29,109.4,84.2,15
GYR_AP,2024-09-30,104.0,80.6,16
GYR_AP,2024-10-01,109.4,80.6,17
GYR_AP,2024-10-02,105.8,82.4,14
GYR_AP,2024-10-03,105.8,77.0,16
GYR_AP,2024-10-04,107.6,77.0,16
GYR_AP,2024-10-05,105.8,77.0,16
GYR_AP,2024-10-06,107.6,73.4,16
GYR_AP,2024-10-07,105.8,78.8,16
GYR_AP,2024-10-08,104.0,77.0,14
GYR_AP,2024-10-09,102.2,77.0,15
GYR_AP,2024-10-10,105.8,73.4,16
GYR_AP,2024-10-11,102.2,73.4,15
GYR_AP,2024-10-12,102.2,73.4,15
GYR_AP,2024-10-13,100.4,71.6,15
GYR_AP,2024-10-14,96.8,71.6,13
GYR_AP,2024-10-15,93.2,69.8,15
GYR_AP,2024-10-16,93.2,66.2,16
GYR_AP,2024-10-17,87.8,68.0,16
GYR_AP,2024-10-18,75.2,64.4,16
GYR_AP,2024-10-19,71.6,55.4,13
GYR_AP,2024-10-20,80.6,53.6,16
GYR_AP,2024-10-21,86.0,53.6,15
GYR_AP,2024-10-22,93.2,55.4,16
GYR_AP,2024-10-23,93.2,60.8,15
GYR_AP,2024-10-24,93.2,60.8,16
GYR_AP,2024-10-25,93.2,59.0,16
GYR_AP,2024-10-26,96.8,60.8,16
GYR_AP,2024-10-27,93.2,64.4,16
GYR_AP,2024-10-28,91.4,60.8,16
GYR_AP,2024-10-29,73.4,60.8,16
GYR_AP,2024-10-30,73.4,51.8,16
GYR_AP,2024-11-01,78.8,51.8,16
GYR_AP,2024-11-02,75.2,50.0,16
GYR_AP,2024-11-03,73.4,55.4,16
GYR_AP,2024-11-04,69.8,46.4,15
GYR_AP,2024-11-05,71.6,46.4,16
GYR_AP,2024-11-06,69.8,48.2,15
GYR_AP,2024-11-07,66.2,44.6,16
GYR_AP,2024-11-08,68.0,42.8,15
GYR_AP,2024-11-09,73.4,39.2,16
GYR_AP,2024-11-10,80.6,44.6,16
GYR_AP,2024-11-11,80.6,48.2,16
GYR_AP,2024-11-12,75.2,44.6,15
GYR_AP,2024-11-13,75.2,44.6,16
GYR_AP,2024-11-14,80.6,44.6,16
GYR_AP,2024-11-15,69.8,46.4,16
GYR_AP,2024-11-16,62.6,48.2,16
GYR_AP,2024-11-17,69.8,41.0,16
GYR_AP,2024-11-18,69.8,46.4,15
GYR_AP,2024-11-19,69.8,44.6,16
GYR_AP,2024-11-20,75.2,46.4,16
GYR_AP,2024-11-21,78.8,44.6,16
GYR_AP,2024-11-22,80.6,46.4,14
GYR_AP,2024-11-23,75.2,48.2,15
GYR_AP,2024-11-24,73.4,48.2,15
GYR_AP,2024-11-25,75.2,51.8,15
GYR_AP,2024-11-26,75.2,51.8,16
GYR_AP,2024-11-27,75.2,57.2,16
GYR_AP,2024-11-28,71.6,48.2,16
GYR_AP,2024-11-29,73.4,51.8,16
GYR_AP,2024-11-30,77.0,50.0,16
GYR_AP,2024-12-01,75.2,46.4,15
GYR_AP,2024-12-02,78.8,46.4,12
GYR_AP,2024-12-04,73.4,48.2,16
GYR_AP,2024-12-05,77.0,48.2,16
GYR_AP,2024-12-07,73.4,48.2,15
GYR_AP,2024-12-08,73.4,48.2,14
GYR_AP,2024-12-09,71.6,33.8,16
GYR_AP,2024-12-10,64.4,50.0,15
GYR_AP,2024-12-11,66.2,42.8,15
GYR_AP,2024-12-12,71.6,50.0,16
GYR_AP,2024-12-13,66.2,42.8,16
GYR_AP,2024-12-14,66.2,42.8,16
GYR_AP,2024-12-15,69.8,42.8,16
GYR_AP,2024-12-16,69.8,39.2,15
GYR_AP,2024-12-17,69.8,42.8,16
GYR_AP,2024-12-18,80.6,42.8,14
GYR_AP,2024-12-19,78.8,51.8,15
GYR_AP,2024-12-20,80.6,44.6,16
GYR_AP,2024-12-21,77.0,46.4,16
GYR_AP,2024-12-22,71.6,44.6,16
GYR_AP,2024-12-23,73.4,48.2,16
GYR_AP,2024-12-24,75.2,46.4,16
GYR_AP,2024-12-26,62.6,44.6,16
GYR_AP,2024-12-27,66.2,41.0,12
GYR_AP,2024-12-28,66.2,42.8,16
GYR_AP,2024-12-29,73.4,44.6,14
GYR_AP,2024-12-30,69.8,42.8,12
GYR_AP,2024-12-31,69.8,41.0,16
GYR_AP,2025-01-01,71.6,41.0,15
GYR_AP,2025-01-02,73.4,42.8,16
GYR_AP,2025-01-03,77.0,44.6,15
GYR_AP,2025-01-04,69.8,42.8,15
GYR_AP,2025-01-05,68.0,42.8,16
GYR_AP,2025-01-06,69.8,41.0,16
GYR_AP,2025-01-07,66.2,42.8,15
GYR_AP,2025-01-08,66.2,51.8,16
GYR_AP,2025-01-09,64.4,41.0,14
GYR_AP,2025-01-10,62.6,42.8,15
GYR_AP,2025-01-11,62.6,35.6,15
GYR_AP,2025-01-12,62.6,35.6,15
GYR_AP,2025-01-13,60.8,35.6,16
GYR_AP,2025-01-14,64.4,30.2,16
GYR_AP,2025-01-15,71.6,42.8,16
GYR_AP,2025-01-16,71.6,46.4,15
GYR_AP,2025-01-17,64.4,48.2,15
GYR_AP,2025-01-18,64.4,39.2,16
GYR_AP,2025-01-19,64.4,37.4,15
GYR_AP,2025-01-20,64.4,33.8,16
GYR_AP,2025-01-21,59.0,41.0,16
GYR_AP,2025-01-22,62.6,30.2,16
GYR_AP,2025-01-23,62.6,42.8,15
GYR_AP,2025-01-24,66.2,39.2,16
GYR_AP,2025-01-25,66.2,42.8,15
GYR_AP,2025-01-26,66.2,37.4,15
GYR_AP,2025-01-27,59.0,42.8,15
GYR_AP,2025-01-28,59.0,39.2,16
GYR_AP,2025-01-29,57.2,42.8,16
GYR_AP,2025-01-30,62.6,41.0,16
GYR_AP,2025-01-31,66.2,39.2,15
GYR_AP,2025-02-01,71.6,42.8,16
GYR_AP,2025-02-02,78.8,48.2,16
GYR_AP,2025-02-03,82.4,51.8,16
GYR_AP,2025-02-04,82.4,53.6,16
GYR_AP,2025-02-05,78.8,51.8,16
GYR_AP,2025-02-07,75.2,50.0,16
GYR_AP,2025-02-08,84.2,53.6,15
GYR_AP,2025-02-09,73.4,51.8,16
GYR_AP,2025-02-10,75.2,51.8,15
GYR_AP,2025-02-11,68.0,48.2,15
GYR_AP,2025-02-12,62.6,51.8,17
GYR_AP,2025-02-13,66.2,46.4,16
GYR_AP,2025-02-14,71.6,53.6,15
GYR_AP,2025-02-15,71.6,46.4,16
GYR_AP,2025-02-16,73.4,46.4,16
GYR_AP,2025-02-17,75.2,50.0,16
GYR_AP,2025-02-18,75.2,50.0,16
GYR_AP,2025-02-19,77.0,48.2,16
GYR_AP,2025-02-20,77.0,48.2,12
GYR_AP,2025-02-21,75.2,44.6,16
GYR_AP,2025-02-22,77.0,48.2,16
GYR_AP,2025-02-23,80.6,46.4,16
GYR_AP,2025-02-24,84.2,48.2,16
GYR_AP,2025-02-25,86.0,53.6,16
GYR_AP,2025-02-26,87.8,55.4,16
GYR_AP,2025-02-27,80.6,62.6,16
GYR_AP,2025-02-28,78.8,55.4,12
GYR_AP,2025-03-01,80.6,53.6,17
GYR_AP,2025-03-02,78.8,53.6,16
GYR_AP,2025-03-03,64.4,48.2,16
GYR_AP,2025-03-04,69.8,48.2,16
GYR_AP,2025-03-05,73.4,48.2,15
GYR_AP,2025-03-06,71.6,57.2,16
GYR_AP,2025-03-07,51.8,46.4,16
GYR_AP,2025-03-08,66.2,44.6,16
GYR_AP,2025-03-09,75.2,46.4,16
GYR_AP,2025-03-10,82.4,51.8,16
GYR_AP,2025-03-11,77.0,53.6,16
GYR_AP,2025-03-12,71.6,55.4,16
GYR_AP,2025-03-13,69.8,51.8,17
GYR_AP,2025-03-14,55.4,44.6,16
GYR_AP,2025-03-15,66.2,46.4,16
GYR_AP,2025-03-16,73.4,46.4,16
GYR_AP,2025-03-17,78.8,55.4,16
GYR_AP,2025-03-18,71.6,51.8,16
GYR_AP,2025-03-19,71.6,53.6,16
GYR_AP,2025-03-20,78.8,51.8,15
GYR_AP,2025-03-21,80.6,53.6,16
GYR_AP,2025-03-22,84.2,55.4,14
GYR_AP,2025-03-23,87.8,57.2,16
GYR_AP,2025-03-24,93.2,62.6,16
GYR_AP,2025-03-25,96.8,64.4,15
GYR_AP,2025-03-26,91.4,66.2,15
GYR_AP,2025-03-27,89.6,64.4,16
GYR_AP,2025-03-28,80.6,62.6,16
GYR_AP,2025-03-29,78.8,62.6,16
GYR_AP,2025-03-30,80.6,57.2,16
GYR_AP,2025-03-31,80.6,60.8,16
GYR_AP,2025-04-01,73.4,60.8,16
GYR_AP,2025-04-02,66.2,51.8,16
GYR_AP,2025-04-03,68.0,48.2,16
GYR_AP,2025-04-04,69.8,48.2,16
GYR_AP,2025-04-05,77.0,51.8,16
GYR_AP,2025-04-06,78.8,55.4,16
GYR_AP,2025-04-07,84.2,55.4,16
GYR_AP,2025-04-08,89.6,57.2,16
GYR_AP,2025-04-09,93.2,60.8,14
GYR_AP,2025-04-10,96.8,62.6,16
GYR_AP,2025-04-11,98.6,64.4,12
GYR_AP,2025-04-12,96.8,68.0,12
GYR_AP,2025-04-13,93.2,66.2,16
GYR_AP,2025-04-14,91.4,68.0,16
GYR_AP,2025-04-15,91.4,66.2,15
GYR_AP,2025-04-16,91.4,62.6,16
GYR_AP,2025-04-17,77.0,60.8,16
GYR_AP,2025-04-20,84.2,55.4,16
GYR_AP,2025-04-21,89.6,57.2,16
GYR_AP,2025-04-22,91.4,64.4,15
GYR_AP,2025-04-23,89.6,66.2,15
GYR_AP,2025-04-24,87.8,64.4,14
GYR_AP,2025-04-25,89.6,64.4,13
GYR_AP,2025-04-26,80.6,60.8,12
GYR_AP,2025-04-27,75.2,57.2,16
GYR_AP,2025-04-28,78.8,55.4,16
GYR_AP,2025-04-30,87.8,62.6,16
GYR_AP,2025-05-01,91.4,66.2,16
GYR_AP,2025-05-02,91.4,66.2,16
GYR_AP,2025-05-03,93.2,66.2,16
GYR_AP,2025-05-04,80.6,59.0,18
GYR_AP,2025-05-05,69.8,59.0,16
GYR_AP,2025-05-06,75.2,60.8,16
GYR_AP,2025-05-07,82.4,64.4,16
GYR_AP,2025-05-08,91.4,64.4,16
GYR_AP,2025-05-09,100.4,71.6,14
GYR_AP,2025-05-10,100.4,78.8,16
GYR_AP,2025-05-11,100.4,75.2,16
GYR_AP,2025-05-12,96.8,80.6,16
GYR_AP,2025-05-13,87.8,69.8,16
GYR_AP,2025-05-14,82.4,60.8,16
GYR_AP,2025-05-15,89.6,64.4,16
GYR_AP,2025-05-16,91.4,64.4,15
GYR_AP,2025-05-17,91.4,66.2,16
GYR_AP,2025-05-18,86.0,62.6,16
GYR_AP,2025-05-19,93.2,66.2,16
GYR_AP,2025-05-20,96.8,73.4,15
GYR_AP,2025-05-21,100.4,69.8,15
GYR_AP,2025-05-22,104.0,71.6,16
GYR_AP,2025-05-23,102.2,73.4,16
GYR_AP,2025-05-24,96.8,73.4,16
GYR_AP,2025-05-25,96.8,71.6,16
GYR_AP,2025-05-26,98.6,78.8,14
GYR_AP,2025-05-27,98.6,73.4,13
GYR_AP,2025-05-28,98.6,73.4,16
GYR_AP,2025-05-30,100.4,71.6,16
GYR_AP,2025-05-31,100.4,80.6,14
GYR_AP,2025-06-01,87.8,69.8,16
GYR_AP,2025-06-02,87.8,66.2,16
GYR_AP,2025-06-03,95.0,73.4,16
GYR_AP,2025-06-04,95.0,78.8,16
GYR_AP,2025-06-05,100.4,75.2,16
GYR_AP,2025-06-06,100.4,78.8,16
GYR_AP,2025-06-07,102.2,75.2,16
GYR_AP,2025-06-08,105.8,78.8,16
GYR_AP,2025-06-09,107.6,80.6,16
GYR_AP,2025-06-10,105.8,82.4,16
GYR_AP,2025-06-11,107.6,77.0,15
GYR_AP,2025-06-12,107.6,80.6,16
GYR_AP,2025-06-13,105.8,80.6,16
GYR_AP,2025-06-14,107.6,80.6,16
GYR_AP,2025-06-15,111.2,78.8,16
GYR_AP,2025-06-16,111.2,84.2,16
GYR_AP,2025-06-17,107.6,80.6,15
GYR_AP,2025-06-18,111.2,80.6,16
GYR_AP,2025-06-19,114.8,82.4,16
GYR_AP,2025-06-20,107.6,82.4,14
GYR_AP,2025-06-21,104.0,78.8,15
GYR_AP,2025-06-22,96.8,77.0,16
GYR_AP,2025-06-23,100.4,75.2,16
GYR_AP,2025-06-24,100.4,75.2,16
GYR_AP,2025-06-25,100.4,75.2,16
GYR_AP,2025-06-26,104.0,78.8,16
GYR_AP,2025-06-27,105.8,82.4,16
GYR_AP,2025-06-28,107.6,86.0,16
GYR_AP,2025-06-29,111.2,84.2,15
GYR_AP,2025-07-01,111.2,89.6,16
GYR_AP,2025-07-02,105.8,84.2,16
GYR_AP,2025-07-03,98.6,77.0,16
GYR_AP,2025-07-04,100.4,80.6,15
GYR_AP,2025-07-05,105.8,80.6,16
GYR_AP,2025-07-06,107.6,84.2,16
GYR_AP,2025-07-07,109.4,87.8,16
GYR_AP,2025-07-08,109.4,87.8,16
GYR_AP,2025-07-09,116.6,89.6,14
GYR_AP,2025-07-10,111.2,91.4,15
GYR_AP,2025-07-11,109.4,87.8,13
GYR_AP,2025-07-12,105.8,84.2,16
GYR_AP,2025-07-13,107.6,86.0,16
GYR_AP,2025-07-14,105.8,84.2,16
GYR_AP,2025-07-15,105.8,86.0,16
GYR_AP,2025-07-16,98.6,80.6,15
GYR_AP,2025-07-17,98.6,78.8,16
GYR_AP,2025-07-18,105.8,86.0,16
GYR_AP,2025-07-19,105.8,87.8,16
GYR_AP,2025-07-20,93.2,86.0,16
GYR_AP,2025-07-21,102.2,86.0,16
GYR_AP,2025-07-22,100.4,82.4,16
GYR_AP,2025-07-23,102.2,78.8,16
GYR_AP,2025-07-25,105.8,78.8,16
GYR_AP,2025-07-26,105.8,78.8,16
GYR_AP,2025-07-27,107.6,82.4,16
GYR_AP,2025-07-28,109.4,84.2,15
GYR_AP,2025-07-29,107.6,86.0,14
GYR_AP,2025-07-30,107.6,86.0,14
GYR_AP,2025-07-31,107.6,84.2,16
GYR_AP,2025-08-01,109.4,89.6,16
GYR_AP,2025-08-02,113.0,87.8,16
GYR_AP,2025-08-03,109.4,82.4,16
GYR_AP,2025-08-04,109.4,82.4,16
GYR_AP,2025-08-05,111.2,86.0,16
GYR_AP,2025-08-06,114.8,89.6,16
GYR_AP,2025-08-07,116.6,89.6,16
GYR_AP,2025-08-08,113.0,89.6,16
GYR_AP,2025-08-09,109.4,87.8,16
GYR_AP,2025-08-10,105.8,89.6,16
GYR_AP,2025-08-11,109.4,89.6,16
GYR_AP,2025-08-12,111.2,87.8,14
GYR_AP,2025-08-13,107.6,89.6,16
GYR_AP,2025-08-14,107.6,86.0,16
GYR_AP,2025-08-15,102.2,78.8,16
GYR_AP,2025-08-16,104.0,80.6,15
GYR_AP,2025-08-17,102.2,78.8,16
GYR_AP,2025-08-18,105.8,84.2,16
GYR_AP,2025-08-19,107.6,82.4,16
GYR_AP,2025-08-20,111.2,87.8,16
GYR_AP,2025-08-21,111.2,89.6,17
GYR_AP,2025-08-22,109.4,91.4,15
GYR_AP,2025-08-23,107.6,89.6,16
GYR_AP,2025-08-24,107.6,91.4,16
IWA_AP,2016-01-01,62.6,30.2,33
IWA_AP,2016-01-02,69.8,35.6,34
IWA_AP,2016-01-03,69.8,42.8,34
IWA_AP,2016-01-04,62.6,50.0,34
IWA_AP,2016-01-05,59.0,48.2,36
IWA_AP,2016-01-06,57.2,48.2,29
IWA_AP,2016-01-07,50.0,42.8,34
IWA_AP,2016-01-08,51.8,41.0,34
IWA_AP,2016-01-09,53.6,37.4,34
IWA_AP,2016-01-10,53.6,35.6,34
IWA_AP,2016-01-11,57.2,35.6,33
IWA_AP,2016-01-12,62.6,33.8,33
IWA_AP,2016-01-13,62.6,33.8,34
IWA_AP,2016-01-14,60.8,35.6,32
IWA_AP,2016-01-15,57.2,37.4,34
IWA_AP,2016-01-16,57.2,33.8,34
IWA_AP,2016-01-17,64.4,37.4,29
IWA_AP,2016-01-18,66.2,37.4,31
IWA_AP,2016-01-19,64.4,39.2,32
IWA_AP,2016-01-20,66.2,41.0,34
IWA_AP,2016-01-21,69.8,39.2,32
IWA_AP,2016-01-22,71.6,39.2,34
IWA_AP,2016-01-23,71.6,42.8,34
IWA_AP,2016-01-24,62.6,42.8,32
IWA_AP,2016-01-25,62.6,39.2,28
IWA_AP,2016-01-26,66.2,35.6,32
IWA_AP,2016-01-27,66.2,37.4,28
IWA_AP,2016-01-28,69.8,37.4,33
IWA_AP,2016-01-29,68.0,39.2,34
IWA_AP,2016-01-30,73.4,41.0,31
IWA_AP,2016-01-31,71.6,46.4,32
IWA_AP,2016-02-01,51.8,41.0,34
IWA_AP,2016-02-02,50.0,33.8,34
IWA_AP,2016-02-03,53.6,28.4,32
IWA_AP,2016-02-04,60.8,28.4,32
IWA_AP,2016-02-05,66.2,33.8,32
IWA_AP,2016-02-06,71.6,35.6,33
IWA_AP,2016-02-07,78.8,37.4,33
IWA_AP,2016-02-08,80.6,42.8,30
IWA_AP,2016-02-09,80.6,48.2,34
IWA_AP,2016-02-10,80.6,44.6,34
IWA_AP,2016-02-11,80.6,44.6,34
IWA_AP,2016-02-12,82.4,46.4,32
IWA_AP,2016-02-13,80.6,46.4,34
IWA_AP,2016-02-14,77.0,44.6,34
IWA_AP,2016-02-15,80.6,44.6,34
IWA_AP,2016-02-16,82.4,48.2,33
IWA_AP,2016-02-17,87.8,51.8,34
IWA_AP,2016-02-18,80.6,53.6,34
IWA_AP,2016-02-19,78.8,50.0,33
IWA_AP,2016-02-20,82.4,46.4,33
IWA_AP,2016-02-21,80.6,46.4,31
IWA_AP,2016-02-22,80.6,44.6,34
IWA_AP,2016-02-23,69.8,51.8,33
IWA_AP,2016-02-24,71.6,48.2,34
IWA_AP,2016-02-25,78.8,44.6,33
IWA_AP,2016-02-26,84.2,48.2,33
IWA_AP,2016-02-27,82.4,50.0,34
IWA_AP,2016-02-28,80.6,46.4,34
IWA_AP,2016-02-29,82.4,48.2,34
IWA_AP,2016-03-01,84.2,50.0,34
IWA_AP,2016-03-02,84.2,51.8,34
IWA_AP,2016-03-03,84.2,53.6,34
IWA_AP,2016-03-04,86.0,51.8,33
IWA_AP,2016-03-05,80.6,51.8,33
IWA_AP,2016-03-06,78.8,55.4,33
IWA_AP,2016-03-07,69.8,46.4,34
IWA_AP,2016-03-08,69.8,48.2,34
IWA_AP,2016-03-09,75.2,44.6,32
IWA_AP,2016-03-10,82.4,46.4,35
IWA_AP,2016-03-11,86.0,51.8,33
IWA_AP,2016-03-12,68.0,51.8,33
IWA_AP,2016-03-13,73.4,44.6,34
IWA_AP,2016-03-14,75.2,51.8,33
IWA_AP,2016-03-15,82.4,50.0,34
IWA_AP,2016-03-16,84.2,46.4,29
IWA_AP,2016-03-17,84.2,48.2,32
IWA_AP,2016-03-18,84.2,48.2,34
IWA_AP,2016-03-19,86.0,51.8,34
IWA_AP,2016-03-20,87.8,55.4,34
IWA_AP,2016-03-21,87.8,55.4,34
IWA_AP,2016-03-22,78.8,57.2,34
IWA_AP,2016-03-23,71.6,51.8,33
IWA_AP,2016-03-24,77.0,44.6,33
IWA_AP,2016-03-25,80.6,46.4,34
IWA_AP,2016-03-26,82.4,53.6,31
IWA_AP,2016-03-27,82.4,48.2,33
IWA_AP,2016-03-28,82.4,57.2,25
IWA_AP,2016-03-29,66.2,53.6,33
IWA_AP,2016-03-30,66.2,48.2,34
IWA_AP,2016-03-31,69.8,41.0,34
IWA_AP,2016-04-01,75.2,48.2,34
IWA_AP,2016-04-02,80.6,50.0,34
IWA_AP,2016-04-03,86.0,51.8,34
IWA_AP,2016-04-04,87.8,53.6,34
IWA_AP,2016-04-05,87.8,55.4,34
IWA_AP,2016-04-06,93.2,57.2,34
IWA_AP,2016-04-07,86.0,62.6,34
IWA_AP,2016-04-08,78.8,60.8,36
IWA_AP,2016-04-09,80.6,57.2,33
IWA_AP,2016-04-10,66.2,55.4,34
IWA_AP,2016-04-11,73.4,50.0,32
IWA_AP,2016-04-12,78.8,51.8,34
IWA_AP,2016-04-13,82.4,55.4,33
IWA_AP,2016-04-14,86.0,57.2,34
IWA_AP,2016-04-15,80.6,59.0,33
IWA_AP,2016-04-16,75.2,51.8,34
IWA_AP,2016-04-17,78.8,55.4,34
IWA_AP,2016-04-18,82.4,53.6,34
IWA_AP,2016-04-19,86.0,53.6,34
IWA_AP,2016-04-20,91.4,57.2,32
IWA_AP,2016-04-21,93.2,57.2,34
IWA_AP,2016-04-22,93.2,60.8,33
IWA_AP,2016-04-23,86.0,62.6,32
IWA_AP,2016-04-24,84.2,55.4,34
IWA_AP,2016-04-25,78.8,60.8,34
IWA_AP,2016-04-26,73.4,53.6,33
IWA_AP,2016-04-27,80.6,51.8,33
IWA_AP,2016-04-28,73.4,55.4,34
IWA_AP,2016-04-29,78.8,57.2,34
IWA_AP,2016-04-30,80.6,57.2,30
IWA_AP,2016-05-01,75.2,55.4,33
IWA_AP,2016-05-02,84.2,55.4,33
IWA_AP,2016-05-03,91.4,59.0,32
IWA_AP,2016-05-04,100.4,62.6,34
IWA_AP,2016-05-05,96.8,64.4,34
IWA_AP,2016-05-06,80.6,59.0,34
IWA_AP,2016-05-07,75.2,53.6,32
IWA_AP,2016-05-08,75.2,59.0,33
IWA_AP,2016-05-09,82.4,55.4,32
IWA_AP,2016-05-10,87.8,57.2,33
IWA_AP,2016-05-11,91.4,60.8,33
IWA_AP,2016-05-12,98.6,62.6,34
IWA_AP,2016-05-13,100.4,66.2,33
IWA_AP,2016-05-14,98.6,69.8,34
IWA_AP,2016-05-15,91.4,66.2,34
IWA_AP,2016-05-16,87.8,62.6,34
IWA_AP,2016-05-17,87.8,62.6,32
IWA_AP,2016-05-18,82.4,68.0,32
IWA_AP,2016-05-19,89.6,60.8,32
IWA_AP,2016-05-20,96.8,66.2,34
IWA_AP,2016-05-21,89.6,64.4,34
IWA_AP,2016-05-22,86.0,60.8,33
IWA_AP,2016-05-23,87.8,59.0,34
IWA_AP,2016-05-24,87.8,60.8,33
IWA_AP,2016-05-25,96.8,57.2,34
IWA_AP,2016-05-26,82.4,59.0,33
IWA_AP,2016-05-27,89.6,60.8,34
IWA_AP,2016-05-28,95.0,60.8,34
IWA_AP,2016-05-29,95.0,62.6,33
IWA_AP,2016-05-30,91.4,64.4,33
IWA_AP,2016-05-31,95.0,60.8,34
IWA_AP,2016-06-01,98.6,69.8,33
IWA_AP,2016-06-02,105.8,71.6,33
IWA_AP,2016-06-03,109.4,69.8,33
IWA_AP,2016-06-04,111.2,71.6,33
IWA_AP,2016-06-05,111.2,71.6,34
IWA_AP,2016-06-06,109.4,71.6,33
IWA_AP,2016-06-07,102.2,73.4,33
IWA_AP,2016-06-08,104.0,73.4,34
IWA_AP,2016-06-09,100.4,78.8,34
IWA_AP,2016-06-10,96.8,78.8,33
IWA_AP,2016-06-11,98.6,71.6,33
IWA_AP,2016-06-12,100.4,71.6,34
IWA_AP,2016-06-13,96.8,73.4,32
IWA_AP,2016-06-14,96.8,68.0,33
IWA_AP,2016-06-15,98.6,66.2,34
IWA_AP,2016-06-16,98.6,68.0,33
IWA_AP,2016-06-17,100.4,69.8,34
IWA_AP,2016-06-18,107.6,66.2,34
IWA_AP,2016-06-19,116.6,73.4,34
IWA_AP,2016-06-20,111.2,78.8,35
IWA_AP,2016-06-21,107.6,82.4,31
IWA_AP,2016-06-22,109.4,82.4,33
IWA_AP,2016-06-23,107.6,84.2,34
IWA_AP,2016-06-24,105.8,84.2,34
IWA_AP,2016-06-25,105.8,80.6,33
IWA_AP,2016-06-26,100.4,84.2,31
IWA_AP,2016-06-27,105.8,82.4,35
IWA_AP,2016-06-28,107.6,80.6,33
IWA_AP,2016-06-29,102.2,82.4,34
IWA_AP,2016-06-30,89.6,73.4,34
IWA_AP,2016-07-01,91.4,75.2,33
IWA_AP,2016-07-02,100.4,78.8,33
IWA_AP,2016-07-03,102.2,78.8,34
IWA_AP,2016-07-04,105.8,78.8,34
IWA_AP,2016-07-05,105.8,77.0,33
IWA_AP,2016-07-06,104.0,80.6,33
IWA_AP,2016-07-07,104.0,84.2,31
IWA_AP,2016-07-08,105.8,78.8,33
IWA_AP,2016-07-09,107.6,78.8,33
IWA_AP,2016-07-10,107.6,80.6,34
IWA_AP,2016-07-11,105.8,78.8,34
IWA_AP,2016-07-12,107.6,77.0,34
IWA_AP,2016-07-13,105.8,75.2,32
IWA_AP,2016-07-14,107.6,80.6,34
IWA_AP,2016-07-15,107.6,80.6,33
IWA_AP,2016-07-16,104.0,86.0,33
IWA_AP,2016-07-17,100.4,84.2,33
IWA_AP,2016-07-18,102.2,84.2,36
IWA_AP,2016-07-19,104.0,78.8,37
IWA_AP,2016-07-20,105.8,78.8,34
IWA_AP,2016-07-21,107.6,84.2,34
IWA_AP,2016-07-22,109.4,87.8,33
IWA_AP,2016-07-23,107.6,84.2,33
IWA_AP,2016-07-24,102.2,84.2,33
IWA_AP,2016-07-25,104.0,84.2,30
IWA_AP,2016-07-26,107.6,84.2,34
IWA_AP,2016-07-27,109.4,86.0,33
IWA_AP,2016-07-28,107.6,84.2,34
IWA_AP,2016-07-29,107.6,78.8,36
IWA_AP,2016-07-30,98.6,77.0,34
IWA_AP,2016-07-31,98.6,80.6,34
IWA_AP,2016-08-01,96.8,75.2,33
IWA_AP,2016-08-02,93.2,75.2,34
IWA_AP,2016-08-03,95.0,78.8,34
IWA_AP,2016-08-04,96.8,80.6,34
IWA_AP,2016-08-05,98.6,82.4,35
IWA_AP,2016-08-06,104.0,80.6,34
IWA_AP,2016-08-07,105.8,82.4,29
IWA_AP,2016-08-08,105.8,80.6,33
IWA_AP,2016-08-09,91.4,75.2,34
IWA_AP,2016-08-10,96.8,78.8,33
IWA_AP,2016-08-11,93.2,73.4,34
IWA_AP,2016-08-12,100.4,78.8,34
IWA_AP,2016-08-13,102.2,78.8,35
IWA_AP,2016-08-14,102.2,78.8,33
IWA_AP,2016-08-15,104.0,80.6,34
IWA_AP,2016-08-16,107.6,80.6,34
IWA_AP,2016-08-17,105.8,84.2,34
IWA_AP,2016-08-18,100.4,86.0,33
IWA_AP,2016-08-19,100.4,80.6,34
IWA_AP,2016-08-20,98.6,77.0,34
IWA_AP,2016-08-21,96.8,77.0,35
IWA_AP,2016-08-22,98.6,73.4,32
IWA_AP,2016-08-23,95.0,75.2,31
IWA_AP,2016-08-24,100.4,73.4,33
IWA_AP,2016-08-25,98.6,73.4,34
IWA_AP,2016-08-26,95.0,77.0,33
IWA_AP,2016-08-27,93.2,77.0,34
IWA_AP,2016-08-28,96.8,69.8,34
IWA_AP,2016-08-29,100.4,73.4,32
IWA_AP,2016-08-30,102.2,73.4,37
IWA_AP,2016-08-31,102.2,77.0,36
IWA_AP,2016-09-01,98.6,78.8,33
IWA_AP,2016-09-02,100.4,78.8,34
IWA_AP,2016-09-03,102.2,77.0,34
IWA_AP,2016-09-04,98.6,71.6,34
IWA_AP,2016-09-05,98.6,68.0,32
IWA_AP,2016-09-06,98.6,71.6,33
IWA_AP,2016-09-07,84.2,73.4,27
IWA_AP,2016-09-08,93.2,71.6,34
IWA_AP,2016-09-09,100.4,73.4,34
IWA_AP,2016-09-10,100.4,75.2,31
IWA_AP,2016-09-11,100.4,75.2,34
IWA_AP,2016-09-12,95.0,75.2,33
IWA_AP,2016-09-13,96.8,71.6,32
IWA_AP,2016-09-14,93.2,71.6,33
IWA_AP,2016-09-15,93.2,66.2,34
IWA_AP,2016-09-16,93.2,62.6,34
IWA_AP,2016-09-17,96.8,64.4,32
IWA_AP,2016-09-18,100.4,66.2,33
IWA_AP,2016-09-19,96.8,68.0,33
IWA_AP,2016-09-20,89.6,73.4,36
IWA_AP,2016-09-21,98.6,71.6,33
IWA_AP,2016-09-22,87.8,75.2,33
IWA_AP,2016-09-23,84.2,60.8,34
IWA_AP,2016-09-24,87.8,55.4,34
IWA_AP,2016-09-25,93.2,60.8,33
IWA_AP,2016-09-26,87.8,73.4,35
IWA_AP,2016-09-27,87.8,66.2,32
IWA_AP,2016-09-28,95.0,68.0,33
IWA_AP,2016-09-29,91.4,73.4,31
IWA_AP,2016-09-30,98.6,69.8,32
IWA_AP,2016-10-01,93.2,68.0,34
IWA_AP,2016-10-02,82.4,68.0,34
IWA_AP,2016-10-03,82.4,60.8,34
IWA_AP,2016-10-04,82.4,53.6,32
IWA_AP,2016-10-05,86.0,57.2,34
IWA_AP,2016-10-06,86.0,60.8,33
IWA_AP,2016-10-07,93.2,59.0,30
IWA_AP,2016-10-08,93.2,73.4,28
IWA_AP,2016-10-09,93.2,66.2,34
IWA_AP,2016-10-10,93.2,68.0,32
IWA_AP,2016-10-11,93.2,62.6,34
IWA_AP,2016-10-12,89.6,59.0,34
IWA_AP,2016-10-13,89.6,57.2,28
IWA_AP,2016-10-14,93.2,59.0,34
IWA_AP,2016-10-15,91.4,59.0,34
IWA_AP,2016-10-16,89.6,60.8,33
IWA_AP,2016-10-17,87.8,60.8,34
IWA_AP,2016-10-18,87.8,60.8,34
IWA_AP,2016-10-19,89.6,60.8,34
IWA_AP,2016-10-20,96.8,55.4,34
IWA_AP,2016-10-21,95.0,71.6,34
IWA_AP,2016-10-22,96.8,64.4,34
IWA_AP,2016-10-23,93.2,62.6,34
IWA_AP,2016-10-24,87.8,68.0,32
IWA_AP,2016-10-25,89.6,66.2,33
IWA_AP,2016-10-26,93.2,64.4,33
IWA_AP,2016-10-27,98.6,66.2,31
IWA_AP,2016-10-28,93.2,69.8,33
IWA_AP,2016-10-29,91.4,62.6,34
IWA_AP,2016-10-30,91.4,64.4,34
IWA_AP,2016-10-31,82.4,64.4,34
IWA_AP,2016-11-01,78.8,60.8,34
IWA_AP,2016-11-02,80.6,53.6,34
IWA_AP,2016-11-03,84.2,60.8,36
IWA_AP,2016-11-04,73.4,55.4,33
IWA_AP,2016-11-05,77.0,55.4,34
IWA_AP,2016-11-06,80.6,57.2,33
IWA_AP,2016-11-07,82.4,57.2,29
IWA_AP,2016-11-08,87.8,59.0,34
IWA_AP,2016-11-09,82.4,60.8,33
IWA_AP,2016-11-10,80.6,62.6,34
IWA_AP,2016-11-11,80.6,53.6,34
IWA_AP,2016-11-12,80.6,55.4,34
IWA_AP,2016-11-13,80.6,53.6,34
IWA_AP,2016-11-14,82.4,53.6,28
IWA_AP,2016-11-15,84.2,51.8,34
IWA_AP,2016-11-16,80.6,55.4,32
IWA_AP,2016-11-17,69.8,46.4,32
IWA_AP,2016-11-18,73.4,39.2,34
IWA_AP,2016-11-19,84.2,46.4,34
IWA_AP,2016-11-20,75.2,55.4,35
IWA_AP,2016-11-21,68.0,50.0,33
IWA_AP,2016-11-22,68.0,44.6,31
IWA_AP,2016-11-23,73.4,44.6,33
IWA_AP,2016-11-24,75.2,42.8,31
IWA_AP,2016-11-25,78.8,42.8,31
IWA_AP,2016-11-26,71.6,51.8,34
IWA_AP,2016-11-27,62.6,46.4,35
IWA_AP,2016-11-28,55.4,42.8,32
IWA_AP,2016-11-29,62.6,39.2,33
IWA_AP,2016-11-30,60.8,33.8,33
IWA_AP,2016-12-01,59.0,35.6,32
IWA_AP,2016-12-02,57.2,39.2,33
IWA_AP,2016-12-03,66.2,35.6,27
IWA_AP,2016-12-04,66.2,42.8,33
IWA_AP,2016-12-05,64.4,37.4,28
IWA_AP,2016-12-06,64.4,39.2,34
IWA_AP,2016-12-07,64.4,42.8,33
IWA_AP,2016-12-08,66.2,39.2,33
IWA_AP,2016-12-09,68.0,41.0,35
IWA_AP,2016-12-10,68.0,42.8,33
IWA_AP,2016-12-11,71.6,44.6,34
IWA_AP,2016-12-12,71.6,46.4,34
IWA_AP,2016-12-13,71.6,48.2,33
IWA_AP,2016-12-14,73.4,48.2,33
IWA_AP,2016-12-15,75.2,46.4,35
IWA_AP,2016-12-16,73.4,55.4,34
IWA_AP,2016-12-17,64.4,37.4,34
IWA_AP,2016-12-18,60.8,32.0,33
IWA_AP,2016-12-19,69.8,39.2,34
IWA_AP,2016-12-20,69.8,42.8,34
IWA_AP,2016-12-21,69.8,53.6,34
IWA_AP,2016-12-22,64.4,55.4,34
IWA_AP,2016-12-23,62.6,48.2,34
IWA_AP,2016-12-24,62.6,42.8,36
IWA_AP,2016-12-25,51.8,37.4,34
IWA_AP,2016-12-26,59.0,33.8,33
IWA_AP,2016-12-27,69.8,37.4,31
IWA_AP,2016-12-28,60.8,41.0,33
IWA_AP,2016-12-29,73.4,46.4,33
IWA_AP,2016-12-30,69.8,48.2,33
IWA_AP,2016-12-31,60.8,53.6,34
IWA_AP,2017-01-01,53.6,48.2,33
IWA_AP,2017-01-02,55.4,44.6,34
IWA_AP,2017-01-03,59.0,41.0,34
IWA_AP,2017-01-04,64.4,41.0,33
IWA_AP,2017-01-05,66.2,42.8,34
IWA_AP,2017-01-06,64.4,46.4,32
IWA_AP,2017-01-07,64.4,39.2,34
IWA_AP,2017-01-08,71.6,42.8,33
IWA_AP,2017-01-09,66.2,48.2,31
IWA_AP,2017-01-10,68.0,46.4,31
IWA_AP,2017-01-11,62.6,46.4,33
IWA_AP,2017-01-12,68.0,41.0,32
IWA_AP,2017-01-13,62.6,51.8,31
IWA_AP,2017-01-14,64.4,53.6,32
IWA_AP,2017-01-15,55.4,51.8,31
IWA_AP,2017-01-16,59.0,44.6,33
IWA_AP,2017-01-17,60.8,39.2,34
IWA_AP,2017-01-18,62.6,39.2,34
IWA_AP,2017-01-19,55.4,42.8,34
IWA_AP,2017-01-20,53.6,44.6,37
IWA_AP,2017-01-21,55.4,42.8,33
IWA_AP,2017-01-22,59.0,39.2,34
IWA_AP,2017-01-23,60.8,46.4,33
IWA_AP,2017-01-24,53.6,37.4,32
IWA_AP,2017-01-25,53.6,33.8,34
IWA_AP,2017-01-26,55.4,33.8,33
IWA_AP,2017-01-27,55.4,33.8,34
IWA_AP,2017-01-28,62.6,35.6,34
IWA_AP,2017-01-29,71.6,33.8,33
IWA_AP,2017-01-30,73.4,39.2,34
IWA_AP,2017-01-31,71.6,39.2,34
IWA_AP,2017-02-01,71.6,39.2,32
IWA_AP,2017-02-02,69.8,42.8,33
IWA_AP,2017-02-03,68.0,44.6,33
IWA_AP,2017-02-04,73.4,41.0,34
IWA_AP,2017-02-05,73.4,41.0,30
IWA_AP,2017-02-06,64.4,48.2,32
IWA_AP,2017-02-07,69.8,46.4,33
IWA_AP,2017-02-08,73.4,48.2,33
IWA_AP,2017-02-09,80.6,50.0,34
IWA_AP,2017-02-10,82.4,51.8,34
IWA_AP,2017-02-11,75.2,55.4,32
IWA_AP,2017-02-12,73.4,55.4,33
IWA_AP,2017-02-13,69.8,57.2,34
IWA_AP,2017-02-14,69.8,55.4,34
IWA_AP,2017-02-15,71.6,53.6,33
IWA_AP,2017-02-16,71.6,46.4,34
IWA_AP,2017-02-17,73.4,51.8,34
IWA_AP,2017-02-18,64.4,50.0,34
IWA_AP,2017-02-19,57.2,48.2,32
IWA_AP,2017-02-20,66.2,46.4,33
IWA_AP,2017-02-21,73.4,46.4,34
IWA_AP,2017-02-22,75.2,51.8,32
IWA_AP,2017-02-23,60.8,46.4,32
IWA_AP,2017-02-24,60.8,37.4,34
IWA_AP,2017-02-25,62.6,35.6,34
IWA_AP,2017-02-26,66.2,48.2,30
IWA_AP,2017-02-27,66.2,44.6,32
IWA_AP,2017-02-28,62.6,46.4,36
IWA_AP,2017-03-01,68.0,39.2,34
IWA_AP,2017-03-02,75.2,37.4,34
IWA_AP,2017-03-03,78.8,46.4,34
IWA_AP,2017-03-04,78.8,50.0,32
IWA_AP,2017-03-05,73.4,51.8,33
IWA_AP,2017-03-06,64.4,46.4,32
IWA_AP,2017-03-07,73.4,37.4,34
IWA_AP,2017-03-08,82.4,44.6,29
IWA_AP,2017-03-09,84.2,50.0,27
IWA_AP,2017-03-10,87.8,48.2,34
IWA_AP,2017-03-11,86.0,53.6,33
IWA_AP,2017-03-12,86.0,53.6,34
IWA_AP,2017-03-13,89.6,55.4,32
IWA_AP,2017-03-14,91.4,53.6,33
IWA_AP,2017-03-15,87.8,55.4,33
IWA_AP,2017-03-16,89.6,55.4,34
IWA_AP,2017-03-17,89.6,57.2,33
IWA_AP,2017-03-18,93.2,57.2,34
IWA_AP,2017-03-19,93.2,55.4,34
IWA_AP,2017-03-20,91.4,60.8,30
IWA_AP,2017-03-21,89.6,60.8,33
IWA_AP,2017-03-22,80.6,57.2,33
IWA_AP,2017-03-23,68.0,51.8,33
IWA_AP,2017-03-24,73.4,46.4,34
IWA_AP,2017-03-25,80.6,50.0,34
IWA_AP,2017-03-26,77.0,48.2,34
IWA_AP,2017-03-27,80.6,51.8,34
IWA_AP,2017-03-28,75.2,53.6,34
IWA_AP,2017-03-29,80.6,48.2,34
IWA_AP,2017-03-30,87.8,51.8,33
IWA_AP,2017-03-31,68.0,51.8,34
IWA_AP,2017-04-01,69.8,42.8,34
IWA_AP,2017-04-02,78.8,46.4,34
IWA_AP,2017-04-03,82.4,53.6,33
IWA_AP,2017-04-04,75.2,51.8,34
IWA_AP,2017-04-05,82.4,50.0,32
IWA_AP,2017-04-06,87.8,51.8,33
IWA_AP,2017-04-07,87.8,55.4,33
IWA_AP,2017-04-08,84.2,55.4,33
IWA_AP,2017-04-09,77.0,53.6,33
IWA_AP,2017-04-10,82.4,48.2,34
IWA_AP,2017-04-11,86.0,48.2,30
IWA_AP,2017-04-12,87.8,53.6,31
IWA_AP,2017-04-13,89.6,55.4,34
IWA_AP,2017-04-14,87.8,55.4,31
IWA_AP,2017-04-15,84.2,55.4,33
IWA_AP,2017-04-16,87.8,53.6,31
IWA_AP,2017-04-17,89.6,55.4,33
IWA_AP,2017-04-18,91.4,59.0,31
IWA_AP,2017-04-19,89.6,62.6,30
IWA_AP,2017-04-20,91.4,57.2,33
IWA_AP,2017-04-21,91.4,53.6,32
IWA_AP,2017-04-22,91.4,57.2,34
IWA_AP,2017-04-23,96.8,60.8,34
IWA_AP,2017-04-24,89.6,62.6,33
IWA_AP,2017-04-25,82.4,66.2,33
IWA_AP,2017-04-26,87.8,60.8,30
IWA_AP,2017-04-27,87.8,62.6,33
IWA_AP,2017-04-28,82.4,62.6,33
IWA_AP,2017-04-29,78.8,55.4,34
IWA_AP,2017-04-30,82.4,51.8,33
IWA_AP,2017-05-01,89.6,53.6,34
IWA_AP,2017-05-02,93.2,57.2,34
IWA_AP,2017-05-03,96.8,64.4,33
IWA_AP,2017-05-04,100.4,68.0,33
IWA_AP,2017-05-05,105.8,69.8,33
IWA_AP,2017-05-06,96.8,69.8,33
IWA_AP,2017-05-07,71.6,62.6,34
IWA_AP,2017-05-08,80.6,57.2,33
IWA_AP,2017-05-09,71.6,55.4,33
IWA_AP,2017-05-10,75.2,55.4,33
IWA_AP,2017-05-11,87.8,55.4,29
IWA_AP,2017-05-12,96.8,64.4,34
IWA_AP,2017-05-13,96.8,64.4,34
IWA_AP,2017-05-14,91.4,64.4,33
IWA_AP,2017-05-15,87.8,62.6,32
IWA_AP,2017-05-16,75.2,57.2,32
IWA_AP,2017-05-17,82.4,55.4,34
IWA_AP,2017-05-18,82.4,62.6,31
IWA_AP,2017-05-19,82.4,60.8,33
IWA_AP,2017-05-20,91.4,57.2,34
IWA_AP,2017-05-21,96.8,62.6,34
IWA_AP,2017-05-22,100.4,66.2,33
IWA_AP,2017-05-23,100.4,69.8,34
IWA_AP,2017-05-24,102.2,71.6,34
IWA_AP,2017-05-25,98.6,73.4,33
IWA_AP,2017-05-26,91.4,71.6,31
IWA_AP,2017-05-27,93.2,60.8,33
IWA_AP,2017-05-28,98.6,64.4,33
IWA_AP,2017-05-29,100.4,64.4,34
IWA_AP,2017-05-30,98.6,69.8,33
IWA_AP,2017-05-31,98.6,69.8,33
IWA_AP,2017-06-01,95.0,73.4,33
IWA_AP,2017-06-02,98.6,64.4,33
IWA_AP,2017-06-03,104.0,71.6,33
IWA_AP,2017-06-04,104.0,73.4,32
IWA_AP,2017-06-05,105.8,73.4,30
IWA_AP,2017-06-06,102.2,75.2,33
IWA_AP,2017-06-07,102.2,73.4,33
IWA_AP,2017-06-08,102.2,73.4,33
IWA_AP,2017-06-09,102.2,73.4,34
IWA_AP,2017-06-10,98.6,71.6,32
IWA_AP,2017-06-11,98.6,69.8,32
IWA_AP,2017-06-12,91.4,68.0,32
IWA_AP,2017-06-13,93.2,59.0,33
IWA_AP,2017-06-14,100.4,62.6,34
IWA_AP,2017-06-15,104.0,64.4,33
IWA_AP,2017-06-16,105.8,68.0,33
IWA_AP,2017-06-17,105.8,71.6,33
IWA_AP,2017-06-18,109.4,73.4,32
IWA_AP,2017-06-19,114.8,77.0,33
IWA_AP,2017-06-20,116.6,77.0,34
IWA_AP,2017-06-21,114.8,82.4,33
IWA_AP,2017-06-22,109.4,82.4,30
IWA_AP,2017-06-23,109.4,80.6,33
IWA_AP,2017-06-24,113.0,80.6,31
IWA_AP,2017-06-25,111.2,87.8,34
IWA_AP,2017-06-26,107.6,86.0,34
IWA_AP,2017-06-27,107.6,78.8,32
IWA_AP,2017-06-28,104.0,77.0,33
IWA_AP,2017-06-29,105.8,77.0,32
IWA_AP,2017-06-30,104.0,75.2,32
IWA_AP,2017-07-01,107.6,71.6,35
IWA_AP,2017-07-02,107.6,73.4,32
IWA_AP,2017-07-03,102.2,82.4,34
IWA_AP,2017-07-04,107.6,78.8,34
IWA_AP,2017-07-05,107.6,80.6,31
IWA_AP,2017-07-06,109.4,80.6,33
IWA_AP,2017-07-07,113.0,82.4,34
IWA_AP,2017-07-08,109.4,87.8,34
IWA_AP,2017-07-09,105.8,84.2,33
IWA_AP,2017-07-10,105.8,80.6,33
IWA_AP,2017-07-11,98.6,75.2,33
IWA_AP,2017-07-12,105.8,80.6,34
IWA_AP,2017-07-13,105.8,80.6,34
IWA_AP,2017-07-14,105.8,80.6,34
IWA_AP,2017-07-15,105.8,82.4,34
IWA_AP,2017-07-16,100.4,75.2,37
IWA_AP,2017-07-17,96.8,73.4,33
IWA_AP,2017-07-18,96.8,71.6,33
IWA_AP,2017-07-19,100.4,80.6,33
IWA_AP,2017-07-20,102.2,80.6,35
IWA_AP,2017-07-21,98.6,77.0,37
IWA_AP,2017-07-22,102.2,80.6,34
IWA_AP,2017-07-23,100.4,75.2,33
IWA_AP,2017-07-24,86.0,73.4,37
IWA_AP,2017-07-25,98.6,78.8,34
IWA_AP,2017-07-26,102.2,78.8,34
IWA_AP,2017-07-27,105.8,84.2,33
IWA_AP,2017-07-28,98.6,78.8,34
IWA_AP,2017-07-29,100.4,77.0,35
IWA_AP,2017-07-30,96.8,78.8,34
IWA_AP,2017-07-31,102.2,82.4,35
IWA_AP,2017-08-01,96.8,82.4,37
IWA_AP,2017-08-02,95.0,80.6,34
IWA_AP,2017-08-03,100.4,71.6,34
IWA_AP,2017-08-04,98.6,75.2,35
IWA_AP,2017-08-05,100.4,78.8,34
IWA_AP,2017-08-06,98.6,77.0,33
IWA_AP,2017-08-07,102.2,75.2,34
IWA_AP,2017-08-08,104.0,75.2,32
IWA_AP,2017-08-09,107.6,78.8,34
IWA_AP,2017-08-10,102.2,84.2,29
IWA_AP,2017-08-11,102.2,82.4,31
IWA_AP,2017-08-12,98.6,73.4,32
IWA_AP,2017-08-13,96.8,73.4,34
IWA_AP,2017-08-14,98.6,80.6,33
IWA_AP,2017-08-15,98.6,77.0,33
IWA_AP,2017-08-16,98.6,73.4,34
IWA_AP,2017-08-17,100.4,73.4,29
IWA_AP,2017-08-18,100.4,69.8,31
IWA_AP,2017-08-19,100.4,73.4,34
IWA_AP,2017-08-20,98.6,78.8,34
IWA_AP,2017-08-21,100.4,78.8,33
IWA_AP,2017-08-22,102.2,75.2,33
IWA_AP,2017-08-23,102.2,80.6,34
IWA_AP,2017-08-24,98.6,77.0,33
IWA_AP,2017-08-25,104.0,78.8,34
IWA_AP,2017-08-26,105.8,82.4,37
IWA_AP,2017-08-27,105.8,80.6,35
IWA_AP,2017-08-28,105.8,80.6,34
IWA_AP,2017-08-29,105.8,80.6,34
IWA_AP,2017-08-30,105.8,80.6,34
IWA_AP,2017-08-31,105.8,82.4,34
IWA_AP,2017-09-01,105.8,75.2,34
IWA_AP,2017-09-02,98.6,78.8,32
IWA_AP,2017-09-03,100.4,77.0,33
IWA_AP,2017-09-04,100.4,80.6,34
IWA_AP,2017-09-05,102.2,78.8,34
IWA_AP,2017-09-06,105.8,77.0,34
IWA_AP,2017-09-07,100.4,78.8,33
IWA_AP,2017-09-08,95.0,73.4,34
IWA_AP,2017-09-09,93.2,73.4,34
IWA_AP,2017-09-10,100.4,73.4,32
IWA_AP,2017-09-11,105.8,78.8,33
IWA_AP,2017-09-12,105.8,78.8,34
IWA_AP,2017-09-13,102.2,78.8,34
IWA_AP,2017-09-14,98.6,78.8,34
IWA_AP,2017-09-15,93.2,71.6,34
IWA_AP,2017-09-16,93.2,66.2,32
IWA_AP,2017-09-17,93.2,71.6,32
IWA_AP,2017-09-18,95.0,66.2,33
IWA_AP,2017-09-19,96.8,64.4,33
IWA_AP,2017-09-20,96.8,66.2,34
IWA_AP,2017-09-21,96.8,64.4,32
IWA_AP,2017-09-22,86.0,66.2,34
IWA_AP,2017-09-23,82.4,59.0,33
IWA_AP,2017-09-24,82.4,55.4,33
IWA_AP,2017-09-25,84.2,53.6,34
IWA_AP,2017-09-26,86.0,55.4,34
IWA_AP,2017-09-27,87.8,64.4,34
IWA_AP,2017-09-28,89.6,57.2,34
IWA_AP,2017-09-29,93.2,64.4,34
IWA_AP,2017-09-30,95.0,64.4,31
IWA_AP,2017-10-01,96.8,64.4,34
IWA_AP,2017-10-02,89.6,64.4,32
IWA_AP,2017-10-03,95.0,60.8,35
IWA_AP,2017-10-04,95.0,64.4,33
IWA_AP,2017-10-05,96.8,71.6,32
IWA_AP,2017-10-06,93.2,64.4,34
IWA_AP,2017-10-07,91.4,55.4,34
IWA_AP,2017-10-08,91.4,55.4,35
IWA_AP,2017-10-09,84.2,62.6,33
IWA_AP,2017-10-10,89.6,55.4,34
IWA_AP,2017-10-11,95.0,64.4,31
IWA_AP,2017-10-12,91.4,60.8,32
IWA_AP,2017-10-13,91.4,60.8,34
IWA_AP,2017-10-14,89.6,59.0,34
IWA_AP,2017-10-15,93.2,55.4,34
IWA_AP,2017-10-16,96.8,64.4,34
IWA_AP,2017-10-17,95.0,66.2,34
IWA_AP,2017-10-18,93.2,64.4,33
IWA_AP,2017-10-19,91.4,69.8,34
IWA_AP,2017-10-20,86.0,62.6,33
IWA_AP,2017-10-21,82.4,57.2,34
IWA_AP,2017-10-22,89.6,53.6,34
IWA_AP,2017-10-23,93.2,55.4,32
IWA_AP,2017-10-24,96.8,59.0,34
IWA_AP,2017-10-25,91.4,62.6,34
IWA_AP,2017-10-26,89.6,60.8,34
IWA_AP,2017-10-27,87.8,55.4,33
IWA_AP,2017-10-28,87.8,55.4,34
IWA_AP,2017-10-29,89.6,53.6,32
IWA_AP,2017-10-30,84.2,57.2,33
IWA_AP,2017-10-31,78.8,59.0,33
IWA_AP,2017-11-01,82.4,55.4,34
IWA_AP,2017-11-02,78.8,55.4,34
IWA_AP,2017-11-03,80.6,55.4,34
IWA_AP,2017-11-04,82.4,62.6,33
IWA_AP,2017-11-05,77.0,57.2,35
IWA_AP,2017-11-06,78.8,53.6,34
IWA_AP,2017-11-07,78.8,59.0,34
IWA_AP,2017-11-08,80.6,57.2,33
IWA_AP,2017-11-09,82.4,57.2,34
IWA_AP,2017-11-10,82.4,55.4,33
IWA_AP,2017-11-11,82.4,53.6,34
IWA_AP,2017-11-12,84.2,53.6,34
IWA_AP,2017-11-13,82.4,57.2,33
IWA_AP,2017-11-14,82.4,55.4,32
IWA_AP,2017-11-15,80.6,51.8,33
IWA_AP,2017-11-16,82.4,53.6,33
IWA_AP,2017-11-17,96.8,53.6,33
IWA_AP,2017-11-18,77.0,51.8,32
IWA_AP,2017-11-19,78.8,44.6,34
IWA_AP,2017-11-20,75.2,44.6,32
IWA_AP,2017-11-21,75.2,46.4,32
IWA_AP,2017-11-22,87.8,48.2,33
IWA_AP,2017-11-23,84.2,50.0,28
IWA_AP,2017-11-24,82.4,51.8,32
IWA_AP,2017-11-25,82.4,51.8,34
IWA_AP,2017-11-26,84.2,51.8,34
IWA_AP,2017-11-27,82.4,51.8,32
IWA_AP,2017-11-28,71.6,44.6,34
IWA_AP,2017-11-29,77.0,51.8,31
IWA_AP,2017-11-30,71.6,59.0,33
IWA_AP,2017-12-01,73.4,55.4,33
IWA_AP,2017-12-02,82.4,53.6,35
IWA_AP,2017-12-03,78.8,51.8,34
IWA_AP,2017-12-04,69.8,50.0,33
IWA_AP,2017-12-05,59.0,46.4,32
IWA_AP,2017-12-06,71.6,42.8,33
IWA_AP,2017-12-07,62.6,41.0,32
IWA_AP,2017-12-08,62.6,35.6,18
IWA_AP,2017-12-09,73.4,35.6,19
IWA_AP,2017-12-10,78.8,51.8,18
IWA_AP,2017-12-11,75.2,48.2,20
IWA_AP,2017-12-12,75.2,42.8,19
IWA_AP,2017-12-13,73.4,33.8,19
IWA_AP,2017-12-14,71.6,39.2,34
IWA_AP,2017-12-15,69.8,46.4,33
IWA_AP,2017-12-16,66.2,37.4,34
IWA_AP,2017-12-17,57.2,46.4,34
IWA_AP,2017-12-18,62.6,39.2,34
IWA_AP,2017-12-19,62.6,39.2,34
IWA_AP,2017-12-20,66.2,37.4,34
IWA_AP,2017-12-21,53.6,33.8,34
IWA_AP,2017-12-22,53.6,28.4,32
IWA_AP,2017-12-23,57.2,32.0,33
IWA_AP,2017-12-24,66.2,35.6,33
IWA_AP,2017-12-25,64.4,37.4,33
IWA_AP,2017-12-26,68.0,37.4,34
IWA_AP,2017-12-27,69.8,39.2,34
IWA_AP,2017-12-28,73.4,37.4,33
IWA_AP,2017-12-29,75.2,37.4,32
IWA_AP,2017-12-30,73.4,39.2,34
IWA_AP,2017-12-31,68.0,39.2,32
IWA_AP,2018-01-01,73.4,37.4,31
IWA_AP,2018-01-02,75.2,42.8,34
IWA_AP,2018-01-03,75.2,41.0,33
IWA_AP,2018-01-04,75.2,53.6,34
IWA_AP,2018-01-05,73.4,44.6,33
IWA_AP,2018-01-06,71.6,46.4,34
IWA_AP,2018-01-07,73.4,50.0,33
IWA_AP,2018-01-08,75.2,50.0,33
IWA_AP,2018-01-09,78.8,51.8,21
IWA_AP,2018-01-10,62.6,51.8,19
IWA_AP,2018-01-11,66.2,44.6,33
IWA_AP,2018-01-12,69.8,44.2,33
IWA_AP,2018-01-13,77.0,39.2,33
IWA_AP,2018-01-14,75.2,41.0,31
IWA_AP,2018-01-15,71.6,45.1,30
IWA_AP,2018-01-16,73.4,46.4,34
IWA_AP,2018-01-17,68.0,44.6,34
IWA_AP,2018-01-18,73.4,39.2,34
IWA_AP,2018-01-19,75.2,41.0,32
IWA_AP,2018-01-20,57.2,41.0,34
IWA_AP,2018-01-21,55.4,33.8,33
IWA_AP,2018-01-22,60.8,32.0,33
IWA_AP,2018-01-23,69.8,30.2,33
IWA_AP,2018-01-24,75.2,37.4,33
IWA_AP,2018-01-25,75.2,39.2,32
IWA_AP,2018-01-26,64.4,39.2,34
IWA_AP,2018-01-27,71.6,35.6,33
IWA_AP,2018-01-28,78.8,37.4,34
IWA_AP,2018-01-29,82.4,50.0,34
IWA_AP,2018-01-30,80.6,48.2,34
IWA_AP,2018-01-31,77.0,42.8,28
IWA_AP,2018-02-01,77.0,42.8,34
IWA_AP,2018-02-02,77.0,42.8,34
IWA_AP,2018-02-03,75.2,44.6,34
IWA_AP,2018-02-04,77.0,46.4,34
IWA_AP,2018-02-05,78.8,46.4,32
IWA_AP,2018-02-06,77.0,44.6,33
IWA_AP,2018-02-07,77.0,42.8,33
IWA_AP,2018-02-08,82.4,44.1,34
IWA_AP,2018-02-09,78.8,46.4,33
IWA_AP,2018-02-10,77.0,48.0,34
IWA_AP,2018-02-11,73.4,51.8,31
IWA_AP,2018-02-12,64.4,51.4,34
IWA_AP,2018-02-13,71.6,57.2,34
IWA_AP,2018-02-14,60.8,48.2,33
IWA_AP,2018-02-15,62.6,52.5,34
IWA_AP,2018-02-16,64.4,49.8,34
IWA_AP,2018-02-17,69.8,46.4,34
IWA_AP,2018-02-18,71.6,48.2,34
IWA_AP,2018-02-19,68.0,48.2,34
IWA_AP,2018-02-20,55.4,39.2,34
IWA_AP,2018-02-21,57.2,33.8,34
IWA_AP,2018-02-22,57.2,35.6,32
IWA_AP,2018-02-23,60.8,37.4,33
IWA_AP,2018-02-24,60.8,33.8,31
IWA_AP,2018-02-25,62.6,32.0,33
IWA_AP,2018-02-26,66.2,33.8,33
IWA_AP,2018-02-27,69.8,37.4,34
IWA_AP,2018-02-28,57.2,41.0,34
IWA_AP,2018-03-01,68.0,36.9,33
IWA_AP,2018-03-02,75.2,41.0,34
IWA_AP,2018-03-03,75.2,42.8,34
IWA_AP,2018-03-04,64.4,46.4,34
IWA_AP,2018-03-05,69.8,39.2,33
IWA_AP,2018-03-06,78.8,42.8,33
IWA_AP,2018-03-07,78.8,44.6,31
IWA_AP,2018-03-08,78.8,51.8,34
IWA_AP,2018-03-09,80.6,50.0,33
IWA_AP,2018-03-10,75.2,55.4,33
IWA_AP,2018-03-11,73.4,57.0,33
IWA_AP,2018-03-12,80.6,53.6,34
IWA_AP,2018-03-13,82.4,56.3,34
IWA_AP,2018-03-14,84.2,55.4,33
IWA_AP,2018-03-15,71.6,51.8,34
IWA_AP,2018-03-16,73.4,48.2,34
IWA_AP,2018-03-17,69.8,46.4,34
IWA_AP,2018-03-18,69.8,50.0,33
IWA_AP,2018-03-19,69.8,44.6,32
IWA_AP,2018-03-20,78.8,42.8,34
IWA_AP,2018-03-21,80.6,51.8,33
IWA_AP,2018-03-22,87.8,55.4,33
IWA_AP,2018-03-23,82.4,60.8,33
IWA_AP,2018-03-24,80.6,55.4,32
IWA_AP,2018-03-25,75.2,50.0,32
IWA_AP,2018-03-26,71.6,48.2,30
IWA_AP,2018-03-27,71.6,49.8,34
IWA_AP,2018-03-28,77.0,44.6,33
IWA_AP,2018-03-29,82.4,48.2,33
IWA_AP,2018-03-30,86.0,55.4,33
IWA_AP,2018-03-31,87.8,55.4,34
IWA_AP,2018-04-01,89.6,62.6,33
IWA_AP,2018-04-02,89.6,55.4,33
IWA_AP,2018-04-03,84.2,55.4,34
IWA_AP,2018-04-04,87.8,57.2,34
IWA_AP,2018-04-05,89.6,57.2,33
IWA_AP,2018-04-06,89.6,64.4,33
IWA_AP,2018-04-07,93.2,64.4,34
IWA_AP,2018-04-08,91.4,68.0,34
IWA_AP,2018-04-09,91.4,57.2,30
IWA_AP,2018-04-10,96.8,59.0,29
IWA_AP,2018-04-11,93.2,60.8,33
IWA_AP,2018-04-12,86.0,60.8,30
IWA_AP,2018-04-13,73.4,57.2,27
IWA_AP,2018-04-14,78.8,53.6,34
IWA_AP,2018-04-15,89.6,48.2,32
IWA_AP,2018-04-16,86.0,57.2,29
IWA_AP,2018-04-17,73.4,53.6,30
IWA_AP,2018-04-18,80.6,45.5,29
IWA_AP,2018-04-19,87.8,53.6,27
IWA_AP,2018-04-20,75.2,50.0,29
IWA_AP,2018-04-21,86.0,51.8,34
IWA_AP,2018-04-22,91.4,57.2,34
IWA_AP,2018-04-23,93.2,60.8,32
IWA_AP,2018-04-24,95.0,63.7,33
IWA_AP,2018-04-25,95.0,62.6,33
IWA_AP,2018-04-26,93.2,64.4,31
IWA_AP,2018-04-27,96.8,69.8,31
IWA_AP,2018-04-28,96.8,68.0,34
IWA_AP,2018-04-29,91.4,60.8,33
IWA_AP,2018-04-30,82.4,60.8,34
IWA_AP,2018-05-01,73.4,57.2,35
IWA_AP,2018-05-02,71.6,55.0,31
IWA_AP,2018-05-03,80.6,51.4,33
IWA_AP,2018-05-04,91.4,57.2,33
IWA_AP,2018-05-05,100.4,62.6,32
IWA_AP,2018-05-06,104.0,66.2,32
IWA_AP,2018-05-07,100.4,69.8,32
IWA_AP,2018-05-08,100.4,66.2,30
IWA_AP,2018-05-09,102.2,68.7,33
IWA_AP,2018-05-10,102.2,69.1,34
IWA_AP,2018-05-11,100.4,71.6,36
IWA_AP,2018-05-12,89.6,69.6,33
IWA_AP,2018-05-13,87.8,60.8,33
IWA_AP,2018-05-14,91.4,60.8,33
IWA_AP,2018-05-15,93.2,62.6,34
IWA_AP,2018-05-16,96.8,62.6,32
IWA_AP,2018-05-17,96.8,66.0,33
IWA_AP,2018-05-18,91.4,64.4,33
IWA_AP,2018-05-19,93.2,62.6,34
IWA_AP,2018-05-20,96.8,64.4,33
IWA_AP,2018-05-21,96.8,64.4,33
IWA_AP,2018-05-22,91.4,64.4,34
IWA_AP,2018-05-23,91.4,64.4,33
IWA_AP,2018-05-24,96.8,62.6,34
IWA_AP,2018-05-25,98.6,64.4,33
IWA_AP,2018-05-26,91.4,67.8,34
IWA_AP,2018-05-27,89.6,61.9,33
IWA_AP,2018-05-28,95.0,64.4,33
IWA_AP,2018-05-29,98.6,68.0,34
IWA_AP,2018-05-30,100.4,73.4,33
IWA_AP,2018-05-31,100.4,69.8,34
IWA_AP,2018-06-01,96.8,68.0,34
IWA_AP,2018-06-02,102.2,68.0,34
IWA_AP,2018-06-03,105.8,69.1,34
IWA_AP,2018-06-04,105.8,71.4,35
IWA_AP,2018-06-05,104.0,73.4,33
IWA_AP,2018-06-06,100.4,73.4,33
IWA_AP,2018-06-07,102.2,69.3,34
IWA_AP,2018-06-08,105.8,71.6,35
IWA_AP,2018-06-09,107.6,73.4,33
IWA_AP,2018-06-10,102.2,73.4,35
IWA_AP,2018-06-11,102.2,71.6,33
IWA_AP,2018-06-12,107.6,71.6,33
IWA_AP,2018-06-13,107.6,78.8,34
IWA_AP,2018-06-14,107.6,82.4,33
IWA_AP,2018-06-15,91.4,75.2,34
IWA_AP,2018-06-16,78.8,69.8,33
IWA_AP,2018-06-17,96.8,68.0,34
IWA_AP,2018-06-18,96.8,66.2,33
IWA_AP,2018-06-19,100.4,68.7,34
IWA_AP,2018-06-20,105.8,69.8,34
IWA_AP,2018-06-21,107.6,73.4,32
IWA_AP,2018-06-22,109.4,73.4,33
IWA_AP,2018-06-23,105.8,78.3,33
IWA_AP,2018-06-24,102.2,78.8,33
IWA_AP,2018-06-25,104.0,75.2,33
IWA_AP,2018-06-26,107.6,73.6,33
IWA_AP,2018-06-27,107.6,73.4,34
IWA_AP,2018-06-28,105.8,77.4,33
IWA_AP,2018-06-29,102.2,79.5,31
IWA_AP,2018-06-30,100.4,75.2,33
IWA_AP,2018-07-01,100.4,69.8,33
IWA_AP,2018-07-02,105.8,71.6,33
IWA_AP,2018-07-03,107.6,75.2,33
IWA_AP,2018-07-04,104.0,78.8,31
IWA_AP,2018-07-05,111.2,78.8,34
IWA_AP,2018-07-06,109.4,91.4,34
IWA_AP,2018-07-07,109.4,87.6,33
IWA_AP,2018-07-08,105.8,86.0,34
IWA_AP,2018-07-09,104.0,78.8,35
IWA_AP,2018-07-10,96.8,75.2,34
IWA_AP,2018-07-11,96.8,78.8,36
IWA_AP,2018-07-12,98.6,76.8,34
IWA_AP,2018-07-13,102.2,80.6,30
IWA_AP,2018-07-14,100.4,85.6,35
IWA_AP,2018-07-15,95.0,84.2,31
IWA_AP,2018-07-16,102.2,84.2,34
IWA_AP,2018-07-17,104.0,82.4,34
IWA_AP,2018-07-18,100.4,80.6,34
IWA_AP,2018-07-19,102.2,86.0,34
IWA_AP,2018-07-20,105.8,87.8,34
IWA_AP,2018-07-21,100.4,82.4,35
IWA_AP,2018-07-22,105.8,80.6,33
IWA_AP,2018-07-23,113.0,82.4,34
IWA_AP,2018-07-24,114.8,84.2,35
IWA_AP,2018-07-25,114.8,89.6,34
IWA_AP,2018-07-26,107.6,89.6,34
IWA_AP,2018-07-27,107.6,89.2,35
IWA_AP,2018-07-28,105.8,86.5,36
IWA_AP,2018-07-29,100.4,78.8,34
IWA_AP,2018-07-30,105.8,80.6,35
IWA_AP,2018-07-31,102.2,80.6,34
IWA_AP,2018-08-01,107.6,82.4,35
IWA_AP,2018-08-02,105.8,84.2,34
IWA_AP,2018-08-03,105.8,85.6,34
IWA_AP,2018-08-04,107.6,86.0,34
IWA_AP,2018-08-05,109.4,86.0,34
IWA_AP,2018-08-06,111.2,84.2,34
IWA_AP,2018-08-07,107.6,84.2,36
IWA_AP,2018-08-08,98.6,78.8,35
IWA_AP,2018-08-09,98.6,71.6,35
IWA_AP,2018-08-10,95.0,72.3,33
IWA_AP,2018-08-11,98.6,75.2,33
IWA_AP,2018-08-12,98.6,75.2,36
IWA_AP,2018-08-13,96.8,74.8,35
IWA_AP,2018-08-14,100.4,78.8,35
IWA_AP,2018-08-15,93.2,78.8,34
IWA_AP,2018-08-16,96.8,78.8,34
IWA_AP,2018-08-17,100.4,82.4,34
IWA_AP,2018-08-18,102.2,82.4,34
IWA_AP,2018-08-19,104.0,82.4,34
IWA_AP,2018-08-20,102.2,84.2,34
IWA_AP,2018-08-21,98.6,84.2,35
IWA_AP,2018-08-22,96.8,80.6,34
IWA_AP,2018-08-23,96.8,77.0,34
IWA_AP,2018-08-24,98.6,75.2,34
IWA_AP,2018-08-25,98.6,76.1,35
IWA_AP,2018-08-26,98.6,78.4,33
IWA_AP,2018-08-27,100.4,78.8,34
IWA_AP,2018-08-28,100.4,75.2,34
IWA_AP,2018-08-29,102.2,75.2,34
IWA_AP,2018-08-30,100.4,80.6,34
IWA_AP,2018-08-31,100.4,78.8,34
IWA_AP,2018-09-01,100.4,80.6,34
IWA_AP,2018-09-02,98.6,77.0,37
IWA_AP,2018-09-03,95.0,71.6,34
IWA_AP,2018-09-04,96.8,75.2,34
IWA_AP,2018-09-05,100.4,77.0,34
IWA_AP,2018-09-06,102.2,75.2,33
IWA_AP,2018-09-07,102.2,78.8,34
IWA_AP,2018-09-08,104.0,77.0,33
IWA_AP,2018-09-09,104.0,80.2,34
IWA_AP,2018-09-10,102.2,78.8,34
IWA_AP,2018-09-11,104.0,75.2,34
IWA_AP,2018-09-12,102.2,77.2,34
IWA_AP,2018-09-13,102.2,71.6,34
IWA_AP,2018-09-14,105.8,71.6,34
IWA_AP,2018-09-15,105.8,75.2,34
IWA_AP,2018-09-16,102.2,78.8,26
IWA_AP,2018-09-17,104.0,78.8,28
IWA_AP,2018-09-18,100.4,78.8,35
IWA_AP,2018-09-19,87.8,73.4,34
IWA_AP,2018-09-20,93.2,69.8,38
IWA_AP,2018-09-21,96.8,73.4,34
IWA_AP,2018-09-22,102.2,73.9,33
IWA_AP,2018-09-23,100.4,75.2,34
IWA_AP,2018-09-24,96.8,76.3,33
IWA_AP,2018-09-25,96.8,71.6,32
IWA_AP,2018-09-26,98.6,71.6,33
IWA_AP,2018-09-27,100.4,69.8,34
IWA_AP,2018-09-28,100.4,71.6,34
IWA_AP,2018-09-29,98.6,73.4,33
IWA_AP,2018-09-30,96.8,73.4,34
IWA_AP,2018-10-01,77.0,69.8,35
IWA_AP,2018-10-02,78.8,71.2,37
IWA_AP,2018-10-03,84.2,71.6,34
IWA_AP,2018-10-04,84.2,68.0,33
IWA_AP,2018-10-05,84.2,66.2,34
IWA_AP,2018-10-06,84.2,62.6,34
IWA_AP,2018-10-07,74.1,57.2,35
IWA_AP,2018-10-08,73.4,55.4,34
IWA_AP,2018-10-09,77.0,55.4,34
IWA_AP,2018-10-10,80.6,55.4,33
IWA_AP,2018-10-11,80.6,63.7,33
IWA_AP,2018-10-12,78.8,66.2,34
IWA_AP,2018-10-13,69.8,62.6,37
IWA_AP,2018-10-14,73.4,57.2,34
IWA_AP,2018-10-15,75.2,60.8,33
IWA_AP,2018-10-16,69.8,55.4,34
IWA_AP,2018-10-17,75.2,53.6,33
IWA_AP,2018-10-18,78.8,55.4,34
IWA_AP,2018-10-19,84.2,55.4,33
IWA_AP,2018-10-20,89.6,66.2,33
IWA_AP,2018-10-21,87.8,69.8,34
IWA_AP,2018-10-22,84.2,67.1,33
IWA_AP,2018-10-23,87.8,68.0,35
IWA_AP,2018-10-24,80.6,60.4,34
IWA_AP,2018-10-25,82.4,59.0,34
IWA_AP,2018-10-26,84.2,57.2,34
IWA_AP,2018-10-27,87.8,57.2,33
IWA_AP,2018-10-28,87.8,57.2,34
IWA_AP,2018-10-29,87.8,59.0,33
IWA_AP,2018-10-30,84.2,55.4,34
IWA_AP,2018-10-31,73.4,53.6,33
IWA_AP,2018-11-01,75.2,50.0,34
IWA_AP,2018-11-02,78.8,48.2,34
IWA_AP,2018-11-03,78.8,51.8,34
IWA_AP,2018-11-04,78.8,53.6,34
IWA_AP,2018-11-05,80.6,53.6,32
IWA_AP,2018-11-06,82.4,51.8,34
IWA_AP,2018-11-07,80.6,53.6,27
IWA_AP,2018-11-08,78.8,53.6,27
IWA_AP,2018-11-09,78.8,55.4,32
IWA_AP,2018-11-10,77.0,51.8,33
IWA_AP,2018-11-11,71.6,50.0,34
IWA_AP,2018-11-12,64.4,39.2,34
IWA_AP,2018-11-13,64.4,47.1,34
IWA_AP,2018-11-14,69.8,46.0,34
IWA_AP,2018-11-15,73.4,39.2,34
IWA_AP,2018-11-16,84.2,42.8,33
IWA_AP,2018-11-17,71.6,41.0,34
IWA_AP,2018-11-18,71.6,44.6,34
IWA_AP,2018-11-19,73.4,42.8,34
IWA_AP,2018-11-20,77.0,44.6,33
IWA_AP,2018-11-21,73.4,46.4,34
IWA_AP,2018-11-22,64.4,50.0,33
IWA_AP,2018-11-23,68.0,44.6,34
IWA_AP,2018-11-24,69.8,43.7,33
IWA_AP,2018-11-25,71.6,42.8,33
IWA_AP,2018-11-26,73.4,42.3,33
IWA_AP,2018-11-27,73.4,42.8,33
IWA_AP,2018-11-28,75.2,44.6,35
IWA_AP,2018-11-29,69.8,46.4,34
IWA_AP,2018-11-30,62.6,48.2,32
IWA_AP,2018-12-01,62.6,46.4,33
IWA_AP,2018-12-02,60.8,42.8,34
IWA_AP,2018-12-03,60.8,37.4,34
IWA_AP,2018-12-04,64.4,35.6,34
IWA_AP,2018-12-05,71.6,41.0,34
IWA_AP,2018-12-06,62.6,50.7,33
IWA_AP,2018-12-07,66.2,50.0,33
IWA_AP,2018-12-08,64.4,46.4,38
IWA_AP,2018-12-09,69.8,42.8,34
IWA_AP,2018-12-10,71.6,39.7,34
IWA_AP,2018-12-11,66.2,48.2,33
IWA_AP,2018-12-12,66.2,42.8,34
IWA_AP,2018-12-13,66.2,37.4,33
IWA_AP,2018-12-14,64.4,33.8,34
IWA_AP,2018-12-15,68.0,44.1,34
IWA_AP,2018-12-16,68.0,42.8,33
IWA_AP,2018-12-17,69.8,44.6,33
IWA_AP,2018-12-18,66.2,42.8,33
IWA_AP,2018-12-19,66.2,39.2,32
IWA_AP,2018-12-20,71.6,39.2,34
IWA_AP,2018-12-21,66.2,42.8,34
IWA_AP,2018-12-22,69.8,41.0,34
IWA_AP,2018-12-23,71.6,41.0,34
IWA_AP,2018-12-24,69.8,41.0,34
IWA_AP,2018-12-25,64.4,42.8,33
IWA_AP,2018-12-26,57.2,42.8,34
IWA_AP,2018-12-27,59.0,39.2,34
IWA_AP,2018-12-28,51.8,33.8,34
IWA_AP,2018-12-29,53.6,28.4,33
IWA_AP,2018-12-30,53.6,26.6,33
IWA_AP,2018-12-31,51.8,32.0,35
IWA_AP,2019-01-01,48.2,39.2,34
IWA_AP,2019-01-02,48.2,30.2,34
IWA_AP,2019-01-03,51.8,30.2,34
IWA_AP,2019-01-04,62.6,32.0,34
IWA_AP,2019-01-05,66.2,35.6,34
IWA_AP,2019-01-06,53.6,44.6,35
IWA_AP,2019-01-07,60.8,37.4,33
IWA_AP,2019-01-08,68.0,39.2,33
IWA_AP,2019-01-09,69.8,44.6,33
IWA_AP,2019-01-10,62.6,46.4,34
IWA_AP,2019-01-11,62.6,42.8,33
IWA_AP,2019-01-12,66.2,41.5,34
IWA_AP,2019-01-13,60.8,48.2,32
IWA_AP,2019-01-14,68.0,48.2,34
IWA_AP,2019-01-15,66.2,51.8,34
IWA_AP,2019-01-16,66.2,47.8,33
IWA_AP,2019-01-17,66.2,44.6,34
IWA_AP,2019-01-18,68.0,50.0,34
IWA_AP,2019-01-19,69.8,39.2,33
IWA_AP,2019-01-20,71.6,39.2,34
IWA_AP,2019-01-21,66.2,46.4,33
IWA_AP,2019-01-22,60.8,35.6,34
IWA_AP,2019-01-23,59.0,33.8,33
IWA_AP,2019-01-24,66.2,33.8,34
IWA_AP,2019-01-25,68.0,35.6,34
IWA_AP,2019-01-26,69.8,35.6,34
IWA_AP,2019-01-27,71.6,39.2,34
IWA_AP,2019-01-28,68.0,39.2,34
IWA_AP,2019-01-29,71.6,46.8,34
IWA_AP,2019-01-30,71.6,51.8,34
IWA_AP,2019-01-31,71.6,46.4,34
IWA_AP,2019-02-01,71.6,53.6,34
IWA_AP,2019-02-02,71.6,52.3,34
IWA_AP,2019-02-03,65.5,53.6,36
IWA_AP,2019-02-04,64.4,51.8,32
IWA_AP,2019-02-05,64.4,47.8,34
IWA_AP,2019-02-06,55.2,41.0,34
IWA_AP,2019-02-07,53.6,31.8,32
IWA_AP,2019-02-08,66.2,33.8,31
IWA_AP,2019-02-09,59.0,35.6,34
IWA_AP,2019-02-10,62.6,32.0,34
IWA_AP,2019-02-11,57.2,39.2,34
IWA_AP,2019-02-12,68.0,32.0,34
IWA_AP,2019-02-13,68.0,42.8,34
IWA_AP,2019-02-14,60.8,53.4,34
IWA_AP,2019-02-15,64.4,53.6,33
IWA_AP,2019-02-16,60.8,44.6,34
IWA_AP,2019-02-17,57.2,37.4,34
IWA_AP,2019-02-18,51.8,39.2,32
IWA_AP,2019-02-19,53.6,33.8,33
IWA_AP,2019-02-20,53.6,30.2,33
IWA_AP,2019-02-21,50.0,39.2,34
IWA_AP,2019-02-22,44.6,37.4,34
IWA_AP,2019-02-23,51.8,33.8,34
IWA_AP,2019-02-24,62.6,33.8,34
IWA_AP,2019-02-25,64.4,37.4,33
IWA_AP,2019-02-26,69.8,40.8,34
IWA_AP,2019-02-27,73.4,51.4,34
IWA_AP,2019-02-28,73.4,44.6,22
IWA_AP,2019-03-01,75.2,50.7,29
IWA_AP,2019-03-02,71.6,53.6,34
IWA_AP,2019-03-03,71.6,48.2,34
IWA_AP,2019-03-04,71.6,48.2,33
IWA_AP,2019-03-05,77.0,44.6,34
IWA_AP,2019-03-06,82.4,51.8,33
IWA_AP,2019-03-07,73.4,53.6,34
IWA_AP,2019-03-08,66.0,48.2,34
IWA_AP,2019-03-09,64.4,39.2,34
IWA_AP,2019-03-10,69.8,39.2,34
IWA_AP,2019-03-11,68.0,44.6,34
IWA_AP,2019-03-12,57.2,50.0,35
IWA_AP,2019-03-13,64.4,46.4,35
IWA_AP,2019-03-14,60.8,37.2,35
IWA_AP,2019-03-15,71.6,41.0,34
IWA_AP,2019-03-16,75.2,53.1,34
IWA_AP,2019-03-17,77.0,48.2,34
IWA_AP,2019-03-18,80.6,51.3,33
IWA_AP,2019-03-19,82.4,52.3,34
IWA_AP,2019-03-20,82.4,54.7,33
IWA_AP,2019-03-21,66.2,53.6,34
IWA_AP,2019-03-22,69.8,42.8,32
IWA_AP,2019-03-23,73.4,44.6,34
IWA_AP,2019-03-24,77.0,46.4,34
IWA_AP,2019-03-25,84.2,46.4,33
IWA_AP,2019-03-26,84.2,51.8,34
IWA_AP,2019-03-27,80.6,55.4,33
IWA_AP,2019-03-28,82.4,50.0,34
IWA_AP,2019-03-29,78.8,48.2,34
IWA_AP,2019-03-30,80.6,48.2,34
IWA_AP,2019-03-31,78.8,46.9,34
IWA_AP,2019-04-01,80.6,51.8,33
IWA_AP,2019-04-02,84.2,50.5,33
IWA_AP,2019-04-03,77.0,53.2,34
IWA_AP,2019-04-04,82.4,51.8,32
IWA_AP,2019-04-05,80.6,51.8,33
IWA_AP,2019-04-06,78.8,61.3,32
IWA_AP,2019-04-07,84.2,54.9,30
IWA_AP,2019-04-08,93.2,55.4,34
IWA_AP,2019-04-09,93.2,59.0,34
IWA_AP,2019-04-10,82.4,55.4,34
IWA_AP,2019-04-11,73.4,54.1,35
IWA_AP,2019-04-12,71.6,59.0,33
IWA_AP,2019-04-13,77.0,48.2,33
IWA_AP,2019-04-14,82.4,51.8,33
IWA_AP,2019-04-15,87.8,55.4,34
IWA_AP,2019-04-16,78.8,57.0,33
IWA_AP,2019-04-17,75.2,53.6,34
IWA_AP,2019-04-18,87.8,53.6,34
IWA_AP,2019-04-19,96.8,57.2,33
IWA_AP,2019-04-20,91.4,64.4,33
IWA_AP,2019-04-21,87.8,60.8,33
IWA_AP,2019-04-22,84.2,57.2,33
IWA_AP,2019-04-23,82.4,59.0,35
IWA_AP,2019-04-24,89.6,55.9,34
IWA_AP,2019-04-25,95.0,60.8,33
IWA_AP,2019-04-26,96.8,64.4,34
IWA_AP,2019-04-27,93.2,64.4,26
IWA_AP,2019-04-28,93.2,64.4,33
IWA_AP,2019-04-29,84.2,62.6,33
IWA_AP,2019-04-30,80.6,57.2,34
IWA_AP,2019-05-01,86.0,53.6,33
IWA_AP,2019-05-02,84.2,57.2,34
IWA_AP,2019-05-03,89.6,55.4,34
IWA_AP,2019-05-04,93.2,57.2,33
IWA_AP,2019-05-05,91.4,60.8,33
IWA_AP,2019-05-06,84.2,62.4,34
IWA_AP,2019-05-07,77.0,55.4,34
IWA_AP,2019-05-08,84.2,59.7,34
IWA_AP,2019-05-09,86.0,57.9,33
IWA_AP,2019-05-10,84.2,60.8,34
IWA_AP,2019-05-11,84.2,62.6,34
IWA_AP,2019-05-12,82.4,62.2,32
IWA_AP,2019-05-13,87.8,58.8,35
IWA_AP,2019-05-14,95.0,64.4,34
IWA_AP,2019-05-15,96.8,66.2,34
IWA_AP,2019-05-16,91.4,68.0,34
IWA_AP,2019-05-17,80.6,59.0,34
IWA_AP,2019-05-18,82.4,53.6,33
IWA_AP,2019-05-19,80.6,62.6,33
IWA_AP,2019-05-20,73.4,57.2,33
IWA_AP,2019-05-21,80.6,51.3,33
IWA_AP,2019-05-22,71.6,57.2,34
IWA_AP,2019-05-23,75.2,53.6,33
IWA_AP,2019-05-24,86.0,53.4,34
IWA_AP,2019-05-25,89.6,56.7,33
IWA_AP,2019-05-26,82.4,60.6,33
IWA_AP,2019-05-27,77.0,60.8,34
IWA_AP,2019-05-28,80.6,53.1,32
IWA_AP,2019-05-29,87.8,56.7,33
IWA_AP,2019-05-30,93.2,62.4,32
IWA_AP,2019-05-31,96.8,66.0,33
IWA_AP,2019-06-01,95.0,65.5,32
IWA_AP,2019-06-02,93.2,68.0,33
IWA_AP,2019-06-03,95.0,67.3,33
IWA_AP,2019-06-04,96.8,67.3,32
IWA_AP,2019-06-05,98.6,69.6,33
IWA_AP,2019-06-06,98.6,70.7,33
IWA_AP,2019-06-07,98.6,73.4,33
IWA_AP,2019-06-08,96.8,66.2,34
IWA_AP,2019-06-09,102.2,68.0,32
IWA_AP,2019-06-10,105.8,73.4,31
IWA_AP,2019-06-11,105.8,80.6,34
IWA_AP,2019-06-12,107.6,73.4,32
IWA_AP,2019-06-13,105.8,75.2,32
IWA_AP,2019-06-14,102.2,72.7,33
IWA_AP,2019-06-15,100.4,71.6,34
IWA_AP,2019-06-16,102.2,68.0,31
IWA_AP,2019-06-17,102.2,75.2,32
IWA_AP,2019-06-18,100.4,72.9,33
IWA_AP,2019-06-19,102.2,68.0,33
IWA_AP,2019-06-20,100.4,69.8,33
IWA_AP,2019-06-21,100.4,73.4,34
IWA_AP,2019-06-22,96.8,73.4,33
IWA_AP,2019-06-23,96.8,69.8,32
IWA_AP,2019-06-24,100.4,68.0,32
IWA_AP,2019-06-25,102.2,69.8,34
IWA_AP,2019-06-26,100.4,69.8,34
IWA_AP,2019-06-27,102.2,71.6,33
IWA_AP,2019-06-28,109.4,73.4,34
IWA_AP,2019-06-29,109.4,78.8,34
IWA_AP,2019-06-30,107.6,78.8,32
IWA_AP,2019-07-01,107.6,78.8,33
IWA_AP,2019-07-02,105.8,78.3,33
IWA_AP,2019-07-03,104.0,75.2,32
IWA_AP,2019-07-04,104.0,73.4,33
IWA_AP,2019-07-05,102.2,73.4,34
IWA_AP,2019-07-06,102.2,78.6,32
IWA_AP,2019-07-07,104.0,82.4,32
IWA_AP,2019-07-08,102.2,72.3,33
IWA_AP,2019-07-09,102.2,71.6,31
IWA_AP,2019-07-10,109.4,73.4,34
IWA_AP,2019-07-11,111.2,83.5,33
IWA_AP,2019-07-12,107.6,86.9,32
IWA_AP,2019-07-13,109.4,82.4,32
IWA_AP,2019-07-14,107.6,86.0,32
IWA_AP,2019-07-15,111.2,83.1,31
IWA_AP,2019-07-16,113.0,84.2,34
IWA_AP,2019-07-17,104.0,84.2,33
IWA_AP,2019-07-18,105.8,81.9,31
IWA_AP,2019-07-19,105.8,82.4,31
IWA_AP,2019-07-20,105.8,77.0,33
IWA_AP,2019-07-21,105.8,80.6,33
IWA_AP,2019-07-22,100.4,78.8,38
IWA_AP,2019-07-23,104.0,78.3,34
IWA_AP,2019-07-24,102.2,80.6,33
IWA_AP,2019-07-25,104.0,82.4,34
IWA_AP,2019-07-26,107.6,86.0,32
IWA_AP,2019-07-27,111.2,86.0,34
IWA_AP,2019-07-28,107.6,87.6,32
IWA_AP,2019-07-29,107.6,86.0,32
IWA_AP,2019-07-30,104.0,75.2,34
IWA_AP,2019-07-31,91.4,76.3,32
IWA_AP,2019-08-01,100.4,78.8,35
IWA_AP,2019-08-02,105.8,82.4,33
IWA_AP,2019-08-03,107.6,84.2,34
IWA_AP,2019-08-04,107.6,82.4,33
IWA_AP,2019-08-05,111.2,77.0,33
IWA_AP,2019-08-06,102.2,86.0,32
IWA_AP,2019-08-07,104.0,86.0,35
IWA_AP,2019-08-08,105.8,82.2,32
IWA_AP,2019-08-09,96.8,86.0,34
IWA_AP,2019-08-10,98.6,80.6,34
IWA_AP,2019-08-11,100.4,80.6,33
IWA_AP,2019-08-12,104.0,80.6,34
IWA_AP,2019-08-13,105.8,75.2,34
IWA_AP,2019-08-14,111.2,77.0,35
IWA_AP,2019-08-15,113.0,79.9,34
IWA_AP,2019-08-16,105.8,80.6,34
IWA_AP,2019-08-17,105.8,80.6,34
IWA_AP,2019-08-18,100.4,78.8,33
IWA_AP,2019-08-19,105.8,75.9,31
IWA_AP,2019-08-20,111.2,75.2,34
IWA_AP,2019-08-21,113.0,80.1,33
IWA_AP,2019-08-22,105.8,80.6,35
IWA_AP,2019-08-23,100.4,80.6,33
IWA_AP,2019-08-24,100.4,80.6,34
IWA_AP,2019-08-25,100.4,82.4,33
IWA_AP,2019-08-26,104.0,82.4,33
IWA_AP,2019-08-27,107.6,82.4,32
IWA_AP,2019-08-28,107.6,78.8,33
IWA_AP,2019-08-29,102.2,78.8,32
IWA_AP,2019-08-30,105.8,82.4,33
IWA_AP,2019-08-31,104.0,82.4,33
IWA_AP,2019-09-01,104.0,84.2,35
IWA_AP,2019-09-02,104.0,78.8,33
IWA_AP,2019-09-03,105.8,80.6,34
IWA_AP,2019-09-04,109.4,80.6,34
IWA_AP,2019-09-05,107.6,82.4,34
IWA_AP,2019-09-06,105.8,83.8,31
IWA_AP,2019-09-07,104.0,85.3,33
IWA_AP,2019-09-08,98.6,82.4,33
IWA_AP,2019-09-09,96.8,77.0,32
IWA_AP,2019-09-10,96.8,80.6,33
IWA_AP,2019-09-11,95.0,80.6,34
IWA_AP,2019-09-12,100.4,73.4,33
IWA_AP,2019-09-13,104.0,72.0,34
IWA_AP,2019-09-14,102.2,80.6,33
IWA_AP,2019-09-15,96.8,78.4,32
IWA_AP,2019-09-16,96.8,75.2,32
IWA_AP,2019-09-17,96.8,69.8,34
IWA_AP,2019-09-18,100.4,75.2,33
IWA_AP,2019-09-19,100.4,76.3,33
IWA_AP,2019-09-20,95.0,68.0,33
IWA_AP,2019-09-21,91.4,68.0,34
IWA_AP,2019-09-22,95.0,65.7,33
IWA_AP,2019-09-23,93.2,71.6,35
IWA_AP,2019-09-24,86.0,68.0,34
IWA_AP,2019-09-25,89.6,67.5,34
IWA_AP,2019-09-26,86.0,71.6,32
IWA_AP,2019-09-27,84.2,68.0,34
IWA_AP,2019-09-28,91.4,68.0,33
IWA_AP,2019-09-29,89.6,69.8,32
IWA_AP,2019-09-30,89.6,62.6,32
IWA_AP,2019-10-01,89.6,59.0,34
IWA_AP,2019-10-02,87.8,64.4,33
IWA_AP,2019-10-03,93.2,60.8,34
IWA_AP,2019-10-04,93.2,68.5,33
IWA_AP,2019-10-05,93.2,64.4,34
IWA_AP,2019-10-06,91.4,63.7,33
IWA_AP,2019-10-07,96.8,62.6,31
IWA_AP,2019-10-08,95.0,66.2,34
IWA_AP,2019-10-09,93.2,64.4,33
IWA_AP,2019-10-10,86.0,62.6,33
IWA_AP,2019-10-11,86.0,55.4,32
IWA_AP,2019-10-12,87.8,59.0,34
IWA_AP,2019-10-13,89.6,57.2,32
IWA_AP,2019-10-14,86.0,60.8,33
IWA_AP,2019-10-15,89.6,63.7,33
IWA_AP,2019-10-16,95.0,61.2,33
IWA_AP,2019-10-17,93.2,66.2,33
IWA_AP,2019-10-18,82.4,60.8,33
IWA_AP,2019-10-19,82.4,55.4,32
IWA_AP,2019-10-20,82.4,50.0,30
IWA_AP,2019-10-21,84.2,51.4,34
IWA_AP,2019-10-22,87.8,51.8,32
IWA_AP,2019-10-23,87.8,53.6,33
IWA_AP,2019-10-24,82.4,53.6,31
IWA_AP,2019-10-25,82.4,53.6,32
IWA_AP,2019-10-26,82.4,51.8,33
IWA_AP,2019-10-27,87.8,51.8,32
IWA_AP,2019-10-28,71.6,46.4,31
IWA_AP,2019-10-29,71.6,41.0,33
IWA_AP,2019-10-30,68.0,46.4,33
IWA_AP,2019-10-31,75.2,33.8,33
IWA_AP,2019-11-01,78.8,41.0,34
IWA_AP,2019-11-02,86.0,46.4,32
IWA_AP,2019-11-03,82.4,51.8,33
IWA_AP,2019-11-04,84.2,51.3,33
IWA_AP,2019-11-05,86.0,53.6,33
IWA_AP,2019-11-06,84.2,60.8,34
IWA_AP,2019-11-07,84.2,53.6,33
IWA_AP,2019-11-08,86.0,59.5,33
IWA_AP,2019-11-09,84.2,58.3,32
IWA_AP,2019-11-10,84.2,60.8,33
IWA_AP,2019-11-11,84.2,57.2,32
IWA_AP,2019-11-12,78.8,59.0,34
IWA_AP,2019-11-13,75.2,50.0,34
IWA_AP,2019-11-14,78.8,49.6,34
IWA_AP,2019-11-15,80.6,52.5,34
IWA_AP,2019-11-16,80.6,52.3,34
IWA_AP,2019-11-17,84.2,49.1,33
IWA_AP,2019-11-18,82.4,48.2,33
IWA_AP,2019-11-19,77.0,52.3,36
IWA_AP,2019-11-20,68.0,55.4,35
IWA_AP,2019-11-21,60.8,51.8,37
IWA_AP,2019-11-22,62.6,50.0,33
IWA_AP,2019-11-23,69.8,44.6,33
IWA_AP,2019-11-24,69.8,46.4,33
IWA_AP,2019-11-25,66.2,46.4,31
IWA_AP,2019-11-26,57.2,39.2,33
IWA_AP,2019-11-27,68.0,37.6,34
IWA_AP,2019-11-28,68.0,55.4,34
IWA_AP,2019-11-29,63.1,42.8,33
IWA_AP,2019-11-30,57.2,39.2,34
IWA_AP,2019-12-01,66.2,37.4,34
IWA_AP,2019-12-02,66.2,41.0,34
IWA_AP,2019-12-03,64.4,42.8,32
IWA_AP,2019-12-04,73.4,53.6,34
IWA_AP,2019-12-05,68.0,51.8,34
IWA_AP,2019-12-06,69.8,48.7,32
IWA_AP,2019-12-07,68.0,48.2,33
IWA_AP,2019-12-08,62.6,55.2,33
IWA_AP,2019-12-09,62.6,50.0,41
IWA_AP,2019-12-10,64.4,42.8,33
IWA_AP,2019-12-11,66.2,44.6,33
IWA_AP,2019-12-12,66.2,42.8,34
IWA_AP,2019-12-13,66.2,42.8,34
IWA_AP,2019-12-14,69.8,44.6,33
IWA_AP,2019-12-15,62.6,42.8,33
IWA_AP,2019-12-16,59.0,35.6,33
IWA_AP,2019-12-17,60.8,32.0,34
IWA_AP,2019-12-18,64.4,39.2,32
IWA_AP,2019-12-19,62.6,37.4,31
IWA_AP,2019-12-20,68.0,35.6,33
IWA_AP,2019-12-21,68.0,39.0,34
IWA_AP,2019-12-22,73.4,42.8,33
IWA_AP,2019-12-23,64.4,44.6,33
IWA_AP,2019-12-24,55.8,50.0,33
IWA_AP,2019-12-25,53.6,42.8,34
IWA_AP,2019-12-26,60.8,39.2,34
IWA_AP,2019-12-27,48.2,45.9,38
IWA_AP,2019-12-28,51.8,39.2,32
IWA_AP,2019-12-29,50.0,31.8,33
IWA_AP,2019-12-30,53.6,35.6,31
IWA_AP,2019-12-31,57.2,41.0,34
IWA_AP,2020-01-01,57.2,36.7,34
IWA_AP,2020-01-02,60.8,37.4,33
IWA_AP,2020-01-03,60.8,35.6,33
IWA_AP,2020-01-04,66.2,37.4,33
IWA_AP,2020-01-05,66.2,35.6,32
IWA_AP,2020-01-06,69.8,37.4,32
IWA_AP,2020-01-07,71.6,35.6,34
IWA_AP,2020-01-08,66.2,37.4,33
IWA_AP,2020-01-09,59.0,40.6,34
IWA_AP,2020-01-10,59.0,37.4,33
IWA_AP,2020-01-11,60.8,35.6,34
IWA_AP,2020-01-12,62.6,33.8,32
IWA_AP,2020-01-13,66.2,35.6,34
IWA_AP,2020-01-14,68.0,35.6,33
IWA_AP,2020-01-15,68.0,42.8,34
IWA_AP,2020-01-16,64.4,47.8,34
IWA_AP,2020-01-17,64.4,42.8,32
IWA_AP,2020-01-18,69.8,38.7,33
IWA_AP,2020-01-19,73.4,37.4,33
IWA_AP,2020-01-20,73.4,49.8,34
IWA_AP,2020-01-21,60.8,51.8,37
IWA_AP,2020-01-22,62.6,46.4,33
IWA_AP,2020-01-23,68.0,41.0,34
IWA_AP,2020-01-24,69.8,42.8,33
IWA_AP,2020-01-25,68.0,42.8,32
IWA_AP,2020-01-26,69.8,42.8,33
IWA_AP,2020-01-27,69.8,46.4,32
IWA_AP,2020-01-28,68.0,39.2,33
IWA_AP,2020-01-29,62.6,41.0,34
IWA_AP,2020-01-30,66.2,42.8,33
IWA_AP,2020-01-31,69.8,37.4,34
IWA_AP,2020-02-01,75.2,39.7,33
IWA_AP,2020-02-02,77.0,42.8,33
IWA_AP,2020-02-03,60.8,44.6,34
IWA_AP,2020-02-04,51.8,28.4,33
IWA_AP,2020-02-05,50.0,28.4,33
IWA_AP,2020-02-06,57.2,30.2,32
IWA_AP,2020-02-07,64.4,33.8,32
IWA_AP,2020-02-08,69.8,37.4,33
IWA_AP,2020-02-09,71.6,41.0,34
IWA_AP,2020-02-10,68.0,46.4,34
IWA_AP,2020-02-11,59.0,44.6,33
IWA_AP,2020-02-12,60.8,37.4,33
IWA_AP,2020-02-13,66.2,37.4,32
IWA_AP,2020-02-14,69.8,41.0,34
IWA_AP,2020-02-15,69.8,39.2,34
IWA_AP,2020-02-16,71.6,39.2,32
IWA_AP,2020-02-17,73.4,41.0,34
IWA_AP,2020-02-18,75.2,46.4,33
IWA_AP,2020-02-19,75.2,47.8,32
IWA_AP,2020-02-20,77.0,44.6,32
IWA_AP,2020-02-21,73.4,59.9,32
IWA_AP,2020-02-22,66.7,53.6,36
IWA_AP,2020-02-23,60.8,46.4,32
IWA_AP,2020-02-24,66.2,44.6,32
IWA_AP,2020-02-25,64.4,41.0,31
IWA_AP,2020-02-26,66.2,42.8,33
IWA_AP,2020-02-27,73.4,35.6,34
IWA_AP,2020-02-28,75.2,44.6,34
IWA_AP,2020-02-29,75.2,46.4,34
IWA_AP,2020-03-01,73.4,48.2,32
IWA_AP,2020-03-02,68.0,42.8,33
IWA_AP,2020-03-03,73.4,44.6,32
IWA_AP,2020-03-04,71.6,46.4,34
IWA_AP,2020-03-05,82.4,46.4,32
IWA_AP,2020-03-06,84.2,59.0,32
IWA_AP,2020-03-07,82.4,55.4,34
IWA_AP,2020-03-08,73.4,57.2,33
IWA_AP,2020-03-09,75.2,50.0,34
IWA_AP,2020-03-10,71.6,58.1,34
IWA_AP,2020-03-11,68.0,60.3,34
IWA_AP,2020-03-12,71.6,60.8,33
IWA_AP,2020-03-13,66.2,51.8,33
IWA_AP,2020-03-14,71.6,46.4,34
IWA_AP,2020-03-15,73.4,50.0,33
IWA_AP,2020-03-16,75.2,48.2,33
IWA_AP,2020-03-17,75.2,51.8,34
IWA_AP,2020-03-18,66.2,48.2,38
IWA_AP,2020-03-19,60.8,46.4,33
IWA_AP,2020-03-20,68.0,42.8,33
IWA_AP,2020-03-21,71.6,50.0,33
IWA_AP,2020-03-22,69.8,48.2,34
IWA_AP,2020-03-23,75.2,53.6,31
IWA_AP,2020-03-24,75.2,48.0,33
IWA_AP,2020-03-25,75.2,48.2,34
IWA_AP,2020-03-26,66.2,53.6,34
IWA_AP,2020-03-27,62.6,44.6,34
IWA_AP,2020-03-28,68.0,39.2,34
IWA_AP,2020-03-29,73.4,46.4,33
IWA_AP,2020-03-30,75.2,44.6,33
IWA_AP,2020-03-31,77.0,48.2,34
IWA_AP,2020-04-01,82.4,55.4,34
IWA_AP,2020-04-02,82.4,53.6,33
IWA_AP,2020-04-03,82.4,50.0,33
IWA_AP,2020-04-04,82.4,53.6,33
IWA_AP,2020-04-05,82.4,50.0,34
IWA_AP,2020-04-06,82.4,48.2,32
IWA_AP,2020-04-07,82.4,51.8,34
IWA_AP,2020-04-08,82.4,53.6,33
IWA_AP,2020-04-09,71.6,51.8,32
IWA_AP,2020-04-10,75.2,46.0,34
IWA_AP,2020-04-11,66.2,51.8,36
IWA_AP,2020-04-12,75.2,48.2,33
IWA_AP,2020-04-13,75.2,53.6,35
IWA_AP,2020-04-14,77.0,51.6,34
IWA_AP,2020-04-15,78.8,48.2,33
IWA_AP,2020-04-16,84.2,48.2,32
IWA_AP,2020-04-17,86.0,51.8,33
IWA_AP,2020-04-18,77.0,50.0,34
IWA_AP,2020-04-19,80.6,51.8,33
IWA_AP,2020-04-20,84.2,55.4,34
IWA_AP,2020-04-21,80.6,53.6,33
IWA_AP,2020-04-22,87.8,55.2,34
IWA_AP,2020-04-23,93.2,57.2,32
IWA_AP,2020-04-24,95.0,60.8,33
IWA_AP,2020-04-25,96.8,60.8,34
IWA_AP,2020-04-26,98.6,62.6,34
IWA_AP,2020-04-27,98.6,68.0,34
IWA_AP,2020-04-28,98.6,62.6,32
IWA_AP,2020-04-29,100.4,66.2,34
IWA_AP,2020-04-30,100.4,69.8,33
IWA_AP,2020-05-01,100.4,65.3,34
IWA_AP,2020-05-02,96.8,67.1,32
IWA_AP,2020-05-03,93.2,64.4,33
IWA_AP,2020-05-04,95.0,62.6,32
IWA_AP,2020-05-05,98.6,62.6,33
IWA_AP,2020-05-06,104.0,64.4,33
IWA_AP,2020-05-07,102.2,66.2,33
IWA_AP,2020-05-08,98.6,69.8,33
IWA_AP,2020-05-09,98.6,71.6,33
IWA_AP,2020-05-10,96.8,75.2,32
IWA_AP,2020-05-11,96.8,71.6,34
IWA_AP,2020-05-12,93.2,68.0,33
IWA_AP,2020-05-13,89.6,64.4,31
IWA_AP,2020-05-14,87.8,63.3,31
IWA_AP,2020-05-15,91.4,62.6,34
IWA_AP,2020-05-16,95.0,64.4,34
IWA_AP,2020-05-17,100.4,65.5,34
IWA_AP,2020-05-18,100.4,66.2,33
IWA_AP,2020-05-19,89.6,66.2,34
IWA_AP,2020-05-20,84.2,55.4,35
IWA_AP,2020-05-21,87.8,55.4,32
IWA_AP,2020-05-22,93.2,59.0,33
IWA_AP,2020-05-23,91.4,62.6,34
IWA_AP,2020-05-24,91.4,62.6,32
IWA_AP,2020-05-25,95.0,60.8,34
IWA_AP,2020-05-26,100.4,65.1,30
IWA_AP,2020-05-27,104.0,69.6,30
IWA_AP,2020-05-28,107.6,73.4,32
IWA_AP,2020-05-29,111.2,75.2,31
IWA_AP,2020-05-30,107.6,77.0,34
IWA_AP,2020-05-31,105.8,77.0,33
IWA_AP,2020-06-01,102.2,77.0,32
IWA_AP,2020-06-02,105.8,78.1,34
IWA_AP,2020-06-03,107.6,77.0,34
IWA_AP,2020-06-04,107.6,71.6,32
IWA_AP,2020-06-05,102.2,78.8,33
IWA_AP,2020-06-06,93.2,69.8,35
IWA_AP,2020-06-07,95.0,69.8,33
IWA_AP,2020-06-08,87.8,68.7,34
IWA_AP,2020-06-09,91.4,64.2,33
IWA_AP,2020-06-10,100.4,64.0,34
IWA_AP,2020-06-11,105.8,69.8,30
IWA_AP,2020-06-12,107.6,73.4,34
IWA_AP,2020-06-13,104.0,72.3,29
IWA_AP,2020-06-14,104.0,66.2,32
IWA_AP,2020-06-15,104.0,71.6,34
IWA_AP,2020-06-16,105.8,73.4,34
IWA_AP,2020-06-17,102.2,71.6,30
IWA_AP,2020-06-18,102.2,69.8,32
IWA_AP,2020-06-19,100.4,69.8,34
IWA_AP,2020-06-20,104.0,69.8,33
IWA_AP,2020-06-21,105.8,72.9,33
IWA_AP,2020-06-22,105.8,74.3,32
IWA_AP,2020-06-23,105.8,73.4,32
IWA_AP,2020-06-24,107.6,71.6,34
IWA_AP,2020-06-25,107.6,75.2,34
IWA_AP,2020-06-26,107.6,75.7,34
IWA_AP,2020-06-27,105.8,75.2,33
IWA_AP,2020-06-28,102.2,75.2,33
IWA_AP,2020-06-29,98.6,77.0,33
IWA_AP,2020-06-30,100.4,71.6,34
IWA_AP,2020-07-01,102.2,69.4,34
IWA_AP,2020-07-02,100.4,75.2,33
IWA_AP,2020-07-03,102.2,80.6,32
IWA_AP,2020-07-04,107.6,80.6,34
IWA_AP,2020-07-05,109.4,80.1,33
IWA_AP,2020-07-06,109.4,73.4,34
IWA_AP,2020-07-07,109.4,77.0,33
IWA_AP,2020-07-08,109.4,82.4,31
IWA_AP,2020-07-09,107.6,82.4,29
IWA_AP,2020-07-10,109.4,85.3,31
IWA_AP,2020-07-11,111.2,87.8,32
IWA_AP,2020-07-12,114.8,87.8,33
IWA_AP,2020-07-13,107.6,89.6,33
IWA_AP,2020-07-14,109.4,84.2,33
IWA_AP,2020-07-15,105.8,84.2,32
IWA_AP,2020-07-16,109.4,82.4,34
IWA_AP,2020-07-17,105.8,86.0,33
IWA_AP,2020-07-18,109.4,85.8,33
IWA_AP,2020-07-19,107.6,87.8,33
IWA_AP,2020-07-20,105.8,86.0,32
IWA_AP,2020-07-21,105.8,86.0,33
IWA_AP,2020-07-22,104.0,84.2,35
IWA_AP,2020-07-23,93.4,80.6,31
IWA_AP,2020-07-24,100.4,77.0,30
IWA_AP,2020-07-25,100.4,75.6,34
IWA_AP,2020-07-26,105.8,82.4,33
IWA_AP,2020-07-27,107.6,86.0,30
IWA_AP,2020-07-28,111.2,87.8,33
IWA_AP,2020-07-29,113.0,83.7,34
IWA_AP,2020-07-30,114.8,80.6,32
IWA_AP,2020-07-31,114.8,82.4,33
IWA_AP,2020-08-01,107.6,89.6,34
IWA_AP,2020-08-02,104.0,89.6,33
IWA_AP,2020-08-03,109.4,84.2,34
IWA_AP,2020-08-04,105.8,84.2,32
IWA_AP,2020-08-05,109.4,84.2,31
IWA_AP,2020-08-06,107.6,77.0,34
IWA_AP,2020-08-07,105.8,78.8,31
IWA_AP,2020-08-08,109.4,82.2,34
IWA_AP,2020-08-09,109.4,77.0,33
IWA_AP,2020-08-10,109.4,77.0,33
IWA_AP,2020-08-11,107.6,80.4,35
IWA_AP,2020-08-12,109.4,84.2,33
IWA_AP,2020-08-13,113.0,85.8,33
IWA_AP,2020-08-14,114.8,84.2,31
IWA_AP,2020-08-15,111.2,86.0,33
IWA_AP,2020-08-16,111.2,87.8,36
IWA_AP,2020-08-17,113.0,84.2,37
IWA_AP,2020-08-18,111.2,82.4,34
IWA_AP,2020-08-19,111.2,84.2,33
IWA_AP,2020-08-20,109.4,82.4,35
IWA_AP,2020-08-21,98.6,80.2,32
IWA_AP,2020-08-22,104.0,83.8,33
IWA_AP,2020-08-23,107.6,86.0,33
IWA_AP,2020-08-24,111.2,86.0,34
IWA_AP,2020-08-25,109.4,87.8,31
IWA_AP,2020-08-26,109.4,84.2,34
IWA_AP,2020-08-27,109.4,84.2,34
IWA_AP,2020-08-28,109.4,84.2,33
IWA_AP,2020-08-29,102.2,75.2,35
IWA_AP,2020-08-30,98.6,75.2,33
IWA_AP,2020-08-31,98.6,73.4,33
IWA_AP,2020-09-01,100.4,78.8,34
IWA_AP,2020-09-02,100.4,80.6,33
IWA_AP,2020-09-03,104.0,78.8,32
IWA_AP,2020-09-04,111.2,80.6,33
IWA_AP,2020-09-05,111.2,84.2,32
IWA_AP,2020-09-06,109.4,82.4,33
IWA_AP,2020-09-07,105.8,80.6,33
IWA_AP,2020-09-08,96.8,77.0,35
IWA_AP,2020-09-09,86.0,62.6,35
IWA_AP,2020-09-10,89.6,64.4,33
IWA_AP,2020-09-11,87.8,65.5,33
IWA_AP,2020-09-12,95.0,66.2,33
IWA_AP,2020-09-13,100.4,68.0,34
IWA_AP,2020-09-14,100.4,73.4,34
IWA_AP,2020-09-15,102.2,77.0,33
IWA_AP,2020-09-16,105.8,71.6,34
IWA_AP,2020-09-17,105.8,71.6,34
IWA_AP,2020-09-18,104.0,75.0,34
IWA_AP,2020-09-19,102.2,77.0,32
IWA_AP,2020-09-20,102.2,73.4,34
IWA_AP,2020-09-21,102.2,77.0,31
IWA_AP,2020-09-22,98.6,78.8,34
IWA_AP,2020-09-23,102.2,71.6,34
IWA_AP,2020-09-24,102.2,71.6,34
IWA_AP,2020-09-25,102.2,71.6,34
IWA_AP,2020-09-26,100.4,71.6,33
IWA_AP,2020-09-27,98.6,69.8,34
IWA_AP,2020-09-28,100.4,68.0,31
IWA_AP,2020-09-29,98.6,77.0,33
IWA_AP,2020-09-30,100.4,68.4,34
IWA_AP,2020-10-01,104.0,68.0,32
IWA_AP,2020-10-02,104.0,68.0,34
IWA_AP,2020-10-03,102.2,64.4,34
IWA_AP,2020-10-04,102.2,64.4,33
IWA_AP,2020-10-05,102.2,66.2,33
IWA_AP,2020-10-06,100.4,66.2,34
IWA_AP,2020-10-07,102.2,64.4,32
IWA_AP,2020-10-08,100.4,66.2,33
IWA_AP,2020-10-09,96.8,66.2,34
IWA_AP,2020-10-10,95.0,66.2,34
IWA_AP,2020-10-11,91.4,65.7,34
IWA_AP,2020-10-12,95.0,64.0,33
IWA_AP,2020-10-13,98.6,62.6,33
IWA_AP,2020-10-14,96.8,64.2,34
IWA_AP,2020-10-15,95.0,62.6,34
IWA_AP,2020-10-16,100.4,64.4,31
IWA_AP,2020-10-17,93.2,62.6,31
IWA_AP,2020-10-18,95.0,59.0,32
IWA_AP,2020-10-19,93.2,60.8,29
IWA_AP,2020-10-20,93.2,59.0,34
IWA_AP,2020-10-21,93.2,60.8,33
IWA_AP,2020-10-22,91.4,62.6,32
IWA_AP,2020-10-23,91.4,64.8,33
IWA_AP,2020-10-24,84.2,66.2,34
IWA_AP,2020-10-25,84.2,65.1,34
IWA_AP,2020-10-26,69.1,50.0,32
IWA_AP,2020-10-27,64.4,46.4,33
IWA_AP,2020-10-28,68.0,39.2,34
IWA_AP,2020-10-29,82.4,44.6,33
IWA_AP,2020-10-30,84.2,53.6,34
IWA_AP,2020-10-31,86.0,57.4,34
IWA_AP,2020-11-01,91.4,60.8,33
IWA_AP,2020-11-02,93.2,70.2,33
IWA_AP,2020-11-03,91.4,60.8,35
IWA_AP,2020-11-04,89.6,57.2,34
IWA_AP,2020-11-05,96.8,57.2,33
IWA_AP,2020-11-06,89.6,71.6,33
IWA_AP,2020-11-07,82.4,59.0,32
IWA_AP,2020-11-08,66.2,50.0,34
IWA_AP,2020-11-09,60.8,42.8,34
IWA_AP,2020-11-10,64.4,38.8,34
IWA_AP,2020-11-11,68.0,37.4,34
IWA_AP,2020-11-12,69.8,41.0,33
IWA_AP,2020-11-13,73.4,44.6,31
IWA_AP,2020-11-14,73.4,42.8,34
IWA_AP,2020-11-15,80.6,42.3,33
IWA_AP,2020-11-16,87.8,46.4,34
IWA_AP,2020-11-17,91.4,53.4,33
IWA_AP,2020-11-18,89.6,57.2,34
IWA_AP,2020-11-19,84.2,55.4,32
IWA_AP,2020-11-20,86.0,55.4,35
IWA_AP,2020-11-21,82.4,57.2,33
IWA_AP,2020-11-22,80.6,53.6,32
IWA_AP,2020-11-23,77.0,53.6,30
IWA_AP,2020-11-24,69.8,46.4,33
IWA_AP,2020-11-25,69.8,41.0,34
IWA_AP,2020-11-26,69.8,39.2,33
IWA_AP,2020-11-27,60.8,37.4,33
IWA_AP,2020-11-28,68.0,37.4,33
IWA_AP,2020-11-29,73.4,37.4,34
IWA_AP,2020-11-30,71.6,42.8,34
IWA_AP,2020-12-01,68.0,39.2,33
IWA_AP,2020-12-02,66.2,35.6,33
IWA_AP,2020-12-03,62.6,42.8,32
IWA_AP,2020-12-04,64.4,32.0,32
IWA_AP,2020-12-05,68.0,35.6,33
IWA_AP,2020-12-06,71.6,35.6,34
IWA_AP,2020-12-07,78.8,37.4,34
IWA_AP,2020-12-08,78.8,42.3,34
IWA_AP,2020-12-09,78.8,44.6,34
IWA_AP,2020-12-10,57.2,48.2,33
IWA_AP,2020-12-11,64.4,44.6,34
IWA_AP,2020-12-12,64.4,42.8,34
IWA_AP,2020-12-13,60.8,35.6,34
IWA_AP,2020-12-14,66.2,38.1,32
IWA_AP,2020-12-15,59.0,30.2,29
IWA_AP,2020-12-16,62.6,32.0,33
IWA_AP,2020-12-17,62.6,35.6,32
IWA_AP,2020-12-18,62.6,33.8,33
IWA_AP,2020-12-19,64.4,33.8,34
IWA_AP,2020-12-20,68.0,35.6,33
IWA_AP,2020-12-21,71.6,37.4,32
IWA_AP,2020-12-22,69.8,39.0,33
IWA_AP,2020-12-23,68.0,35.6,32
IWA_AP,2020-12-24,59.0,37.4,34
IWA_AP,2020-12-25,68.0,35.1,33
IWA_AP,2020-12-26,68.0,37.4,32
IWA_AP,2020-12-27,71.6,37.4,34
IWA_AP,2020-12-28,68.0,51.8,33
IWA_AP,2020-12-29,59.0,41.0,34
IWA_AP,2020-12-30,62.6,35.2,32
IWA_AP,2020-12-31,59.0,34.9,33
IWA_AP,2021-01-01,62.6,33.8,31
IWA_AP,2021-01-02,60.8,33.8,34
IWA_AP,2021-01-03,60.8,32.0,33
IWA_AP,2021-01-04,68.0,35.6,33
IWA_AP,2021-01-05,68.0,39.2,34
IWA_AP,2021-01-06,68.0,35.6,26
IWA_AP,2021-01-07,68.0,37.4,34
IWA_AP,2021-01-08,66.2,37.4,32
IWA_AP,2021-01-09,66.2,37.4,34
IWA_AP,2021-01-10,64.4,32.0,34
IWA_AP,2021-01-11,64.4,39.2,30
IWA_AP,2021-01-12,64.4,33.8,33
IWA_AP,2021-01-13,64.4,33.8,34
IWA_AP,2021-01-14,69.8,37.4,33
IWA_AP,2021-01-15,77.0,37.4,33
IWA_AP,2021-01-16,75.2,44.1,34
IWA_AP,2021-01-17,77.0,39.2,34
IWA_AP,2021-01-18,69.8,37.4,32
IWA_AP,2021-01-19,73.4,53.6,33
IWA_AP,2021-01-20,71.6,57.2,34
IWA_AP,2021-01-21,69.8,53.1,34
IWA_AP,2021-01-22,68.0,51.1,34
IWA_AP,2021-01-23,62.6,51.4,33
IWA_AP,2021-01-24,53.6,44.6,33
IWA_AP,2021-01-25,51.8,39.2,37
IWA_AP,2021-01-26,51.8,38.5,34
IWA_AP,2021-01-27,60.8,34.0,34
IWA_AP,2021-01-28,71.6,42.8,34
IWA_AP,2021-01-29,68.0,44.6,32
IWA_AP,2021-01-30,60.8,39.2,34
IWA_AP,2021-01-31,71.6,37.4,33
IWA_AP,2021-02-01,71.6,48.2,33
IWA_AP,2021-02-02,80.6,53.6,34
IWA_AP,2021-02-03,78.8,60.1,32
IWA_AP,2021-02-04,71.6,50.0,34
IWA_AP,2021-02-05,66.2,41.0,34
IWA_AP,2021-02-06,69.8,39.2,34
IWA_AP,2021-02-07,69.8,39.2,32
IWA_AP,2021-02-08,73.4,41.0,34
IWA_AP,2021-02-09,73.4,43.9,34
IWA_AP,2021-02-10,71.6,50.0,34
IWA_AP,2021-02-11,73.4,33.8,33
IWA_AP,2021-02-12,73.4,50.2,34
IWA_AP,2021-02-13,69.8,44.6,33
IWA_AP,2021-02-14,62.6,46.4,32
IWA_AP,2021-02-15,62.6,39.2,33
IWA_AP,2021-02-16,68.0,44.2,34
IWA_AP,2021-02-17,64.4,37.4,34
IWA_AP,2021-02-18,62.6,37.4,33
IWA_AP,2021-02-19,68.0,39.0,34
IWA_AP,2021-02-20,78.8,42.8,29
IWA_AP,2021-02-21,68.0,41.0,34
IWA_AP,2021-02-22,75.2,37.4,33
IWA_AP,2021-02-23,77.0,44.6,34
IWA_AP,2021-02-24,77.0,42.8,34
IWA_AP,2021-02-25,66.2,42.8,34
IWA_AP,2021-02-26,68.0,37.4,34
IWA_AP,2021-02-27,69.8,39.2,33
IWA_AP,2021-02-28,60.8,41.0,34
IWA_AP,2021-03-01,68.0,33.8,33
IWA_AP,2021-03-02,77.0,44.6,34
IWA_AP,2021-03-03,84.2,42.8,40
IWA_AP,2021-03-04,68.0,46.4,33
IWA_AP,2021-03-05,80.6,44.1,33
IWA_AP,2021-03-06,82.4,55.4,34
IWA_AP,2021-03-07,86.0,50.0,32
IWA_AP,2021-03-08,84.2,61.9,31
IWA_AP,2021-03-09,78.8,55.4,33
IWA_AP,2021-03-10,66.2,44.6,34
IWA_AP,2021-03-11,66.2,42.8,34
IWA_AP,2021-03-12,59.0,41.0,33
IWA_AP,2021-03-13,57.2,43.7,31
IWA_AP,2021-03-14,64.4,39.2,34
IWA_AP,2021-03-15,71.6,44.6,34
IWA_AP,2021-03-16,59.5,44.6,32
IWA_AP,2021-03-17,69.8,37.4,32
IWA_AP,2021-03-18,78.8,44.6,33
IWA_AP,2021-03-19,82.4,46.4,32
IWA_AP,2021-03-20,84.2,51.8,33
IWA_AP,2021-03-21,75.2,53.6,32
IWA_AP,2021-03-22,68.0,49.6,34
IWA_AP,2021-03-23,66.2,48.6,34
IWA_AP,2021-03-24,68.0,48.2,32
IWA_AP,2021-03-25,69.8,48.2,34
IWA_AP,2021-03-26,60.8,50.0,33
IWA_AP,2021-03-27,75.2,40.6,33
IWA_AP,2021-03-28,84.2,46.4,33
IWA_AP,2021-03-29,84.2,51.8,32
IWA_AP,2021-03-30,84.2,55.4,33
IWA_AP,2021-03-31,86.0,50.0,33
IWA_AP,2021-04-01,93.2,58.5,34
IWA_AP,2021-04-02,89.6,66.2,34
IWA_AP,2021-04-03,93.2,59.0,34
IWA_AP,2021-04-04,95.0,62.6,33
IWA_AP,2021-04-05,93.2,62.6,33
IWA_AP,2021-04-06,87.8,66.2,33
IWA_AP,2021-04-07,87.8,51.8,33
IWA_AP,2021-04-08,89.6,60.8,34
IWA_AP,2021-04-09,91.4,59.0,33
IWA_AP,2021-04-10,91.4,58.1,32
IWA_AP,2021-04-11,89.6,59.0,34
IWA_AP,2021-04-12,89.6,60.8,33
IWA_AP,2021-04-13,87.8,60.8,31
IWA_AP,2021-04-14,86.0,60.6,32
IWA_AP,2021-04-15,78.8,57.2,34
IWA_AP,2021-04-16,80.6,51.8,33
IWA_AP,2021-04-17,84.2,50.0,33
IWA_AP,2021-04-18,78.8,57.2,34
IWA_AP,2021-04-19,84.2,58.6,34
IWA_AP,2021-04-20,89.6,55.4,32
IWA_AP,2021-04-21,89.6,61.7,34
IWA_AP,2021-04-22,80.6,57.2,34
IWA_AP,2021-04-23,82.4,58.6,33
IWA_AP,2021-04-24,89.6,57.2,33
IWA_AP,2021-04-25,91.4,59.0,32
IWA_AP,2021-04-26,77.0,61.9,34
IWA_AP,2021-04-27,71.6,55.4,33
IWA_AP,2021-04-28,73.4,51.8,33
IWA_AP,2021-04-29,91.4,50.4,34
IWA_AP,2021-04-30,93.2,60.8,20
IWA_AP,2021-05-02,91.4,64.4,20
IWA_AP,2021-05-03,86.0,62.6,20
IWA_AP,2021-05-04,91.4,59.0,19
IWA_AP,2021-05-05,96.8,60.8,20
IWA_AP,2021-05-06,98.6,66.2,18
IWA_AP,2021-05-07,95.0,68.0,34
IWA_AP,2021-05-08,91.4,64.4,34
IWA_AP,2021-05-09,93.2,64.4,34
IWA_AP,2021-05-10,95.0,64.0,34
IWA_AP,2021-05-11,93.2,60.8,32
IWA_AP,2021-05-12,96.8,62.6,34
IWA_AP,2021-05-13,98.6,64.4,32
IWA_AP,2021-05-14,98.6,66.2,34
IWA_AP,2021-05-15,96.8,69.8,34
IWA_AP,2021-05-16,91.4,64.9,34
IWA_AP,2021-05-17,86.0,63.7,34
IWA_AP,2021-05-18,93.2,64.4,31
IWA_AP,2021-05-19,96.8,69.4,33
IWA_AP,2021-05-20,96.8,68.0,35
IWA_AP,2021-05-21,86.0,71.6,33
IWA_AP,2021-05-22,80.6,57.2,32
IWA_AP,2021-05-23,84.2,51.8,32
IWA_AP,2021-05-24,89.6,57.0,29
IWA_AP,2021-05-25,95.0,60.8,33
IWA_AP,2021-05-26,93.2,69.8,30
IWA_AP,2021-05-27,95.0,66.2,26
IWA_AP,2021-05-28,98.6,66.2,33
IWA_AP,2021-05-29,100.4,66.2,32
IWA_AP,2021-05-30,96.8,64.4,32
IWA_AP,2021-05-31,96.8,69.8,33
IWA_AP,2021-06-01,102.2,71.6,32
IWA_AP,2021-06-02,102.2,75.2,33
IWA_AP,2021-06-03,104.0,75.2,33
IWA_AP,2021-06-04,105.8,77.2,34
IWA_AP,2021-06-05,105.8,75.2,32
IWA_AP,2021-06-06,102.2,74.3,33
IWA_AP,2021-06-07,100.4,68.0,34
IWA_AP,2021-06-08,95.0,69.8,30
IWA_AP,2021-06-09,100.4,69.1,34
IWA_AP,2021-06-10,98.6,69.8,34
IWA_AP,2021-06-11,102.2,69.8,34
IWA_AP,2021-06-12,107.6,68.0,34
IWA_AP,2021-06-13,111.2,72.9,33
IWA_AP,2021-06-14,109.4,73.4,34
IWA_AP,2021-06-15,111.2,80.6,33
IWA_AP,2021-06-16,111.2,86.0,33
IWA_AP,2021-06-17,114.8,84.2,34
IWA_AP,2021-06-18,114.8,86.7,33
IWA_AP,2021-06-19,113.0,86.0,34
IWA_AP,2021-06-20,111.2,84.2,34
IWA_AP,2021-06-21,105.8,84.2,33
IWA_AP,2021-06-22,104.0,80.6,32
IWA_AP,2021-06-23,90.3,78.8,34
IWA_AP,2021-06-24,100.4,73.4,34
IWA_AP,2021-06-25,102.2,78.8,33
IWA_AP,2021-06-26,105.8,77.0,34
IWA_AP,2021-06-27,109.4,75.7,32
IWA_AP,2021-06-28,105.8,86.0,34
IWA_AP,2021-06-29,102.2,82.4,33
IWA_AP,2021-06-30,104.0,84.0,34
IWA_AP,2021-07-01,104.0,80.6,33
IWA_AP,2021-07-02,102.2,87.4,34
IWA_AP,2021-07-03,104.0,78.8,34
IWA_AP,2021-07-04,98.6,78.6,33
IWA_AP,2021-07-05,105.8,86.0,33
IWA_AP,2021-07-06,107.6,84.2,31
IWA_AP,2021-07-07,107.6,84.2,33
IWA_AP,2021-07-08,109.4,87.8,33
IWA_AP,2021-07-09,109.4,82.4,36
IWA_AP,2021-07-10,109.4,80.6,35
IWA_AP,2021-07-11,105.8,80.6,34
IWA_AP,2021-07-12,102.2,87.3,33
IWA_AP,2021-07-13,105.8,82.4,33
IWA_AP,2021-07-14,94.6,75.2,33
IWA_AP,2021-07-15,98.6,78.4,33
IWA_AP,2021-07-16,96.8,78.8,37
IWA_AP,2021-07-17,98.6,78.8,32
IWA_AP,2021-07-18,96.8,80.6,34
IWA_AP,2021-07-19,102.2,84.2,32
IWA_AP,2021-07-20,102.2,87.8,33
IWA_AP,2021-07-21,105.8,86.0,33
IWA_AP,2021-07-22,102.2,78.8,36
IWA_AP,2021-07-23,81.0,73.4,36
IWA_AP,2021-07-24,77.0,71.6,32
IWA_AP,2021-07-25,80.6,71.6,34
IWA_AP,2021-07-26,95.0,73.4,33
IWA_AP,2021-07-27,100.4,77.0,36
IWA_AP,2021-07-28,102.2,80.1,32
IWA_AP,2021-07-29,102.2,82.4,34
IWA_AP,2021-07-30,100.4,77.0,35
IWA_AP,2021-07-31,96.8,76.3,33
IWA_AP,2021-08-01,100.4,80.6,33
IWA_AP,2021-08-02,105.8,82.9,32
IWA_AP,2021-08-03,107.6,86.0,33
IWA_AP,2021-08-04,109.4,82.4,30
IWA_AP,2021-08-05,105.8,86.0,34
IWA_AP,2021-08-06,105.8,86.0,33
IWA_AP,2021-08-07,104.0,84.2,33
IWA_AP,2021-08-08,104.0,84.2,33
IWA_AP,2021-08-09,93.2,77.0,31
IWA_AP,2021-08-10,91.4,73.4,36
IWA_AP,2021-08-11,91.4,73.9,32
IWA_AP,2021-08-12,93.2,75.2,31
IWA_AP,2021-08-13,96.8,73.4,36
IWA_AP,2021-08-14,91.4,73.2,34
IWA_AP,2021-08-15,96.8,78.8,33
IWA_AP,2021-08-16,96.8,78.8,30
IWA_AP,2021-08-17,91.4,72.7,33
IWA_AP,2021-08-18,96.8,78.8,35
IWA_AP,2021-08-19,95.0,75.2,35
IWA_AP,2021-08-20,96.8,77.0,34
IWA_AP,2021-08-21,98.6,75.2,34
IWA_AP,2021-08-22,100.4,75.2,33
IWA_AP,2021-08-23,102.2,73.4,31
IWA_AP,2021-08-24,102.2,76.1,34
IWA_AP,2021-08-25,105.8,78.8,34
IWA_AP,2021-08-26,107.6,80.6,31
IWA_AP,2021-08-27,109.4,80.6,33
IWA_AP,2021-08-28,102.2,84.2,34
IWA_AP,2021-08-29,105.8,84.2,33
IWA_AP,2021-08-30,102.2,86.0,33
IWA_AP,2021-08-31,95.0,71.6,34
IWA_AP,2021-09-01,91.4,71.4,34
IWA_AP,2021-09-02,91.4,72.5,35
IWA_AP,2021-09-03,98.6,75.2,34
IWA_AP,2021-09-04,102.2,78.3,34
IWA_AP,2021-09-05,102.2,78.8,34
IWA_AP,2021-09-06,100.4,77.0,34
IWA_AP,2021-09-07,102.2,78.6,33
IWA_AP,2021-09-08,104.0,80.6,33
IWA_AP,2021-09-09,107.6,80.6,34
IWA_AP,2021-09-10,105.8,78.6,34
IWA_AP,2021-09-11,104.0,78.8,33
IWA_AP,2021-09-12,105.8,77.0,34
IWA_AP,2021-09-13,105.8,77.0,33
IWA_AP,2021-09-14,104.0,75.2,32
IWA_AP,2021-09-15,104.0,73.4,32
IWA_AP,2021-09-16,102.2,73.4,32
IWA_AP,2021-09-17,96.8,78.8,34
IWA_AP,2021-09-18,98.6,77.0,34
IWA_AP,2021-09-19,96.8,75.2,32
IWA_AP,2021-09-20,96.8,71.6,33
IWA_AP,2021-09-21,100.4,68.0,33
IWA_AP,2021-09-22,100.4,71.6,30
IWA_AP,2021-09-23,95.0,75.2,33
IWA_AP,2021-09-24,87.8,73.2,34
IWA_AP,2021-09-25,93.2,71.6,34
IWA_AP,2021-09-26,77.2,69.8,33
IWA_AP,2021-09-27,86.0,69.4,32
IWA_AP,2021-09-28,89.6,69.8,33
IWA_AP,2021-09-29,84.2,68.0,32
IWA_AP,2021-09-30,86.0,68.7,33
IWA_AP,2021-10-01,87.8,64.2,32
IWA_AP,2021-10-02,91.4,62.6,34
IWA_AP,2021-10-03,95.0,66.2,33
IWA_AP,2021-10-04,96.8,69.8,33
IWA_AP,2021-10-05,84.2,68.0,39
IWA_AP,2021-10-06,87.8,64.4,34
IWA_AP,2021-10-07,91.4,64.4,34
IWA_AP,2021-10-08,89.6,66.2,33
IWA_AP,2021-10-09,84.2,69.8,34
IWA_AP,2021-10-10,80.6,53.6,34
IWA_AP,2021-10-11,86.0,53.6,35
IWA_AP,2021-10-12,68.0,53.6,33
IWA_AP,2021-10-13,73.4,46.4,33
IWA_AP,2021-10-14,77.0,48.2,33
IWA_AP,2021-10-15,84.2,50.7,33
IWA_AP,2021-10-16,91.4,55.4,31
IWA_AP,2021-10-17,89.6,64.0,34
IWA_AP,2021-10-18,82.4,60.6,33
IWA_AP,2021-10-19,77.0,57.2,34
IWA_AP,2021-10-20,84.2,55.4,33
IWA_AP,2021-10-21,89.6,56.3,34
IWA_AP,2021-10-22,86.0,57.2,32
IWA_AP,2021-10-23,84.2,57.2,32
IWA_AP,2021-10-24,84.2,57.2,34
IWA_AP,2021-10-25,89.6,59.0,32
IWA_AP,2021-10-26,73.4,55.4,34
IWA_AP,2021-10-27,75.2,46.4,33
IWA_AP,2021-10-28,87.8,48.2,33
IWA_AP,2021-10-29,91.4,53.6,34
IWA_AP,2021-10-30,86.0,55.4,34
IWA_AP,2021-10-31,86.0,57.2,33
IWA_AP,2021-11-01,82.4,57.2,32
IWA_AP,2021-11-02,80.6,57.2,34
IWA_AP,2021-11-03,84.2,53.6,33
IWA_AP,2021-11-04,87.8,55.4,32
IWA_AP,2021-11-05,87.8,53.6,34
IWA_AP,2021-11-06,87.8,53.6,32
IWA_AP,2021-11-07,86.0,55.4,33
IWA_AP,2021-11-08,86.0,55.4,34
IWA_AP,2021-11-09,80.6,51.8,32
IWA_AP,2021-11-10,80.6,51.8,33
IWA_AP,2021-11-11,84.2,51.8,32
IWA_AP,2021-11-12,86.0,50.0,33
IWA_AP,2021-11-13,86.0,50.0,34
IWA_AP,2021-11-14,84.2,53.6,34
IWA_AP,2021-11-15,84.2,48.2,35
IWA_AP,2021-11-16,80.6,51.8,32
IWA_AP,2021-11-17,77.0,48.2,32
IWA_AP,2021-11-18,82.4,42.8,33
IWA_AP,2021-11-19,80.6,50.0,33
IWA_AP,2021-11-20,77.0,46.4,32
IWA_AP,2021-11-21,82.4,51.8,34
IWA_AP,2021-11-22,80.6,53.6,33
IWA_AP,2021-11-23,75.2,59.7,33
IWA_AP,2021-11-24,71.6,55.4,32
IWA_AP,2021-11-25,75.2,58.3,34
IWA_AP,2021-11-26,77.0,48.2,33
IWA_AP,2021-11-27,73.4,48.2,33
IWA_AP,2021-11-28,78.8,44.6,32
IWA_AP,2021-11-29,80.6,46.4,33
IWA_AP,2021-11-30,77.0,50.0,34
IWA_AP,2021-12-01,82.4,46.4,33
IWA_AP,2021-12-02,80.6,51.8,34
IWA_AP,2021-12-03,77.0,50.0,34
IWA_AP,2021-12-04,75.2,48.2,32
IWA_AP,2021-12-05,73.4,42.8,33
IWA_AP,2021-12-06,75.2,44.6,33
IWA_AP,2021-12-07,75.2,50.0,32
IWA_AP,2021-12-08,71.6,49.8,33
IWA_AP,2021-12-09,71.6,46.4,35
IWA_AP,2021-12-10,60.8,50.0,34
IWA_AP,2021-12-11,64.4,42.8,34
IWA_AP,2021-12-12,71.6,39.2,33
IWA_AP,2021-12-13,71.6,42.8,33
IWA_AP,2021-12-14,69.8,53.6,33
IWA_AP,2021-12-15,59.2,41.0,33
IWA_AP,2021-12-16,60.8,33.8,30
IWA_AP,2021-12-17,59.0,36.5,33
IWA_AP,2021-12-18,66.2,33.8,32
IWA_AP,2021-12-19,66.2,35.6,32
IWA_AP,2021-12-20,68.0,39.2,33
IWA_AP,2021-12-21,64.4,45.3,34
IWA_AP,2021-12-22,69.8,44.6,31
IWA_AP,2021-12-23,75.2,54.7,34
IWA_AP,2021-12-24,62.4,53.6,33
IWA_AP,2021-12-25,60.8,51.8,35
IWA_AP,2021-12-26,62.6,50.0,34
IWA_AP,2021-12-27,57.2,46.4,34
IWA_AP,2021-12-28,59.0,41.9,33
IWA_AP,2021-12-29,57.2,44.6,33
IWA_AP,2021-12-30,60.8,46.4,34
IWA_AP,2021-12-31,57.2,49.8,36
IWA_AP,2022-01-01,53.6,37.4,34
IWA_AP,2022-01-02,57.2,32.0,34
IWA_AP,2022-01-03,62.6,33.8,34
IWA_AP,2022-01-04,60.8,37.4,32
IWA_AP,2022-01-05,62.6,37.4,34
IWA_AP,2022-01-06,64.4,39.2,35
IWA_AP,2022-01-07,69.8,39.2,32
IWA_AP,2022-01-08,66.2,44.4,34
IWA_AP,2022-01-09,73.4,39.2,34
IWA_AP,2022-01-10,71.6,46.4,33
IWA_AP,2022-01-11,69.8,44.6,33
IWA_AP,2022-01-12,69.8,41.0,33
IWA_AP,2022-01-13,68.0,41.0,33
IWA_AP,2022-01-14,68.0,46.4,34
IWA_AP,2022-01-15,68.0,43.5,34
IWA_AP,2022-01-16,69.8,39.2,32
IWA_AP,2022-01-17,69.8,44.6,33
IWA_AP,2022-01-18,68.0,49.8,33
IWA_AP,2022-01-19,66.2,48.2,34
IWA_AP,2022-01-20,71.6,42.8,34
IWA_AP,2022-01-21,68.0,41.0,33
IWA_AP,2022-01-22,68.0,48.7,34
IWA_AP,2022-01-23,68.0,46.4,34
IWA_AP,2022-01-24,66.2,41.0,34
IWA_AP,2022-01-25,66.2,39.2,35
IWA_AP,2022-01-26,66.2,39.2,34
IWA_AP,2022-01-27,66.2,38.5,33
IWA_AP,2022-01-28,69.8,50.0,34
IWA_AP,2022-01-29,71.6,44.6,32
IWA_AP,2022-01-30,69.8,48.2,34
IWA_AP,2022-01-31,66.2,41.0,33
IWA_AP,2022-02-01,66.2,43.0,31
IWA_AP,2022-02-02,57.2,41.0,33
IWA_AP,2022-02-03,53.6,30.2,27
IWA_AP,2022-02-04,62.6,32.9,31
IWA_AP,2022-02-05,62.6,33.8,33
IWA_AP,2022-02-06,69.8,35.1,33
IWA_AP,2022-02-07,69.8,43.7,34
IWA_AP,2022-02-08,73.4,39.2,33
IWA_AP,2022-02-09,77.0,41.0,34
IWA_AP,2022-02-10,78.8,44.6,33
IWA_AP,2022-02-11,77.0,45.0,33
IWA_AP,2022-02-12,78.8,44.6,34
IWA_AP,2022-02-13,78.8,44.6,34
IWA_AP,2022-02-14,78.8,42.8,34
IWA_AP,2022-02-15,77.0,46.0,32
IWA_AP,2022-02-16,61.5,46.4,34
IWA_AP,2022-02-17,62.6,42.8,33
IWA_AP,2022-02-18,69.8,37.4,32
IWA_AP,2022-02-19,77.0,42.8,34
IWA_AP,2022-02-20,77.0,44.6,34
IWA_AP,2022-02-21,69.8,44.6,33
IWA_AP,2022-02-22,64.4,46.4,34
IWA_AP,2022-02-23,55.4,39.2,35
IWA_AP,2022-02-24,53.6,33.8,35
IWA_AP,2022-02-25,62.6,35.6,34
IWA_AP,2022-02-26,66.2,37.4,33
IWA_AP,2022-02-27,71.6,39.0,34
IWA_AP,2022-02-28,78.8,46.4,34
IWA_AP,2022-03-01,82.4,44.6,32
IWA_AP,2022-03-02,84.2,46.4,34
IWA_AP,2022-03-03,86.0,52.5,34
IWA_AP,2022-03-04,71.2,55.4,31
IWA_AP,2022-03-05,68.0,50.0,32
IWA_AP,2022-03-06,73.4,42.8,33
IWA_AP,2022-03-07,64.4,39.2,34
IWA_AP,2022-03-08,62.6,39.2,33
IWA_AP,2022-03-09,68.0,37.4,34
IWA_AP,2022-03-10,69.8,42.8,32
IWA_AP,2022-03-11,66.2,39.2,33
IWA_AP,2022-03-12,75.2,35.6,32
IWA_AP,2022-03-13,77.0,42.8,33
IWA_AP,2022-03-14,78.8,46.4,33
IWA_AP,2022-03-15,84.2,49.3,34
IWA_AP,2022-03-16,80.6,50.0,34
IWA_AP,2022-03-17,77.0,53.6,34
IWA_AP,2022-03-18,80.6,50.0,32
IWA_AP,2022-03-19,82.4,48.2,31
IWA_AP,2022-03-20,71.6,57.2,34
IWA_AP,2022-03-21,71.6,48.2,32
IWA_AP,2022-03-22,78.8,44.4,32
IWA_AP,2022-03-23,77.0,55.4,33
IWA_AP,2022-03-24,82.4,46.4,34
IWA_AP,2022-03-25,91.4,54.9,34
IWA_AP,2022-03-26,91.4,55.4,34
IWA_AP,2022-03-27,93.2,55.4,33
IWA_AP,2022-03-28,80.6,60.8,34
IWA_AP,2022-03-29,66.2,51.8,33
IWA_AP,2022-03-30,75.2,50.0,33
IWA_AP,2022-03-31,78.8,53.6,33
IWA_AP,2022-04-01,82.4,55.4,34
IWA_AP,2022-04-02,86.0,57.2,34
IWA_AP,2022-04-03,82.4,55.4,34
IWA_AP,2022-04-04,84.2,57.9,34
IWA_AP,2022-04-05,89.6,60.4,34
IWA_AP,2022-04-06,91.4,62.2,34
IWA_AP,2022-04-07,91.4,59.0,32
IWA_AP,2022-04-08,93.2,58.6,33
IWA_AP,2022-04-09,93.2,59.0,33
IWA_AP,2022-04-10,87.8,62.6,34
IWA_AP,2022-04-11,86.0,60.8,33
IWA_AP,2022-04-12,73.4,57.2,34
IWA_AP,2022-04-13,71.6,41.0,34
IWA_AP,2022-04-14,80.6,46.4,34
IWA_AP,2022-04-15,86.0,51.8,34
IWA_AP,2022-04-16,87.8,57.0,34
IWA_AP,2022-04-17,87.8,55.4,33
IWA_AP,2022-04-18,93.2,55.4,32
IWA_AP,2022-04-19,95.0,63.9,32
IWA_AP,2022-04-20,87.8,64.4,33
IWA_AP,2022-04-21,91.4,60.8,34
IWA_AP,2022-04-22,77.0,62.6,30
IWA_AP,2022-04-23,78.8,53.6,34
IWA_AP,2022-04-24,82.4,53.6,34
IWA_AP,2022-04-25,91.4,53.6,31
IWA_AP,2022-04-26,96.8,59.5,30
IWA_AP,2022-04-27,91.4,60.8,34
IWA_AP,2022-04-28,89.6,60.8,32
IWA_AP,2022-04-29,87.8,59.0,33
IWA_AP,2022-04-30,91.4,57.2,33
IWA_AP,2022-05-01,95.0,60.8,32
IWA_AP,2022-05-02,91.4,62.6,33
IWA_AP,2022-05-03,89.6,64.2,34
IWA_AP,2022-05-04,89.6,60.8,33
IWA_AP,2022-05-05,93.2,59.0,34
IWA_AP,2022-05-06,95.0,62.6,34
IWA_AP,2022-05-07,98.6,66.2,32
IWA_AP,2022-05-08,93.2,68.0,34
IWA_AP,2022-05-09,87.8,63.0,34
IWA_AP,2022-05-10,87.8,61.3,31
IWA_AP,2022-05-11,87.8,59.0,34
IWA_AP,2022-05-12,84.2,53.6,34
IWA_AP,2022-05-13,93.2,53.6,34
IWA_AP,2022-05-14,100.4,62.6,32
IWA_AP,2022-05-15,102.2,64.4,34
IWA_AP,2022-05-16,102.2,66.2,33
IWA_AP,2022-05-17,98.6,69.8,33
IWA_AP,2022-05-18,96.8,69.8,34
IWA_AP,2022-05-19,96.8,69.8,33
IWA_AP,2022-05-20,96.8,67.5,34
IWA_AP,2022-05-21,93.2,66.2,34
IWA_AP,2022-05-22,95.0,66.2,34
IWA_AP,2022-05-23,93.2,66.2,30
IWA_AP,2022-05-24,95.0,66.2,34
IWA_AP,2022-05-25,100.4,69.8,33
IWA_AP,2022-05-26,102.2,71.2,32
IWA_AP,2022-05-27,102.2,72.0,33
IWA_AP,2022-05-28,100.4,73.4,34
IWA_AP,2022-05-29,91.4,69.8,31
IWA_AP,2022-05-30,93.2,67.5,34
IWA_AP,2022-05-31,95.0,66.2,33
IWA_AP,2022-06-01,96.8,67.3,33
IWA_AP,2022-06-02,100.4,68.0,34
IWA_AP,2022-06-03,100.4,71.4,33
IWA_AP,2022-06-04,98.6,68.4,32
IWA_AP,2022-06-05,98.6,71.6,33
IWA_AP,2022-06-06,102.2,75.0,32
IWA_AP,2022-06-07,102.2,77.0,33
IWA_AP,2022-06-08,104.0,77.5,33
IWA_AP,2022-06-09,105.8,80.2,33
IWA_AP,2022-06-10,109.4,82.4,34
IWA_AP,2022-06-11,111.2,82.4,34
IWA_AP,2022-06-12,109.4,82.8,33
IWA_AP,2022-06-13,105.8,84.2,35
IWA_AP,2022-06-14,102.2,75.2,34
IWA_AP,2022-06-15,104.0,75.2,33
IWA_AP,2022-06-16,109.4,76.1,34
IWA_AP,2022-06-17,107.6,85.6,33
IWA_AP,2022-06-18,91.6,75.2,33
IWA_AP,2022-06-19,98.6,73.4,34
IWA_AP,2022-06-20,100.4,69.3,33
IWA_AP,2022-06-21,104.0,75.2,34
IWA_AP,2022-06-22,102.2,82.4,33
IWA_AP,2022-06-23,105.8,82.4,35
IWA_AP,2022-06-24,104.0,82.2,33
IWA_AP,2022-06-25,102.2,75.4,34
IWA_AP,2022-06-26,102.2,78.8,32
IWA_AP,2022-06-27,100.4,75.2,34
IWA_AP,2022-06-28,104.0,83.8,33
IWA_AP,2022-06-29,105.8,84.2,35
IWA_AP,2022-06-30,102.2,82.4,33
IWA_AP,2022-07-01,105.8,84.2,33
IWA_AP,2022-07-02,102.2,84.2,34
IWA_AP,2022-07-03,104.0,82.4,33
IWA_AP,2022-07-04,102.2,82.4,32
IWA_AP,2022-07-05,102.2,82.4,32
IWA_AP,2022-07-06,102.2,77.0,34
IWA_AP,2022-07-07,105.8,76.6,34
IWA_AP,2022-07-08,109.4,80.6,32
IWA_AP,2022-07-09,109.4,84.2,33
IWA_AP,2022-07-10,109.4,84.2,34
IWA_AP,2022-07-11,113.0,86.0,34
IWA_AP,2022-07-12,107.6,87.8,32
IWA_AP,2022-07-13,109.4,87.8,39
IWA_AP,2022-07-14,107.6,82.4,36
IWA_AP,2022-07-15,109.4,82.6,33
IWA_AP,2022-07-16,109.4,86.0,34
IWA_AP,2022-07-17,109.4,84.2,35
IWA_AP,2022-07-18,105.8,86.0,34
IWA_AP,2022-07-19,109.4,89.6,34
IWA_AP,2022-07-20,107.6,89.6,34
IWA_AP,2022-07-21,105.8,87.8,33
IWA_AP,2022-07-22,109.4,89.6,33
IWA_AP,2022-07-23,104.0,80.6,31
IWA_AP,2022-07-24,96.8,77.0,37
IWA_AP,2022-07-25,95.0,80.4,32
IWA_AP,2022-07-26,96.8,79.7,34
IWA_AP,2022-07-27,95.0,78.8,33
IWA_AP,2022-07-28,89.6,78.8,32
IWA_AP,2022-07-29,95.0,78.6,33
IWA_AP,2022-07-30,100.4,78.8,34
IWA_AP,2022-07-31,100.4,77.0,33
IWA_AP,2022-08-01,100.4,80.6,32
IWA_AP,2022-08-02,102.2,86.0,32
IWA_AP,2022-08-03,98.6,80.6,34
IWA_AP,2022-08-04,91.4,73.4,32
IWA_AP,2022-08-05,100.4,77.0,35
IWA_AP,2022-08-06,105.8,82.4,35
IWA_AP,2022-08-07,102.2,80.6,36
IWA_AP,2022-08-08,100.4,84.0,35
IWA_AP,2022-08-09,98.6,73.8,33
IWA_AP,2022-08-10,102.2,80.6,33
IWA_AP,2022-08-11,102.2,80.6,35
IWA_AP,2022-08-12,102.2,77.0,36
IWA_AP,2022-08-13,102.2,77.0,35
IWA_AP,2022-08-14,98.6,80.6,35
IWA_AP,2022-08-15,98.6,77.0,34
IWA_AP,2022-08-16,102.2,82.4,33
IWA_AP,2022-08-17,104.0,78.8,35
IWA_AP,2022-08-18,100.4,77.0,36
IWA_AP,2022-08-19,93.2,75.2,36
IWA_AP,2022-08-20,89.6,76.3,35
IWA_AP,2022-08-21,95.0,77.0,35
IWA_AP,2022-08-22,96.8,75.2,32
IWA_AP,2022-08-23,100.4,80.6,35
IWA_AP,2022-08-24,96.8,80.6,31
IWA_AP,2022-08-25,100.4,82.4,34
IWA_AP,2022-08-26,102.2,82.4,34
IWA_AP,2022-08-27,100.4,82.4,18
IWA_AP,2022-08-28,100.4,80.6,20
IWA_AP,2022-08-29,102.2,82.4,18
IWA_AP,2022-08-30,107.6,80.6,33
IWA_AP,2022-08-31,104.0,82.4,33
IWA_AP,2022-09-01,104.0,78.8,33
IWA_AP,2022-09-02,104.0,78.8,34
IWA_AP,2022-09-03,105.8,78.8,33
IWA_AP,2022-09-04,105.8,83.5,34
IWA_AP,2022-09-05,105.8,78.8,34
IWA_AP,2022-09-06,105.8,80.6,33
IWA_AP,2022-09-07,105.8,80.6,35
IWA_AP,2022-09-08,104.0,82.4,33
IWA_AP,2022-09-09,96.8,73.4,36
IWA_AP,2022-09-10,91.4,72.7,34
IWA_AP,2022-09-11,100.4,73.4,35
IWA_AP,2022-09-12,93.2,74.7,34
IWA_AP,2022-09-13,93.2,76.8,34
IWA_AP,2022-09-14,93.2,75.0,33
IWA_AP,2022-09-15,93.2,73.4,31
IWA_AP,2022-09-16,93.2,74.7,34
IWA_AP,2022-09-17,96.8,71.6,34
IWA_AP,2022-09-18,98.6,69.8,32
IWA_AP,2022-09-19,102.2,73.4,34
IWA_AP,2022-09-20,95.0,77.0,37
IWA_AP,2022-09-21,87.8,74.8,33
IWA_AP,2022-09-22,91.4,75.2,31
IWA_AP,2022-09-23,96.8,77.0,34
IWA_AP,2022-09-24,98.6,73.4,33
IWA_AP,2022-09-25,100.4,73.4,34
IWA_AP,2022-09-26,102.2,73.4,32
IWA_AP,2022-09-27,100.4,80.6,34
IWA_AP,2022-09-28,98.6,75.2,34
IWA_AP,2022-09-29,95.0,71.6,33
IWA_AP,2022-09-30,95.0,71.6,31
IWA_AP,2022-10-01,95.0,71.6,34
IWA_AP,2022-10-02,93.2,73.4,33
IWA_AP,2022-10-03,96.8,73.4,36
IWA_AP,2022-10-04,89.6,66.2,34
IWA_AP,2022-10-05,95.0,67.8,34
IWA_AP,2022-10-06,91.4,71.6,35
IWA_AP,2022-10-07,89.6,66.7,34
IWA_AP,2022-10-08,87.8,66.2,34
IWA_AP,2022-10-09,87.8,64.4,33
IWA_AP,2022-10-10,87.8,66.2,33
IWA_AP,2022-10-11,89.6,66.2,34
IWA_AP,2022-10-12,91.4,66.2,27
IWA_AP,2022-10-13,93.2,66.2,29
IWA_AP,2022-10-14,93.2,67.5,25
IWA_AP,2022-10-15,78.8,64.4,32
IWA_AP,2022-10-16,73.4,61.9,31
IWA_AP,2022-10-17,80.6,57.2,27
IWA_AP,2022-10-18,84.2,62.6,29
IWA_AP,2022-10-19,86.0,62.6,28
IWA_AP,2022-10-20,87.8,60.8,27
IWA_AP,2022-10-21,87.8,62.6,29
IWA_AP,2022-10-22,86.0,67.5,30
IWA_AP,2022-10-23,75.2,66.2,28
IWA_AP,2022-10-24,69.8,53.6,27
IWA_AP,2022-10-25,73.4,46.4,29
IWA_AP,2022-10-26,77.0,48.2,27
IWA_AP,2022-10-27,77.0,48.2,29
IWA_AP,2022-10-28,78.8,48.2,28
IWA_AP,2022-10-29,89.6,51.8,27
IWA_AP,2022-10-30,77.0,50.0,28
IWA_AP,2022-10-31,78.8,48.2,26
IWA_AP,2022-11-01,77.0,54.3,27
IWA_AP,2022-11-02,77.0,54.7,27
IWA_AP,2022-11-03,64.0,46.4,29
IWA_AP,2022-11-04,60.8,39.2,29
IWA_AP,2022-11-05,66.2,42.6,29
IWA_AP,2022-11-06,78.8,42.8,30
IWA_AP,2022-11-07,77.0,50.0,28
IWA_AP,2022-11-08,78.8,50.0,29
IWA_AP,2022-11-09,69.8,53.6,33
IWA_AP,2022-11-10,66.2,50.0,30
IWA_AP,2022-11-11,68.0,42.8,27
IWA_AP,2022-11-12,71.6,41.0,29
IWA_AP,2022-11-13,66.2,41.0,28
IWA_AP,2022-11-14,64.4,39.2,31
IWA_AP,2022-11-15,69.8,39.2,28
IWA_AP,2022-11-16,68.0,41.0,27
IWA_AP,2022-11-17,68.0,42.8,28
IWA_AP,2022-11-18,68.0,42.8,29
IWA_AP,2022-11-19,71.6,42.8,29
IWA_AP,2022-11-20,69.8,47.8,30
IWA_AP,2022-11-21,71.6,41.0,29
IWA_AP,2022-11-22,71.6,42.8,28
IWA_AP,2022-11-23,69.8,39.2,29
IWA_AP,2022-11-24,68.0,38.8,29
IWA_AP,2022-11-25,68.0,42.8,28
IWA_AP,2022-11-26,66.2,39.0,23
IWA_AP,2022-11-27,66.2,37.4,30
IWA_AP,2022-11-28,69.8,41.0,38
IWA_AP,2022-11-29,64.4,43.2,41
IWA_AP,2022-11-30,69.8,41.0,42
IWA_AP,2022-12-01,71.6,44.2,42
IWA_AP,2022-12-02,68.0,49.3,41
IWA_AP,2022-12-03,57.0,44.6,42
IWA_AP,2022-12-04,64.4,56.3,44
IWA_AP,2022-12-05,68.0,55.9,46
IWA_AP,2022-12-06,66.2,52.9,43
IWA_AP,2022-12-07,62.6,47.1,41
IWA_AP,2022-12-08,62.6,41.0,44
IWA_AP,2022-12-09,62.6,42.8,39
IWA_AP,2022-12-10,62.6,39.2,40
IWA_AP,2022-12-11,68.0,39.0,42
IWA_AP,2022-12-12,58.6,44.6,41
IWA_AP,2022-12-13,51.8,39.6,42
IWA_AP,2022-12-14,51.8,35.6,42
IWA_AP,2022-12-15,53.6,33.8,42
IWA_AP,2022-12-16,57.2,35.6,42
IWA_AP,2022-12-17,59.0,30.2,42
IWA_AP,2022-12-18,59.0,41.2,42
IWA_AP,2022-12-19,60.8,34.9,41
IWA_AP,2022-12-20,60.8,37.4,42
IWA_AP,2022-12-21,60.8,36.9,40
IWA_AP,2022-12-22,62.6,35.6,42
IWA_AP,2022-12-23,66.2,40.8,41
IWA_AP,2022-12-24,68.0,39.2,41
IWA_AP,2022-12-25,71.6,41.0,42
IWA_AP,2022-12-26,71.6,42.1,41
IWA_AP,2022-12-27,73.4,46.2,42
IWA_AP,2022-12-28,58.8,50.5,45
IWA_AP,2022-12-29,60.8,44.6,41
IWA_AP,2022-12-30,59.0,51.8,43
IWA_AP,2022-12-31,66.2,46.4,42
IWA_AP,2023-01-01,58.6,45.9,47
IWA_AP,2023-01-02,55.4,46.0,40
IWA_AP,2023-01-03,59.0,46.4,42
IWA_AP,2023-01-04,64.4,45.3,42
IWA_AP,2023-01-05,60.8,43.5,42
IWA_AP,2023-01-06,60.8,44.4,42
IWA_AP,2023-01-07,68.0,37.4,44
IWA_AP,2023-01-08,68.0,41.5,40
IWA_AP,2023-01-09,68.0,42.8,42
IWA_AP,2023-01-10,69.8,44.6,41
IWA_AP,2023-01-11,62.6,43.5,43
IWA_AP,2023-01-12,71.6,39.2,42
IWA_AP,2023-01-13,73.4,44.4,42
IWA_AP,2023-01-14,66.2,44.6,42
IWA_AP,2023-01-15,59.0,50.0,42
IWA_AP,2023-01-16,55.4,48.2,43
IWA_AP,2023-01-17,58.1,44.6,42
IWA_AP,2023-01-18,55.4,41.0,42
IWA_AP,2023-01-19,57.2,37.4,42
IWA_AP,2023-01-20,53.6,40.5,42
IWA_AP,2023-01-21,55.4,33.8,42
IWA_AP,2023-01-22,59.0,33.8,42
IWA_AP,2023-01-23,48.2,37.4,41
IWA_AP,2023-01-24,51.8,30.2,42
IWA_AP,2023-01-25,59.0,33.4,42
IWA_AP,2023-01-26,60.8,32.0,42
IWA_AP,2023-01-27,60.8,31.5,41
IWA_AP,2023-01-28,62.6,32.0,42
IWA_AP,2023-01-29,69.8,35.6,42
IWA_AP,2023-01-30,60.8,39.2,40
IWA_AP,2023-01-31,60.8,38.8,41
IWA_AP,2023-02-01,64.4,37.4,42
IWA_AP,2023-02-02,66.2,37.4,38
IWA_AP,2023-02-03,73.4,38.7,42
IWA_AP,2023-02-04,73.4,44.6,41
IWA_AP,2023-02-05,71.6,41.0,42
IWA_AP,2023-02-06,62.6,42.8,43
IWA_AP,2023-02-07,64.4,43.7,41
IWA_AP,2023-02-08,64.4,36.7,41
IWA_AP,2023-02-09,66.2,37.4,44
IWA_AP,2023-02-10,69.8,37.2,42
IWA_AP,2023-02-11,71.6,47.5,41
IWA_AP,2023-02-12,77.0,39.2,43
IWA_AP,2023-02-13,55.4,42.3,42
IWA_AP,2023-02-14,57.2,39.6,42
IWA_AP,2023-02-15,50.0,35.6,43
IWA_AP,2023-02-16,55.4,30.2,38
IWA_AP,2023-02-17,64.4,41.0,42
IWA_AP,2023-02-18,71.6,46.4,42
IWA_AP,2023-02-19,69.8,48.2,41
IWA_AP,2023-02-20,73.4,48.2,42
IWA_AP,2023-02-21,60.8,52.0,42
IWA_AP,2023-02-22,56.1,44.6,45
IWA_AP,2023-02-23,57.2,43.2,42
IWA_AP,2023-02-24,64.4,39.2,42
IWA_AP,2023-02-25,73.4,47.1,41
IWA_AP,2023-02-26,55.6,40.1,42
IWA_AP,2023-02-27,60.8,35.2,40
IWA_AP,2023-02-28,60.8,39.2,43
IWA_AP,2023-03-01,64.4,39.2,41
IWA_AP,2023-03-02,50.0,36.0,42
IWA_AP,2023-03-03,59.0,38.8,42
IWA_AP,2023-03-04,66.2,39.2,41
IWA_AP,2023-03-05,69.8,42.8,42
IWA_AP,2023-03-06,71.6,46.4,41
IWA_AP,2023-03-07,71.6,49.3,42
IWA_AP,2023-03-08,73.4,44.1,43
IWA_AP,2023-03-09,71.6,42.8,42
IWA_AP,2023-03-10,75.2,46.4,42
IWA_AP,2023-03-11,73.4,57.2,43
IWA_AP,2023-03-12,77.0,53.1,41
IWA_AP,2023-03-13,77.0,51.8,43
IWA_AP,2023-03-14,77.0,46.4,41
IWA_AP,2023-03-15,60.8,55.8,43
IWA_AP,2023-03-16,68.0,51.4,42
IWA_AP,2023-03-17,69.8,45.9,42
IWA_AP,2023-03-18,71.6,44.6,42
IWA_AP,2023-03-19,69.8,50.0,42
IWA_AP,2023-03-20,71.6,53.6,42
IWA_AP,2023-03-21,64.4,59.0,42
IWA_AP,2023-03-22,64.2,50.9,43
IWA_AP,2023-03-23,66.2,42.8,42
IWA_AP,2023-03-24,66.2,46.8,42
IWA_AP,2023-03-25,68.0,41.0,40
IWA_AP,2023-03-26,68.0,39.2,41
IWA_AP,2023-03-27,71.6,37.4,42
IWA_AP,2023-03-28,78.8,41.5,32
IWA_AP,2023-03-29,80.6,45.7,43
IWA_AP,2023-03-30,64.9,48.2,42
IWA_AP,2023-03-31,68.0,41.0,42
IWA_AP,2023-04-01,78.8,42.8,42
IWA_AP,2023-04-02,78.8,48.2,42
IWA_AP,2023-04-03,82.4,50.0,42
IWA_AP,2023-04-04,59.0,42.8,42
IWA_AP,2023-04-05,66.2,34.2,41
IWA_AP,2023-04-06,77.0,38.5,41
IWA_AP,2023-04-07,82.4,46.2,42
IWA_AP,2023-04-08,82.4,48.2,41
IWA_AP,2023-04-09,86.0,51.8,42
IWA_AP,2023-04-10,96.8,55.4,42
IWA_AP,2023-04-11,96.8,61.9,42
IWA_AP,2023-04-12,91.4,61.9,34
IWA_AP,2023-04-13,84.2,62.6,26
IWA_AP,2023-04-14,77.0,53.6,41
IWA_AP,2023-04-15,84.2,51.8,42
IWA_AP,2023-04-16,87.8,53.6,42
IWA_AP,2023-04-17,89.6,56.1,42
IWA_AP,2023-04-18,84.2,58.3,42
IWA_AP,2023-04-19,78.8,55.4,41
IWA_AP,2023-04-20,82.4,50.0,43
IWA_AP,2023-04-21,86.0,51.4,41
IWA_AP,2023-04-22,89.6,56.5,42
IWA_AP,2023-04-23,89.6,60.3,42
IWA_AP,2023-04-24,87.8,59.0,42
IWA_AP,2023-04-25,87.8,62.4,42
IWA_AP,2023-04-26,86.0,60.4,41
IWA_AP,2023-04-27,93.2,58.1,42
IWA_AP,2023-04-28,95.0,60.8,41
IWA_AP,2023-04-29,96.8,59.0,40
IWA_AP,2023-04-30,98.6,62.6,42
IWA_AP,2023-05-01,93.2,66.0,41
IWA_AP,2023-05-02,89.6,62.1,42
IWA_AP,2023-05-03,87.8,60.8,41
IWA_AP,2023-05-04,80.6,59.9,42
IWA_AP,2023-05-05,78.8,53.6,43
IWA_AP,2023-05-06,84.2,55.4,42
IWA_AP,2023-05-07,86.0,56.1,42
IWA_AP,2023-05-08,89.6,57.6,41
IWA_AP,2023-05-09,91.4,60.8,42
IWA_AP,2023-05-10,89.6,60.8,41
IWA_AP,2023-05-11,86.0,55.2,42
IWA_AP,2023-05-12,93.2,60.4,42
IWA_AP,2023-05-13,95.0,64.4,42
IWA_AP,2023-05-14,96.8,71.4,44
IWA_AP,2023-05-15,98.6,76.5,43
IWA_AP,2023-05-16,100.4,74.1,42
IWA_AP,2023-05-17,96.8,69.8,41
IWA_AP,2023-05-18,96.8,74.1,43
IWA_AP,2023-05-19,89.6,71.6,43
IWA_AP,2023-05-20,95.0,67.1,43
IWA_AP,2023-05-21,96.8,69.8,41
IWA_AP,2023-05-22,96.8,70.7,42
IWA_AP,2023-05-23,96.8,68.0,41
IWA_AP,2023-05-24,95.0,70.3,40
IWA_AP,2023-05-25,96.8,65.3,41
IWA_AP,2023-05-26,95.0,67.5,36
IWA_AP,2023-05-27,93.2,65.3,40
IWA_AP,2023-05-28,96.8,66.2,42
IWA_AP,2023-05-29,96.8,67.1,41
IWA_AP,2023-05-30,96.8,67.3,40
IWA_AP,2023-05-31,91.4,64.2,42
IWA_AP,2023-06-01,87.8,63.9,42
IWA_AP,2023-06-02,91.4,67.1,42
IWA_AP,2023-06-03,96.8,67.3,42
IWA_AP,2023-06-04,100.4,69.8,41
IWA_AP,2023-06-05,102.2,70.5,41
IWA_AP,2023-06-06,98.6,64.4,42
IWA_AP,2023-06-07,93.2,64.4,41
IWA_AP,2023-06-08,91.4,63.7,38
IWA_AP,2023-06-09,93.2,63.5,41
IWA_AP,2023-06-10,98.6,66.9,39
IWA_AP,2023-06-11,93.2,66.2,39
IWA_AP,2023-06-12,87.8,64.0,42
IWA_AP,2023-06-13,91.4,65.8,41
IWA_AP,2023-06-14,95.0,67.1,41
IWA_AP,2023-06-15,96.8,69.4,42
IWA_AP,2023-06-16,98.6,71.1,42
IWA_AP,2023-06-17,98.6,69.8,41
IWA_AP,2023-06-18,104.0,71.6,41
IWA_AP,2023-06-19,100.4,73.4,42
IWA_AP,2023-06-20,100.4,73.4,41
IWA_AP,2023-06-21,102.2,69.8,42
IWA_AP,2023-06-22,100.4,69.3,41
IWA_AP,2023-06-23,96.8,70.7,42
IWA_AP,2023-06-24,100.4,63.5,42
IWA_AP,2023-06-25,105.8,71.4,42
IWA_AP,2023-06-26,107.6,75.2,39
IWA_AP,2023-06-27,105.8,73.4,42
IWA_AP,2023-06-28,104.0,74.3,42
IWA_AP,2023-06-29,102.2,73.2,42
IWA_AP,2023-06-30,104.0,74.5,42
IWA_AP,2023-07-01,109.4,75.2,41
IWA_AP,2023-07-02,111.2,78.8,42
IWA_AP,2023-07-03,111.2,80.4,42
IWA_AP,2023-07-04,107.6,79.2,42
IWA_AP,2023-07-05,107.6,78.8,42
IWA_AP,2023-07-06,111.2,76.6,42
IWA_AP,2023-07-07,109.4,80.4,42
IWA_AP,2023-07-08,107.6,79.0,42
IWA_AP,2023-07-09,107.6,80.4,42
IWA_AP,2023-07-10,105.8,82.4,42
IWA_AP,2023-07-11,105.8,87.4,42
IWA_AP,2023-07-12,107.6,87.6,40
IWA_AP,2023-07-13,109.4,88.7,42
IWA_AP,2023-07-14,111.2,86.0,41
IWA_AP,2023-07-15,113.0,87.8,41
IWA_AP,2023-07-16,109.4,87.8,43
IWA_AP,2023-07-17,111.2,88.7,42
IWA_AP,2023-07-18,113.0,86.0,42
IWA_AP,2023-07-19,114.8,86.0,42
IWA_AP,2023-07-20,114.8,86.0,41
IWA_AP,2023-07-21,113.0,86.2,41
IWA_AP,2023-07-22,113.0,89.2,41
IWA_AP,2023-07-23,107.6,86.5,43
IWA_AP,2023-07-24,111.2,88.9,42
IWA_AP,2023-07-25,113.0,86.2,42
IWA_AP,2023-07-26,113.0,77.7,38
IWA_AP,2023-07-27,109.4,82.4,42
IWA_AP,2023-07-28,111.2,87.3,42
IWA_AP,2023-07-29,109.4,91.4,42
IWA_AP,2023-07-30,105.8,86.2,41
IWA_AP,2023-07-31,102.2,78.8,32
IWA_AP,2023-08-01,104.0,78.8,40
IWA_AP,2023-08-02,105.8,85.3,41
IWA_AP,2023-08-03,107.6,84.2,41
IWA_AP,2023-08-04,109.4,80.1,42
IWA_AP,2023-08-05,111.2,82.4,41
IWA_AP,2023-08-06,107.6,80.8,42
IWA_AP,2023-08-07,107.6,89.2,40
IWA_AP,2023-08-08,105.8,78.8,39
IWA_AP,2023-08-09,104.0,86.0,41
IWA_AP,2023-08-10,104.0,81.9,40
IWA_AP,2023-08-11,102.2,84.2,42
IWA_AP,2023-08-12,102.2,82.4,42
IWA_AP,2023-08-13,104.0,82.4,40
IWA_AP,2023-08-14,104.0,84.0,41
IWA_AP,2023-08-15,105.8,83.3,42
IWA_AP,2023-08-16,109.4,87.8,43
IWA_AP,2023-08-17,109.4,87.4,41
IWA_AP,2023-08-18,102.2,84.9,43
IWA_AP,2023-08-19,93.2,82.2,45
IWA_AP,2023-08-20,100.4,68.0,46
IWA_AP,2023-08-21,91.4,75.2,45
IWA_AP,2023-08-22,102.2,74.3,46
IWA_AP,2023-08-23,102.2,77.9,46
IWA_AP,2023-08-24,102.2,84.2,44
IWA_AP,2023-08-25,107.6,82.4,41
IWA_AP,2023-08-26,107.6,86.0,43
IWA_AP,2023-08-27,109.4,86.0,47
IWA_AP,2023-08-28,113.0,87.8,46
IWA_AP,2023-08-29,111.2,86.9,44
IWA_AP,2023-08-30,107.6,87.3,43
IWA_AP,2023-08-31,105.8,74.8,52
IWA_AP,2023-09-01,86.0,77.0,41
IWA_AP,2023-09-02,96.8,76.6,44
IWA_AP,2023-09-03,98.6,76.6,46
IWA_AP,2023-09-04,98.6,76.6,46
IWA_AP,2023-09-05,100.4,73.4,44
IWA_AP,2023-09-06,102.2,72.9,45
IWA_AP,2023-09-07,104.0,73.4,45
IWA_AP,2023-09-08,105.8,80.6,44
IWA_AP,2023-09-09,109.4,80.6,45
IWA_AP,2023-09-10,111.2,82.4,45
IWA_AP,2023-09-11,102.2,82.2,44
IWA_AP,2023-09-12,95.0,80.6,43
IWA_AP,2023-09-13,95.0,78.8,46
IWA_AP,2023-09-14,96.8,77.0,44
IWA_AP,2023-09-15,98.6,75.2,47
IWA_AP,2023-09-16,100.4,73.4,46
IWA_AP,2023-09-17,102.2,74.8,45
IWA_AP,2023-09-18,98.6,72.3,44
IWA_AP,2023-09-19,96.8,69.3,43
IWA_AP,2023-09-20,96.8,69.8,45
IWA_AP,2023-09-21,96.8,65.5,45
IWA_AP,2023-09-22,93.2,64.4,45
IWA_AP,2023-09-23,93.2,70.3,46
IWA_AP,2023-09-24,95.0,68.7,46
IWA_AP,2023-09-25,98.6,68.4,45
IWA_AP,2023-09-26,102.2,70.7,46
IWA_AP,2023-09-27,100.4,68.7,46
IWA_AP,2023-09-28,98.6,71.8,44
IWA_AP,2023-09-29,98.6,68.0,46
IWA_AP,2023-09-30,98.6,68.0,43
IWA_AP,2023-10-01,87.8,64.4,45
IWA_AP,2023-10-02,84.2,60.8,46
IWA_AP,2023-10-03,84.2,60.8,45
IWA_AP,2023-10-04,91.4,60.8,46
IWA_AP,2023-10-05,96.8,62.4,43
IWA_AP,2023-10-06,102.2,66.0,44
IWA_AP,2023-10-07,98.6,79.2,46
IWA_AP,2023-10-08,98.6,72.1,46
IWA_AP,2023-10-09,96.8,72.3,44
IWA_AP,2023-10-10,95.0,68.0,44
IWA_AP,2023-10-11,91.4,69.1,45
IWA_AP,2023-10-12,86.0,62.6,46
IWA_AP,2023-10-13,100.4,59.2,45
IWA_AP,2023-10-14,89.6,63.9,46
IWA_AP,2023-10-15,96.8,60.8,45
IWA_AP,2023-10-16,100.4,66.2,46
IWA_AP,2023-10-17,98.6,69.6,46
IWA_AP,2023-10-18,98.6,64.4,44
IWA_AP,2023-10-19,100.4,66.2,44
IWA_AP,2023-10-20,100.4,66.2,44
IWA_AP,2023-10-21,96.8,66.6,46
IWA_AP,2023-10-22,95.0,68.4,46
IWA_AP,2023-10-23,86.0,64.4,46
IWA_AP,2023-10-24,82.4,62.6,44
IWA_AP,2023-10-25,80.6,60.8,46
IWA_AP,2023-10-26,80.6,59.0,45
IWA_AP,2023-10-27,86.0,59.0,45
IWA_AP,2023-10-28,82.4,59.0,46
IWA_AP,2023-10-29,77.0,51.8,46
IWA_AP,2023-10-30,78.8,47.8,46
IWA_AP,2023-10-31,78.8,51.8,45
IWA_AP,2023-11-01,80.6,52.5,45
IWA_AP,2023-11-02,82.4,50.0,44
IWA_AP,2023-11-03,84.2,51.8,46
IWA_AP,2023-11-04,86.0,51.8,46
IWA_AP,2023-11-05,89.6,53.6,44
IWA_AP,2023-11-06,89.6,56.3,45
IWA_AP,2023-11-07,86.0,59.0,46
IWA_AP,2023-11-08,77.0,52.5,44
IWA_AP,2023-11-09,75.2,46.4,44
IWA_AP,2023-11-10,73.4,46.4,44
IWA_AP,2023-11-11,77.0,48.2,46
IWA_AP,2023-11-12,82.4,55.4,46
IWA_AP,2023-11-13,84.2,62.6,47
IWA_AP,2023-11-14,86.0,65.1,46
IWA_AP,2023-11-15,86.0,61.5,45
IWA_AP,2023-11-16,75.2,61.7,44
IWA_AP,2023-11-17,78.8,60.1,46
IWA_AP,2023-11-18,71.6,59.0,45
IWA_AP,2023-11-19,69.8,55.2,44
IWA_AP,2023-11-20,71.6,46.4,44
IWA_AP,2023-11-21,75.2,53.6,45
IWA_AP,2023-11-22,73.4,50.0,44
IWA_AP,2023-11-23,69.8,46.9,45
IWA_AP,2023-11-24,69.8,46.9,46
IWA_AP,2023-11-25,66.2,44.6,43
IWA_AP,2023-11-26,69.8,39.2,30
IWA_AP,2023-11-27,71.6,48.2,46
IWA_AP,2023-11-28,75.2,49.1,46
IWA_AP,2023-11-29,69.8,48.2,46
IWA_AP,2023-11-30,62.6,51.6,44
IWA_AP,2023-12-01,60.8,48.2,45
IWA_AP,2023-12-02,62.6,42.4,46
IWA_AP,2023-12-03,64.4,39.2,46
IWA_AP,2023-12-04,66.2,41.5,46
IWA_AP,2023-12-05,78.8,44.4,44
IWA_AP,2023-12-06,82.4,48.2,45
IWA_AP,2023-12-07,75.2,46.4,44
IWA_AP,2023-12-08,68.0,44.2,45
IWA_AP,2023-12-09,66.2,37.4,44
IWA_AP,2023-12-10,69.8,35.6,46
IWA_AP,2023-12-11,68.0,37.4,45
IWA_AP,2023-12-12,71.6,42.6,46
IWA_AP,2023-12-13,68.0,39.2,45
IWA_AP,2023-12-14,66.2,37.0,46
IWA_AP,2023-12-15,71.6,39.0,41
IWA_AP,2023-12-16,77.0,45.3,45
IWA_AP,2023-12-17,75.2,41.0,45
IWA_AP,2023-12-18,73.4,45.7,45
IWA_AP,2023-12-19,71.6,54.5,44
IWA_AP,2023-12-20,73.4,51.3,46
IWA_AP,2023-12-21,75.2,46.0,46
IWA_AP,2023-12-22,57.7,53.1,48
IWA_AP,2023-12-23,57.2,46.9,46
IWA_AP,2023-12-24,57.2,41.0,45
IWA_AP,2023-12-25,60.8,42.3,47
IWA_AP,2023-12-26,60.8,37.4,45
IWA_AP,2023-12-27,62.6,36.9,47
IWA_AP,2023-12-28,64.4,39.2,46
IWA_AP,2023-12-29,69.8,37.4,45
IWA_AP,2023-12-30,73.4,41.0,44
IWA_AP,2023-12-31,60.8,41.0,46
IWA_AP,2024-01-01,59.0,40.5,47
IWA_AP,2024-01-02,62.6,41.0,44
IWA_AP,2024-01-03,62.6,39.2,47
IWA_AP,2024-01-04,53.6,39.2,45
IWA_AP,2024-01-05,55.4,39.0,45
IWA_AP,2024-01-06,57.2,33.8,44
IWA_AP,2024-01-07,50.0,37.4,47
IWA_AP,2024-01-08,50.0,30.2,45
IWA_AP,2024-01-09,51.8,28.4,45
IWA_AP,2024-01-10,57.2,30.2,46
IWA_AP,2024-01-11,55.4,35.6,37
IWA_AP,2024-01-12,53.6,30.2,35
IWA_AP,2024-01-13,59.0,30.2,34
IWA_AP,2024-01-14,62.6,35.6,34
IWA_AP,2024-01-15,62.6,35.6,35
IWA_AP,2024-01-16,66.2,37.4,34
IWA_AP,2024-01-17,64.4,39.2,33
IWA_AP,2024-01-18,71.6,39.2,35
IWA_AP,2024-01-19,71.6,44.6,34
IWA_AP,2024-01-20,68.0,46.4,36
IWA_AP,2024-01-21,62.8,48.2,34
IWA_AP,2024-01-22,62.6,48.2,41
IWA_AP,2024-01-23,57.2,51.8,42
IWA_AP,2024-01-24,59.0,50.0,36
IWA_AP,2024-01-25,62.6,47.5,36
IWA_AP,2024-01-26,66.2,42.8,35
IWA_AP,2024-01-27,71.6,41.0,35
IWA_AP,2024-01-28,77.0,46.4,35
IWA_AP,2024-01-29,77.0,46.4,35
IWA_AP,2024-01-30,77.0,46.4,34
IWA_AP,2024-01-31,77.0,48.2,35
IWA_AP,2024-02-01,78.8,53.6,35
IWA_AP,2024-02-02,59.0,48.2,34
IWA_AP,2024-02-03,60.8,42.8,35
IWA_AP,2024-02-04,66.2,42.1,33
IWA_AP,2024-02-05,73.4,45.7,35
IWA_AP,2024-02-06,62.6,50.0,37
IWA_AP,2024-02-07,59.0,46.4,34
IWA_AP,2024-02-08,59.0,39.2,39
IWA_AP,2024-02-10,53.6,41.0,36
IWA_AP,2024-02-11,57.2,35.6,33
IWA_AP,2024-02-12,62.6,37.4,33
IWA_AP,2024-02-13,68.0,39.2,34
IWA_AP,2024-02-14,66.2,41.0,31
IWA_AP,2024-02-15,69.8,41.0,35
IWA_AP,2024-02-16,68.0,41.0,35
IWA_AP,2024-02-17,71.6,44.6,35
IWA_AP,2024-02-18,73.4,46.4,35
IWA_AP,2024-02-19,73.4,46.4,33
IWA_AP,2024-02-20,78.8,46.4,34
IWA_AP,2024-02-21,69.8,51.8,35
IWA_AP,2024-02-22,71.6,48.2,33
IWA_AP,2024-02-23,77.0,46.4,35
IWA_AP,2024-02-24,75.2,50.0,35
IWA_AP,2024-02-25,78.8,50.0,34
IWA_AP,2024-02-26,73.4,60.8,34
IWA_AP,2024-02-27,71.6,53.6,35
IWA_AP,2024-02-28,73.4,48.0,34
IWA_AP,2024-02-29,71.6,46.4,35
IWA_AP,2024-03-01,75.2,48.2,35
IWA_AP,2024-03-02,75.2,49.3,35
IWA_AP,2024-03-03,68.0,48.2,34
IWA_AP,2024-03-04,68.0,46.2,35
IWA_AP,2024-03-05,73.4,45.7,35
IWA_AP,2024-03-06,69.8,50.0,20
IWA_AP,2024-03-07,62.6,48.2,35
IWA_AP,2024-03-08,64.4,50.0,35
IWA_AP,2024-03-09,71.6,44.6,36
IWA_AP,2024-03-10,75.2,44.6,35
IWA_AP,2024-03-11,78.8,50.0,35
IWA_AP,2024-03-12,75.2,46.4,34
IWA_AP,2024-03-13,73.4,48.2,35
IWA_AP,2024-03-14,69.8,46.4,35
IWA_AP,2024-03-15,57.4,44.6,38
IWA_AP,2024-03-16,66.2,39.2,35
IWA_AP,2024-03-17,66.2,50.0,34
IWA_AP,2024-03-18,73.4,42.8,36
IWA_AP,2024-03-19,73.4,46.4,34
IWA_AP,2024-03-20,75.2,48.2,35
IWA_AP,2024-03-21,78.8,50.0,33
IWA_AP,2024-03-22,80.6,51.8,35
IWA_AP,2024-03-23,78.8,57.2,33
IWA_AP,2024-03-24,65.5,50.0,35
IWA_AP,2024-03-25,66.2,44.6,32
IWA_AP,2024-03-26,68.0,50.0,32
IWA_AP,2024-03-27,73.4,42.8,34
IWA_AP,2024-03-28,77.0,46.2,34
IWA_AP,2024-03-29,80.6,53.6,32
IWA_AP,2024-03-30,82.4,51.8,32
IWA_AP,2024-03-31,63.5,50.0,34
IWA_AP,2024-04-01,60.8,47.5,37
IWA_AP,2024-04-02,71.6,46.4,33
IWA_AP,2024-04-03,78.8,50.0,35
IWA_AP,2024-04-04,86.0,50.0,35
IWA_AP,2024-04-05,67.6,53.6,33
IWA_AP,2024-04-06,62.6,42.8,35
IWA_AP,2024-04-07,71.6,43.3,35
IWA_AP,2024-04-08,71.6,48.2,35
IWA_AP,2024-04-09,80.6,44.6,35
IWA_AP,2024-04-10,82.4,50.0,34
IWA_AP,2024-04-11,91.4,54.9,34
IWA_AP,2024-04-12,89.6,58.3,34
IWA_AP,2024-04-13,86.0,53.6,34
IWA_AP,2024-04-14,84.2,52.2,35
IWA_AP,2024-04-15,73.4,53.6,33
IWA_AP,2024-04-16,84.2,51.8,34
IWA_AP,2024-04-17,87.8,53.6,34
IWA_AP,2024-04-18,89.6,57.2,34
IWA_AP,2024-04-19,91.4,57.2,35
IWA_AP,2024-04-20,89.6,60.8,33
IWA_AP,2024-04-21,95.0,59.0,33
IWA_AP,2024-04-22,96.8,62.6,35
IWA_AP,2024-04-23,93.2,62.6,34
IWA_AP,2024-04-24,89.6,61.3,33
IWA_AP,2024-04-25,80.6,59.0,35
IWA_AP,2024-04-26,82.4,57.2,34
IWA_AP,2024-04-27,77.0,59.0,31
IWA_AP,2024-04-28,82.4,55.4,35
IWA_AP,2024-04-29,87.8,59.0,34
IWA_AP,2024-04-30,91.4,62.6,26
IWA_AP,2024-05-01,89.6,62.6,32
IWA_AP,2024-05-02,89.6,62.6,34
IWA_AP,2024-05-03,91.4,65.1,32
IWA_AP,2024-05-04,91.4,64.4,33
IWA_AP,2024-05-05,84.2,66.2,35
IWA_AP,2024-05-06,82.4,55.4,35
IWA_AP,2024-05-07,87.8,55.4,32
IWA_AP,2024-05-08,87.8,60.8,33
IWA_AP,2024-05-09,86.0,55.4,35
IWA_AP,2024-05-10,87.8,57.2,34
IWA_AP,2024-05-11,89.6,59.0,34
IWA_AP,2024-05-12,91.4,60.3,34
IWA_AP,2024-05-13,96.8,64.4,33
IWA_AP,2024-05-14,95.0,68.0,34
IWA_AP,2024-05-15,93.2,69.3,30
IWA_AP,2024-05-16,91.4,68.0,32
IWA_AP,2024-05-17,96.8,69.8,35
IWA_AP,2024-05-18,98.6,69.8,35
IWA_AP,2024-05-19,95.0,68.0,33
IWA_AP,2024-05-20,87.8,67.1,36
IWA_AP,2024-05-21,91.4,62.6,34
IWA_AP,2024-05-22,93.2,60.8,35
IWA_AP,2024-05-23,93.2,60.8,35
IWA_AP,2024-05-24,96.8,66.2,35
IWA_AP,2024-05-25,89.6,66.2,35
IWA_AP,2024-05-26,93.2,64.0,32
IWA_AP,2024-05-27,98.6,66.0,34
IWA_AP,2024-05-28,102.2,68.0,34
IWA_AP,2024-05-29,100.4,69.8,35
IWA_AP,2024-05-30,100.4,69.8,35
IWA_AP,2024-05-31,102.2,69.8,35
IWA_AP,2024-06-01,102.2,68.0,35
IWA_AP,2024-06-02,100.4,71.6,34
IWA_AP,2024-06-03,98.6,73.4,35
IWA_AP,2024-06-04,98.6,71.6,35
IWA_AP,2024-06-05,104.0,71.6,35
IWA_AP,2024-06-06,107.6,77.0,35
IWA_AP,2024-06-07,109.4,80.1,34
IWA_AP,2024-06-08,104.0,77.0,35
IWA_AP,2024-06-09,102.2,76.1,36
IWA_AP,2024-06-10,102.2,73.4,35
IWA_AP,2024-06-11,107.6,73.4,34
IWA_AP,2024-06-12,107.6,75.2,35
IWA_AP,2024-06-13,104.0,78.8,34
IWA_AP,2024-06-14,102.2,74.8,35
IWA_AP,2024-06-15,109.4,73.4,35
IWA_AP,2024-06-16,109.4,77.0,35
IWA_AP,2024-06-17,104.0,77.0,35
IWA_AP,2024-06-18,100.4,73.4,34
IWA_AP,2024-06-19,102.2,77.9,35
IWA_AP,2024-06-20,109.4,75.2,34
IWA_AP,2024-06-21,109.4,91.4,35
IWA_AP,2024-06-22,100.4,86.4,37
IWA_AP,2024-06-23,104.0,85.6,37
IWA_AP,2024-06-24,107.6,84.2,36
IWA_AP,2024-06-25,102.2,82.4,34
IWA_AP,2024-06-26,107.6,82.4,35
IWA_AP,2024-06-27,109.4,86.0,35
IWA_AP,2024-06-28,107.6,86.0,35
IWA_AP,2024-06-29,105.8,84.2,34
IWA_AP,2024-06-30,107.6,86.0,36
IWA_AP,2024-07-01,104.0,82.4,33
IWA_AP,2024-07-02,109.4,86.0,34
IWA_AP,2024-07-03,109.4,87.8,35
IWA_AP,2024-07-04,109.4,86.0,30
IWA_AP,2024-07-05,113.0,85.6,35
IWA_AP,2024-07-06,111.2,86.0,34
IWA_AP,2024-07-07,109.4,84.2,34
IWA_AP,2024-07-08,114.8,84.2,34
IWA_AP,2024-07-09,111.2,86.0,33
IWA_AP,2024-07-10,111.2,86.0,34
IWA_AP,2024-07-11,111.2,87.8,33
IWA_AP,2024-07-12,111.2,80.6,35
IWA_AP,2024-07-13,109.4,87.8,34
IWA_AP,2024-07-14,105.8,87.8,37
IWA_AP,2024-07-15,104.0,84.2,34
IWA_AP,2024-07-16,105.8,84.2,34
IWA_AP,2024-07-17,107.6,86.0,34
IWA_AP,2024-07-18,107.6,89.6,35
IWA_AP,2024-07-19,109.4,87.8,34
IWA_AP,2024-07-20,109.4,87.8,30
IWA_AP,2024-07-21,107.6,85.8,35
IWA_AP,2024-07-22,105.8,82.4,33
IWA_AP,2024-07-23,109.4,89.6,35
IWA_AP,2024-07-24,111.2,84.2,37
IWA_AP,2024-07-25,109.4,77.0,36
IWA_AP,2024-07-26,104.0,78.4,34
IWA_AP,2024-07-27,107.6,84.2,36
IWA_AP,2024-07-28,105.8,84.2,35
IWA_AP,2024-07-29,104.0,84.2,36
IWA_AP,2024-07-30,104.0,85.8,34
IWA_AP,2024-07-31,105.8,82.4,34
IWA_AP,2024-08-01,102.2,84.2,34
IWA_AP,2024-08-02,107.6,88.5,36
IWA_AP,2024-08-03,109.4,90.1,34
IWA_AP,2024-08-04,111.2,87.8,36
IWA_AP,2024-08-05,107.6,87.1,34
IWA_AP,2024-08-06,107.6,86.0,32
IWA_AP,2024-08-07,98.6,72.5,33
IWA_AP,2024-08-08,102.2,82.4,36
IWA_AP,2024-08-09,102.2,84.2,35
IWA_AP,2024-08-10,107.6,87.8,35
IWA_AP,2024-08-11,98.6,82.4,35
IWA_AP,2024-08-12,102.2,82.4,33
IWA_AP,2024-08-13,102.2,84.2,34
IWA_AP,2024-08-14,104.0,86.0,32
IWA_AP,2024-08-15,107.6,82.4,34
IWA_AP,2024-08-16,107.6,84.2,34
IWA_AP,2024-08-17,107.6,87.8,35
IWA_AP,2024-08-18,98.6,76.1,35
IWA_AP,2024-08-19,105.8,82.0,34
IWA_AP,2024-08-20,107.6,84.2,33
IWA_AP,2024-08-21,98.6,86.0,33
IWA_AP,2024-08-22,104.0,81.3,35
IWA_AP,2024-08-23,102.2,80.6,37
IWA_AP,2024-08-24,100.4,80.6,36
IWA_AP,2024-08-25,102.2,80.6,35
IWA_AP,2024-08-26,105.8,78.8,35
IWA_AP,2024-08-27,104.0,80.6,18
IWA_AP,2024-08-28,98.6,82.4,35
IWA_AP,2024-08-29,104.0,78.8,35
IWA_AP,2024-08-30,105.8,78.4,33
IWA_AP,2024-08-31,104.0,80.1,38
IWA_AP,2024-09-01,102.2,78.8,35
IWA_AP,2024-09-02,104.0,80.8,34
IWA_AP,2024-09-03,102.2,82.4,36
IWA_AP,2024-09-04,105.8,78.8,34
IWA_AP,2024-09-05,111.2,82.4,34
IWA_AP,2024-09-06,105.8,91.4,32
IWA_AP,2024-09-07,105.8,86.0,35
IWA_AP,2024-09-08,105.8,82.9,34
IWA_AP,2024-09-09,105.8,80.6,35
IWA_AP,2024-09-10,105.8,75.2,31
IWA_AP,2024-09-11,104.0,75.2,35
IWA_AP,2024-09-12,104.0,77.9,31
IWA_AP,2024-09-13,102.2,71.6,32
IWA_AP,2024-09-14,98.6,78.8,35
IWA_AP,2024-09-15,100.4,78.3,32
IWA_AP,2024-09-16,98.6,78.4,34
IWA_AP,2024-09-17,93.2,75.2,33
IWA_AP,2024-09-18,91.4,70.7,33
IWA_AP,2024-09-19,95.0,68.0,34
IWA_AP,2024-09-20,93.2,71.6,35
IWA_AP,2024-09-21,87.8,71.6,33
IWA_AP,2024-09-22,93.2,66.2,31
IWA_AP,2024-09-23,100.4,69.8,29
IWA_AP,2024-09-24,102.2,71.6,32
IWA_AP,2024-09-25,107.6,75.2,34
IWA_AP,2024-09-26,105.8,78.8,34
IWA_AP,2024-09-27,109.4,77.0,35
IWA_AP,2024-09-28,111.2,79.5,33
IWA_AP,2024-09-29,107.6,80.1,35
IWA_AP,2024-09-30,104.0,77.0,34
IWA_AP,2024-10-01,109.4,77.0,34
IWA_AP,2024-10-02,104.0,80.6,37
IWA_AP,2024-10-03,104.0,75.2,32
IWA_AP,2024-10-04,105.8,75.2,34
IWA_AP,2024-10-05,104.0,75.2,34
IWA_AP,2024-10-06,107.6,73.4,34
IWA_AP,2024-10-07,104.0,73.4,34
IWA_AP,2024-10-08,104.0,73.4,34
IWA_AP,2024-10-09,100.4,73.0,33
IWA_AP,2024-10-10,102.2,71.6,33
IWA_AP,2024-10-11,100.4,72.9,35
IWA_AP,2024-10-12,100.4,69.8,33
IWA_AP,2024-10-13,98.6,68.0,35
IWA_AP,2024-10-14,96.8,68.0,34
IWA_AP,2024-10-15,93.2,66.2,32
IWA_AP,2024-10-16,95.0,60.8,34
IWA_AP,2024-10-17,86.0,64.4,34
IWA_AP,2024-10-18,71.8,55.4,35
IWA_AP,2024-10-19,68.0,51.6,35
IWA_AP,2024-10-20,77.0,48.2,35
IWA_AP,2024-10-21,84.2,53.6,35
IWA_AP,2024-10-22,93.2,53.6,35
IWA_AP,2024-10-23,93.2,60.1,34
IWA_AP,2024-10-24,91.4,59.0,34
IWA_AP,2024-10-25,93.2,57.2,34
IWA_AP,2024-10-26,96.8,57.2,34
IWA_AP,2024-10-27,93.2,60.8,34
IWA_AP,2024-10-28,91.4,57.2,33
IWA_AP,2024-10-29,77.0,57.2,34
IWA_AP,2024-10-30,71.6,50.0,33
IWA_AP,2024-10-31,77.0,42.8,27
IWA_AP,2024-11-01,78.8,47.5,34
IWA_AP,2024-11-02,77.0,48.2,34
IWA_AP,2024-11-03,69.8,53.6,34
IWA_AP,2024-11-04,68.0,44.6,35
IWA_AP,2024-11-05,69.8,44.6,33
IWA_AP,2024-11-06,66.2,44.6,35
IWA_AP,2024-11-07,62.6,39.2,33
IWA_AP,2024-11-08,66.2,39.0,34
IWA_AP,2024-11-09,73.4,41.0,34
IWA_AP,2024-11-10,80.6,43.3,34
IWA_AP,2024-11-11,77.0,48.2,33
IWA_AP,2024-11-12,73.4,46.4,34
IWA_AP,2024-11-13,75.2,42.8,33
IWA_AP,2024-11-14,80.6,44.2,33
IWA_AP,2024-11-15,71.6,48.2,34
IWA_AP,2024-11-16,62.6,50.0,33
IWA_AP,2024-11-17,66.2,42.8,33
IWA_AP,2024-11-18,66.2,42.8,33
IWA_AP,2024-11-19,68.0,40.5,34
IWA_AP,2024-11-20,75.2,41.4,30
IWA_AP,2024-11-21,78.8,39.2,32
IWA_AP,2024-11-22,80.6,39.2,31
IWA_AP,2024-11-23,77.0,44.6,33
IWA_AP,2024-11-24,73.4,46.4,34
IWA_AP,2024-11-25,75.2,50.0,35
IWA_AP,2024-11-26,77.0,48.2,35
IWA_AP,2024-11-27,73.4,53.6,35
IWA_AP,2024-11-28,71.6,48.2,35
IWA_AP,2024-11-29,73.4,44.6,35
IWA_AP,2024-11-30,75.2,48.2,25
IWA_AP,2024-12-01,77.0,46.4,34
IWA_AP,2024-12-02,78.8,46.4,32
IWA_AP,2024-12-03,80.6,50.0,28
IWA_AP,2024-12-04,75.2,48.2,35
IWA_AP,2024-12-05,77.0,48.2,33
IWA_AP,2024-12-06,77.0,48.2,35
IWA_AP,2024-12-07,73.4,50.0,35
IWA_AP,2024-12-08,71.6,46.4,35
IWA_AP,2024-12-09,69.8,44.6,35
IWA_AP,2024-12-10,62.6,42.8,36
IWA_AP,2024-12-11,69.8,35.6,34
IWA_AP,2024-12-12,73.4,46.4,36
IWA_AP,2024-12-13,66.2,44.6,35
IWA_AP,2024-12-14,69.8,41.0,35
IWA_AP,2024-12-15,69.8,39.2,34
IWA_AP,2024-12-16,69.8,37.4,35
IWA_AP,2024-12-17,68.0,37.4,34
IWA_AP,2024-12-18,80.6,39.2,34
IWA_AP,2024-12-19,77.0,44.6,34
IWA_AP,2024-12-20,78.8,42.8,35
IWA_AP,2024-12-21,77.0,42.8,34
IWA_AP,2024-12-22,71.6,41.0,35
IWA_AP,2024-12-23,73.4,48.2,35
IWA_AP,2024-12-24,75.2,44.6,34
IWA_AP,2024-12-25,66.2,46.4,34
IWA_AP,2024-12-26,60.8,40.6,35
IWA_AP,2024-12-27,66.2,39.2,35
IWA_AP,2024-12-28,64.4,37.4,34
IWA_AP,2024-12-29,73.4,41.0,35
IWA_AP,2024-12-30,71.6,41.0,35
IWA_AP,2024-12-31,69.8,42.8,34
IWA_AP,2025-01-01,69.8,40.1,35
IWA_AP,2025-01-02,73.4,39.2,35
IWA_AP,2025-01-03,77.0,41.0,35
IWA_AP,2025-01-04,69.8,41.0,35
IWA_AP,2025-01-05,66.2,37.4,35
IWA_AP,2025-01-06,66.2,37.4,34
IWA_AP,2025-01-07,66.2,41.9,35
IWA_AP,2025-01-08,60.8,46.4,37
IWA_AP,2025-01-09,57.2,35.6,34
IWA_AP,2025-01-10,60.8,32.0,35
IWA_AP,2025-01-11,60.8,32.0,34
IWA_AP,2025-01-12,60.8,28.4,35
IWA_AP,2025-01-13,59.0,30.2,35
IWA_AP,2025-01-14,64.4,28.4,35
IWA_AP,2025-01-15,71.6,32.9,34
IWA_AP,2025-01-16,73.4,42.6,33
IWA_AP,2025-01-17,62.6,42.8,34
IWA_AP,2025-01-18,62.6,35.6,34
IWA_AP,2025-01-19,62.6,33.8,35
IWA_AP,2025-01-20,62.6,32.0,35
IWA_AP,2025-01-21,57.2,30.2,35
IWA_AP,2025-01-22,60.8,30.0,35
IWA_AP,2025-01-23,62.6,34.2,34
IWA_AP,2025-01-24,68.0,33.8,35
IWA_AP,2025-01-25,69.8,41.7,34
IWA_AP,2025-01-26,69.8,39.2,35
IWA_AP,2025-01-27,60.8,37.4,33
IWA_AP,2025-01-28,59.0,41.0,35
IWA_AP,2025-01-29,51.8,39.2,34
IWA_AP,2025-01-30,59.0,37.4,35
IWA_AP,2025-01-31,64.4,35.6,33
IWA_AP,2025-02-01,71.6,39.2,35
IWA_AP,2025-02-02,78.8,43.9,33
IWA_AP,2025-02-03,82.4,46.4,35
IWA_AP,2025-02-04,84.2,51.8,35
IWA_AP,2025-02-05,78.8,48.2,35
IWA_AP,2025-02-06,77.0,46.4,34
IWA_AP,2025-02-07,75.2,48.2,33
IWA_AP,2025-02-08,75.2,50.0,35
IWA_AP,2025-02-09,73.4,50.0,35
IWA_AP,2025-02-10,75.2,50.0,33
IWA_AP,2025-02-11,68.0,49.3,35
IWA_AP,2025-02-12,60.8,46.8,35
IWA_AP,2025-02-13,69.8,42.8,32
IWA_AP,2025-02-14,71.6,53.6,34
IWA_AP,2025-02-15,68.0,42.8,35
IWA_AP,2025-02-16,73.4,44.6,34
IWA_AP,2025-02-17,73.4,48.2,35
IWA_AP,2025-02-18,73.4,46.4,35
IWA_AP,2025-02-19,77.0,44.6,35
IWA_AP,2025-02-20,75.2,46.4,35
IWA_AP,2025-02-21,75.2,42.8,35
IWA_AP,2025-02-22,75.2,44.6,35
IWA_AP,2025-02-23,78.8,44.6,34
IWA_AP,2025-02-24,98.6,48.2,33
IWA_AP,2025-02-25,86.0,48.2,34
IWA_AP,2025-02-26,84.2,53.6,33
IWA_AP,2025-02-27,80.6,50.0,34
IWA_AP,2025-02-28,78.8,50.0,33
IWA_AP,2025-03-01,80.6,48.2,37
IWA_AP,2025-03-02,75.2,48.2,34
IWA_AP,2025-03-03,67.1,48.2,33
IWA_AP,2025-03-04,68.0,42.6,33
IWA_AP,2025-03-05,75.2,42.8,28
IWA_AP,2025-03-06,68.0,57.2,35
IWA_AP,2025-03-07,59.0,44.6,37
IWA_AP,2025-03-08,64.4,44.6,34
IWA_AP,2025-03-09,75.2,42.8,34
IWA_AP,2025-03-10,80.6,48.2,34
IWA_AP,2025-03-11,77.0,53.6,34
IWA_AP,2025-03-12,69.8,55.4,33
IWA_AP,2025-03-13,71.6,48.2,34
IWA_AP,2025-03-14,55.4,42.4,34
IWA_AP,2025-03-15,62.6,44.6,34
IWA_AP,2025-03-16,73.4,42.8,33
IWA_AP,2025-03-17,78.8,51.8,34
IWA_AP,2025-03-18,68.0,55.4,35
IWA_AP,2025-03-19,68.0,44.2,33
IWA_AP,2025-03-20,77.0,42.8,33
IWA_AP,2025-03-21,80.6,46.4,34
IWA_AP,2025-03-22,82.4,51.6,31
IWA_AP,2025-03-23,84.2,53.6,34
IWA_AP,2025-03-24,91.4,59.5,32
IWA_AP,2025-03-25,95.0,60.8,34
IWA_AP,2025-03-26,89.6,65.5,33
IWA_AP,2025-03-27,89.6,62.6,34
IWA_AP,2025-03-28,82.4,60.8,33
IWA_AP,2025-03-29,78.8,57.2,34
IWA_AP,2025-03-30,78.8,53.6,33
IWA_AP,2025-03-31,82.4,55.4,33
IWA_AP,2025-04-01,70.9,59.0,34
IWA_AP,2025-04-02,64.4,53.6,34
IWA_AP,2025-04-03,66.2,46.0,34
IWA_AP,2025-04-04,68.0,51.8,33
IWA_AP,2025-04-05,73.4,48.2,37
IWA_AP,2025-04-06,75.2,53.6,33
IWA_AP,2025-04-07,82.4,51.8,34
IWA_AP,2025-04-08,89.6,55.4,33
IWA_AP,2025-04-09,93.2,59.0,34
IWA_AP,2025-04-10,95.0,60.8,32
IWA_AP,2025-04-11,96.8,63.1,34
IWA_AP,2025-04-12,96.8,60.8,34
IWA_AP,2025-04-13,91.4,66.2,34
IWA_AP,2025-04-14,91.4,64.4,34
IWA_AP,2025-04-15,91.4,62.6,34
IWA_AP,2025-04-16,93.2,62.6,34
IWA_AP,2025-04-17,78.8,62.6,34
IWA_AP,2025-04-18,73.4,50.0,34
IWA_AP,2025-04-19,69.8,50.0,34
IWA_AP,2025-04-20,80.6,50.9,34
IWA_AP,2025-04-21,87.8,57.2,34
IWA_AP,2025-04-22,89.6,57.2,34
IWA_AP,2025-04-23,87.8,59.0,33
IWA_AP,2025-04-24,86.0,60.8,34
IWA_AP,2025-04-25,89.6,60.8,33
IWA_AP,2025-04-26,84.2,60.8,34
IWA_AP,2025-04-27,75.2,55.4,34
IWA_AP,2025-04-28,78.8,51.8,34
IWA_AP,2025-04-29,82.4,55.4,34
IWA_AP,2025-04-30,86.0,57.2,34
IWA_AP,2025-05-01,89.6,60.8,34
IWA_AP,2025-05-02,89.6,63.9,33
IWA_AP,2025-05-03,93.2,64.4,34
IWA_AP,2025-05-04,80.6,60.8,34
IWA_AP,2025-05-05,69.8,55.2,34
IWA_AP,2025-05-06,71.6,59.0,33
IWA_AP,2025-05-07,80.6,57.2,33
IWA_AP,2025-05-08,89.6,59.0,34
IWA_AP,2025-05-09,100.4,66.7,34
IWA_AP,2025-05-10,98.6,76.1,33
IWA_AP,2025-05-11,100.4,69.8,34
IWA_AP,2025-05-12,98.6,75.2,33
IWA_AP,2025-05-13,87.8,69.8,34
IWA_AP,2025-05-14,80.6,62.6,32
IWA_AP,2025-05-15,86.0,59.0,34
IWA_AP,2025-05-16,91.4,60.8,33
IWA_AP,2025-05-17,91.4,62.6,34
IWA_AP,2025-05-18,84.2,64.4,34
IWA_AP,2025-05-19,91.4,62.6,34
IWA_AP,2025-05-20,95.0,66.0,33
IWA_AP,2025-05-21,98.6,64.4,34
IWA_AP,2025-05-22,104.0,69.4,34
IWA_AP,2025-05-23,100.4,69.1,34
IWA_AP,2025-05-24,96.8,71.6,34
IWA_AP,2025-05-25,93.2,68.5,34
IWA_AP,2025-05-26,96.8,66.2,34
IWA_AP,2025-05-27,96.8,66.2,33
IWA_AP,2025-05-28,100.4,66.2,34
IWA_AP,2025-05-29,98.6,73.2,34
IWA_AP,2025-05-30,102.2,67.6,34
IWA_AP,2025-05-31,98.6,78.8,34
IWA_AP,2025-06-01,87.8,69.8,35
IWA_AP,2025-06-02,86.0,66.2,36
IWA_AP,2025-06-03,93.2,72.3,34
IWA_AP,2025-06-04,95.0,73.4,33
IWA_AP,2025-06-05,98.6,74.5,34
IWA_AP,2025-06-06,100.4,71.6,34
IWA_AP,2025-06-07,102.2,73.4,34
IWA_AP,2025-06-08,102.2,71.6,34
IWA_AP,2025-06-09,105.8,74.3,33
IWA_AP,2025-06-10,104.0,77.0,34
IWA_AP,2025-06-11,105.8,75.2,33
IWA_AP,2025-06-12,105.8,76.8,34
IWA_AP,2025-06-13,104.0,78.8,35
IWA_AP,2025-06-14,107.6,75.2,34
IWA_AP,2025-06-15,111.2,75.2,34
IWA_AP,2025-06-16,111.2,78.8,34
IWA_AP,2025-06-17,107.6,78.8,31
IWA_AP,2025-06-18,109.4,78.8,34
IWA_AP,2025-06-19,113.0,75.2,34
IWA_AP,2025-06-20,107.6,78.8,34
IWA_AP,2025-06-21,104.0,78.4,36
IWA_AP,2025-06-22,98.6,71.6,33
IWA_AP,2025-06-23,100.4,73.4,34
IWA_AP,2025-06-24,102.2,76.8,33
IWA_AP,2025-06-25,100.4,73.4,34
IWA_AP,2025-06-26,104.0,73.4,34
IWA_AP,2025-06-27,104.0,77.0,33
IWA_AP,2025-06-28,105.8,78.8,33
IWA_AP,2025-06-29,111.2,77.0,33
IWA_AP,2025-06-30,113.0,82.4,34
IWA_AP,2025-07-01,107.6,89.6,36
IWA_AP,2025-07-02,105.8,75.2,35
IWA_AP,2025-07-03,96.8,74.8,33
IWA_AP,2025-07-04,100.4,77.0,34
IWA_AP,2025-07-05,104.0,84.2,33
IWA_AP,2025-07-06,107.6,80.6,34
IWA_AP,2025-07-07,109.4,86.0,34
IWA_AP,2025-07-08,109.4,88.0,33
IWA_AP,2025-07-09,114.8,86.0,34
IWA_AP,2025-07-10,113.0,86.0,33
IWA_AP,2025-07-11,107.6,89.2,34
IWA_AP,2025-07-12,104.0,84.2,34
IWA_AP,2025-07-13,105.8,84.2,34
IWA_AP,2025-07-14,104.0,86.0,34
IWA_AP,2025-07-15,104.0,78.8,34
IWA_AP,2025-07-16,91.4,80.6,33
IWA_AP,2025-07-17,100.4,81.9,33
IWA_AP,2025-07-18,104.0,83.7,33
IWA_AP,2025-07-19,104.0,84.2,33
IWA_AP,2025-07-20,95.0,84.2,34
IWA_AP,2025-07-21,100.4,82.4,35
IWA_AP,2025-07-22,98.6,78.8,34
IWA_AP,2025-07-23,100.4,75.2,33
IWA_AP,2025-07-24,102.2,73.4,34
IWA_AP,2025-07-25,105.8,73.4,34
IWA_AP,2025-07-26,104.0,75.2,34
IWA_AP,2025-07-27,105.8,75.2,34
IWA_AP,2025-07-28,109.4,80.6,34
IWA_AP,2025-07-29,107.6,83.8,34
IWA_AP,2025-07-30,109.4,82.4,32
IWA_AP,2025-07-31,107.6,84.2,33
IWA_AP,2025-08-01,107.6,83.7,33
IWA_AP,2025-08-02,111.2,84.2,34
IWA_AP,2025-08-03,109.4,80.4,34
IWA_AP,2025-08-04,109.4,80.6,34
IWA_AP,2025-08-05,111.2,84.2,34
IWA_AP,2025-08-06,113.0,84.2,34
IWA_AP,2025-08-07,114.8,89.1,33
IWA_AP,2025-08-08,111.2,84.2,34
IWA_AP,2025-08-09,107.6,89.1,34
IWA_AP,2025-08-10,104.0,86.0,34
IWA_AP,2025-08-11,109.4,87.8,33
IWA_AP,2025-08-12,107.6,87.4,34
IWA_AP,2025-08-13,107.6,86.0,34
IWA_AP,2025-08-14,104.0,80.6,35
IWA_AP,2025-08-15,98.6,75.2,34
IWA_AP,2025-08-16,100.4,77.0,34
IWA_AP,2025-08-17,100.4,80.6,34
IWA_AP,2025-08-18,102.2,80.6,34
IWA_AP,2025-08-19,104.0,82.2,29
IWA_AP,2025-08-20,109.4,83.8,34
IWA_AP,2025-08-21,109.4,87.8,34
IWA_AP,2025-08-22,107.6,84.6,34
IWA_AP,2025-08-23,107.6,86.0,34
IWA_AP,2025-08-24,105.8,87.8,34
