{"type": "FeatureCollection", "features": [{"type": "Feature", "geometry": {"type": "Polygon", "coordinates": [[[-111.4942, 33.4441], [-111.4942, 33.4514], [-111.4985, 33.4514], [-111.4985, 33.4441], [-111.5072, 33.4441], [-111.5072, 33.4514], [-111.5806, 33.4513], [-111.5807, 33.4213], [-111.5828, 33.4213], [-111.5828, 33.4187], [-111.5849, 33.4187], [-111.5849, 33.4164], [-111.5828, 33.416], [-111.5828, 33.4164], [-111.5807, 33.4169], [-111.5807, 33.3884], [-111.5804, 33.3877], [-111.579, 33.3877], [-111.579, 33.3861], [-111.5773, 33.3844], [-111.5763, 33.384], [-111.5763, 33.3788], [-111.5841, 33.3788], [-111.584, 33.3726], [-111.5678, 33.3726], [-111.5678, 33.369], [-111.5721, 33.369], [-111.5721, 33.3654], [-111.584, 33.3654], [-111.5834, 33.3073], [-111.5807, 33.3073], [-111.5806, 33.3001], [-111.5224, 33.3001], [-111.5241, 33.3034], [-111.526, 33.3135], [-111.5304, 33.3275], [-111.538, 33.3399], [-111.5457, 33.3509], [-111.4769, 33.3509], [-111.4768, 33.3825], [-111.4898, 33.3825], [-111.4898, 33.3861], [-111.4941, 33.3861], [-111.4942, 33.4079], [-111.5028, 33.4079], [-111.5028, 33.4296], [-111.4942, 33.4296], [-111.4942, 33.4441]], [[-111.5201, 33.3934], [-111.5158, 33.3934], [-111.5158, 33.3879], [-111.5201, 33.3879], [-111.5201, 33.3934]], [[-111.5244, 33.3897], [-111.5289, 33.3897], [-111.5289, 33.3877], [-111.5331, 33.3876], [-111.5331, 33.3915], [-111.5325, 33.3934], [-111.5244, 33.3934], [-111.5244, 33.3897]], [[-111.5634, 33.3861], [-111.5634, 33.3824], [-111.572, 33.3824], [-111.572, 33.3933], [-111.5648, 33.3933], [-111.5648, 33.3898], [-111.5634, 33.3898], [-111.5634, 33.3861]], [[-111.533, 33.384], [-111.5289, 33.3841], [-111.5289, 33.3861], [-111.5286, 33.3861], [-111.5286, 33.3848], [-111.5272, 33.3848], [-111.5272, 33.3853], [-111.5263, 33.3855], [-111.5263, 33.386], [-111.5244, 33.3861], [-111.5244, 33.3825], [-111.5287, 33.3825], [-111.5287, 33.3791], [-111.5289, 33.3825], [-111.533, 33.3825], [-111.533, 33.384]], [[-111.5158, 33.3861], [-111.5114, 33.3861], [-111.5114, 33.3852], [-111.5158, 33.3852], [-111.5158, 33.3861]], [[-111.532, 33.3797], [-111.5331, 33.3797], [-111.5331, 33.3791], [-111.5374, 33.3791], [-111.5374, 33.3825], [-111.5331, 33.382], [-111.5331, 33.3806], [-111.532, 33.3806], [-111.532, 33.3797]], [[-111.5396, 33.3906], [-111.5374, 33.3906], [-111.5374, 33.3888], [-111.5396, 33.3888], [-111.5396, 33.3906]]]}, "properties": {"CityName": "APACHE JUNCTION"}}, {"type": "Feature", "geometry": {"type": "Polygon", "coordinates": [[[-112.3196, 33.4936], [-112.3196, 33.4967], [-112.3238, 33.4968], [-112.3239, 33.5039], [-112.3281, 33.504], [-112.328, 33.4932], [-112.3436, 33.4932], [-112.3459, 33.4924], [-112.3522, 33.4883], [-112.3582, 33.4862], [-112.358, 33.4803], [-112.3553, 33.479], [-112.3411, 33.4787], [-112.3412, 33.45], [-112.3539, 33.4499], [-112.354, 33.4462], [-112.3498, 33.4462], [-112.3498, 33.4426], [-112.354, 33.4426], [-112.354, 33.4352], [-112.3563, 33.4352], [-112.3562, 33.4317], [-112.3539, 33.4317], [-112.3538, 33.4281], [-112.3523, 33.4281], [-112.35, 33.4291], [-112.3578, 33.4249], [-112.3573, 33.3919], [-112.3612, 33.3919], [-112.3612, 33.3775], [-112.3228, 33.3774], [-112.3449, 33.3775], [-112.3449, 33.3757], [-112.3666, 33.3756], [-112.3407, 33.3755], [-112.3407, 33.3718], [-112.3396, 33.3718], [-112.3396, 33.37], [-112.3407, 33.37], [-112.3407, 33.3628], [-112.358, 33.3627], [-112.3579, 33.2759], [-112.3406, 33.2759], [-112.3406, 33.2686], [-112.3493, 33.2686], [-112.3493, 33.2614], [-112.3061, 33.2613], [-112.3062, 33.3918], [-112.2891, 33.3921], [-112.2889, 33.3807], [-112.2898, 33.4498], [-112.2726, 33.4502], [-112.2724, 33.4937], [-112.3086, 33.4928], [-112.3236, 33.4929], [-112.3236, 33.4934], [-112.3196, 33.4936]], [[-112.3281, 33.4896], [-112.3281, 33.486], [-112.3281, 33.4887], [-112.3293, 33.4882], [-112.3306, 33.486], [-112.3311, 33.486], [-112.3297, 33.4883], [-112.3281, 33.489], [-112.3281, 33.4896]], [[-112.2877, 33.4727], [-112.2856, 33.4728], [-112.2856, 33.4754], [-112.2729, 33.4756], [-112.2729, 33.4748], [-112.2766, 33.4748], [-112.2766, 33.4719], [-112.2877, 33.4717], [-112.2877, 33.4727]], [[-112.3141, 33.4642], [-112.3141, 33.4677], [-112.312, 33.4677], [-112.312, 33.4656], [-112.314, 33.4656], [-112.3141, 33.4642]], [[-112.3076, 33.4663], [-112.3077, 33.4677], [-112.3068, 33.4677], [-112.3068, 33.4663], [-112.3076, 33.4663]], [[-112.2985, 33.4641], [-112.2985, 33.4641], [-112.2985, 33.4641], [-112.2985, 33.4641]], [[-112.29, 33.4612], [-112.29, 33.4629], [-112.29, 33.4605], [-112.29, 33.4612]], [[-112.2902, 33.4605], [-112.2941, 33.4607], [-112.2902, 33.4608], [-112.2902, 33.4605]], [[-112.3151, 33.4569], [-112.3152, 33.4573], [-112.3109, 33.458], [-112.3109, 33.4569], [-112.3151, 33.4569]], [[-112.3282, 33.4533], [-112.3281, 33.4533], [-112.3281, 33.4497], [-112.3282, 33.4533]], [[-112.3063, 33.4494], [-112.2984, 33.4496], [-112.2983, 33.4447], [-112.3006, 33.4447], [-112.3012, 33.4452], [-112.3013, 33.4468], [-112.3032, 33.4458], [-112.3063, 33.4461], [-112.3063, 33.4494]], [[-112.3308, 33.4425], [-112.3302, 33.436], [-112.3324, 33.436], [-112.3325, 33.446], [-112.3308, 33.446], [-112.3308, 33.4425]], [[-112.3061, 33.4364], [-112.2899, 33.4364], [-112.2898, 33.4356], [-112.3062, 33.4356], [-112.3061, 33.4364]], [[-112.3074, 33.4354], [-112.3151, 33.4354], [-112.3151, 33.4358], [-112.3067, 33.4358], [-112.3074, 33.4354]], [[-112.3239, 33.4353], [-112.3291, 33.4345], [-112.3324, 33.4345], [-112.3323, 33.428], [-112.3345, 33.428], [-112.3345, 33.4357], [-112.3239, 33.4358], [-112.3239, 33.4353]], [[-112.3408, 33.4281], [-112.3408, 33.428], [-112.3431, 33.4281], [-112.3408, 33.4281]], [[-112.3409, 33.4341], [-112.341, 33.4341], [-112.341, 33.4353], [-112.3409, 33.4341]], [[-112.3238, 33.4358], [-112.3152, 33.4358], [-112.3152, 33.4354], [-112.3237, 33.4354], [-112.3238, 33.4358]], [[-112.3406, 33.4237], [-112.3404, 33.421], [-112.3407, 33.421], [-112.3406, 33.4237]], [[-112.3407, 33.4209], [-112.3257, 33.4205], [-112.3426, 33.4207], [-112.3407, 33.4209]], [[-112.2898, 33.421], [-112.2897, 33.4209], [-112.3024, 33.4207], [-112.2898, 33.421]], [[-112.2978, 33.4207], [-112.2898, 33.4208], [-112.2897, 33.4186], [-112.2903, 33.4186], [-112.2902, 33.4173], [-112.306, 33.4169], [-112.3061, 33.4205], [-112.2978, 33.4207]], [[-112.3069, 33.4098], [-112.3069, 33.4104], [-112.3063, 33.4104], [-112.3063, 33.4098], [-112.3069, 33.4098]], [[-112.3021, 33.4098], [-112.2978, 33.4099], [-112.2978, 33.4079], [-112.2971, 33.4079], [-112.2971, 33.4065], [-112.3021, 33.4064], [-112.3021, 33.4098]], [[-112.2943, 33.4069], [-112.2936, 33.4069], [-112.2936, 33.4065], [-112.2943, 33.4064], [-112.2943, 33.4069]], [[-112.3021, 33.4044], [-112.3019, 33.3954], [-112.2893, 33.3955], [-112.2892, 33.3921], [-112.3063, 33.3919], [-112.3063, 33.3872], [-112.3091, 33.3808], [-112.3188, 33.3809], [-112.319, 33.3845], [-112.3229, 33.3845], [-112.3226, 33.3775], [-112.3572, 33.3777], [-112.3572, 33.3991], [-112.3406, 33.3989], [-112.3406, 33.3954], [-112.3147, 33.3954], [-112.3147, 33.3958], [-112.3104, 33.3958], [-112.3104, 33.4025], [-112.3061, 33.4025], [-112.3061, 33.4098], [-112.3023, 33.4098], [-112.3021, 33.4044]], [[-112.3082, 33.3813], [-112.3063, 33.3859], [-112.3063, 33.3808], [-112.3084, 33.3808], [-112.3082, 33.3813]], [[-112.3531, 33.4065], [-112.3489, 33.4062], [-112.3572, 33.4066], [-112.3531, 33.4065]]]}, "properties": {"CityName": "AVONDALE"}}, {"type": "Feature", "geometry": {"type": "Polygon", "coordinates": [[[-112.633, 33.2285], [-112.6402, 33.2285], [-112.6402, 33.228], [-112.6418, 33.2277], [-112.633, 33.2277], [-112.633, 33.2285]]]}, "properties": {"CityName": "BUCKEYE"}}, {"type": "Feature", "geometry": {"type": "Polygon", "coordinates": [[[-112.6676, 33.2177], [-112.6719, 33.2177], [-112.6719, 33.2068], [-112.6848, 33.2069], [-112.6848, 33.2033], [-112.6935, 33.2033], [-112.6934, 33.189], [-112.676, 33.1898], [-112.6675, 33.1892], [-112.676, 33.1897], [-112.6933, 33.1889], [-112.6934, 33.1789], [-112.6835, 33.1646], [-112.6812, 33.1661], [-112.6802, 33.1646], [-112.6829, 33.1634], [-112.6778, 33.1491], [-112.6673, 33.1492], [-112.6673, 33.1419], [-112.6587, 33.1419], [-112.6587, 33.1457], [-112.6415, 33.1458], [-112.6414, 33.16], [-112.6502, 33.16], [-112.6502, 33.1672], [-112.6328, 33.1673], [-112.6328, 33.1744], [-112.6415, 33.1744], [-112.6414, 33.1708], [-112.6503, 33.1708], [-112.6503, 33.2003], [-112.6485, 33.2031], [-112.6471, 33.2069], [-112.6464, 33.2109], [-112.6468, 33.2109], [-112.6463, 33.2112], [-112.6453, 33.2165], [-112.6458, 33.2166], [-112.6457, 33.217], [-112.6451, 33.217], [-112.645, 33.2176], [-112.6445, 33.2176], [-112.6438, 33.2213], [-112.6441, 33.2213], [-112.6425, 33.2319], [-112.6676, 33.2325], [-112.6676, 33.2177], [-112.659, 33.2177], [-112.659, 33.2104], [-112.6676, 33.2105], [-112.6676, 33.2177]], [[-112.659, 33.2004], [-112.659, 33.2032], [-112.6547, 33.2032], [-112.6547, 33.1962], [-112.6675, 33.1962], [-112.6676, 33.1996], [-112.659, 33.1997], [-112.659, 33.2004]]]}, "properties": {"CityName": "BUCKEYE"}}, {"type": "Feature", "geometry": {"type": "Polygon", "coordinates": [[[-112.5734, 33.3524], [-112.5778, 33.3523], [-112.5778, 33.3487], [-112.5821, 33.3487], [-112.5822, 33.3342], [-112.5908, 33.3342], [-112.5908, 33.3306], [-112.5955, 33.3305], [-112.5955, 33.327], [-112.6043, 33.3268], [-112.6043, 33.3232], [-112.6082, 33.3232], [-112.6082, 33.3196], [-112.6168, 33.3196], [-112.6168, 33.316], [-112.6231, 33.316], [-112.6376, 33.2468], [-112.6158, 33.2466], [-112.6158, 33.2273], [-112.6419, 33.2273], [-112.647, 33.2007], [-112.6464, 33.2006], [-112.6467, 33.1995], [-112.6417, 33.1995], [-112.6416, 33.1888], [-112.6329, 33.1887], [-112.6329, 33.1852], [-112.6416, 33.1852], [-112.6416, 33.1843], [-112.6426, 33.1843], [-112.6427, 33.1852], [-112.6459, 33.1852], [-112.6458, 33.1781], [-112.6286, 33.178], [-112.6285, 33.1527], [-112.6371, 33.1528], [-112.6372, 33.1419], [-112.6415, 33.142], [-112.6416, 33.1309], [-112.6152, 33.1305], [-112.6153, 33.1312], [-112.599, 33.1312], [-112.4959, 33.131], [-112.4958, 33.2325], [-112.5001, 33.2325], [-112.5001, 33.2252], [-112.5086, 33.2252], [-112.5086, 33.2325], [-112.5044, 33.2325], [-112.5044, 33.2397], [-112.5127, 33.2398], [-112.5127, 33.2904], [-112.556, 33.2906], [-112.5565, 33.3052], [-112.5562, 33.3341], [-112.5736, 33.3342], [-112.5734, 33.3524]], [[-112.633, 33.2176], [-112.6158, 33.2175], [-112.6158, 33.203], [-112.6417, 33.2031], [-112.6418, 33.2104], [-112.6331, 33.2103], [-112.633, 33.2176]]]}, "properties": {"CityName": "BUCKEYE"}}, {"type": "Feature", "geometry": {"type": "Polygon", "coordinates": [[[-112.6229, 33.3556], [-112.6246, 33.3554], [-112.6243, 33.352], [-112.6231, 33.352], [-112.6229, 33.3556]]]}, "properties": {"CityName": "BUCKEYE"}}, {"type": "Feature", "geometry": {"type": "Polygon", "coordinates": [[[-112.6425, 33.3512], [-112.6424, 33.3555], [-112.6511, 33.3555], [-112.6512, 33.3483], [-112.6425, 33.3484], [-112.6425, 33.3512]]]}, "properties": {"CityName": "BUCKEYE"}}, {"type": "Feature", "geometry": {"type": "Polygon", "coordinates": [[[-112.6197, 33.3682], [-112.6197, 33.3701], [-112.6228, 33.3694], [-112.6228, 33.3681], [-112.6197, 33.3682]]]}, "properties": {"CityName": "BUCKEYE"}}, {"type": "Feature", "geometry": {"type": "Polygon", "coordinates": [[[-112.6966, 33.3695], [-112.6943, 33.3697], [-112.6943, 33.3703], [-112.6986, 33.3703], [-112.6986, 33.3693], [-112.6966, 33.3695]]]}, "properties": {"CityName": "BUCKEYE"}}, {"type": "Feature", "geometry": {"type": "Polygon", "coordinates": [[[-112.6216, 33.3703], [-112.6213, 33.3711], [-112.6233, 33.3709], [-112.6233, 33.3702], [-112.6216, 33.3703]]]}, "properties": {"CityName": "BUCKEYE"}}, {"type": "Feature", "geometry": {"type": "Polygon", "coordinates": [[[-112.7073, 33.3713], [-112.7118, 33.3713], [-112.7118, 33.368], [-112.7088, 33.3683], [-112.7088, 33.3704], [-112.7073, 33.3704], [-112.7073, 33.3713]]]}, "properties": {"CityName": "BUCKEYE"}}, {"type": "Feature", "geometry": {"type": "Polygon", "coordinates": [[[-112.6682, 33.3718], [-112.6759, 33.371], [-112.6759, 33.3703], [-112.6683, 33.3703], [-112.6682, 33.3718]]]}, "properties": {"CityName": "BUCKEYE"}}, {"type": "Feature", "geometry": {"type": "Polygon", "coordinates": [[[-112.6079, 33.3723], [-112.6166, 33.3713], [-112.6166, 33.3703], [-112.608, 33.3703], [-112.6079, 33.3723]]]}, "properties": {"CityName": "BUCKEYE"}}, {"type": "Feature", "geometry": {"type": "Polygon", "coordinates": [[[-112.5932, 33.3723], [-112.5932, 33.3736], [-112.5938, 33.3735], [-112.5938, 33.3723], [-112.5932, 33.3723]]]}, "properties": {"CityName": "BUCKEYE"}}, {"type": "Feature", "geometry": {"type": "Polygon", "coordinates": [[[-112.6966, 33.3739], [-112.7027, 33.3739], [-112.7027, 33.3704], [-112.6943, 33.3704], [-112.6942, 33.3739], [-112.6966, 33.3739]]]}, "properties": {"CityName": "BUCKEYE"}}, {"type": "Feature", "geometry": {"type": "Polygon", "coordinates": [[[-112.6682, 33.3723], [-112.6423, 33.375], [-112.6422, 33.3775], [-112.6767, 33.3776], [-112.6768, 33.3728], [-112.6755, 33.3728], [-112.6755, 33.3716], [-112.6682, 33.3723]]]}, "properties": {"CityName": "BUCKEYE"}}, {"type": "Feature", "geometry": {"type": "Polygon", "coordinates": [[[-112.6769, 33.3715], [-112.6769, 33.3731], [-112.6812, 33.3731], [-112.6811, 33.3775], [-112.6854, 33.3775], [-112.6856, 33.3706], [-112.6769, 33.3715]]]}, "properties": {"CityName": "BUCKEYE"}}, {"type": "Feature", "geometry": {"type": "Polygon", "coordinates": [[[-112.7028, 33.3758], [-112.7028, 33.3775], [-112.704, 33.3775], [-112.704, 33.3758], [-112.7028, 33.3758]]]}, "properties": {"CityName": "BUCKEYE"}}, {"type": "Feature", "geometry": {"type": "Polygon", "coordinates": [[[-112.7119, 33.3774], [-112.7142, 33.3774], [-112.7142, 33.3741], [-112.7119, 33.3741], [-112.7119, 33.3774]]]}, "properties": {"CityName": "BUCKEYE"}}, {"type": "Feature", "geometry": {"type": "Polygon", "coordinates": [[[-112.6978, 33.3776], [-112.7016, 33.3775], [-112.7005, 33.3758], [-112.7027, 33.3758], [-112.7027, 33.374], [-112.6942, 33.374], [-112.6942, 33.3776], [-112.6978, 33.3776]]]}, "properties": {"CityName": "BUCKEYE"}}, {"type": "Feature", "geometry": {"type": "Polygon", "coordinates": [[[-112.7168, 33.3674], [-112.7158, 33.3675], [-112.7173, 33.3708], [-112.7174, 33.3757], [-112.7185, 33.3757], [-112.7185, 33.3774], [-112.7205, 33.3774], [-112.7205, 33.3704], [-112.7193, 33.3672], [-112.7168, 33.3674]]]}, "properties": {"CityName": "BUCKEYE"}}, {"type": "Feature", "geometry": {"type": "Polygon", "coordinates": [[[-112.5656, 33.3778], [-112.5656, 33.3788], [-112.5679, 33.3783], [-112.5679, 33.3777], [-112.5656, 33.3778]]]}, "properties": {"CityName": "BUCKEYE"}}, {"type": "Feature", "geometry": {"type": "Polygon", "coordinates": [[[-112.4869, 33.381], [-112.4869, 33.3791], [-112.4873, 33.3791], [-112.487, 33.3776], [-112.4854, 33.3776], [-112.4854, 33.3787], [-112.4844, 33.3787], [-112.4844, 33.3795], [-112.4833, 33.3795], [-112.4833, 33.381], [-112.4869, 33.381]]]}, "properties": {"CityName": "BUCKEYE"}}, {"type": "Feature", "geometry": {"type": "Polygon", "coordinates": [[[-112.554, 33.3812], [-112.555, 33.3812], [-112.555, 33.3807], [-112.554, 33.3807], [-112.554, 33.3812]]]}, "properties": {"CityName": "BUCKEYE"}}, {"type": "Feature", "geometry": {"type": "Polygon", "coordinates": [[[-112.5258, 33.3886], [-112.5287, 33.3886], [-112.5386, 33.3858], [-112.5386, 33.3777], [-112.5258, 33.3778], [-112.5258, 33.3886]], [[-112.5386, 33.383], [-112.5386, 33.3849], [-112.5376, 33.3849], [-112.5376, 33.383], [-112.5386, 33.383]]]}, "properties": {"CityName": "BUCKEYE"}}, {"type": "Feature", "geometry": {"type": "Polygon", "coordinates": [[[-112.6601, 33.3849], [-112.6601, 33.3885], [-112.6772, 33.3885], [-112.6772, 33.3777], [-112.6601, 33.3777], [-112.6601, 33.3849]]]}, "properties": {"CityName": "BUCKEYE"}}, {"type": "Feature", "geometry": {"type": "Polygon", "coordinates": [[[-112.53, 33.3921], [-112.5384, 33.3921], [-112.5385, 33.3888], [-112.5359, 33.3888], [-112.5359, 33.3882], [-112.5301, 33.3896], [-112.53, 33.3921]]]}, "properties": {"CityName": "BUCKEYE"}}, {"type": "Feature", "geometry": {"type": "Polygon", "coordinates": [[[-112.6427, 33.3849], [-112.6427, 33.3921], [-112.6513, 33.3921], [-112.6513, 33.3849], [-112.6556, 33.3849], [-112.6557, 33.3777], [-112.6428, 33.3777], [-112.6427, 33.3849]]]}, "properties": {"CityName": "BUCKEYE"}}, {"type": "Feature", "geometry": {"type": "Polygon", "coordinates": [[[-112.712, 33.3921], [-112.7163, 33.3921], [-112.7163, 33.3885], [-112.7249, 33.3885], [-112.7249, 33.392], [-112.7292, 33.392], [-112.7292, 33.3849], [-112.7229, 33.3849], [-112.7227, 33.3778], [-112.7119, 33.3777], [-112.712, 33.3921]]]}, "properties": {"CityName": "BUCKEYE"}}, {"type": "Feature", "geometry": {"type": "Polygon", "coordinates": [[[-112.712, 33.3921], [-112.7076, 33.3921], [-112.7075, 33.3777], [-112.6947, 33.3778], [-112.6947, 33.3884], [-112.6989, 33.3884], [-112.6989, 33.3919], [-112.6946, 33.392], [-112.6947, 33.3955], [-112.7033, 33.3956], [-112.7033, 33.3992], [-112.712, 33.3993], [-112.712, 33.3921]]]}, "properties": {"CityName": "BUCKEYE"}}, {"type": "Feature", "geometry": {"type": "Polygon", "coordinates": [[[-112.6644, 33.4067], [-112.6771, 33.4095], [-112.6772, 33.3993], [-112.6686, 33.3993], [-112.6686, 33.3922], [-112.66, 33.3922], [-112.66, 33.3949], [-112.662, 33.3949], [-112.662, 33.3958], [-112.6638, 33.3958], [-112.6638, 33.3994], [-112.6428, 33.3994], [-112.6429, 33.4047], [-112.6478, 33.4044], [-112.6644, 33.4067]]]}, "properties": {"CityName": "BUCKEYE"}}, {"type": "Feature", "geometry": {"type": "Polygon", "coordinates": [[[-112.4826, 33.4088], [-112.4826, 33.4102], [-112.4875, 33.4102], [-112.4875, 33.4138], [-112.496, 33.4138], [-112.496, 33.4102], [-112.4918, 33.4102], [-112.4918, 33.4067], [-112.4826, 33.4067], [-112.4826, 33.4088]]]}, "properties": {"CityName": "BUCKEYE"}}, {"type": "Feature", "geometry": {"type": "Polygon", "coordinates": [[[-112.4933, 33.4157], [-112.494, 33.4157], [-112.494, 33.4152], [-112.4933, 33.4152], [-112.4933, 33.4157]]]}, "properties": {"CityName": "BUCKEYE"}}, {"type": "Feature", "geometry": {"type": "Polygon", "coordinates": [[[-112.4962, 33.421], [-112.5041, 33.4211], [-112.5041, 33.4147], [-112.4962, 33.4146], [-112.4962, 33.421]]]}, "properties": {"CityName": "BUCKEYE"}}, {"type": "Feature", "geometry": {"type": "Polygon", "coordinates": [[[-112.5043, 33.414], [-112.5043, 33.4211], [-112.513, 33.4212], [-112.5129, 33.414], [-112.5043, 33.414]]]}, "properties": {"CityName": "BUCKEYE"}}, {"type": "Feature", "geometry": {"type": "Polygon", "coordinates": [[[-112.5314, 33.4212], [-112.5336, 33.4212], [-112.5336, 33.42], [-112.5311, 33.4204], [-112.5314, 33.4204], [-112.5314, 33.4212]]]}, "properties": {"CityName": "BUCKEYE"}}, {"type": "Feature", "geometry": {"type": "Polygon", "coordinates": [[[-112.5441, 33.4257], [-112.5447, 33.4259], [-112.545, 33.4253], [-112.5444, 33.4251], [-112.5441, 33.4257]]]}, "properties": {"CityName": "BUCKEYE"}}, {"type": "Feature", "geometry": {"type": "Polygon", "coordinates": [[[-112.548, 33.4259], [-112.549, 33.4255], [-112.5479, 33.4253], [-112.548, 33.4259]]]}, "properties": {"CityName": "BUCKEYE"}}, {"type": "Feature", "geometry": {"type": "Polygon", "coordinates": [[[-112.5427, 33.4257], [-112.5427, 33.4265], [-112.5432, 33.4265], [-112.5431, 33.4257], [-112.5427, 33.4257]]]}, "properties": {"CityName": "BUCKEYE"}}, {"type": "Feature", "geometry": {"type": "Polygon", "coordinates": [[[-112.5856, 33.4255], [-112.5851, 33.4256], [-112.5853, 33.4263], [-112.5859, 33.4262], [-112.5856, 33.4255]]]}, "properties": {"CityName": "BUCKEYE"}}, {"type": "Feature", "geometry": {"type": "Polygon", "coordinates": [[[-112.5492, 33.4262], [-112.5491, 33.4265], [-112.5496, 33.4265], [-112.5499, 33.4258], [-112.5495, 33.4256], [-112.5492, 33.4262]]]}, "properties": {"CityName": "BUCKEYE"}}, {"type": "Feature", "geometry": {"type": "Polygon", "coordinates": [[[-112.4771, 33.4283], [-112.4787, 33.4283], [-112.4787, 33.4267], [-112.4771, 33.4267], [-112.4771, 33.4283]]]}, "properties": {"CityName": "BUCKEYE"}}, {"type": "Feature", "geometry": {"type": "Polygon", "coordinates": [[[-112.5044, 33.4248], [-112.5044, 33.4284], [-112.5071, 33.4284], [-112.5093, 33.4278], [-112.5129, 33.4261], [-112.513, 33.4214], [-112.5043, 33.4213], [-112.5044, 33.4248]]]}, "properties": {"CityName": "BUCKEYE"}}, {"type": "Feature", "geometry": {"type": "Polygon", "coordinates": [[[-112.5482, 33.4267], [-112.5483, 33.4283], [-112.5488, 33.4283], [-112.5488, 33.4267], [-112.5482, 33.4267]]]}, "properties": {"CityName": "BUCKEYE"}}, {"type": "Feature", "geometry": {"type": "Polygon", "coordinates": [[[-112.6777, 33.4463], [-112.6819, 33.4463], [-112.6819, 33.4456], [-112.6777, 33.4455], [-112.6777, 33.4463]]]}, "properties": {"CityName": "BUCKEYE"}}, {"type": "Feature", "geometry": {"type": "Polygon", "coordinates": [[[-112.63, 33.45], [-112.6311, 33.45], [-112.63, 33.4497], [-112.63, 33.45]]]}, "properties": {"CityName": "BUCKEYE"}}, {"type": "Feature", "geometry": {"type": "Polygon", "coordinates": [[[-112.6862, 33.4498], [-112.6895, 33.4499], [-112.6895, 33.4482], [-112.6862, 33.4481], [-112.6862, 33.4498]]]}, "properties": {"CityName": "BUCKEYE"}}, {"type": "Feature", "geometry": {"type": "Polygon", "coordinates": [[[-112.6952, 33.4502], [-112.6951, 33.4509], [-112.6957, 33.4509], [-112.6957, 33.4502], [-112.6952, 33.4502]]]}, "properties": {"CityName": "BUCKEYE"}}, {"type": "Feature", "geometry": {"type": "Polygon", "coordinates": [[[-112.5555, 33.4502], [-112.5555, 33.452], [-112.5564, 33.452], [-112.5564, 33.4502], [-112.5555, 33.4502]]]}, "properties": {"CityName": "BUCKEYE"}}, {"type": "Feature", "geometry": {"type": "Polygon", "coordinates": [[[-112.6982, 33.454], [-112.6998, 33.4541], [-112.6998, 33.4526], [-112.6993, 33.4526], [-112.6993, 33.4533], [-112.6982, 33.4533], [-112.6982, 33.454]]]}, "properties": {"CityName": "BUCKEYE"}}, {"type": "Feature", "geometry": {"type": "Polygon", "coordinates": [[[-112.6783, 33.4539], [-112.6783, 33.4545], [-112.6788, 33.4545], [-112.6788, 33.4536], [-112.6783, 33.4539]]]}, "properties": {"CityName": "BUCKEYE"}}, {"type": "Feature", "geometry": {"type": "Polygon", "coordinates": [[[-112.6976, 33.4542], [-112.6976, 33.4549], [-112.6982, 33.4549], [-112.6982, 33.4542], [-112.6976, 33.4542]]]}, "properties": {"CityName": "BUCKEYE"}}, {"type": "Feature", "geometry": {"type": "Polygon", "coordinates": [[[-112.6987, 33.4549], [-112.6999, 33.4549], [-112.6999, 33.4542], [-112.6987, 33.4542], [-112.6987, 33.4549]]]}, "properties": {"CityName": "BUCKEYE"}}, {"type": "Feature", "geometry": {"type": "Polygon", "coordinates": [[[-112.5739, 33.4573], [-112.5824, 33.4573], [-112.5823, 33.4427], [-112.5802, 33.4427], [-112.5738, 33.4445], [-112.5738, 33.4463], [-112.5695, 33.4464], [-112.5695, 33.4454], [-112.563, 33.4455], [-112.563, 33.4473], [-112.5567, 33.4474], [-112.5567, 33.4502], [-112.5739, 33.4499], [-112.5739, 33.4573]]]}, "properties": {"CityName": "BUCKEYE"}}, {"type": "Feature", "geometry": {"type": "Polygon", "coordinates": [[[-112.4703, 33.4593], [-112.4712, 33.4593], [-112.4712, 33.4588], [-112.4703, 33.4588], [-112.4703, 33.4593]]]}, "properties": {"CityName": "BUCKEYE"}}, {"type": "Feature", "geometry": {"type": "Polygon", "coordinates": [[[-112.4659, 33.4602], [-112.4669, 33.4602], [-112.4669, 33.4593], [-112.4659, 33.4593], [-112.4659, 33.4602]]]}, "properties": {"CityName": "BUCKEYE"}}, {"type": "Feature", "geometry": {"type": "Polygon", "coordinates": [[[-112.4703, 33.4609], [-112.4712, 33.461], [-112.4712, 33.4606], [-112.4703, 33.4609]]]}, "properties": {"CityName": "BUCKEYE"}}, {"type": "Feature", "geometry": {"type": "Polygon", "coordinates": [[[-112.6885, 33.4627], [-112.6885, 33.4644], [-112.6907, 33.4644], [-112.6907, 33.4609], [-112.6885, 33.4609], [-112.6885, 33.4627]]]}, "properties": {"CityName": "BUCKEYE"}}, {"type": "Feature", "geometry": {"type": "Polygon", "coordinates": [[[-112.8331, 33.6679], [-112.8336, 33.6679], [-112.8331, 33.6671], [-112.8331, 33.6679]]]}, "properties": {"CityName": "BUCKEYE"}}, {"type": "Feature", "geometry": {"type": "Polygon", "coordinates": [[[-112.8196, 33.6099], [-112.8245, 33.6158], [-112.8252, 33.619], [-112.8277, 33.6251], [-112.8293, 33.6491], [-112.8286, 33.6563], [-112.8297, 33.6612], [-112.8316, 33.6643], [-112.8331, 33.6643], [-112.8331, 33.6665], [-112.834, 33.6679], [-112.8591, 33.6679], [-112.859, 33.6244], [-112.8417, 33.6244], [-112.8417, 33.6099], [-112.8196, 33.6099]]]}, "properties": {"CityName": "BUCKEYE"}}, {"type": "Feature", "geometry": {"type": "MultiPolygon", "coordinates": [[[[-112.4869, 33.381], [-112.4781, 33.3812], [-112.4784, 33.3919], [-112.4782, 33.3884], [-112.4696, 33.3884], [-112.4696, 33.3919], [-112.4615, 33.3918], [-112.4615, 33.3887], [-112.4623, 33.3887], [-112.4623, 33.3773], [-112.4776, 33.3774], [-112.4777, 33.3741], [-112.4718, 33.3747], [-112.4691, 33.3757], [-112.4691, 33.3773], [-112.4583, 33.3774], [-112.4583, 33.3738], [-112.4693, 33.36], [-112.4866, 33.36], [-112.4693, 33.3599], [-112.4583, 33.3738], [-112.4583, 33.3774], [-112.4623, 33.3774], [-112.4623, 33.3887], [-112.4615, 33.3887], [-112.4615, 33.4729], [-112.4616, 33.4751], [-112.4624, 33.4751], [-112.4624, 33.4755], [-112.4617, 33.4755], [-112.4617, 33.4791], [-112.4702, 33.4791], [-112.4702, 33.4719], [-112.4787, 33.472], [-112.4787, 33.4919], [-112.4756, 33.4919], [-112.4756, 33.4936], [-112.4701, 33.4936], [-112.4701, 33.497], [-112.474, 33.497], [-112.474, 33.495], [-112.4756, 33.495], [-112.4756, 33.4973], [-112.4788, 33.4973], [-112.4788, 33.5009], [-112.4961, 33.5009], [-112.4961, 33.5153], [-112.479, 33.5154], [-112.4789, 33.5228], [-112.4623, 33.5228], [-112.4639, 33.5261], [-112.4697, 33.526], [-112.4696, 33.5371], [-112.4796, 33.5371], [-112.4796, 33.5355], [-112.4801, 33.5355], [-112.4801, 33.5344], [-112.4813, 33.534], [-112.4818, 33.5352], [-112.4822, 33.5352], [-112.4822, 33.5337], [-112.4836, 33.5342], [-112.4836, 33.5335], [-112.4821, 33.5331], [-112.4821, 33.5326], [-112.4828, 33.5326], [-112.4828, 33.5321], [-112.485, 33.5321], [-112.4829, 33.5298], [-112.4837, 33.5295], [-112.4858, 33.5307], [-112.4858, 33.5298], [-112.4881, 33.5298], [-112.484, 33.5278], [-112.4858, 33.5268], [-112.4858, 33.525], [-112.4901, 33.5226], [-112.496, 33.5226], [-112.4962, 33.537], [-112.5483, 33.5373], [-112.5481, 33.5516], [-112.5872, 33.5519], [-112.5872, 33.5231], [-112.6256, 33.5229], [-112.6258, 33.5375], [-112.6084, 33.5374], [-112.6084, 33.5446], [-112.6258, 33.5447], [-112.6258, 33.5519], [-112.6692, 33.5519], [-112.6691, 33.6242], [-112.6431, 33.6243], [-112.6431, 33.6388], [-112.6258, 33.6388], [-112.6258, 33.6533], [-112.6084, 33.6533], [-112.6084, 33.6604], [-112.6264, 33.6603], [-112.6352, 33.6589], [-112.6582, 33.6569], [-112.6682, 33.6583], [-112.6719, 33.6582], [-112.6745, 33.6573], [-112.6772, 33.6556], [-112.6889, 33.6439], [-112.6907, 33.641], [-112.6912, 33.6388], [-112.6909, 33.6361], [-112.6873, 33.6294], [-112.6863, 33.6254], [-112.6861, 33.5755], [-112.6849, 33.5716], [-112.6791, 33.5611], [-112.6776, 33.5548], [-112.6772, 33.4936], [-112.6776, 33.4863], [-112.6775, 33.4647], [-112.6779, 33.4647], [-112.6781, 33.5554], [-112.6795, 33.5609], [-112.6854, 33.5715], [-112.6865, 33.575], [-112.6868, 33.6254], [-112.6877, 33.6292], [-112.6913, 33.6359], [-112.6915, 33.6399], [-112.6896, 33.6438], [-112.6778, 33.6557], [-112.6753, 33.6575], [-112.6727, 33.6584], [-112.6684, 33.6588], [-112.6582, 33.6575], [-112.6357, 33.6594], [-112.6275, 33.6607], [-112.6084, 33.6608], [-112.6084, 33.7114], [-112.6692, 33.7113], [-112.6692, 33.7242], [-112.6552, 33.7242], [-112.6552, 33.7385], [-112.6813, 33.7385], [-112.6813, 33.7287], [-112.6791, 33.7287], [-112.6791, 33.7262], [-112.6813, 33.7262], [-112.6813, 33.7242], [-112.6778, 33.7242], [-112.6778, 33.6968], [-112.6865, 33.6968], [-112.6865, 33.7041], [-112.6951, 33.7041], [-112.6951, 33.7114], [-112.7124, 33.7114], [-112.7124, 33.7242], [-112.7298, 33.7242], [-112.7298, 33.7114], [-112.7471, 33.7114], [-112.7471, 33.7242], [-112.8157, 33.7242], [-112.8157, 33.6679], [-112.8287, 33.6679], [-112.8287, 33.6643], [-112.8312, 33.6643], [-112.8291, 33.6608], [-112.8282, 33.656], [-112.829, 33.6492], [-112.8274, 33.6256], [-112.8239, 33.6154], [-112.8192, 33.6099], [-112.7818, 33.6098], [-112.7818, 33.5953], [-112.7472, 33.5953], [-112.7472, 33.588], [-112.7299, 33.588], [-112.7298, 33.5808], [-112.7125, 33.5808], [-112.7125, 33.5518], [-112.7298, 33.5517], [-112.7299, 33.5372], [-112.7472, 33.5372], [-112.7472, 33.5227], [-112.7385, 33.5227], [-112.7385, 33.5082], [-112.7298, 33.5082], [-112.7297, 33.5072], [-112.7288, 33.5072], [-112.7288, 33.5082], [-112.7223, 33.5082], [-112.7223, 33.5073], [-112.7211, 33.5073], [-112.7211, 33.4946], [-112.7221, 33.4946], [-112.7221, 33.4937], [-112.7232, 33.4937], [-112.7232, 33.4919], [-112.7297, 33.4918], [-112.7297, 33.49], [-112.7232, 33.49], [-112.7232, 33.4864], [-112.721, 33.4864], [-112.721, 33.4791], [-112.7123, 33.4792], [-112.7123, 33.4719], [-112.7123, 33.4648], [-112.7296, 33.4648], [-112.7297, 33.4864], [-112.7362, 33.4864], [-112.7362, 33.4928], [-112.7341, 33.4928], [-112.7341, 33.5009], [-112.7384, 33.5009], [-112.7384, 33.4937], [-112.747, 33.4937], [-112.747, 33.4835], [-112.7427, 33.4821], [-112.7427, 33.4828], [-112.7405, 33.4828], [-112.7405, 33.4855], [-112.7383, 33.4855], [-112.7383, 33.4791], [-112.7426, 33.4792], [-112.7427, 33.4818], [-112.747, 33.4831], [-112.7469, 33.4655], [-112.7436, 33.4655], [-112.7436, 33.4648], [-112.7469, 33.4648], [-112.7468, 33.4544], [-112.7555, 33.4564], [-112.7554, 33.4356], [-112.7511, 33.4356], [-112.751, 33.4193], [-112.7499, 33.4193], [-112.7499, 33.4174], [-112.751, 33.4174], [-112.751, 33.4138], [-112.7467, 33.4138], [-112.7465, 33.3776], [-112.7353, 33.363], [-112.7291, 33.3557], [-112.727, 33.3522], [-112.7217, 33.3485], [-112.715, 33.3339], [-112.6951, 33.3338], [-112.6951, 33.3334], [-112.6944, 33.3334], [-112.6939, 33.3334], [-112.6939, 33.3338], [-112.6772, 33.3338], [-112.6772, 33.3267], [-112.6426, 33.3349], [-112.6426, 33.3304], [-112.6598, 33.3303], [-112.6598, 33.3268], [-112.6728, 33.3267], [-112.6728, 33.3231], [-112.7031, 33.3231], [-112.7031, 33.3195], [-112.7117, 33.3195], [-112.7117, 33.3125], [-112.6945, 33.3124], [-112.6945, 33.316], [-112.6815, 33.3159], [-112.6815, 33.3124], [-112.6858, 33.3124], [-112.6858, 33.3142], [-112.6901, 33.3142], [-112.6902, 33.3089], [-112.7074, 33.3088], [-112.7075, 33.3052], [-112.7247, 33.3048], [-112.7247, 33.3067], [-112.7291, 33.3065], [-112.7291, 33.3084], [-112.7334, 33.3084], [-112.7334, 33.3102], [-112.7442, 33.3102], [-112.7442, 33.312], [-112.7507, 33.312], [-112.7507, 33.3082], [-112.7594, 33.3082], [-112.7594, 33.3046], [-112.7616, 33.3046], [-112.7616, 33.3028], [-112.7637, 33.3027], [-112.7637, 33.2902], [-112.7594, 33.2902], [-112.7593, 33.2759], [-112.7637, 33.2758], [-112.7635, 33.2724], [-112.7592, 33.2726], [-112.759, 33.2692], [-112.7631, 33.2692], [-112.7628, 33.2587], [-112.7499, 33.2588], [-112.7497, 33.2514], [-112.763, 33.2515], [-112.7631, 33.2334], [-112.7438, 33.2333], [-112.7438, 33.2353], [-112.7395, 33.2352], [-112.7396, 33.2333], [-112.7374, 33.2333], [-112.7375, 33.2299], [-112.7114, 33.2298], [-112.7114, 33.229], [-112.6849, 33.2289], [-112.6849, 33.2362], [-112.6503, 33.236], [-112.6503, 33.2612], [-112.6849, 33.2613], [-112.6849, 33.2758], [-112.6676, 33.2758], [-112.6676, 33.2907], [-112.66, 33.2907], [-112.66, 33.3052], [-112.6267, 33.3054], [-112.6235, 33.322], [-112.6239, 33.3393], [-112.6231, 33.3395], [-112.6228, 33.3304], [-112.6124, 33.3304], [-112.6124, 33.334], [-112.6208, 33.334], [-112.6208, 33.3376], [-112.6081, 33.3377], [-112.6081, 33.343], [-112.5998, 33.345], [-112.5998, 33.3486], [-112.5909, 33.3487], [-112.5906, 33.3558], [-112.5778, 33.3559], [-112.5778, 33.3596], [-112.5214, 33.3593], [-112.5044, 33.3594], [-112.5043, 33.36], [-112.4867, 33.3599], [-112.5044, 33.36], [-112.5044, 33.3594], [-112.5323, 33.3593], [-112.5323, 33.3629], [-112.5387, 33.3629], [-112.5388, 33.3594], [-112.5387, 33.3631], [-112.5559, 33.3632], [-112.5557, 33.3703], [-112.5385, 33.3702], [-112.5384, 33.3755], [-112.5351, 33.3755], [-112.5349, 33.3767], [-112.534, 33.3767], [-112.534, 33.3775], [-112.5469, 33.3774], [-112.5454, 33.3776], [-112.5455, 33.3789], [-112.5449, 33.3789], [-112.5448, 33.3776], [-112.539, 33.3777], [-112.5388, 33.3857], [-112.5429, 33.3842], [-112.5402, 33.3842], [-112.5402, 33.3836], [-112.5431, 33.3836], [-112.5431, 33.3841], [-112.5475, 33.3828], [-112.5475, 33.3812], [-112.5529, 33.3812], [-112.5529, 33.3776], [-112.5561, 33.3776], [-112.554, 33.3777], [-112.554, 33.3794], [-112.556, 33.3795], [-112.5562, 33.3811], [-112.5614, 33.3795], [-112.5614, 33.3777], [-112.5563, 33.3775], [-112.5692, 33.3774], [-112.5715, 33.3765], [-112.5709, 33.3758], [-112.572, 33.3758], [-112.5721, 33.3745], [-112.5731, 33.3746], [-112.573, 33.3759], [-112.5724, 33.3758], [-112.5714, 33.3771], [-112.5725, 33.3777], [-112.562, 33.3795], [-112.5576, 33.3811], [-112.552, 33.3816], [-112.5353, 33.3871], [-112.5282, 33.389], [-112.5216, 33.3896], [-112.5216, 33.3913], [-112.5228, 33.391], [-112.5228, 33.3896], [-112.5301, 33.3886], [-112.5331, 33.3886], [-112.5385, 33.3871], [-112.5388, 33.3861], [-112.5388, 33.3871], [-112.5474, 33.3851], [-112.5474, 33.3832], [-112.5521, 33.3817], [-112.5576, 33.3812], [-112.562, 33.3796], [-112.5722, 33.3779], [-112.573, 33.3778], [-112.573, 33.3796], [-112.5388, 33.3877], [-112.5387, 33.3922], [-112.5214, 33.3922], [-112.5214, 33.3914], [-112.5214, 33.3918], [-112.5041, 33.3959], [-112.479, 33.399], [-112.479, 33.3984], [-112.4917, 33.397], [-112.4917, 33.3963], [-112.496, 33.3939], [-112.4998, 33.3933], [-112.4998, 33.3959], [-112.5044, 33.3952], [-112.5214, 33.3912], [-112.5214, 33.3896], [-112.4964, 33.3937], [-112.4915, 33.3962], [-112.4899, 33.3959], [-112.4876, 33.3943], [-112.4846, 33.3939], [-112.4826, 33.3945], [-112.4826, 33.3958], [-112.4788, 33.3958], [-112.4787, 33.3979], [-112.4712, 33.3986], [-112.4615, 33.3974], [-112.4615, 33.3918], [-112.4781, 33.392], [-112.4781, 33.3949], [-112.4768, 33.3949], [-112.4767, 33.3969], [-112.4783, 33.3956], [-112.4784, 33.3884], [-112.4826, 33.3884], [-112.4826, 33.3942], [-112.485, 33.3936], [-112.4874, 33.394], [-112.4912, 33.3959], [-112.4964, 33.3935], [-112.505, 33.3921], [-112.5043, 33.3921], [-112.5043, 33.3885], [-112.5083, 33.3885], [-112.5084, 33.3916], [-112.5142, 33.3903], [-112.5214, 33.3894], [-112.5213, 33.3777], [-112.5128, 33.3777], [-112.5128, 33.3812], [-112.5085, 33.3812], [-112.5085, 33.3777], [-112.5041, 33.3776], [-112.5043, 33.3836], [-112.5085, 33.3836], [-112.5085, 33.3849], [-112.4998, 33.3848], [-112.4999, 33.3776], [-112.493, 33.3776], [-112.4924, 33.3782], [-112.4912, 33.3782], [-112.491, 33.3776], [-112.4885, 33.3776], [-112.4885, 33.381], [-112.4869, 33.381]], [[-112.4701, 33.4058], [-112.4701, 33.4029], [-112.4615, 33.4029], [-112.4615, 33.3976], [-112.4713, 33.3988], [-112.4789, 33.398], [-112.4789, 33.4065], [-112.5214, 33.4067], [-112.5214, 33.3922], [-112.5384, 33.3922], [-112.5386, 33.396], [-112.5345, 33.3959], [-112.5346, 33.3995], [-112.5388, 33.3997], [-112.5302, 33.3996], [-112.53, 33.3924], [-112.5216, 33.3924], [-112.5216, 33.4067], [-112.5389, 33.4066], [-112.5389, 33.4074], [-112.5365, 33.4074], [-112.5365, 33.4068], [-112.5215, 33.4068], [-112.5216, 33.4105], [-112.5231, 33.4105], [-112.5231, 33.4141], [-112.5217, 33.4141], [-112.5218, 33.4177], [-112.5303, 33.4174], [-112.5304, 33.4203], [-112.5389, 33.4188], [-112.5389, 33.4212], [-112.5278, 33.4215], [-112.5244, 33.4227], [-112.5176, 33.4243], [-112.5096, 33.428], [-112.5039, 33.4297], [-112.5005, 33.4318], [-112.5005, 33.4355], [-112.4961, 33.4355], [-112.4961, 33.4337], [-112.4907, 33.4356], [-112.4961, 33.4334], [-112.4961, 33.4285], [-112.4875, 33.4284], [-112.4875, 33.4373], [-112.4617, 33.4464], [-112.4616, 33.4247], [-112.4787, 33.4248], [-112.4787, 33.4212], [-112.4616, 33.4212], [-112.4787, 33.4211], [-112.4787, 33.4084], [-112.4766, 33.4084], [-112.4766, 33.4067], [-112.4616, 33.4067], [-112.4701, 33.4065], [-112.4701, 33.4058]], [[-112.625, 33.3897], [-112.6252, 33.3812], [-112.6249, 33.3778], [-112.6167, 33.3776], [-112.6167, 33.3812], [-112.6081, 33.3812], [-112.608, 33.3781], [-112.6124, 33.3779], [-112.608, 33.3779], [-112.6079, 33.3776], [-112.6079, 33.3781], [-112.5907, 33.3781], [-112.5908, 33.3771], [-112.6135, 33.3773], [-112.6249, 33.3762], [-112.6246, 33.3759], [-112.6247, 33.3741], [-112.624, 33.3712], [-112.6253, 33.3711], [-112.625, 33.3775], [-112.628, 33.3775], [-112.625, 33.3775], [-112.6253, 33.3711], [-112.6278, 33.3711], [-112.6273, 33.3724], [-112.6273, 33.3759], [-112.6596, 33.3727], [-112.66, 33.3658], [-112.6597, 33.3727], [-112.6681, 33.3718], [-112.6681, 33.3641], [-112.672, 33.3632], [-112.7142, 33.3633], [-112.7183, 33.3643], [-112.7243, 33.3631], [-112.7274, 33.3631], [-112.7274, 33.3658], [-112.7335, 33.3647], [-112.7335, 33.3636], [-112.7358, 33.3636], [-112.7465, 33.3776], [-112.7466, 33.4066], [-112.7434, 33.4066], [-112.7434, 33.4048], [-112.7423, 33.4048], [-112.7423, 33.4029], [-112.738, 33.403], [-112.738, 33.4002], [-112.7358, 33.4003], [-112.7358, 33.4012], [-112.7336, 33.4012], [-112.7337, 33.4066], [-112.7271, 33.4066], [-112.7271, 33.4003], [-112.7293, 33.4003], [-112.7292, 33.393], [-112.7271, 33.393], [-112.7271, 33.3957], [-112.7249, 33.3957], [-112.7249, 33.3922], [-112.7163, 33.3922], [-112.7163, 33.3945], [-112.7146, 33.3945], [-112.7146, 33.3939], [-112.7121, 33.3939], [-112.7121, 33.3954], [-112.7143, 33.3954], [-112.7143, 33.3966], [-112.7121, 33.3966], [-112.7121, 33.3977], [-112.7133, 33.3977], [-112.7133, 33.3993], [-112.7121, 33.3993], [-112.712, 33.4247], [-112.7034, 33.4244], [-112.7034, 33.4281], [-112.7122, 33.4283], [-112.7122, 33.4355], [-112.7056, 33.4353], [-112.7056, 33.4336], [-112.7036, 33.4335], [-112.7036, 33.4352], [-112.6948, 33.435], [-112.6946, 33.4134], [-112.6771, 33.4136], [-112.6771, 33.4098], [-112.6629, 33.4066], [-112.6476, 33.4046], [-112.6429, 33.405], [-112.6429, 33.4067], [-112.6426, 33.405], [-112.6343, 33.4065], [-112.629, 33.4085], [-112.6255, 33.4085], [-112.6255, 33.4064], [-112.6286, 33.4065], [-112.6278, 33.4065], [-112.6279, 33.4075], [-112.6311, 33.4076], [-112.6343, 33.4063], [-112.6426, 33.4048], [-112.6425, 33.3923], [-112.6383, 33.3923], [-112.6425, 33.3921], [-112.6425, 33.3849], [-112.6415, 33.3849], [-112.6415, 33.384], [-112.6425, 33.384], [-112.6425, 33.3778], [-112.6383, 33.3778], [-112.642, 33.3775], [-112.6421, 33.375], [-112.628, 33.3764], [-112.6281, 33.378], [-112.6271, 33.378], [-112.6274, 33.3885], [-112.6297, 33.3886], [-112.6297, 33.3922], [-112.6167, 33.3921], [-112.6242, 33.392], [-112.625, 33.3897]], [[-112.5908, 33.3893], [-112.5907, 33.3893], [-112.5907, 33.3885], [-112.5908, 33.3893]], [[-112.5908, 33.3849], [-112.5907, 33.3884], [-112.5906, 33.3847], [-112.5908, 33.3849]], [[-112.5902, 33.3856], [-112.5894, 33.3856], [-112.5894, 33.3849], [-112.5865, 33.3848], [-112.5906, 33.3848], [-112.5907, 33.3855], [-112.5902, 33.3856]], [[-112.584, 33.3847], [-112.5737, 33.3847], [-112.5737, 33.3838], [-112.5737, 33.3843], [-112.5757, 33.3843], [-112.5757, 33.3838], [-112.5756, 33.3824], [-112.5737, 33.3824], [-112.574, 33.3794], [-112.5736, 33.3794], [-112.5736, 33.3782], [-112.5744, 33.3784], [-112.5744, 33.3776], [-112.5777, 33.3776], [-112.5777, 33.3783], [-112.5782, 33.3783], [-112.5759, 33.3789], [-112.5781, 33.3794], [-112.5832, 33.3794], [-112.5832, 33.3803], [-112.5827, 33.3807], [-112.5839, 33.3812], [-112.584, 33.382], [-112.5819, 33.3813], [-112.5795, 33.383], [-112.5812, 33.3819], [-112.5839, 33.383], [-112.584, 33.3847]], [[-112.5734, 33.3795], [-112.573, 33.3779], [-112.5735, 33.3776], [-112.5734, 33.3795]], [[-112.5995, 33.3781], [-112.6001, 33.3781], [-112.6001, 33.3812], [-112.5995, 33.3812], [-112.5995, 33.3781]], [[-112.582, 33.3782], [-112.582, 33.3793], [-112.5811, 33.3793], [-112.5811, 33.3782], [-112.582, 33.3782]], [[-112.6041, 33.3819], [-112.6041, 33.3812], [-112.6056, 33.3812], [-112.6055, 33.3822], [-112.6077, 33.3822], [-112.6077, 33.3841], [-112.6066, 33.3841], [-112.6066, 33.3848], [-112.6041, 33.3848], [-112.6041, 33.3819]]], [[[-112.5913, 33.3765], [-112.5909, 33.3766], [-112.593, 33.3765], [-112.5913, 33.3765]], [[-112.5909, 33.3752], [-112.5914, 33.3752], [-112.5914, 33.3757], [-112.5909, 33.3757], [-112.5909, 33.3752]], [[-112.573, 33.3744], [-112.5731, 33.3745], [-112.5721, 33.3744], [-112.573, 33.3744]], [[-112.591, 33.3742], [-112.5909, 33.3736], [-112.5923, 33.3736], [-112.5923, 33.373], [-112.5909, 33.373], [-112.5911, 33.3706], [-112.5932, 33.3705], [-112.5932, 33.3722], [-112.5946, 33.3722], [-112.5946, 33.3705], [-112.5962, 33.3703], [-112.5979, 33.3703], [-112.5974, 33.3705], [-112.5974, 33.3718], [-112.5979, 33.3718], [-112.5979, 33.3703], [-112.6174, 33.3701], [-112.6174, 33.367], [-112.6166, 33.367], [-112.6166, 33.3666], [-112.6246, 33.3666], [-112.625, 33.3558], [-112.6082, 33.3559], [-112.6082, 33.363], [-112.6038, 33.363], [-112.6038, 33.3595], [-112.6075, 33.3595], [-112.6075, 33.3606], [-112.608, 33.3606], [-112.608, 33.3559], [-112.5909, 33.3559], [-112.6039, 33.3557], [-112.6038, 33.35], [-112.5998, 33.3498], [-112.6038, 33.3498], [-112.6038, 33.3486], [-112.5998, 33.3486], [-112.5998, 33.345], [-112.6167, 33.341], [-112.6167, 33.3485], [-112.6241, 33.3485], [-112.6231, 33.3395], [-112.6239, 33.3393], [-112.6243, 33.346], [-112.6248, 33.3485], [-112.6253, 33.3485], [-112.6254, 33.339], [-112.6771, 33.3267], [-112.6772, 33.3338], [-112.694, 33.3338], [-112.694, 33.3334], [-112.695, 33.3334], [-112.695, 33.3338], [-112.7149, 33.3339], [-112.7216, 33.3485], [-112.727, 33.3522], [-112.7291, 33.3557], [-112.7355, 33.3633], [-112.7238, 33.363], [-112.7183, 33.3642], [-112.7142, 33.3631], [-112.6725, 33.3629], [-112.66, 33.3658], [-112.6514, 33.3663], [-112.6425, 33.3681], [-112.6514, 33.3661], [-112.6597, 33.3656], [-112.6599, 33.3556], [-112.6271, 33.356], [-112.6271, 33.3685], [-112.6276, 33.3696], [-112.6369, 33.3684], [-112.6412, 33.3674], [-112.6422, 33.3674], [-112.6422, 33.3682], [-112.6384, 33.3692], [-112.6295, 33.3701], [-112.6282, 33.371], [-112.6164, 33.3715], [-112.6098, 33.3721], [-112.6037, 33.3735], [-112.5994, 33.3732], [-112.591, 33.3742]], [[-112.5756, 33.3631], [-112.5467, 33.3629], [-112.5467, 33.3618], [-112.5474, 33.3618], [-112.5474, 33.3594], [-112.5756, 33.3596], [-112.5756, 33.3631]], [[-112.5448, 33.3623], [-112.5448, 33.3629], [-112.5431, 33.3629], [-112.543, 33.3618], [-112.5448, 33.3618], [-112.5448, 33.3623]], [[-112.5907, 33.356], [-112.5778, 33.3561], [-112.5778, 33.3559], [-112.5907, 33.356]], [[-112.5998, 33.3498], [-112.5997, 33.3497], [-112.5998, 33.3497], [-112.5998, 33.3498]], [[-112.641, 33.3701], [-112.6336, 33.3702], [-112.6336, 33.3698], [-112.6382, 33.3693], [-112.6422, 33.3684], [-112.6421, 33.3701], [-112.641, 33.3701]], [[-112.6076, 33.3728], [-112.6081, 33.3727], [-112.6081, 33.3736], [-112.6076, 33.3736], [-112.6076, 33.3728]], [[-112.5948, 33.3741], [-112.5963, 33.374], [-112.5963, 33.3742], [-112.5948, 33.3741]], [[-112.7272, 33.4338], [-112.7262, 33.4338], [-112.7261, 33.4284], [-112.7294, 33.4284], [-112.7295, 33.4357], [-112.7381, 33.4356], [-112.7382, 33.4429], [-112.7403, 33.4429], [-112.7403, 33.4502], [-112.7339, 33.4502], [-112.7339, 33.4515], [-112.7282, 33.4502], [-112.7295, 33.4502], [-112.7295, 33.4429], [-112.7208, 33.4429], [-112.7208, 33.4447], [-112.7186, 33.4447], [-112.7186, 33.4465], [-112.7165, 33.4465], [-112.7165, 33.4392], [-112.7143, 33.4392], [-112.7143, 33.441], [-112.7121, 33.441], [-112.7128, 33.4468], [-112.7114, 33.4465], [-112.7117, 33.4439], [-112.712, 33.4439], [-112.712, 33.4357], [-112.71, 33.4357], [-112.71, 33.4392], [-112.7056, 33.4391], [-112.7056, 33.4355], [-112.6949, 33.4352], [-112.6948, 33.4407], [-112.6927, 33.4407], [-112.6927, 33.4423], [-112.6864, 33.4409], [-112.6864, 33.4352], [-112.6785, 33.4353], [-112.6948, 33.435], [-112.7273, 33.4357], [-112.7272, 33.4338]], [[-112.7186, 33.449], [-112.7339, 33.4524], [-112.7338, 33.4574], [-112.7468, 33.4574], [-112.7469, 33.4648], [-112.6813, 33.4646], [-112.6797, 33.4641], [-112.6797, 33.4646], [-112.6785, 33.4646], [-112.6785, 33.4637], [-112.6778, 33.4636], [-112.6778, 33.4632], [-112.6798, 33.4638], [-112.6798, 33.4627], [-112.6819, 33.4627], [-112.6819, 33.4609], [-112.6778, 33.4609], [-112.6778, 33.4581], [-112.6788, 33.4581], [-112.6788, 33.4573], [-112.6778, 33.4574], [-112.6778, 33.457], [-112.6788, 33.4571], [-112.6788, 33.4563], [-112.6778, 33.4563], [-112.6777, 33.4517], [-112.6797, 33.4517], [-112.6797, 33.45], [-112.6777, 33.4499], [-112.6829, 33.4499], [-112.6829, 33.4481], [-112.6807, 33.4481], [-112.6807, 33.4464], [-112.6777, 33.4463], [-112.6776, 33.4498], [-112.6786, 33.4498], [-112.6786, 33.4481], [-112.6797, 33.4481], [-112.6797, 33.4499], [-112.6777, 33.4498], [-112.6781, 33.4647], [-112.6775, 33.4647], [-112.6774, 33.4535], [-112.669, 33.4535], [-112.669, 33.4499], [-112.6773, 33.4499], [-112.6772, 33.4446], [-112.6731, 33.4445], [-112.6731, 33.4436], [-112.672, 33.4436], [-112.672, 33.4428], [-112.6667, 33.4427], [-112.6667, 33.4408], [-112.6602, 33.4407], [-112.6601, 33.4389], [-112.6537, 33.439], [-112.6537, 33.4372], [-112.6473, 33.4373], [-112.6473, 33.4364], [-112.6431, 33.4365], [-112.6431, 33.4355], [-112.6387, 33.4355], [-112.6387, 33.4392], [-112.643, 33.4392], [-112.6429, 33.4446], [-112.6408, 33.4446], [-112.6408, 33.4464], [-112.6414, 33.4464], [-112.6414, 33.4474], [-112.6386, 33.4474], [-112.6386, 33.4428], [-112.6343, 33.4427], [-112.6343, 33.4465], [-112.63, 33.4465], [-112.63, 33.4497], [-112.6429, 33.45], [-112.643, 33.4644], [-112.6257, 33.4644], [-112.6257, 33.45], [-112.6083, 33.45], [-112.6082, 33.4426], [-112.5953, 33.4427], [-112.5952, 33.4378], [-112.5985, 33.4382], [-112.5985, 33.4355], [-112.5952, 33.4355], [-112.5952, 33.4326], [-112.6081, 33.4287], [-112.6081, 33.4318], [-112.6148, 33.4318], [-112.6148, 33.431], [-112.6169, 33.4309], [-112.6169, 33.4282], [-112.62, 33.4282], [-112.6221, 33.4296], [-112.626, 33.43], [-112.6291, 33.4292], [-112.6317, 33.4293], [-112.6364, 33.4305], [-112.6441, 33.4336], [-112.6579, 33.4353], [-112.6731, 33.4387], [-112.6774, 33.4404], [-112.6821, 33.4407], [-112.7186, 33.449]], [[-112.6, 33.4795], [-112.5827, 33.4794], [-112.5827, 33.4646], [-112.5611, 33.4646], [-112.5611, 33.4684], [-112.5654, 33.4684], [-112.5654, 33.472], [-112.5697, 33.472], [-112.5697, 33.4829], [-112.561, 33.4829], [-112.561, 33.4756], [-112.5459, 33.4756], [-112.5459, 33.4792], [-112.5373, 33.4792], [-112.5373, 33.4755], [-112.5308, 33.4755], [-112.5308, 33.4681], [-112.5287, 33.4682], [-112.5287, 33.472], [-112.5254, 33.4719], [-112.5254, 33.4728], [-112.521, 33.4764], [-112.5181, 33.4739], [-112.5204, 33.4719], [-112.5222, 33.4686], [-112.5222, 33.4645], [-112.6, 33.4646], [-112.6, 33.4795]], [[-112.4897, 33.4792], [-112.4853, 33.4791], [-112.4853, 33.4756], [-112.4821, 33.4756], [-112.4821, 33.4738], [-112.481, 33.4738], [-112.481, 33.472], [-112.4789, 33.472], [-112.481, 33.4719], [-112.481, 33.4683], [-112.4831, 33.4684], [-112.4831, 33.4648], [-112.4955, 33.4649], [-112.4961, 33.4656], [-112.4962, 33.4721], [-112.4918, 33.4721], [-112.4918, 33.4756], [-112.4897, 33.4756], [-112.4897, 33.4792]], [[-112.4787, 33.4692], [-112.4787, 33.4701], [-112.4702, 33.4701], [-112.47, 33.4646], [-112.4787, 33.4649], [-112.4787, 33.4692]], [[-112.4765, 33.4646], [-112.4658, 33.4645], [-112.468, 33.4645], [-112.4676, 33.4629], [-112.4778, 33.4633], [-112.4778, 33.4638], [-112.4786, 33.4639], [-112.4786, 33.4645], [-112.4765, 33.4646]], [[-112.5386, 33.4576], [-112.5389, 33.4508], [-112.5864, 33.4355], [-112.5909, 33.4346], [-112.5908, 33.4439], [-112.5866, 33.4439], [-112.5866, 33.4472], [-112.5907, 33.4473], [-112.5911, 33.4645], [-112.5566, 33.4645], [-112.5566, 33.4574], [-112.5477, 33.4575], [-112.5478, 33.453], [-112.5442, 33.453], [-112.5442, 33.4557], [-112.5388, 33.4558], [-112.5387, 33.4643], [-112.5386, 33.4576]], [[-112.4876, 33.462], [-112.4873, 33.4576], [-112.4798, 33.4575], [-112.4957, 33.4575], [-112.4876, 33.4576], [-112.4876, 33.462]], [[-112.4767, 33.4617], [-112.4659, 33.462], [-112.4657, 33.4612], [-112.4642, 33.4612], [-112.4657, 33.461], [-112.4657, 33.4575], [-112.4702, 33.4575], [-112.4701, 33.4502], [-112.4786, 33.4502], [-112.4786, 33.4539], [-112.4767, 33.4539], [-112.4771, 33.4557], [-112.4767, 33.4557], [-112.4766, 33.4575], [-112.4767, 33.4588], [-112.4786, 33.4584], [-112.4786, 33.4593], [-112.4767, 33.4593], [-112.4767, 33.4617]], [[-112.462, 33.4611], [-112.4617, 33.461], [-112.462, 33.461], [-112.462, 33.4611]], [[-112.4961, 33.4503], [-112.4983, 33.4502], [-112.4983, 33.4539], [-112.4961, 33.4539], [-112.4961, 33.4572], [-112.4957, 33.4572], [-112.4957, 33.4521], [-112.4961, 33.4521], [-112.4961, 33.4503]], [[-112.5303, 33.4504], [-112.526, 33.4503], [-112.5376, 33.4503], [-112.5303, 33.4504]], [[-112.5045, 33.4569], [-112.5045, 33.4563], [-112.5045, 33.4575], [-112.5045, 33.4569]], [[-112.4797, 33.4574], [-112.4791, 33.4576], [-112.479, 33.4571], [-112.479, 33.4544], [-112.4801, 33.4543], [-112.4797, 33.4574]], [[-112.4958, 33.4577], [-112.4961, 33.4577], [-112.4961, 33.462], [-112.4958, 33.462], [-112.4958, 33.4577]], [[-112.5565, 33.4442], [-112.548, 33.447], [-112.5557, 33.4439], [-112.5563, 33.4429], [-112.5565, 33.4442]], [[-112.5566, 33.4436], [-112.5632, 33.4421], [-112.5566, 33.4442], [-112.5566, 33.4436]], [[-112.496, 33.4429], [-112.496, 33.4431], [-112.496, 33.4429], [-112.496, 33.4429]], [[-112.5856, 33.4347], [-112.5835, 33.4355], [-112.5817, 33.4355], [-112.5844, 33.4351], [-112.5844, 33.4336], [-112.5865, 33.4336], [-112.5856, 33.4347]], [[-112.5911, 33.4427], [-112.592, 33.4427], [-112.5912, 33.445], [-112.5911, 33.4427]], [[-112.591, 33.4451], [-112.5925, 33.4451], [-112.5925, 33.4464], [-112.591, 33.4464], [-112.591, 33.4451]], [[-112.591, 33.4498], [-112.591, 33.4483], [-112.5953, 33.4482], [-112.5953, 33.4501], [-112.591, 33.4501], [-112.591, 33.4498]], [[-112.5521, 33.461], [-112.5521, 33.4645], [-112.5477, 33.4644], [-112.5477, 33.461], [-112.5521, 33.461]], [[-112.4961, 33.4645], [-112.4958, 33.4646], [-112.4958, 33.4629], [-112.4961, 33.4629], [-112.4961, 33.4645]], [[-112.4876, 33.4646], [-112.4873, 33.4629], [-112.4876, 33.4629], [-112.4876, 33.4646]], [[-112.5129, 33.4646], [-112.5135, 33.4646], [-112.5135, 33.4647], [-112.5129, 33.4646]], [[-112.4957, 33.4648], [-112.496, 33.4648], [-112.496, 33.4654], [-112.4957, 33.4648]], [[-112.6796, 33.4629], [-112.6795, 33.4629], [-112.6795, 33.4627], [-112.6796, 33.4629]], [[-112.5736, 33.431], [-112.5735, 33.4318], [-112.5735, 33.43], [-112.5736, 33.431]], [[-112.5866, 33.4291], [-112.5855, 33.4291], [-112.5855, 33.4282], [-112.5866, 33.4282], [-112.5866, 33.4291]], [[-112.5561, 33.4284], [-112.5392, 33.4285], [-112.5392, 33.4238], [-112.5401, 33.4238], [-112.5401, 33.4234], [-112.5392, 33.4233], [-112.5392, 33.4214], [-112.5561, 33.4213], [-112.5561, 33.4267], [-112.5552, 33.4265], [-112.5549, 33.4273], [-112.5561, 33.4274], [-112.5561, 33.4284]], [[-112.6271, 33.4209], [-112.627, 33.4174], [-112.6296, 33.4166], [-112.6297, 33.4209], [-112.6254, 33.4212], [-112.6271, 33.4209]], [[-112.5415, 33.4212], [-112.5392, 33.4212], [-112.5392, 33.4205], [-112.5415, 33.4212]], [[-112.5434, 33.4181], [-112.5392, 33.4191], [-112.5482, 33.4166], [-112.5552, 33.4162], [-112.5553, 33.4139], [-112.5562, 33.4138], [-112.5561, 33.4174], [-112.5543, 33.4174], [-112.5543, 33.4166], [-112.5511, 33.4167], [-112.5511, 33.4175], [-112.5477, 33.4175], [-112.5477, 33.417], [-112.5434, 33.4181]], [[-112.5243, 33.415], [-112.5232, 33.415], [-112.5232, 33.4142], [-112.5243, 33.4142], [-112.5243, 33.415]], [[-112.5265, 33.4142], [-112.5276, 33.4142], [-112.5276, 33.415], [-112.5265, 33.415], [-112.5265, 33.4142]], [[-112.5564, 33.4145], [-112.5564, 33.4138], [-112.5628, 33.4138], [-112.5628, 33.4147], [-112.5717, 33.4129], [-112.5907, 33.4124], [-112.5713, 33.4132], [-112.5565, 33.4164], [-112.5564, 33.4145]], [[-112.5911, 33.4126], [-112.6021, 33.4122], [-112.6081, 33.413], [-112.6082, 33.4065], [-112.6082, 33.413], [-112.6125, 33.4136], [-112.6168, 33.4132], [-112.6125, 33.4138], [-112.6021, 33.4124], [-112.5911, 33.4126]], [[-112.5562, 33.4102], [-112.5488, 33.4103], [-112.5488, 33.4068], [-112.5563, 33.4067], [-112.5562, 33.4102]], [[-112.6168, 33.4064], [-112.6201, 33.4064], [-112.6216, 33.4114], [-112.622, 33.4113], [-112.6208, 33.4081], [-112.6208, 33.4064], [-112.6246, 33.4069], [-112.6254, 33.4101], [-112.6169, 33.4132], [-112.6168, 33.4064]], [[-112.5907, 33.41], [-112.5907, 33.4066], [-112.5908, 33.4066], [-112.5907, 33.41]], [[-112.5907, 33.4127], [-112.5907, 33.4126], [-112.5907, 33.4126], [-112.5907, 33.4127]], [[-112.6343, 33.4174], [-112.6386, 33.4174], [-112.6386, 33.4212], [-112.6365, 33.4212], [-112.6365, 33.4229], [-112.6386, 33.4229], [-112.6386, 33.4247], [-112.6343, 33.4247], [-112.6343, 33.4229], [-112.6363, 33.4229], [-112.6363, 33.4212], [-112.6343, 33.4212], [-112.6343, 33.4174]]], [[[-112.6468, 33.4209], [-112.6513, 33.4209], [-112.643, 33.421], [-112.6468, 33.4209]], [[-112.6601, 33.421], [-112.6774, 33.421], [-112.6773, 33.4352], [-112.6601, 33.4349], [-112.6601, 33.421]], [[-112.6327, 33.4283], [-112.6429, 33.4283], [-112.6429, 33.4305], [-112.6313, 33.4283], [-112.6327, 33.4283]], [[-112.5888, 33.428], [-112.5824, 33.4281], [-112.5824, 33.4272], [-112.5829, 33.4272], [-112.5828, 33.4264], [-112.5824, 33.4262], [-112.5835, 33.4261], [-112.583, 33.4254], [-112.5835, 33.4251], [-112.5877, 33.4237], [-112.5887, 33.4239], [-112.5888, 33.4262], [-112.5907, 33.4262], [-112.5898, 33.4264], [-112.5898, 33.4272], [-112.5893, 33.4272], [-112.5893, 33.4264], [-112.5888, 33.4264], [-112.5888, 33.428]], [[-112.5736, 33.4246], [-112.5735, 33.4246], [-112.5736, 33.4215], [-112.5736, 33.4246]], [[-112.5893, 33.4236], [-112.5898, 33.4236], [-112.5897, 33.4245], [-112.5893, 33.4245], [-112.5893, 33.4236]], [[-112.6773, 33.4359], [-112.6773, 33.4356], [-112.6773, 33.4356], [-112.6773, 33.4359]], [[-112.7207, 33.4485], [-112.7198, 33.4483], [-112.7208, 33.4483], [-112.7207, 33.4485]], [[-112.7221, 33.4356], [-112.7208, 33.4355], [-112.7235, 33.4356], [-112.7221, 33.4356]], [[-112.6286, 33.4063], [-112.6278, 33.4062], [-112.6286, 33.4062], [-112.6286, 33.4063]], [[-112.6221, 33.4063], [-112.6168, 33.4062], [-112.6168, 33.4062], [-112.6221, 33.4063]], [[-112.5661, 33.3994], [-112.5661, 33.4029], [-112.565, 33.4029], [-112.565, 33.3994], [-112.5661, 33.3994]], [[-112.5395, 33.4023], [-112.5395, 33.403], [-112.5391, 33.403], [-112.5391, 33.4022], [-112.5395, 33.4023]], [[-112.5477, 33.3995], [-112.539, 33.3997], [-112.5387, 33.3924], [-112.5477, 33.3925], [-112.5477, 33.3995]], [[-112.5952, 33.392], [-112.6013, 33.392], [-112.6013, 33.3955], [-112.5952, 33.3956], [-112.5952, 33.392]], [[-112.5908, 33.3923], [-112.5908, 33.3951], [-112.5908, 33.3922], [-112.5908, 33.3923]], [[-112.5738, 33.3975], [-112.5759, 33.3975], [-112.5759, 33.3993], [-112.5738, 33.3993], [-112.5738, 33.3975]], [[-112.5573, 33.3992], [-112.565, 33.3993], [-112.557, 33.3993], [-112.5573, 33.3992]], [[-112.5562, 33.392], [-112.5561, 33.3919], [-112.5562, 33.3919], [-112.5562, 33.392]], [[-112.5566, 33.392], [-112.565, 33.3919], [-112.565, 33.3919], [-112.5566, 33.392]], [[-112.4694, 33.421], [-112.4616, 33.421], [-112.4616, 33.4175], [-112.4701, 33.4175], [-112.4701, 33.421], [-112.4694, 33.421]], [[-112.4786, 33.4139], [-112.4786, 33.4157], [-112.4782, 33.4157], [-112.4782, 33.4139], [-112.4786, 33.4139]], [[-112.4929, 33.4865], [-112.4962, 33.4865], [-112.4962, 33.4937], [-112.4826, 33.4937], [-112.4826, 33.4917], [-112.4795, 33.4917], [-112.4795, 33.4937], [-112.4791, 33.4937], [-112.4791, 33.4866], [-112.4929, 33.4865]], [[-112.5309, 33.4896], [-112.5309, 33.4865], [-112.5481, 33.4865], [-112.5482, 33.4938], [-112.5309, 33.4937], [-112.5309, 33.4896]], [[-112.5309, 33.5082], [-112.5395, 33.5083], [-112.5395, 33.5227], [-112.5309, 33.5227], [-112.5309, 33.5082]], [[-112.5654, 33.5085], [-112.5827, 33.5086], [-112.5828, 33.5231], [-112.5655, 33.523], [-112.5654, 33.5085]], [[-112.7298, 33.6025], [-112.7298, 33.5952], [-112.7342, 33.5952], [-112.7343, 33.6025], [-112.7385, 33.6025], [-112.7385, 33.6097], [-112.7385, 33.6242], [-112.7298, 33.6243], [-112.7298, 33.6533], [-112.7211, 33.6533], [-112.7212, 33.6605], [-112.7167, 33.6605], [-112.7168, 33.6678], [-112.7124, 33.6678], [-112.7124, 33.6824], [-112.7038, 33.6823], [-112.7038, 33.6642], [-112.7082, 33.6642], [-112.7081, 33.6605], [-112.7124, 33.6606], [-112.7125, 33.6243], [-112.7211, 33.6243], [-112.7212, 33.6097], [-112.7298, 33.6097], [-112.7298, 33.6025]], [[-112.5601, 33.376], [-112.5602, 33.3775], [-112.5601, 33.3775], [-112.5601, 33.376]], [[-112.5559, 33.3775], [-112.5562, 33.3776], [-112.5519, 33.3777], [-112.5519, 33.3791], [-112.5518, 33.3776], [-112.5475, 33.3776], [-112.5475, 33.3792], [-112.547, 33.3792], [-112.547, 33.3774], [-112.5559, 33.3775]], [[-112.5564, 33.3774], [-112.5563, 33.3773], [-112.5565, 33.3774], [-112.5564, 33.3774]]]]}, "properties": {"CityName": "BUCKEYE"}}, {"type": "Feature", "geometry": {"type": "Polygon", "coordinates": [[[-112.6553, 33.7931], [-112.6552, 33.8113], [-112.6639, 33.8113], [-112.664, 33.7931], [-112.6596, 33.7931], [-112.6596, 33.7859], [-112.664, 33.7859], [-112.6639, 33.7677], [-112.6726, 33.7678], [-112.6726, 33.7532], [-112.6813, 33.7532], [-112.6813, 33.7389], [-112.6552, 33.7389], [-112.6553, 33.7931]]]}, "properties": {"CityName": "BUCKEYE"}}, {"type": "Feature", "geometry": {"type": "Polygon", "coordinates": [[[-111.8912, 33.8211], [-111.8912, 33.8572], [-111.9086, 33.8572], [-111.9086, 33.8428], [-111.926, 33.8427], [-111.926, 33.8282], [-111.9303, 33.8282], [-111.9303, 33.8264], [-111.9347, 33.8264], [-111.9347, 33.8258], [-111.9362, 33.8258], [-111.9362, 33.8245], [-111.939, 33.8245], [-111.939, 33.821], [-111.9433, 33.821], [-111.9433, 33.8137], [-111.9546, 33.8137], [-111.9564, 33.8101], [-111.9607, 33.8101], [-111.9607, 33.8044], [-111.9617, 33.8028], [-111.9651, 33.8028], [-111.9651, 33.7994], [-111.9381, 33.7994], [-111.934, 33.8003], [-111.9306, 33.7995], [-111.9283, 33.7994], [-111.9273, 33.8066], [-111.9209, 33.8065], [-111.9209, 33.806], [-111.9188, 33.807], [-111.9163, 33.8065], [-111.9108, 33.8065], [-111.9124, 33.8057], [-111.9158, 33.8056], [-111.9137, 33.8045], [-111.9117, 33.8041], [-111.9114, 33.8044], [-111.9114, 33.8034], [-111.9136, 33.8021], [-111.9135, 33.8015], [-111.9129, 33.8014], [-111.9104, 33.8034], [-111.9106, 33.8054], [-111.911, 33.8055], [-111.9106, 33.8068], [-111.9087, 33.8072], [-111.9086, 33.8139], [-111.8739, 33.8139], [-111.8739, 33.8251], [-111.8776, 33.8248], [-111.8825, 33.8228], [-111.8844, 33.8211], [-111.8912, 33.8211]]]}, "properties": {"CityName": "CAREFREE"}}, {"type": "Feature", "geometry": {"type": "Polygon", "coordinates": [[[-112.0304, 33.9006], [-112.0305, 33.8281], [-112.0294, 33.8281], [-112.0294, 33.8272], [-112.0283, 33.8272], [-112.0283, 33.8281], [-112.0228, 33.8281], [-112.0228, 33.8263], [-112.0218, 33.8263], [-112.0217, 33.7993], [-111.9716, 33.7991], [-111.9717, 33.7958], [-111.9743, 33.7955], [-111.9746, 33.7923], [-111.9695, 33.7921], [-111.9695, 33.7956], [-111.9673, 33.7956], [-111.9672, 33.794], [-111.969, 33.791], [-111.9683, 33.791], [-111.9684, 33.7883], [-111.9629, 33.7883], [-111.9629, 33.7909], [-111.9662, 33.791], [-111.9662, 33.792], [-111.9607, 33.792], [-111.9607, 33.7994], [-111.9651, 33.7994], [-111.9651, 33.8028], [-111.9617, 33.8028], [-111.9607, 33.8044], [-111.9607, 33.8101], [-111.9564, 33.8101], [-111.9545, 33.8138], [-111.9433, 33.8137], [-111.9433, 33.821], [-111.939, 33.821], [-111.939, 33.8245], [-111.9362, 33.8245], [-111.9362, 33.8258], [-111.9347, 33.8258], [-111.9347, 33.8264], [-111.9303, 33.8264], [-111.9303, 33.8282], [-111.926, 33.8282], [-111.926, 33.8427], [-111.9086, 33.8428], [-111.9086, 33.8645], [-111.9422, 33.8644], [-111.9422, 33.8662], [-111.9433, 33.8662], [-111.9433, 33.8876], [-111.9409, 33.8891], [-111.9421, 33.8904], [-111.9432, 33.8897], [-111.9431, 33.9006], [-112.0304, 33.9006]]]}, "properties": {"CityName": "CAVE CREEK"}}, {"type": "Feature", "geometry": {"type": "Polygon", "coordinates": [[[-111.7726, 33.221], [-111.7727, 33.2301], [-111.7651, 33.2302], [-111.7652, 33.2338], [-111.7557, 33.234], [-111.7642, 33.234], [-111.7642, 33.2486], [-111.7727, 33.2488], [-111.7728, 33.2522], [-111.7748, 33.2522], [-111.7748, 33.2526], [-111.777, 33.2526], [-111.777, 33.2486], [-111.7813, 33.2486], [-111.7813, 33.2503], [-111.7857, 33.2502], [-111.7857, 33.2556], [-111.7728, 33.2558], [-111.7729, 33.2634], [-111.7816, 33.263], [-111.7796, 33.27], [-111.775, 33.2739], [-111.7894, 33.2738], [-111.7894, 33.2921], [-111.7899, 33.2922], [-111.7899, 33.2992], [-111.7967, 33.2991], [-111.7967, 33.3028], [-111.794, 33.3028], [-111.794, 33.3059], [-111.7901, 33.3063], [-111.79, 33.3143], [-111.7984, 33.3142], [-111.7983, 33.3137], [-111.8067, 33.3137], [-111.8067, 33.3281], [-111.8241, 33.328], [-111.8242, 33.3389], [-111.833, 33.3388], [-111.8331, 33.3613], [-111.8416, 33.3613], [-111.8418, 33.3566], [-111.8936, 33.3564], [-111.8931, 33.3347], [-111.8934, 33.3276], [-111.9197, 33.3273], [-111.9197, 33.3237], [-111.928, 33.3237], [-111.928, 33.3201], [-111.937, 33.3201], [-111.937, 33.3237], [-111.9457, 33.3236], [-111.9458, 33.3273], [-111.9533, 33.3273], [-111.9558, 33.3199], [-111.9631, 33.3199], [-111.9633, 33.3271], [-111.9722, 33.3271], [-111.9722, 33.3061], [-111.9713, 33.3061], [-111.9711, 33.3051], [-111.9717, 33.3029], [-111.9717, 33.2945], [-111.9676, 33.2945], [-111.9677, 33.2908], [-111.8936, 33.2914], [-111.8931, 33.2324], [-111.8584, 33.2328], [-111.8584, 33.2038], [-111.8064, 33.2046], [-111.7553, 33.2047], [-111.7556, 33.2266], [-111.7684, 33.2265], [-111.7684, 33.2229], [-111.7726, 33.2229], [-111.7726, 33.221], [-111.7701, 33.221], [-111.7701, 33.2194], [-111.7725, 33.2194], [-111.7726, 33.221]], [[-111.7828, 33.2229], [-111.7846, 33.2229], [-111.7846, 33.2194], [-111.7857, 33.2194], [-111.7857, 33.2265], [-111.777, 33.2265], [-111.777, 33.2229], [-111.7828, 33.2229]], [[-111.7781, 33.2194], [-111.7781, 33.2202], [-111.7771, 33.2202], [-111.7771, 33.2193], [-111.7781, 33.2194]], [[-111.8125, 33.2192], [-111.8136, 33.2191], [-111.8136, 33.2226], [-111.8152, 33.2225], [-111.8152, 33.2191], [-111.8163, 33.2191], [-111.8163, 33.2225], [-111.8185, 33.2225], [-111.8185, 33.2203], [-111.8179, 33.2204], [-111.8185, 33.2202], [-111.8185, 33.219], [-111.8237, 33.219], [-111.8237, 33.226], [-111.8196, 33.2261], [-111.8196, 33.2288], [-111.8238, 33.2288], [-111.8237, 33.2297], [-111.8229, 33.2297], [-111.8229, 33.2315], [-111.8196, 33.2315], [-111.8196, 33.2306], [-111.8153, 33.2307], [-111.8153, 33.2316], [-111.8131, 33.2317], [-111.8131, 33.2335], [-111.8068, 33.2333], [-111.8067, 33.2228], [-111.8125, 33.2226], [-111.8125, 33.2192]], [[-111.8365, 33.2188], [-111.8368, 33.2188], [-111.837, 33.2252], [-111.8388, 33.2273], [-111.8388, 33.2283], [-111.8395, 33.2284], [-111.8395, 33.2294], [-111.841, 33.2294], [-111.8368, 33.23], [-111.8378, 33.2311], [-111.8368, 33.2314], [-111.8368, 33.2331], [-111.8411, 33.2332], [-111.8358, 33.2332], [-111.8359, 33.2249], [-111.8365, 33.2249], [-111.8365, 33.2188]], [[-111.8414, 33.2217], [-111.8411, 33.204], [-111.8412, 33.2149], [-111.8368, 33.2153], [-111.8368, 33.2184], [-111.8357, 33.2184], [-111.8357, 33.2175], [-111.8364, 33.2175], [-111.8364, 33.2119], [-111.8355, 33.2126], [-111.8345, 33.2152], [-111.8329, 33.2171], [-111.8329, 33.2185], [-111.8316, 33.2185], [-111.8325, 33.2172], [-111.8325, 33.2077], [-111.8282, 33.2078], [-111.8282, 33.2069], [-111.8238, 33.2069], [-111.8238, 33.2043], [-111.8584, 33.2038], [-111.8583, 33.2292], [-111.8498, 33.2293], [-111.8498, 33.2183], [-111.8459, 33.2183], [-111.8459, 33.2257], [-111.8414, 33.2258], [-111.8414, 33.2217]], [[-111.8411, 33.2175], [-111.8403, 33.2175], [-111.8403, 33.2184], [-111.839, 33.2184], [-111.839, 33.2167], [-111.8411, 33.2167], [-111.8411, 33.2175]], [[-111.8497, 33.233], [-111.8497, 33.235], [-111.8455, 33.235], [-111.8455, 33.2331], [-111.8497, 33.233]], [[-111.8023, 33.2336], [-111.8024, 33.2409], [-111.7959, 33.241], [-111.7959, 33.2337], [-111.798, 33.2337], [-111.798, 33.2315], [-111.7988, 33.2315], [-111.7987, 33.2337], [-111.8015, 33.2336], [-111.8015, 33.233], [-111.8023, 33.233], [-111.8023, 33.2336]], [[-111.8069, 33.2373], [-111.811, 33.2371], [-111.811, 33.2378], [-111.8068, 33.2379], [-111.8069, 33.2373]], [[-111.8048, 33.2409], [-111.8065, 33.2408], [-111.8065, 33.2418], [-111.8048, 33.2418], [-111.8048, 33.2409]], [[-111.7908, 33.2428], [-111.7896, 33.2448], [-111.7896, 33.2428], [-111.7906, 33.2428], [-111.7912, 33.2411], [-111.7918, 33.2411], [-111.7908, 33.2428]], [[-111.8252, 33.2442], [-111.8283, 33.2441], [-111.8283, 33.2469], [-111.8252, 33.2468], [-111.8252, 33.2462], [-111.8243, 33.2462], [-111.8252, 33.2459], [-111.8252, 33.2442]], [[-111.8314, 33.246], [-111.8316, 33.2452], [-111.8326, 33.2452], [-111.8326, 33.246], [-111.8314, 33.246]], [[-111.7992, 33.2469], [-111.7992, 33.2482], [-111.7981, 33.2482], [-111.7981, 33.2446], [-111.7992, 33.2446], [-111.7992, 33.2469]], [[-111.8008, 33.248], [-111.8008, 33.2472], [-111.8013, 33.2472], [-111.8013, 33.2482], [-111.8008, 33.248]], [[-111.8366, 33.2478], [-111.8369, 33.2478], [-111.837, 33.2622], [-111.837, 33.2658], [-111.8367, 33.2658], [-111.8367, 33.2586], [-111.8327, 33.2586], [-111.8327, 33.2551], [-111.825, 33.2552], [-111.8273, 33.2525], [-111.8293, 33.2479], [-111.8296, 33.2479], [-111.8276, 33.2526], [-111.8254, 33.2551], [-111.8302, 33.255], [-111.8302, 33.2545], [-111.8327, 33.2544], [-111.8326, 33.2514], [-111.8366, 33.2513], [-111.8366, 33.2478]], [[-111.7882, 33.2647], [-111.786, 33.2647], [-111.7859, 33.2631], [-111.7881, 33.2631], [-111.7882, 33.2647]], [[-111.8327, 33.2625], [-111.8351, 33.2625], [-111.8351, 33.2643], [-111.8328, 33.2643], [-111.8327, 33.2625]], [[-111.8122, 33.2625], [-111.8111, 33.2625], [-111.8111, 33.2616], [-111.8122, 33.2616], [-111.8122, 33.2625]], [[-111.8111, 33.2571], [-111.8069, 33.2572], [-111.8069, 33.2554], [-111.8111, 33.2553], [-111.8111, 33.2571]], [[-111.7917, 33.2556], [-111.7898, 33.2554], [-111.7897, 33.2547], [-111.7917, 33.2547], [-111.7917, 33.2556]], [[-111.7934, 33.2546], [-111.7938, 33.2546], [-111.7938, 33.2555], [-111.7934, 33.2555], [-111.7934, 33.2546]], [[-111.8137, 33.2553], [-111.8154, 33.2552], [-111.8154, 33.257], [-111.8137, 33.2571], [-111.8137, 33.2553]], [[-111.7904, 33.2525], [-111.7904, 33.253], [-111.7897, 33.2531], [-111.7897, 33.2519], [-111.7904, 33.2519], [-111.7904, 33.2525]], [[-111.8341, 33.2479], [-111.8348, 33.2479], [-111.8341, 33.2479], [-111.8341, 33.2479]], [[-111.7727, 33.241], [-111.7684, 33.2411], [-111.7684, 33.2404], [-111.7727, 33.2404], [-111.7727, 33.241]], [[-111.8052, 33.2427], [-111.8065, 33.2427], [-111.8065, 33.2431], [-111.8052, 33.2431], [-111.8052, 33.2427]], [[-111.8044, 33.2318], [-111.8023, 33.2318], [-111.8023, 33.2299], [-111.8064, 33.2299], [-111.8065, 33.2309], [-111.8044, 33.2311], [-111.8044, 33.2318], [-111.8055, 33.2318], [-111.8055, 33.2336], [-111.8044, 33.2336], [-111.8044, 33.2318]], [[-111.7981, 33.2299], [-111.798, 33.2302], [-111.798, 33.2298], [-111.7981, 33.2299]], [[-111.8195, 33.2334], [-111.8185, 33.2334], [-111.8185, 33.2325], [-111.8195, 33.2325], [-111.8195, 33.2334]], [[-111.8283, 33.2327], [-111.828, 33.226], [-111.8283, 33.226], [-111.8291, 33.2291], [-111.8286, 33.2312], [-111.8301, 33.2332], [-111.8283, 33.2331], [-111.8283, 33.2327]], [[-111.8238, 33.2278], [-111.8218, 33.2279], [-111.8218, 33.227], [-111.8238, 33.2269], [-111.8238, 33.2278]], [[-111.793, 33.2253], [-111.7943, 33.2264], [-111.7895, 33.2265], [-111.7895, 33.2221], [-111.792, 33.2221], [-111.792, 33.2194], [-111.796, 33.2194], [-111.796, 33.2206], [-111.7922, 33.2206], [-111.7922, 33.2237], [-111.793, 33.2253]], [[-111.8054, 33.2219], [-111.8065, 33.2218], [-111.8065, 33.2227], [-111.8054, 33.2226], [-111.8054, 33.2219]], [[-111.8244, 33.266], [-111.8285, 33.266], [-111.8285, 33.2697], [-111.8244, 33.2698], [-111.8244, 33.266]], [[-111.8239, 33.2681], [-111.824, 33.2709], [-111.8234, 33.2709], [-111.8234, 33.272], [-111.8177, 33.272], [-111.817, 33.2734], [-111.8177, 33.2708], [-111.8186, 33.2695], [-111.8216, 33.2675], [-111.8239, 33.2681]], [[-111.824, 33.2698], [-111.8241, 33.2698], [-111.8241, 33.2699], [-111.824, 33.2698]], [[-111.8414, 33.273], [-111.8421, 33.2721], [-111.8465, 33.272], [-111.8465, 33.2726], [-111.8457, 33.2726], [-111.8457, 33.2735], [-111.8415, 33.2736], [-111.8414, 33.2758], [-111.8393, 33.2758], [-111.8393, 33.2766], [-111.8343, 33.2766], [-111.8343, 33.2759], [-111.835, 33.2759], [-111.835, 33.2749], [-111.8367, 33.2749], [-111.8367, 33.2731], [-111.8371, 33.2731], [-111.837, 33.2751], [-111.8383, 33.2751], [-111.8414, 33.273]], [[-111.8329, 33.2805], [-111.833, 33.277], [-111.8401, 33.2769], [-111.8401, 33.2781], [-111.8372, 33.2781], [-111.837, 33.281], [-111.8394, 33.2809], [-111.8394, 33.2821], [-111.841, 33.2821], [-111.841, 33.2839], [-111.84, 33.2839], [-111.84, 33.2832], [-111.8394, 33.2832], [-111.8394, 33.2822], [-111.837, 33.2822], [-111.8368, 33.2841], [-111.8368, 33.2804], [-111.8329, 33.2805], [-111.8329, 33.2842], [-111.8288, 33.2843], [-111.829, 33.284], [-111.8264, 33.2835], [-111.8264, 33.2806], [-111.8329, 33.2805]], [[-111.8244, 33.2826], [-111.8244, 33.2841], [-111.8229, 33.2841], [-111.8228, 33.2835], [-111.8221, 33.2834], [-111.8221, 33.2824], [-111.8244, 33.2826]], [[-111.8163, 33.2825], [-111.8165, 33.2834], [-111.8156, 33.2832], [-111.8156, 33.282], [-111.8163, 33.2825]], [[-111.8221, 33.2843], [-111.824, 33.2844], [-111.824, 33.286], [-111.8221, 33.286], [-111.8221, 33.2843]], [[-111.8165, 33.2848], [-111.8156, 33.2861], [-111.8162, 33.2844], [-111.8167, 33.2844], [-111.8165, 33.2848]], [[-111.8062, 33.288], [-111.8062, 33.2875], [-111.8069, 33.2875], [-111.8067, 33.288], [-111.8062, 33.288]], [[-111.965, 33.2969], [-111.965, 33.2962], [-111.9661, 33.2962], [-111.9661, 33.2972], [-111.9675, 33.2972], [-111.9675, 33.2981], [-111.9632, 33.2981], [-111.965, 33.298], [-111.965, 33.2969]], [[-111.8503, 33.2987], [-111.85, 33.2989], [-111.85, 33.297], [-111.8503, 33.2987]], [[-111.8113, 33.3063], [-111.8242, 33.3061], [-111.8242, 33.3062], [-111.8113, 33.3063]], [[-111.8285, 33.3134], [-111.8328, 33.3134], [-111.8328, 33.3135], [-111.8285, 33.3134]], [[-111.8936, 33.3203], [-111.8936, 33.3275], [-111.8934, 33.3275], [-111.8936, 33.3203]], [[-111.8851, 33.3351], [-111.8921, 33.335], [-111.8923, 33.3421], [-111.8897, 33.3422], [-111.8897, 33.3492], [-111.8853, 33.3493], [-111.8851, 33.3351]], [[-111.8808, 33.3442], [-111.8809, 33.3493], [-111.8777, 33.3494], [-111.8777, 33.3486], [-111.8766, 33.3486], [-111.8766, 33.3431], [-111.8776, 33.3431], [-111.8776, 33.3424], [-111.8808, 33.3424], [-111.8808, 33.3442]]]}, "properties": {"CityName": "CHANDLER"}}, {"type": "Feature", "geometry": {"type": "Polygon", "coordinates": [[[-112.3119, 33.6271], [-112.3119, 33.6307], [-112.3248, 33.6308], [-112.3248, 33.6235], [-112.3298, 33.6235], [-112.3118, 33.6093], [-112.3305, 33.6235], [-112.3422, 33.6235], [-112.3418, 33.58], [-112.3504, 33.5801], [-112.3504, 33.5656], [-112.3418, 33.5655], [-112.3418, 33.5584], [-112.3503, 33.5585], [-112.3503, 33.5526], [-112.346, 33.5515], [-112.346, 33.5511], [-112.3157, 33.5508], [-112.3158, 33.5653], [-112.3186, 33.565], [-112.3186, 33.5653], [-112.3201, 33.5653], [-112.3202, 33.5727], [-112.3158, 33.5727], [-112.3159, 33.5872], [-112.3116, 33.5871], [-112.3073, 33.5944], [-112.3045, 33.6067], [-112.3108, 33.6089], [-112.3074, 33.6083], [-112.3074, 33.6089], [-112.3035, 33.6089], [-112.3031, 33.6107], [-112.3032, 33.6235], [-112.3118, 33.6235], [-112.3119, 33.6271]]]}, "properties": {"CityName": "EL MIRAGE"}}, {"type": "Feature", "geometry": {"type": "Polygon", "coordinates": [[[-111.7026, 33.6118], [-111.6987, 33.6403], [-111.7874, 33.6401], [-111.7874, 33.6114], [-111.7701, 33.6114], [-111.7701, 33.6057], [-111.7692, 33.6068], [-111.7672, 33.6056], [-111.764, 33.6052], [-111.7627, 33.6031], [-111.7615, 33.6032], [-111.7603, 33.6021], [-111.7572, 33.6003], [-111.7563, 33.5977], [-111.7572, 33.5949], [-111.7562, 33.5929], [-111.7561, 33.5917], [-111.758, 33.5921], [-111.7599, 33.5912], [-111.7614, 33.5897], [-111.7701, 33.5897], [-111.7701, 33.5679], [-111.7088, 33.5679], [-111.7026, 33.6118]]]}, "properties": {"CityName": "FOUNTAIN HILLS"}}, {"type": "Feature", "geometry": {"type": "Polygon", "coordinates": [[[-112.7177, 32.9709], [-112.7348, 32.9708], [-112.7365, 32.9632], [-112.7349, 32.9591], [-112.7348, 32.9567], [-112.7178, 32.9565], [-112.7177, 32.9601], [-112.7198, 32.9601], [-112.7198, 32.9674], [-112.7177, 32.9674], [-112.7177, 32.9709]]]}, "properties": {"CityName": "GILA BEND"}}, {"type": "Feature", "geometry": {"type": "Polygon", "coordinates": [[[-112.6494, 33.1018], [-112.6495, 33.1163], [-112.6667, 33.1164], [-112.6668, 33.1143], [-112.6652, 33.109], [-112.6582, 33.109], [-112.6581, 33.1017], [-112.667, 33.1018], [-112.6679, 33.0957], [-112.6669, 33.0871], [-112.658, 33.087], [-112.6579, 33.0818], [-112.6567, 33.0803], [-112.6523, 33.0774], [-112.6503, 33.0723], [-112.6616, 33.0725], [-112.6609, 33.0402], [-112.6656, 33.0401], [-112.6656, 33.0144], [-112.6658, 33.0165], [-112.6759, 33.0164], [-112.6759, 33.0202], [-112.6787, 33.0202], [-112.6786, 33.0145], [-112.7002, 33.0146], [-112.7002, 33.0], [-112.6916, 33.0], [-112.6917, 32.9928], [-112.7001, 32.9928], [-112.7003, 32.9856], [-112.7004, 32.9892], [-112.7035, 32.9892], [-112.7035, 32.9854], [-112.7251, 32.9851], [-112.7289, 32.9822], [-112.7332, 32.9818], [-112.7343, 32.9809], [-112.7346, 32.9711], [-112.7175, 32.9711], [-112.7175, 32.9564], [-112.7351, 32.9565], [-112.7352, 32.959], [-112.7367, 32.9632], [-112.7351, 32.9708], [-112.77, 32.9709], [-112.7873, 32.9709], [-112.787, 32.9563], [-112.8, 32.9562], [-112.8003, 32.9762], [-112.8045, 32.9762], [-112.8049, 32.9997], [-112.8221, 32.9998], [-112.8221, 32.9851], [-112.9085, 32.9845], [-112.9082, 32.97], [-112.8737, 32.9702], [-112.8732, 32.9629], [-112.839, 32.9632], [-112.8389, 32.9559], [-112.8217, 32.9561], [-112.8216, 32.9415], [-112.819, 32.9414], [-112.8189, 32.9307], [-112.8019, 32.9332], [-112.8019, 32.927], [-112.7329, 32.9273], [-112.7329, 32.9406], [-112.7341, 32.9413], [-112.7342, 32.9419], [-112.7349, 32.942], [-112.7349, 32.9431], [-112.7219, 32.9456], [-112.7219, 32.9419], [-112.7243, 32.9419], [-112.7242, 32.9325], [-112.7271, 32.9273], [-112.7285, 32.9273], [-112.7285, 32.9236], [-112.7155, 32.9236], [-112.7155, 32.9354], [-112.712, 32.9346], [-112.703, 32.9347], [-112.703, 32.9326], [-112.7009, 32.9322], [-112.7009, 32.9347], [-112.6901, 32.9347], [-112.6901, 32.9274], [-112.6601, 32.9274], [-112.66, 32.9346], [-112.6729, 32.9347], [-112.6729, 32.942], [-112.6471, 32.9419], [-112.6473, 32.9128], [-112.6558, 32.9128], [-112.6558, 32.9055], [-112.6643, 32.9055], [-112.6643, 32.9128], [-112.6901, 32.9128], [-112.6902, 32.891], [-112.6815, 32.891], [-112.6815, 32.8983], [-112.6729, 32.8983], [-112.673, 32.8837], [-112.6557, 32.8836], [-112.6558, 32.891], [-112.6471, 32.891], [-112.6469, 32.8837], [-112.6126, 32.8837], [-112.6126, 32.9419], [-112.6142, 32.9419], [-112.6142, 32.9564], [-112.6487, 32.9565], [-112.6486, 32.971], [-112.6745, 32.971], [-112.6745, 32.9855], [-112.6831, 32.9855], [-112.683, 33.0], [-112.6572, 33.0], [-112.6572, 33.0182], [-112.6562, 33.0218], [-112.653, 33.0218], [-112.6529, 33.029], [-112.6486, 33.029], [-112.6493, 33.0871], [-112.5988, 33.0871], [-112.5989, 33.1016], [-112.6494, 33.1018]], [[-112.6864, 32.971], [-112.6868, 32.971], [-112.6831, 32.9772], [-112.6831, 32.971], [-112.6864, 32.971]]]}, "properties": {"CityName": "GILA BEND"}}, {"type": "Feature", "geometry": {"type": "Polygon", "coordinates": [[[-111.7197, 33.385], [-111.7199, 33.3858], [-111.7277, 33.3858], [-111.7279, 33.3835], [-111.7271, 33.3794], [-111.8409, 33.3786], [-111.8421, 33.3765], [-111.8418, 33.3613], [-111.8331, 33.3613], [-111.8328, 33.3388], [-111.8242, 33.3389], [-111.8241, 33.328], [-111.8067, 33.3281], [-111.8067, 33.3137], [-111.804, 33.3137], [-111.804, 33.3149], [-111.8034, 33.3154], [-111.8034, 33.3147], [-111.8024, 33.3147], [-111.8022, 33.3163], [-111.8014, 33.3163], [-111.8014, 33.3168], [-111.7984, 33.3168], [-111.7984, 33.3157], [-111.8003, 33.3157], [-111.8003, 33.3147], [-111.7992, 33.3147], [-111.7992, 33.3143], [-111.79, 33.3143], [-111.7894, 33.2738], [-111.7747, 33.274], [-111.7793, 33.2701], [-111.7813, 33.2632], [-111.7729, 33.2634], [-111.7727, 33.2488], [-111.7642, 33.2486], [-111.7642, 33.234], [-111.7557, 33.234], [-111.7574, 33.2338], [-111.7556, 33.2336], [-111.7556, 33.2193], [-111.7469, 33.2191], [-111.7468, 33.2156], [-111.7489, 33.2156], [-111.7489, 33.212], [-111.7554, 33.212], [-111.7554, 33.2096], [-111.7469, 33.2096], [-111.7508, 33.2047], [-111.7307, 33.2047], [-111.7307, 33.2054], [-111.7291, 33.2054], [-111.7291, 33.2083], [-111.7204, 33.2083], [-111.7204, 33.2074], [-111.7193, 33.2074], [-111.7193, 33.2065], [-111.7161, 33.2065], [-111.7161, 33.2083], [-111.7151, 33.2083], [-111.7151, 33.2069], [-111.714, 33.2069], [-111.714, 33.2083], [-111.7118, 33.2083], [-111.7118, 33.2066], [-111.7161, 33.2064], [-111.7161, 33.2047], [-111.7107, 33.2047], [-111.7102, 33.2065], [-111.7032, 33.2065], [-111.7032, 33.2101], [-111.7118, 33.2101], [-111.7118, 33.2119], [-111.7161, 33.2119], [-111.7162, 33.2156], [-111.714, 33.2156], [-111.714, 33.2174], [-111.7129, 33.2174], [-111.7129, 33.2155], [-111.714, 33.2155], [-111.714, 33.2138], [-111.7118, 33.2138], [-111.7118, 33.2121], [-111.7075, 33.2121], [-111.7075, 33.2138], [-111.7032, 33.2138], [-111.7032, 33.2193], [-111.6945, 33.2194], [-111.6945, 33.2207], [-111.6955, 33.2206], [-111.6955, 33.2216], [-111.6945, 33.2216], [-111.6945, 33.2231], [-111.6923, 33.2232], [-111.6923, 33.2269], [-111.6881, 33.227], [-111.6881, 33.2342], [-111.7033, 33.2337], [-111.7032, 33.2412], [-111.7119, 33.2412], [-111.7119, 33.2448], [-111.7076, 33.2448], [-111.7075, 33.2481], [-111.7054, 33.2481], [-111.7054, 33.2448], [-111.7032, 33.2448], [-111.7032, 33.2485], [-111.6856, 33.2495], [-111.6866, 33.3013], [-111.6887, 33.3043], [-111.6889, 33.3054], [-111.6867, 33.3115], [-111.687, 33.3115], [-111.6869, 33.3299], [-111.6878, 33.3507], [-111.6881, 33.3795], [-111.7182, 33.3794], [-111.7181, 33.3858], [-111.719, 33.3858], [-111.7192, 33.3848], [-111.7197, 33.385]], [[-111.7116, 33.3791], [-111.7089, 33.3791], [-111.7088, 33.3771], [-111.7079, 33.3771], [-111.7078, 33.3758], [-111.7072, 33.3758], [-111.7077, 33.3739], [-111.7136, 33.3739], [-111.7136, 33.3758], [-111.7126, 33.3758], [-111.7126, 33.3771], [-111.7115, 33.3771], [-111.7116, 33.3791]], [[-111.7219, 33.3648], [-111.7218, 33.3639], [-111.7219, 33.3639], [-111.7219, 33.3648]], [[-111.7452, 33.3604], [-111.7452, 33.3609], [-111.7465, 33.3608], [-111.7465, 33.3618], [-111.7452, 33.3618], [-111.7452, 33.3627], [-111.7467, 33.3627], [-111.7467, 33.3618], [-111.7474, 33.3618], [-111.7475, 33.3646], [-111.7465, 33.3646], [-111.7463, 33.364], [-111.7431, 33.3646], [-111.743, 33.3605], [-111.7452, 33.3604], [-111.7451, 33.359], [-111.7437, 33.359], [-111.7429, 33.3575], [-111.7387, 33.3575], [-111.7387, 33.356], [-111.7424, 33.3563], [-111.7424, 33.3551], [-111.7406, 33.3551], [-111.7407, 33.3531], [-111.7428, 33.3532], [-111.7429, 33.3575], [-111.7473, 33.3575], [-111.7473, 33.3599], [-111.7466, 33.3599], [-111.7466, 33.3605], [-111.7452, 33.3604]], [[-111.7437, 33.3599], [-111.743, 33.3599], [-111.743, 33.3593], [-111.7437, 33.3593], [-111.7437, 33.3599]], [[-111.7383, 33.3531], [-111.7373, 33.3532], [-111.7373, 33.3522], [-111.7383, 33.3522], [-111.7383, 33.3531]], [[-111.7386, 33.3514], [-111.7393, 33.3514], [-111.7393, 33.3504], [-111.7427, 33.3504], [-111.7428, 33.3516], [-111.7399, 33.3514], [-111.7399, 33.3521], [-111.7406, 33.3521], [-111.7407, 33.353], [-111.7386, 33.353], [-111.7386, 33.3514]], [[-111.7418, 33.352], [-111.7428, 33.352], [-111.7428, 33.3525], [-111.7418, 33.3525], [-111.7418, 33.352]], [[-111.7393, 33.3504], [-111.7386, 33.3504], [-111.7386, 33.3503], [-111.7393, 33.3504]], [[-111.765, 33.3409], [-111.7643, 33.3409], [-111.7642, 33.3422], [-111.7641, 33.3414], [-111.7634, 33.3415], [-111.7634, 33.3409], [-111.7641, 33.3409], [-111.764, 33.3401], [-111.7627, 33.3401], [-111.7634, 33.3389], [-111.7643, 33.339], [-111.7643, 33.3372], [-111.7657, 33.338], [-111.7652, 33.3385], [-111.7657, 33.3389], [-111.7672, 33.339], [-111.7668, 33.3395], [-111.7673, 33.3398], [-111.7678, 33.3393], [-111.7683, 33.3396], [-111.7678, 33.3402], [-111.7684, 33.3405], [-111.7699, 33.3406], [-111.7694, 33.3412], [-111.7705, 33.3418], [-111.7709, 33.3413], [-111.7716, 33.3417], [-111.771, 33.3419], [-111.7714, 33.3427], [-111.7705, 33.3427], [-111.7704, 33.342], [-111.7691, 33.3412], [-111.7685, 33.3416], [-111.7685, 33.3422], [-111.7699, 33.3422], [-111.7699, 33.3427], [-111.7658, 33.3428], [-111.7658, 33.3422], [-111.7671, 33.3416], [-111.7671, 33.3409], [-111.7683, 33.3414], [-111.7689, 33.3411], [-111.7657, 33.3391], [-111.765, 33.3402], [-111.765, 33.3409], [-111.7657, 33.3409], [-111.7657, 33.3415], [-111.765, 33.3415], [-111.765, 33.3409]], [[-111.762, 33.3422], [-111.76, 33.3422], [-111.76, 33.3403], [-111.7606, 33.3403], [-111.7606, 33.3417], [-111.762, 33.3416], [-111.762, 33.3422]], [[-111.7615, 33.3409], [-111.7621, 33.3409], [-111.7621, 33.3415], [-111.7615, 33.3415], [-111.7615, 33.3409]], [[-111.7606, 33.3397], [-111.76, 33.3397], [-111.76, 33.3385], [-111.7606, 33.3385], [-111.7607, 33.3374], [-111.76, 33.3371], [-111.76, 33.3364], [-111.7618, 33.3361], [-111.7624, 33.337], [-111.7617, 33.3372], [-111.7615, 33.3388], [-111.7608, 33.3388], [-111.7606, 33.3397]], [[-111.7879, 33.3369], [-111.7886, 33.3362], [-111.7897, 33.3363], [-111.7897, 33.3373], [-111.7876, 33.3373], [-111.7879, 33.3369]], [[-111.7892, 33.3388], [-111.7896, 33.3388], [-111.7896, 33.3392], [-111.7892, 33.3388]], [[-111.7884, 33.3396], [-111.7896, 33.3401], [-111.7895, 33.341], [-111.7884, 33.341], [-111.7884, 33.3396]], [[-111.7727, 33.341], [-111.7718, 33.341], [-111.7718, 33.3401], [-111.7728, 33.3401], [-111.7727, 33.341]], [[-111.7719, 33.3427], [-111.7722, 33.3421], [-111.7728, 33.3424], [-111.7719, 33.3427]], [[-111.7, 33.3351], [-111.6978, 33.3351], [-111.6978, 33.3342], [-111.6999, 33.3342], [-111.7, 33.3351]], [[-111.6914, 33.3343], [-111.6893, 33.3343], [-111.6893, 33.3334], [-111.6881, 33.3334], [-111.688, 33.3325], [-111.6903, 33.3325], [-111.6903, 33.3335], [-111.6914, 33.3335], [-111.6914, 33.3343]], [[-111.6957, 33.3333], [-111.6973, 33.3333], [-111.6975, 33.3342], [-111.6957, 33.3342], [-111.6957, 33.3333]], [[-111.7555, 33.3308], [-111.7555, 33.3315], [-111.7522, 33.3294], [-111.7555, 33.3294], [-111.7555, 33.3308]], [[-111.7211, 33.3292], [-111.7208, 33.3293], [-111.7208, 33.3291], [-111.7211, 33.3292]], [[-111.7194, 33.3289], [-111.7191, 33.3287], [-111.7194, 33.3287], [-111.7194, 33.3289]], [[-111.7084, 33.3287], [-111.7043, 33.3288], [-111.7042, 33.3276], [-111.7084, 33.3276], [-111.7084, 33.3287]], [[-111.7502, 33.3279], [-111.7483, 33.3268], [-111.7509, 33.3241], [-111.7554, 33.3241], [-111.7554, 33.3261], [-111.7543, 33.3262], [-111.7543, 33.3267], [-111.7555, 33.3267], [-111.7555, 33.3271], [-111.7524, 33.3276], [-111.7524, 33.328], [-111.7535, 33.328], [-111.7535, 33.3285], [-111.7511, 33.3285], [-111.7502, 33.3279]], [[-111.748, 33.3266], [-111.7451, 33.3248], [-111.7451, 33.322], [-111.746, 33.322], [-111.7461, 33.3214], [-111.747, 33.3214], [-111.747, 33.3219], [-111.7528, 33.3214], [-111.748, 33.3266]], [[-111.7084, 33.3244], [-111.7084, 33.3251], [-111.7042, 33.3251], [-111.7042, 33.3242], [-111.7084, 33.3244]], [[-111.688, 33.3218], [-111.6872, 33.3219], [-111.6872, 33.3217], [-111.688, 33.3218]], [[-111.7819, 33.3208], [-111.7818, 33.32], [-111.7828, 33.32], [-111.7828, 33.3192], [-111.7833, 33.3192], [-111.7833, 33.32], [-111.7838, 33.32], [-111.7838, 33.3192], [-111.7859, 33.3192], [-111.7854, 33.3208], [-111.7849, 33.3208], [-111.7848, 33.32], [-111.7843, 33.32], [-111.7843, 33.3208], [-111.7819, 33.3208]], [[-111.7861, 33.3207], [-111.7861, 33.3192], [-111.7866, 33.3192], [-111.7866, 33.3208], [-111.7861, 33.3207]], [[-111.7871, 33.3192], [-111.7876, 33.3192], [-111.7876, 33.32], [-111.7882, 33.32], [-111.7882, 33.3208], [-111.7871, 33.3208], [-111.7871, 33.3192]], [[-111.7984, 33.319], [-111.7984, 33.3186], [-111.7994, 33.3186], [-111.7995, 33.3195], [-111.8006, 33.3194], [-111.8006, 33.3181], [-111.8016, 33.318], [-111.8016, 33.3177], [-111.8006, 33.3177], [-111.8006, 33.3172], [-111.8027, 33.3168], [-111.8026, 33.3185], [-111.8016, 33.3185], [-111.8013, 33.3208], [-111.7997, 33.3208], [-111.7997, 33.3201], [-111.799, 33.3201], [-111.799, 33.3195], [-111.7984, 33.3195], [-111.7984, 33.319]], [[-111.7896, 33.319], [-111.7881, 33.319], [-111.7881, 33.3182], [-111.7896, 33.3182], [-111.7896, 33.319]], [[-111.7871, 33.319], [-111.7861, 33.319], [-111.786, 33.3182], [-111.787, 33.3182], [-111.7871, 33.319]], [[-111.7859, 33.319], [-111.7838, 33.3191], [-111.7838, 33.3183], [-111.7858, 33.3182], [-111.7859, 33.319]], [[-111.7823, 33.3191], [-111.7818, 33.3191], [-111.7818, 33.3183], [-111.7823, 33.3183], [-111.7823, 33.3191]], [[-111.8021, 33.3194], [-111.8026, 33.3194], [-111.8026, 33.3202], [-111.8021, 33.3202], [-111.8021, 33.3194]], [[-111.697, 33.3144], [-111.6954, 33.3143], [-111.6971, 33.3143], [-111.697, 33.3144]], [[-111.7731, 33.3103], [-111.773, 33.3102], [-111.7731, 33.3102], [-111.7731, 33.3103]], [[-111.7871, 33.3101], [-111.7815, 33.3102], [-111.7815, 33.3097], [-111.7826, 33.3097], [-111.7826, 33.3085], [-111.7815, 33.3085], [-111.7815, 33.3067], [-111.7833, 33.3067], [-111.7833, 33.3075], [-111.7849, 33.3075], [-111.7849, 33.3067], [-111.787, 33.3066], [-111.787, 33.3075], [-111.7876, 33.3075], [-111.7876, 33.3066], [-111.7886, 33.3066], [-111.7887, 33.3074], [-111.7895, 33.3074], [-111.7895, 33.3101], [-111.7885, 33.3101], [-111.7882, 33.3084], [-111.7876, 33.3084], [-111.7876, 33.3091], [-111.7871, 33.3091], [-111.7871, 33.3101]], [[-111.7793, 33.3058], [-111.7793, 33.3063], [-111.773, 33.3064], [-111.773, 33.3058], [-111.7737, 33.3058], [-111.7737, 33.3053], [-111.773, 33.3053], [-111.773, 33.3046], [-111.7772, 33.3045], [-111.7772, 33.3058], [-111.7779, 33.3058], [-111.7779, 33.3052], [-111.7793, 33.3058], [-111.7793, 33.3051], [-111.7786, 33.3051], [-111.7786, 33.3045], [-111.7815, 33.3044], [-111.7815, 33.3052], [-111.7807, 33.3052], [-111.7807, 33.3057], [-111.7814, 33.3057], [-111.7813, 33.3063], [-111.78, 33.3063], [-111.78, 33.3058], [-111.7793, 33.3058]], [[-111.7383, 33.2996], [-111.7382, 33.3005], [-111.7369, 33.3005], [-111.7369, 33.2996], [-111.7297, 33.2996], [-111.7297, 33.2988], [-111.7286, 33.2988], [-111.7286, 33.2996], [-111.7213, 33.2996], [-111.7212, 33.2952], [-111.7221, 33.2952], [-111.7221, 33.2943], [-111.7253, 33.2942], [-111.7253, 33.2925], [-111.7296, 33.2925], [-111.7296, 33.2942], [-111.734, 33.2942], [-111.734, 33.2925], [-111.7347, 33.2925], [-111.7347, 33.2942], [-111.7383, 33.2941], [-111.7383, 33.2996]], [[-111.7124, 33.2937], [-111.7124, 33.2962], [-111.7081, 33.2962], [-111.708, 33.2938], [-111.7094, 33.2938], [-111.7094, 33.2927], [-111.7108, 33.2927], [-111.7108, 33.2931], [-111.7124, 33.2927], [-111.7124, 33.2937]], [[-111.771, 33.297], [-111.7728, 33.2959], [-111.7728, 33.2976], [-111.7696, 33.2976], [-111.771, 33.297]], [[-111.7647, 33.292], [-111.7641, 33.292], [-111.7641, 33.2913], [-111.7647, 33.2913], [-111.7647, 33.292]], [[-111.7658, 33.2913], [-111.7663, 33.2913], [-111.7663, 33.292], [-111.7658, 33.292], [-111.7658, 33.2913]], [[-111.7684, 33.2867], [-111.7684, 33.2849], [-111.7728, 33.2848], [-111.7728, 33.2856], [-111.7735, 33.2856], [-111.7735, 33.2862], [-111.7728, 33.2862], [-111.7727, 33.2898], [-111.7717, 33.2898], [-111.7717, 33.2902], [-111.7727, 33.2902], [-111.7721, 33.2919], [-111.7684, 33.2919], [-111.7684, 33.2867]], [[-111.7744, 33.2855], [-111.7742, 33.2848], [-111.7754, 33.2848], [-111.7754, 33.2857], [-111.7744, 33.2855]], [[-111.7772, 33.2848], [-111.7792, 33.2847], [-111.7792, 33.2857], [-111.7772, 33.2857], [-111.7772, 33.2848]], [[-111.7772, 33.2866], [-111.7792, 33.2866], [-111.7792, 33.287], [-111.7772, 33.287], [-111.7772, 33.2866]], [[-111.7771, 33.2883], [-111.7771, 33.2875], [-111.7792, 33.2875], [-111.7792, 33.2884], [-111.7771, 33.2883]], [[-111.7652, 33.2905], [-111.7641, 33.2905], [-111.7641, 33.2901], [-111.7652, 33.2901], [-111.7652, 33.2905]], [[-111.7018, 33.2904], [-111.7036, 33.2887], [-111.7037, 33.2904], [-111.7018, 33.2904]], [[-111.7641, 33.2889], [-111.7652, 33.2889], [-111.7652, 33.2897], [-111.7641, 33.2897], [-111.7641, 33.2889]], [[-111.7673, 33.285], [-111.7673, 33.2885], [-111.7641, 33.2885], [-111.7641, 33.2849], [-111.7673, 33.285]], [[-111.7749, 33.2814], [-111.7742, 33.2825], [-111.7733, 33.2824], [-111.7729, 33.2802], [-111.7752, 33.2802], [-111.7753, 33.2798], [-111.7729, 33.2798], [-111.7732, 33.2777], [-111.7759, 33.2777], [-111.7759, 33.2788], [-111.7749, 33.2814]], [[-111.7763, 33.2768], [-111.7764, 33.2774], [-111.7748, 33.2774], [-111.7741, 33.2765], [-111.7763, 33.2768]], [[-111.7244, 33.274], [-111.7206, 33.274], [-111.7206, 33.2718], [-111.7182, 33.2718], [-111.7227, 33.2682], [-111.7287, 33.2601], [-111.7296, 33.2581], [-111.7336, 33.258], [-111.7337, 33.2571], [-111.7296, 33.2571], [-111.7297, 33.2559], [-111.7348, 33.2559], [-111.7347, 33.2568], [-111.7358, 33.2568], [-111.7358, 33.2577], [-111.7381, 33.2577], [-111.7382, 33.2495], [-111.7392, 33.2495], [-111.7392, 33.2488], [-111.7446, 33.2487], [-111.7446, 33.2491], [-111.7451, 33.2491], [-111.7451, 33.2487], [-111.751, 33.2486], [-111.751, 33.2504], [-111.7489, 33.2504], [-111.7489, 33.2521], [-111.751, 33.2521], [-111.7509, 33.2558], [-111.7467, 33.2558], [-111.7467, 33.2567], [-111.7457, 33.2567], [-111.7456, 33.2549], [-111.7445, 33.2549], [-111.7445, 33.2558], [-111.7433, 33.2558], [-111.7433, 33.2552], [-111.7424, 33.2549], [-111.7402, 33.255], [-111.7397, 33.2568], [-111.7382, 33.2568], [-111.7382, 33.2577], [-111.7402, 33.2577], [-111.7402, 33.2586], [-111.7336, 33.2586], [-111.733, 33.2589], [-111.733, 33.2595], [-111.7293, 33.2595], [-111.7293, 33.2611], [-111.7302, 33.2611], [-111.7302, 33.2631], [-111.7268, 33.263], [-111.7229, 33.2684], [-111.7206, 33.2703], [-111.7244, 33.2704], [-111.7244, 33.274]], [[-111.7511, 33.2486], [-111.7538, 33.2485], [-111.7538, 33.2493], [-111.7552, 33.2493], [-111.7552, 33.2502], [-111.7511, 33.2502], [-111.7511, 33.2486]], [[-111.7641, 33.2557], [-111.7641, 33.2521], [-111.7715, 33.2522], [-111.7715, 33.2527], [-111.7724, 33.2527], [-111.7724, 33.2558], [-111.7641, 33.2557]], [[-111.7498, 33.2482], [-111.7467, 33.2483], [-111.7467, 33.2375], [-111.7435, 33.2375], [-111.7435, 33.2357], [-111.7427, 33.2357], [-111.7424, 33.2375], [-111.7383, 33.2375], [-111.7383, 33.2357], [-111.7392, 33.2357], [-111.7392, 33.234], [-111.7506, 33.2339], [-111.7505, 33.2375], [-111.7553, 33.2377], [-111.7552, 33.2481], [-111.7522, 33.2482], [-111.7522, 33.2475], [-111.7516, 33.2475], [-111.7516, 33.2482], [-111.7498, 33.2482]]]}, "properties": {"CityName": "GILBERT"}}, {"type": "Feature", "geometry": {"type": "Polygon", "coordinates": [[[-112.3926, 33.5118], [-112.4009, 33.5118], [-112.4009, 33.5084], [-112.3926, 33.5084], [-112.3926, 33.5118]]]}, "properties": {"CityName": "GLENDALE"}}, {"type": "Feature", "geometry": {"type": "Polygon", "coordinates": [[[-112.4272, 33.5734], [-112.4311, 33.5734], [-112.4311, 33.5664], [-112.4277, 33.5664], [-112.4277, 33.5717], [-112.4272, 33.5717], [-112.4272, 33.5734]]]}, "properties": {"CityName": "GLENDALE"}}, {"type": "Feature", "geometry": {"type": "Polygon", "coordinates": [[[-112.4357, 33.5762], [-112.444, 33.5761], [-112.4441, 33.5664], [-112.4399, 33.5664], [-112.4399, 33.5698], [-112.4357, 33.5698], [-112.4357, 33.5762]]]}, "properties": {"CityName": "GLENDALE"}}, {"type": "Feature", "geometry": {"type": "Polygon", "coordinates": [[[-112.1789, 33.6978], [-112.2031, 33.6977], [-112.2031, 33.6963], [-112.2203, 33.6963], [-112.2204, 33.6816], [-112.2225, 33.6816], [-112.2225, 33.6799], [-112.2236, 33.6799], [-112.2236, 33.678], [-112.2247, 33.678], [-112.2247, 33.6772], [-112.2269, 33.6732], [-112.2269, 33.6717], [-112.2278, 33.6717], [-112.2304, 33.6671], [-112.2291, 33.667], [-112.2304, 33.667], [-112.2348, 33.6599], [-112.2355, 33.6599], [-112.2355, 33.6563], [-112.2363, 33.6563], [-112.2366, 33.6525], [-112.2377, 33.6525], [-112.2377, 33.6421], [-112.2384, 33.6419], [-112.2401, 33.6384], [-112.2385, 33.6384], [-112.2376, 33.64], [-112.2376, 33.6381], [-112.2367, 33.6379], [-112.2159, 33.6381], [-112.2158, 33.6357], [-112.2178, 33.6347], [-112.218, 33.6327], [-112.2156, 33.6305], [-112.2156, 33.6285], [-112.2099, 33.6236], [-112.2045, 33.6219], [-112.2027, 33.6187], [-112.2031, 33.5673], [-112.2118, 33.5669], [-112.2114, 33.5525], [-112.307, 33.5507], [-112.346, 33.5511], [-112.346, 33.5515], [-112.3503, 33.5526], [-112.3503, 33.5585], [-112.3418, 33.5584], [-112.3418, 33.5655], [-112.3504, 33.5656], [-112.3504, 33.5801], [-112.4096, 33.5807], [-112.4615, 33.5806], [-112.4614, 33.5082], [-112.3837, 33.5083], [-112.3838, 33.5155], [-112.3709, 33.5155], [-112.371, 33.5191], [-112.3583, 33.519], [-112.3583, 33.5154], [-112.3539, 33.5153], [-112.3538, 33.5084], [-112.3324, 33.5078], [-112.3324, 33.515], [-112.324, 33.5148], [-112.324, 33.522], [-112.3069, 33.522], [-112.3068, 33.5148], [-112.2987, 33.5151], [-112.2987, 33.5188], [-112.2944, 33.5189], [-112.2944, 33.5221], [-112.2725, 33.5228], [-112.2729, 33.5082], [-112.2551, 33.5087], [-112.1518, 33.5096], [-112.1517, 33.5819], [-112.1568, 33.5843], [-112.1597, 33.588], [-112.1637, 33.59], [-112.1661, 33.5929], [-112.1668, 33.5947], [-112.1688, 33.5953], [-112.1684, 33.6324], [-112.1694, 33.639], [-112.169, 33.6545], [-112.1697, 33.6978], [-112.1788, 33.6975], [-112.1789, 33.6978]], [[-112.2291, 33.5521], [-112.2284, 33.5521], [-112.2284, 33.5517], [-112.2291, 33.5516], [-112.2291, 33.5521]], [[-112.2318, 33.5486], [-112.2335, 33.5486], [-112.2335, 33.5495], [-112.2369, 33.5495], [-112.2369, 33.5491], [-112.2377, 33.5491], [-112.2377, 33.5503], [-112.2346, 33.5503], [-112.2346, 33.552], [-112.2318, 33.552], [-112.2318, 33.5486]], [[-112.2379, 33.5485], [-112.2464, 33.5484], [-112.2451, 33.5484], [-112.2451, 33.5517], [-112.2421, 33.5518], [-112.239, 33.5519], [-112.239, 33.5507], [-112.2421, 33.5503], [-112.2421, 33.5489], [-112.2392, 33.5489], [-112.2392, 33.5494], [-112.238, 33.5494], [-112.2379, 33.5485]], [[-112.2507, 33.5517], [-112.2507, 33.549], [-112.2549, 33.5489], [-112.2549, 33.5447], [-112.2638, 33.5445], [-112.264, 33.5375], [-112.2707, 33.5373], [-112.2707, 33.5399], [-112.272, 33.5438], [-112.2715, 33.5475], [-112.2723, 33.5459], [-112.2724, 33.5478], [-112.2712, 33.5479], [-112.2683, 33.5513], [-112.2585, 33.5515], [-112.2585, 33.5479], [-112.2572, 33.548], [-112.2574, 33.5516], [-112.2507, 33.5517]], [[-112.2313, 33.548], [-112.2313, 33.5486], [-112.2206, 33.5487], [-112.2207, 33.5454], [-112.2334, 33.5449], [-112.2334, 33.5442], [-112.2342, 33.5442], [-112.2342, 33.5449], [-112.2378, 33.5449], [-112.2377, 33.5476], [-112.2372, 33.5476], [-112.2372, 33.5469], [-112.2334, 33.547], [-112.2334, 33.545], [-112.2313, 33.5451], [-112.2313, 33.548]], [[-112.1946, 33.5457], [-112.1928, 33.5457], [-112.1928, 33.5442], [-112.1946, 33.5457]], [[-112.2376, 33.5413], [-112.2334, 33.5414], [-112.2334, 33.5406], [-112.2323, 33.5406], [-112.2323, 33.54], [-112.2312, 33.54], [-112.2312, 33.5379], [-112.2334, 33.5379], [-112.2334, 33.5403], [-112.2376, 33.5402], [-112.2376, 33.5413]], [[-112.3197, 33.5389], [-112.3185, 33.5367], [-112.3408, 33.5369], [-112.3412, 33.5436], [-112.3241, 33.5433], [-112.3241, 33.5438], [-112.3412, 33.544], [-112.3415, 33.5511], [-112.3113, 33.5508], [-112.3112, 33.5437], [-112.3155, 33.5437], [-112.3155, 33.5401], [-112.3197, 33.5401], [-112.3197, 33.5389]], [[-112.3425, 33.5366], [-112.3185, 33.5362], [-112.3165, 33.5333], [-112.3174, 33.5329], [-112.3154, 33.5329], [-112.3154, 33.522], [-112.324, 33.5221], [-112.324, 33.5148], [-112.3325, 33.515], [-112.3325, 33.5078], [-112.3538, 33.5084], [-112.3538, 33.5153], [-112.3579, 33.5154], [-112.358, 33.5368], [-112.3496, 33.5367], [-112.3496, 33.5336], [-112.3449, 33.5336], [-112.3449, 33.5367], [-112.3425, 33.5366]], [[-112.3112, 33.5364], [-112.3068, 33.5362], [-112.3068, 33.522], [-112.3112, 33.522], [-112.3112, 33.5354], [-112.3119, 33.5354], [-112.3119, 33.5363], [-112.3112, 33.5364]], [[-112.1902, 33.5312], [-112.1895, 33.5312], [-112.1895, 33.5306], [-112.1902, 33.5306], [-112.1902, 33.5312]], [[-112.2806, 33.5228], [-112.2724, 33.5228], [-112.2806, 33.5227], [-112.2806, 33.5228]], [[-112.3584, 33.5204], [-112.3583, 33.519], [-112.361, 33.5195], [-112.3603, 33.5204], [-112.3584, 33.5204]], [[-112.4206, 33.5082], [-112.4225, 33.5084], [-112.4225, 33.5136], [-112.4199, 33.5136], [-112.4195, 33.514], [-112.4199, 33.5222], [-112.4217, 33.5228], [-112.42, 33.5229], [-112.4192, 33.5278], [-112.4196, 33.5375], [-112.4191, 33.5478], [-112.4227, 33.5478], [-112.4227, 33.5495], [-112.4193, 33.5495], [-112.4196, 33.5517], [-112.4244, 33.5519], [-112.4267, 33.5519], [-112.4267, 33.5515], [-112.4236, 33.5515], [-112.4236, 33.5502], [-112.4248, 33.549], [-112.4267, 33.549], [-112.4266, 33.5444], [-112.4229, 33.5445], [-112.4229, 33.5407], [-112.4266, 33.5407], [-112.4266, 33.5241], [-112.4269, 33.5225], [-112.444, 33.5225], [-112.444, 33.5083], [-112.4613, 33.5083], [-112.4615, 33.5805], [-112.4267, 33.5806], [-112.4266, 33.5672], [-112.4254, 33.5666], [-112.4196, 33.5666], [-112.4192, 33.5694], [-112.4194, 33.5804], [-112.4203, 33.58], [-112.4203, 33.5804], [-112.423, 33.5806], [-112.4173, 33.5806], [-112.4178, 33.5735], [-112.4174, 33.5735], [-112.4171, 33.5666], [-112.4023, 33.5665], [-112.4023, 33.5734], [-112.4094, 33.5735], [-112.4094, 33.5782], [-112.4073, 33.5782], [-112.4073, 33.5806], [-112.3939, 33.5804], [-112.3938, 33.5663], [-112.3806, 33.5661], [-112.3806, 33.5667], [-112.3763, 33.5666], [-112.3763, 33.5731], [-112.3807, 33.5731], [-112.3807, 33.5803], [-112.3504, 33.5801], [-112.3504, 33.5656], [-112.3419, 33.5655], [-112.3418, 33.5584], [-112.3504, 33.5585], [-112.3503, 33.5529], [-112.355, 33.5573], [-112.3585, 33.5589], [-112.367, 33.5585], [-112.3674, 33.5584], [-112.3674, 33.5574], [-112.361, 33.5573], [-112.3594, 33.5566], [-112.3581, 33.5568], [-112.356, 33.5563], [-112.3503, 33.5516], [-112.35, 33.5441], [-112.3415, 33.5439], [-112.3546, 33.5441], [-112.3547, 33.5452], [-112.3585, 33.5451], [-112.3587, 33.5515], [-112.3676, 33.5515], [-112.3676, 33.5657], [-112.3875, 33.5659], [-112.3933, 33.5658], [-112.3938, 33.5657], [-112.3938, 33.5652], [-112.3985, 33.5657], [-112.4173, 33.5657], [-112.4178, 33.559], [-112.4101, 33.559], [-112.4097, 33.5571], [-112.4097, 33.5518], [-112.4172, 33.552], [-112.4172, 33.5515], [-112.4097, 33.5516], [-112.4097, 33.5444], [-112.4176, 33.5444], [-112.4172, 33.5375], [-112.4137, 33.5371], [-112.4173, 33.5364], [-112.4176, 33.5303], [-112.4172, 33.5303], [-112.4172, 33.5299], [-112.4176, 33.5299], [-112.4177, 33.5234], [-112.4176, 33.523], [-112.4167, 33.5229], [-112.4167, 33.5224], [-112.4139, 33.5226], [-112.4139, 33.519], [-112.4179, 33.5191], [-112.418, 33.5154], [-112.4098, 33.5154], [-112.4094, 33.5263], [-112.4013, 33.5263], [-112.4013, 33.5336], [-112.4095, 33.5336], [-112.4095, 33.5371], [-112.4011, 33.5371], [-112.401, 33.5332], [-112.4002, 33.5332], [-112.4002, 33.5327], [-112.3968, 33.5327], [-112.3968, 33.53], [-112.401, 33.53], [-112.4011, 33.5242], [-112.4028, 33.5227], [-112.4038, 33.5227], [-112.4038, 33.5191], [-112.3924, 33.5191], [-112.3924, 33.5198], [-112.3893, 33.5226], [-112.3754, 33.5227], [-112.3651, 33.5225], [-112.365, 33.5191], [-112.371, 33.5191], [-112.371, 33.5155], [-112.3881, 33.5155], [-112.388, 33.5083], [-112.4267, 33.5083], [-112.4206, 33.5082]], [[-112.4229, 33.5478], [-112.423, 33.5479], [-112.4229, 33.5479], [-112.4229, 33.5478]], [[-112.3459, 33.5503], [-112.346, 33.5511], [-112.3418, 33.5511], [-112.3418, 33.5503], [-112.3459, 33.5503]], [[-112.3974, 33.5445], [-112.3932, 33.5445], [-112.3931, 33.5433], [-112.3946, 33.5433], [-112.3944, 33.5409], [-112.4013, 33.5408], [-112.4011, 33.5373], [-112.4095, 33.5373], [-112.4095, 33.5516], [-112.4033, 33.5516], [-112.4033, 33.5505], [-112.4023, 33.5505], [-112.4023, 33.5516], [-112.3992, 33.5516], [-112.3991, 33.5508], [-112.402, 33.5508], [-112.4018, 33.5481], [-112.3976, 33.548], [-112.3974, 33.5445]], [[-112.3425, 33.5385], [-112.3428, 33.5437], [-112.3415, 33.5437], [-112.3411, 33.5368], [-112.3425, 33.5368], [-112.3425, 33.5385]], [[-112.3562, 33.5375], [-112.3555, 33.5375], [-112.3555, 33.537], [-112.3574, 33.537], [-112.3574, 33.5375], [-112.3581, 33.5376], [-112.3581, 33.5379], [-112.3562, 33.5375]], [[-112.4118, 33.5336], [-112.4121, 33.5336], [-112.4121, 33.5354], [-112.4097, 33.5354], [-112.4097, 33.5336], [-112.4118, 33.5336]], [[-112.4095, 33.53], [-112.4093, 33.53], [-112.4093, 33.5298], [-112.4095, 33.53]], [[-112.3754, 33.5299], [-112.3584, 33.5297], [-112.3584, 33.5291], [-112.3656, 33.5292], [-112.3658, 33.5236], [-112.3651, 33.5236], [-112.3651, 33.5227], [-112.3754, 33.5229], [-112.3754, 33.5299]], [[-112.2984, 33.5508], [-112.292, 33.5509], [-112.292, 33.549], [-112.2899, 33.549], [-112.29, 33.5437], [-112.2984, 33.5437], [-112.2984, 33.5508]], [[-112.2463, 33.5518], [-112.2464, 33.5518], [-112.2463, 33.5518], [-112.2463, 33.5518]], [[-112.2637, 33.5196], [-112.2552, 33.5197], [-112.2552, 33.5161], [-112.2638, 33.5158], [-112.2637, 33.5196]], [[-112.2723, 33.512], [-112.2715, 33.512], [-112.2715, 33.5115], [-112.2723, 33.5115], [-112.2723, 33.512]]]}, "properties": {"CityName": "GLENDALE"}}, {"type": "Feature", "geometry": {"type": "Polygon", "coordinates": [[[-112.3752, 33.1888], [-112.3924, 33.1888], [-112.3924, 33.1598], [-112.3752, 33.1598], [-112.3752, 33.1453], [-112.3838, 33.1453], [-112.3838, 33.1525], [-112.4011, 33.1525], [-112.4011, 33.1453], [-112.3924, 33.1453], [-112.3924, 33.15], [-112.3709, 33.134], [-112.3709, 33.1307], [-112.3666, 33.1307], [-112.3666, 33.1235], [-112.3515, 33.1235], [-112.3515, 33.1271], [-112.3536, 33.1271], [-112.3536, 33.1289], [-112.3493, 33.1289], [-112.3493, 33.1162], [-112.3472, 33.1162], [-112.3325, 33.1054], [-112.2977, 33.1054], [-112.2977, 33.1017], [-112.2847, 33.1017], [-112.2847, 33.109], [-112.2804, 33.109], [-112.2804, 33.1035], [-112.2718, 33.1035], [-112.2717, 33.1091], [-112.2653, 33.109], [-112.2653, 33.1081], [-112.2631, 33.1081], [-112.2631, 33.1071], [-112.2663, 33.1071], [-112.2663, 33.1053], [-112.2545, 33.1053], [-112.2545, 33.1017], [-112.2719, 33.1017], [-112.2718, 33.0728], [-112.2545, 33.0727], [-112.2545, 33.0672], [-112.2631, 33.0672], [-112.2633, 33.0626], [-112.2645, 33.0626], [-112.2645, 33.0632], [-112.2673, 33.0632], [-112.2674, 33.0648], [-112.2697, 33.0645], [-112.2702, 33.0651], [-112.2718, 33.0649], [-112.2718, 33.0713], [-112.2734, 33.0713], [-112.2734, 33.0728], [-112.2889, 33.0727], [-112.289, 33.0944], [-112.302, 33.0944], [-112.302, 33.1017], [-112.3277, 33.1018], [-112.3149, 33.0923], [-112.3149, 33.0872], [-112.3079, 33.0872], [-112.3062, 33.0859], [-112.3062, 33.0727], [-112.2976, 33.0727], [-112.2976, 33.0618], [-112.2933, 33.0618], [-112.2933, 33.06], [-112.2955, 33.06], [-112.2955, 33.0582], [-112.302, 33.0582], [-112.302, 33.0654], [-112.3149, 33.0654], [-112.3149, 33.0582], [-112.3063, 33.0582], [-112.3063, 33.0509], [-112.3149, 33.0509], [-112.3148, 33.0436], [-112.3063, 33.0436], [-112.3063, 33.0146], [-112.2805, 33.0146], [-112.2805, 33.0201], [-112.2762, 33.0201], [-112.2762, 33.0182], [-112.2784, 33.0182], [-112.2784, 33.0146], [-112.2719, 33.0146], [-112.2719, 33.0182], [-112.2633, 33.0182], [-112.2633, 33.0146], [-112.2375, 33.0145], [-112.2374, 33.0291], [-112.2244, 33.0291], [-112.2244, 33.0436], [-112.2201, 33.0436], [-112.2201, 33.0291], [-112.2159, 33.0291], [-112.2159, 33.0219], [-112.2116, 33.0219], [-112.2116, 33.0146], [-112.203, 33.0146], [-112.203, 33.0291], [-112.2021, 33.0291], [-112.2021, 33.0491], [-112.2025, 33.0491], [-112.2025, 33.0509], [-112.2021, 33.0509], [-112.2021, 33.0725], [-112.2032, 33.0725], [-112.2032, 33.0872], [-112.2021, 33.0872], [-112.2021, 33.1525], [-112.3321, 33.1525], [-112.3321, 33.138], [-112.345, 33.138], [-112.345, 33.1416], [-112.3407, 33.1416], [-112.3407, 33.1471], [-112.3504, 33.1471], [-112.3504, 33.1453], [-112.3666, 33.1453], [-112.3666, 33.1598], [-112.3579, 33.1598], [-112.3579, 33.167], [-112.3536, 33.167], [-112.3536, 33.1634], [-112.3493, 33.1634], [-112.3493, 33.1598], [-112.3407, 33.1598], [-112.3407, 33.1889], [-112.358, 33.1888], [-112.3579, 33.1852], [-112.3623, 33.1852], [-112.3623, 33.1888], [-112.3644, 33.1888], [-112.3644, 33.1852], [-112.3666, 33.1852], [-112.3666, 33.1888], [-112.3752, 33.1888]]]}, "properties": {"CityName": "GOODYEAR"}}, {"type": "Feature", "geometry": {"type": "Polygon", "coordinates": [[[-112.3752, 33.1888], [-112.3752, 33.1961], [-112.3709, 33.1961], [-112.3709, 33.1924], [-112.3687, 33.1924], [-112.3687, 33.1961], [-112.3666, 33.1961], [-112.3666, 33.2069], [-112.3709, 33.2069], [-112.3709, 33.2033], [-112.3752, 33.2033], [-112.3752, 33.2178], [-112.3579, 33.2178], [-112.3579, 33.2759], [-112.3752, 33.2759], [-112.3752, 33.2723], [-112.3838, 33.2723], [-112.3838, 33.2902], [-112.3579, 33.2902], [-112.358, 33.3627], [-112.3493, 33.3627], [-112.3493, 33.3737], [-112.3537, 33.3737], [-112.3536, 33.37], [-112.3547, 33.3701], [-112.3547, 33.3682], [-112.3536, 33.3682], [-112.3536, 33.3628], [-112.3666, 33.3628], [-112.3662, 33.392], [-112.3574, 33.392], [-112.3578, 33.4249], [-112.35, 33.4291], [-112.3523, 33.4281], [-112.3538, 33.4281], [-112.3539, 33.4317], [-112.3562, 33.4317], [-112.3563, 33.4352], [-112.354, 33.4352], [-112.354, 33.4426], [-112.3498, 33.4426], [-112.3498, 33.4462], [-112.354, 33.4462], [-112.3539, 33.4499], [-112.3412, 33.45], [-112.3411, 33.4787], [-112.3553, 33.479], [-112.358, 33.4803], [-112.358, 33.4859], [-112.3624, 33.4861], [-112.3623, 33.4937], [-112.3754, 33.4938], [-112.3753, 33.499], [-112.3795, 33.499], [-112.3793, 33.5081], [-112.3708, 33.5081], [-112.3709, 33.5155], [-112.3838, 33.5155], [-112.3837, 33.5083], [-112.4615, 33.5082], [-112.4615, 33.3774], [-112.4432, 33.3774], [-112.4432, 33.3737], [-112.4518, 33.3738], [-112.4518, 33.3629], [-112.4604, 33.3629], [-112.4608, 33.3557], [-112.4695, 33.3557], [-112.4699, 33.3485], [-112.4655, 33.3485], [-112.4655, 33.334], [-112.4482, 33.3339], [-112.4482, 33.3267], [-112.4525, 33.3267], [-112.4525, 33.3194], [-112.4699, 33.3195], [-112.4698, 33.3014], [-112.4871, 33.3013], [-112.487, 33.2976], [-112.4698, 33.2977], [-112.4698, 33.2904], [-112.4612, 33.2904], [-112.4612, 33.2615], [-112.4785, 33.2615], [-112.4785, 33.2542], [-112.4871, 33.2542], [-112.4871, 33.2615], [-112.4958, 33.2615], [-112.4958, 33.247], [-112.4612, 33.2469], [-112.4612, 33.2179], [-112.444, 33.2179], [-112.444, 33.2106], [-112.4526, 33.2106], [-112.4526, 33.2034], [-112.4612, 33.2034], [-112.4612, 33.1889], [-112.4267, 33.1888], [-112.4267, 33.2034], [-112.4224, 33.2034], [-112.4224, 33.1961], [-112.4138, 33.1961], [-112.4138, 33.1887], [-112.4094, 33.1887], [-112.4094, 33.2033], [-112.3881, 33.2033], [-112.3881, 33.1997], [-112.3838, 33.1997], [-112.3838, 33.1961], [-112.3795, 33.1961], [-112.3795, 33.1888], [-112.3752, 33.1888]], [[-112.4355, 33.3808], [-112.4355, 33.3774], [-112.444, 33.3775], [-112.444, 33.4065], [-112.4355, 33.4065], [-112.4355, 33.4042], [-112.4269, 33.4053], [-112.4269, 33.4047], [-112.4267, 33.4053], [-112.4181, 33.4066], [-112.4009, 33.4084], [-112.4009, 33.4073], [-112.4093, 33.4063], [-112.4093, 33.3993], [-112.4095, 33.4064], [-112.4297, 33.4037], [-112.4355, 33.402], [-112.4348, 33.4026], [-112.4303, 33.4043], [-112.4394, 33.4032], [-112.4394, 33.4012], [-112.4372, 33.4013], [-112.4355, 33.4023], [-112.4355, 33.402], [-112.4383, 33.4002], [-112.4411, 33.3975], [-112.4398, 33.3972], [-112.4398, 33.3921], [-112.4267, 33.3921], [-112.4267, 33.3848], [-112.4311, 33.3848], [-112.4311, 33.3811], [-112.4355, 33.3808]], [[-112.4441, 33.3919], [-112.4442, 33.3774], [-112.4614, 33.3774], [-112.4614, 33.3993], [-112.4528, 33.3992], [-112.4528, 33.4016], [-112.4614, 33.4005], [-112.4614, 33.4065], [-112.4441, 33.4065], [-112.4441, 33.3919]], [[-112.4463, 33.4067], [-112.4485, 33.4067], [-112.4485, 33.4084], [-112.4463, 33.4084], [-112.4463, 33.4067]], [[-112.4008, 33.4084], [-112.3921, 33.4095], [-112.3921, 33.4083], [-112.4008, 33.4073], [-112.4008, 33.4084]], [[-112.392, 33.4095], [-112.3838, 33.4108], [-112.3625, 33.4229], [-112.3622, 33.4236], [-112.3622, 33.4221], [-112.3834, 33.4099], [-112.3912, 33.4086], [-112.392, 33.4087], [-112.392, 33.4095]], [[-112.4096, 33.4209], [-112.4095, 33.4139], [-112.4225, 33.4138], [-112.4225, 33.421], [-112.4265, 33.4213], [-112.4181, 33.4213], [-112.4181, 33.4284], [-112.4138, 33.4284], [-112.4138, 33.4247], [-112.4096, 33.4248], [-112.4096, 33.4209]], [[-112.4419, 33.4175], [-112.4413, 33.4175], [-112.4413, 33.4161], [-112.4406, 33.4161], [-112.4409, 33.4138], [-112.444, 33.4138], [-112.444, 33.4175], [-112.4419, 33.4175]], [[-112.444, 33.421], [-112.4442, 33.421], [-112.444, 33.421], [-112.444, 33.421]], [[-112.4528, 33.4212], [-112.4613, 33.4212], [-112.4613, 33.4284], [-112.4528, 33.4284], [-112.4528, 33.4212]], [[-112.4441, 33.4284], [-112.4485, 33.4284], [-112.4485, 33.4466], [-112.4528, 33.4466], [-112.4528, 33.4497], [-112.4613, 33.4462], [-112.4613, 33.4614], [-112.458, 33.4611], [-112.458, 33.4604], [-112.4562, 33.4604], [-112.4562, 33.4611], [-112.4533, 33.4611], [-112.4538, 33.4605], [-112.4528, 33.4606], [-112.4527, 33.4602], [-112.4518, 33.4603], [-112.452, 33.4611], [-112.4443, 33.4611], [-112.4444, 33.4575], [-112.4603, 33.4575], [-112.4603, 33.457], [-112.4607, 33.457], [-112.4607, 33.4502], [-112.4443, 33.4503], [-112.444, 33.4429], [-112.4441, 33.4284]], [[-112.4576, 33.4393], [-112.4571, 33.4358], [-112.4613, 33.4358], [-112.4613, 33.4393], [-112.4576, 33.4393]], [[-112.4439, 33.4357], [-112.4355, 33.4357], [-112.4361, 33.4356], [-112.4361, 33.4329], [-112.4355, 33.4329], [-112.4355, 33.4283], [-112.444, 33.4283], [-112.4439, 33.4357]], [[-112.3926, 33.4354], [-112.3924, 33.4354], [-112.3924, 33.4354], [-112.3926, 33.4354]], [[-112.3625, 33.4353], [-112.3584, 33.4352], [-112.3583, 33.4294], [-112.3623, 33.4293], [-112.3625, 33.4353]], [[-112.4094, 33.3991], [-112.4092, 33.3992], [-112.4094, 33.3904], [-112.4094, 33.3991]], [[-112.4268, 33.3928], [-112.4268, 33.3922], [-112.4268, 33.393], [-112.4268, 33.3928]], [[-112.4596, 33.4624], [-112.4613, 33.4624], [-112.4613, 33.4938], [-112.4443, 33.4936], [-112.4612, 33.4935], [-112.4613, 33.4793], [-112.4443, 33.4793], [-112.4613, 33.4791], [-112.4613, 33.4648], [-112.4443, 33.4648], [-112.4443, 33.4645], [-112.4547, 33.4645], [-112.4547, 33.4626], [-112.4559, 33.4626], [-112.4559, 33.4632], [-112.4572, 33.4632], [-112.4573, 33.4627], [-112.4596, 33.4628], [-112.4596, 33.4624]], [[-112.4355, 33.4647], [-112.4439, 33.4648], [-112.427, 33.4648], [-112.4355, 33.4647]], [[-112.4442, 33.5081], [-112.444, 33.508], [-112.4443, 33.508], [-112.4442, 33.5081]]]}, "properties": {"CityName": "GOODYEAR"}}, {"type": "Feature", "geometry": {"type": "Polygon", "coordinates": [[[-111.9633, 33.3781], [-111.9671, 33.3781], [-111.9671, 33.377], [-111.9688, 33.3773], [-111.9687, 33.368], [-111.9701, 33.3599], [-111.963, 33.36], [-111.963, 33.3564], [-111.957, 33.3564], [-111.9565, 33.3578], [-111.9564, 33.3619], [-111.9572, 33.3673], [-111.9599, 33.3721], [-111.9633, 33.3755], [-111.9633, 33.3781]]]}, "properties": {"CityName": "GUADALUPE"}}, {"type": "Feature", "geometry": {"type": "Polygon", "coordinates": [[[-112.3495, 33.5083], [-112.3538, 33.5084], [-112.3539, 33.5153], [-112.3583, 33.5154], [-112.3583, 33.519], [-112.371, 33.5191], [-112.3708, 33.5081], [-112.3793, 33.5081], [-112.3795, 33.499], [-112.3753, 33.499], [-112.3754, 33.4938], [-112.3751, 33.4935], [-112.3623, 33.4937], [-112.3622, 33.486], [-112.3583, 33.4862], [-112.3582, 33.4859], [-112.3582, 33.4862], [-112.3517, 33.4886], [-112.3456, 33.4925], [-112.3435, 33.4933], [-112.328, 33.4932], [-112.3281, 33.504], [-112.324, 33.5039], [-112.324, 33.5148], [-112.3324, 33.515], [-112.3324, 33.5078], [-112.3495, 33.5083]], [[-112.3324, 33.5077], [-112.3324, 33.5149], [-112.3241, 33.5147], [-112.3241, 33.5073], [-112.3282, 33.5071], [-112.3281, 33.4934], [-112.3411, 33.4935], [-112.3363, 33.4935], [-112.3363, 33.495], [-112.3371, 33.4962], [-112.3388, 33.4952], [-112.3411, 33.4951], [-112.3411, 33.5052], [-112.3371, 33.5055], [-112.3374, 33.5073], [-112.3327, 33.5072], [-112.3324, 33.5077]]]}, "properties": {"CityName": "LITCHFIELD PARK"}}, {"type": "Feature", "geometry": {"type": "Polygon", "coordinates": [[[-111.6392, 33.3935], [-111.6392, 33.3943], [-111.6413, 33.3943], [-111.6413, 33.3935], [-111.6392, 33.3935]]]}, "properties": {"CityName": "MESA"}}, {"type": "Feature", "geometry": {"type": "Polygon", "coordinates": [[[-111.6355, 33.3935], [-111.6345, 33.3935], [-111.6345, 33.3943], [-111.6361, 33.3943], [-111.6361, 33.3935], [-111.6355, 33.3935]]]}, "properties": {"CityName": "MESA"}}, {"type": "Feature", "geometry": {"type": "Polygon", "coordinates": [[[-111.6408, 33.3961], [-111.6408, 33.3969], [-111.6413, 33.3969], [-111.6413, 33.3961], [-111.6408, 33.3961]]]}, "properties": {"CityName": "MESA"}}, {"type": "Feature", "geometry": {"type": "Polygon", "coordinates": [[[-111.6387, 33.3961], [-111.6387, 33.3969], [-111.6403, 33.3969], [-111.6403, 33.3961], [-111.6387, 33.3961]]]}, "properties": {"CityName": "MESA"}}, {"type": "Feature", "geometry": {"type": "Polygon", "coordinates": [[[-111.637, 33.3992], [-111.6372, 33.4005], [-111.6397, 33.4005], [-111.6413, 33.3971], [-111.6361, 33.3971], [-111.6363, 33.3982], [-111.6357, 33.3985], [-111.6361, 33.3991], [-111.637, 33.3992]]]}, "properties": {"CityName": "MESA"}}, {"type": "Feature", "geometry": {"type": "Polygon", "coordinates": [[[-111.6127, 33.408], [-111.6129, 33.4084], [-111.6152, 33.4084], [-111.6152, 33.408], [-111.6127, 33.408]]]}, "properties": {"CityName": "MESA"}}, {"type": "Feature", "geometry": {"type": "Polygon", "coordinates": [[[-111.6106, 33.4079], [-111.6092, 33.4079], [-111.6092, 33.4084], [-111.6109, 33.4084], [-111.6106, 33.4079]]]}, "properties": {"CityName": "MESA"}}, {"type": "Feature", "geometry": {"type": "Polygon", "coordinates": [[[-111.6589, 33.4131], [-111.6591, 33.4135], [-111.6591, 33.4131], [-111.6589, 33.4131]]]}, "properties": {"CityName": "MESA"}}, {"type": "Feature", "geometry": {"type": "Polygon", "coordinates": [[[-111.6208, 33.4133], [-111.6208, 33.415], [-111.6218, 33.415], [-111.6219, 33.4133], [-111.6208, 33.4133]]]}, "properties": {"CityName": "MESA"}}, {"type": "Feature", "geometry": {"type": "Polygon", "coordinates": [[[-111.6162, 33.417], [-111.6186, 33.4179], [-111.6186, 33.4155], [-111.6175, 33.4155], [-111.6175, 33.4168], [-111.6162, 33.417]]]}, "properties": {"CityName": "MESA"}}, {"type": "Feature", "geometry": {"type": "Polygon", "coordinates": [[[-111.5953, 33.4204], [-111.5977, 33.4204], [-111.5978, 33.4197], [-111.5953, 33.4196], [-111.5953, 33.4204]]]}, "properties": {"CityName": "MESA"}}, {"type": "Feature", "geometry": {"type": "Polygon", "coordinates": [[[-111.7071, 33.4223], [-111.7103, 33.4223], [-111.7103, 33.4219], [-111.7098, 33.4219], [-111.7099, 33.4186], [-111.7104, 33.4182], [-111.7071, 33.4183], [-111.7071, 33.4223]]]}, "properties": {"CityName": "MESA"}}, {"type": "Feature", "geometry": {"type": "Polygon", "coordinates": [[[-111.6899, 33.4228], [-111.6909, 33.4228], [-111.6909, 33.422], [-111.6899, 33.422], [-111.6899, 33.4228]]]}, "properties": {"CityName": "MESA"}}, {"type": "Feature", "geometry": {"type": "Polygon", "coordinates": [[[-111.6186, 33.4305], [-111.6186, 33.4309], [-111.6196, 33.4309], [-111.6196, 33.4305], [-111.6186, 33.4305]]]}, "properties": {"CityName": "MESA"}}, {"type": "Feature", "geometry": {"type": "Polygon", "coordinates": [[[-111.5982, 33.4297], [-111.5982, 33.4332], [-111.6023, 33.4332], [-111.6023, 33.4297], [-111.5982, 33.4297]]]}, "properties": {"CityName": "MESA"}}, {"type": "Feature", "geometry": {"type": "Polygon", "coordinates": [[[-111.6155, 33.4351], [-111.6155, 33.4367], [-111.6175, 33.4367], [-111.6175, 33.4351], [-111.6155, 33.4351]]]}, "properties": {"CityName": "MESA"}}, {"type": "Feature", "geometry": {"type": "Polygon", "coordinates": [[[-111.6218, 33.4358], [-111.6218, 33.4367], [-111.6223, 33.4367], [-111.6224, 33.4358], [-111.6218, 33.4358]]]}, "properties": {"CityName": "MESA"}}, {"type": "Feature", "geometry": {"type": "Polygon", "coordinates": [[[-111.6197, 33.4359], [-111.6198, 33.4367], [-111.6207, 33.4367], [-111.6207, 33.4359], [-111.6197, 33.4359]]]}, "properties": {"CityName": "MESA"}}, {"type": "Feature", "geometry": {"type": "Polygon", "coordinates": [[[-111.6363, 33.4393], [-111.6366, 33.4393], [-111.6365, 33.4391], [-111.6363, 33.4393]]]}, "properties": {"CityName": "MESA"}}, {"type": "Feature", "geometry": {"type": "Polygon", "coordinates": [[[-111.6131, 33.4405], [-111.6156, 33.4405], [-111.615, 33.437], [-111.6131, 33.437], [-111.6131, 33.4405]]]}, "properties": {"CityName": "MESA"}}, {"type": "Feature", "geometry": {"type": "Polygon", "coordinates": [[[-111.6104, 33.437], [-111.6104, 33.4405], [-111.6126, 33.4405], [-111.6126, 33.437], [-111.6104, 33.437]]]}, "properties": {"CityName": "MESA"}}, {"type": "Feature", "geometry": {"type": "Polygon", "coordinates": [[[-111.6651, 33.4551], [-111.6651, 33.456], [-111.6671, 33.456], [-111.6671, 33.4551], [-111.6651, 33.4551]]]}, "properties": {"CityName": "MESA"}}, {"type": "Feature", "geometry": {"type": "Polygon", "coordinates": [[[-111.6551, 33.4624], [-111.6551, 33.4633], [-111.6556, 33.4633], [-111.6556, 33.4624], [-111.6551, 33.4624]]]}, "properties": {"CityName": "MESA"}}, {"type": "Feature", "geometry": {"type": "Polygon", "coordinates": [[[-111.6615, 33.4633], [-111.6615, 33.4642], [-111.6628, 33.4642], [-111.6628, 33.4637], [-111.6615, 33.4633]]]}, "properties": {"CityName": "MESA"}}, {"type": "Feature", "geometry": {"type": "Polygon", "coordinates": [[[-111.6473, 33.466], [-111.6497, 33.466], [-111.6497, 33.4641], [-111.6477, 33.4641], [-111.6477, 33.4624], [-111.6456, 33.4624], [-111.646, 33.466], [-111.6473, 33.466]]]}, "properties": {"CityName": "MESA"}}, {"type": "Feature", "geometry": {"type": "Polygon", "coordinates": [[[-111.6665, 33.469], [-111.6665, 33.4699], [-111.6671, 33.4699], [-111.667, 33.468], [-111.6665, 33.468], [-111.6665, 33.469]]]}, "properties": {"CityName": "MESA"}}, {"type": "Feature", "geometry": {"type": "Polygon", "coordinates": [[[-111.6661, 33.4712], [-111.6661, 33.4717], [-111.6671, 33.4717], [-111.6671, 33.4712], [-111.6661, 33.4712]]]}, "properties": {"CityName": "MESA"}}, {"type": "Feature", "geometry": {"type": "Polygon", "coordinates": [[[-111.65, 33.4719], [-111.651, 33.4725], [-111.651, 33.4716], [-111.65, 33.4719]]]}, "properties": {"CityName": "MESA"}}, {"type": "Feature", "geometry": {"type": "Polygon", "coordinates": [[[-111.6359, 33.4733], [-111.6391, 33.4734], [-111.6391, 33.4715], [-111.6369, 33.4715], [-111.6369, 33.4729], [-111.6359, 33.4729], [-111.6359, 33.4733]]]}, "properties": {"CityName": "MESA"}}, {"type": "Feature", "geometry": {"type": "Polygon", "coordinates": [[[-111.6887, 33.5098], [-111.6928, 33.5134], [-111.6967, 33.5118], [-111.7019, 33.508], [-111.7103, 33.5052], [-111.7149, 33.5015], [-111.7174, 33.4979], [-111.7197, 33.4964], [-111.7198, 33.4942], [-111.7232, 33.4933], [-111.724, 33.4918], [-111.7237, 33.4905], [-111.7257, 33.4892], [-111.7268, 33.4868], [-111.7279, 33.4861], [-111.7287, 33.4862], [-111.7315, 33.4881], [-111.7325, 33.4878], [-111.7331, 33.4866], [-111.7357, 33.4848], [-111.7604, 33.4845], [-111.7604, 33.4822], [-111.7618, 33.4821], [-111.762, 33.481], [-111.7659, 33.481], [-111.7659, 33.4828], [-111.7652, 33.4828], [-111.7652, 33.4833], [-111.7659, 33.4831], [-111.7659, 33.4837], [-111.7711, 33.482], [-111.7756, 33.4821], [-111.7769, 33.4809], [-111.7719, 33.4807], [-111.7703, 33.4787], [-111.7704, 33.4747], [-111.7727, 33.4747], [-111.7712, 33.4766], [-111.7752, 33.4766], [-111.7788, 33.473], [-111.7748, 33.4728], [-111.7752, 33.472], [-111.7792, 33.472], [-111.7791, 33.4809], [-111.7873, 33.4809], [-111.7873, 33.4663], [-111.8268, 33.4664], [-111.8267, 33.4625], [-111.8354, 33.4625], [-111.8354, 33.4588], [-111.8337, 33.4588], [-111.8363, 33.4551], [-111.8483, 33.455], [-111.848, 33.4512], [-111.8521, 33.4512], [-111.8521, 33.4476], [-111.8545, 33.4456], [-111.8545, 33.4441], [-111.8608, 33.444], [-111.8608, 33.4429], [-111.8565, 33.4429], [-111.8564, 33.4367], [-111.8652, 33.4367], [-111.8652, 33.4404], [-111.8674, 33.438], [-111.8694, 33.4367], [-111.8746, 33.4367], [-111.8746, 33.4404], [-111.892, 33.4404], [-111.8918, 33.4293], [-111.8827, 33.4294], [-111.8829, 33.4222], [-111.877, 33.4222], [-111.8783, 33.4201], [-111.8819, 33.4173], [-111.8875, 33.4119], [-111.8887, 33.41], [-111.8886, 33.4088], [-111.886, 33.4024], [-111.8801, 33.3935], [-111.8796, 33.388], [-111.8808, 33.3858], [-111.8884, 33.384], [-111.8931, 33.3808], [-111.894, 33.3645], [-111.8939, 33.3569], [-111.842, 33.3571], [-111.8425, 33.3765], [-111.8414, 33.3786], [-111.7271, 33.3794], [-111.7279, 33.3835], [-111.7277, 33.3858], [-111.7199, 33.3858], [-111.7197, 33.3848], [-111.7192, 33.3848], [-111.719, 33.3858], [-111.7181, 33.3858], [-111.7182, 33.3794], [-111.6881, 33.3795], [-111.6866, 33.3121], [-111.6884, 33.3073], [-111.6865, 33.3073], [-111.6865, 33.307], [-111.6886, 33.307], [-111.6889, 33.3054], [-111.6885, 33.304], [-111.6866, 33.3016], [-111.6864, 33.289], [-111.6689, 33.2781], [-111.5833, 33.2773], [-111.5834, 33.3063], [-111.5949, 33.3063], [-111.5949, 33.3121], [-111.5922, 33.3121], [-111.5923, 33.319], [-111.591, 33.319], [-111.591, 33.321], [-111.5837, 33.3209], [-111.5843, 33.379], [-111.5808, 33.3789], [-111.5808, 33.4164], [-111.5849, 33.416], [-111.5849, 33.4221], [-111.5808, 33.4221], [-111.5808, 33.4441], [-111.598, 33.4441], [-111.598, 33.4512], [-111.6241, 33.4512], [-111.6239, 33.466], [-111.6324, 33.4661], [-111.6326, 33.4951], [-111.6841, 33.4953], [-111.6841, 33.5047], [-111.6851, 33.5052], [-111.6863, 33.5066], [-111.6864, 33.5092], [-111.6871, 33.5097], [-111.6887, 33.5098]], [[-111.6423, 33.4806], [-111.6324, 33.4806], [-111.6325, 33.4586], [-111.638, 33.4586], [-111.638, 33.4623], [-111.637, 33.4622], [-111.637, 33.4634], [-111.6402, 33.4658], [-111.6455, 33.466], [-111.6455, 33.4642], [-111.6445, 33.4642], [-111.6445, 33.4623], [-111.6434, 33.4623], [-111.6434, 33.4586], [-111.6488, 33.4587], [-111.6488, 33.4594], [-111.6498, 33.4595], [-111.6498, 33.4587], [-111.6629, 33.4587], [-111.6629, 33.4516], [-111.6674, 33.4516], [-111.6651, 33.4516], [-111.6651, 33.4532], [-111.6674, 33.4533], [-111.6673, 33.4586], [-111.6715, 33.4586], [-111.6715, 33.4624], [-111.6694, 33.4624], [-111.6693, 33.4643], [-111.6665, 33.4643], [-111.6665, 33.4651], [-111.6673, 33.4652], [-111.6673, 33.4735], [-111.6585, 33.4735], [-111.6585, 33.4771], [-111.6575, 33.4771], [-111.6575, 33.4789], [-111.6564, 33.4789], [-111.6564, 33.4771], [-111.6542, 33.4771], [-111.6542, 33.4789], [-111.65, 33.4788], [-111.65, 33.477], [-111.6369, 33.477], [-111.6369, 33.4788], [-111.6434, 33.4788], [-111.6423, 33.4789], [-111.6423, 33.4806]], [[-111.7588, 33.4736], [-111.7618, 33.4726], [-111.7617, 33.4773], [-111.7537, 33.4773], [-111.7537, 33.4757], [-111.7588, 33.4736]], [[-111.7734, 33.4737], [-111.7737, 33.4732], [-111.7742, 33.4732], [-111.7734, 33.4737]], [[-111.6247, 33.4495], [-111.6261, 33.4495], [-111.6261, 33.4512], [-111.6234, 33.4512], [-111.6234, 33.4504], [-111.6228, 33.4504], [-111.6229, 33.4512], [-111.6196, 33.4512], [-111.6196, 33.4477], [-111.6239, 33.4477], [-111.6239, 33.4495], [-111.6247, 33.4495]], [[-111.6155, 33.4367], [-111.616, 33.4435], [-111.6154, 33.446], [-111.6154, 33.4512], [-111.598, 33.4512], [-111.598, 33.4441], [-111.5809, 33.4441], [-111.5809, 33.4367], [-111.5817, 33.4367], [-111.5817, 33.435], [-111.5809, 33.435], [-111.5809, 33.4295], [-111.5817, 33.4295], [-111.5817, 33.4314], [-111.5871, 33.4314], [-111.5871, 33.4332], [-111.585, 33.4332], [-111.585, 33.435], [-111.5839, 33.435], [-111.5839, 33.4367], [-111.5882, 33.4367], [-111.5882, 33.4314], [-111.5892, 33.4314], [-111.5892, 33.4295], [-111.5978, 33.4295], [-111.5978, 33.4225], [-111.5937, 33.4225], [-111.5937, 33.426], [-111.5892, 33.426], [-111.5892, 33.4225], [-111.5809, 33.4225], [-111.5809, 33.4222], [-111.5849, 33.4222], [-111.5849, 33.416], [-111.5808, 33.4164], [-111.5809, 33.397], [-111.5849, 33.397], [-111.5849, 33.4007], [-111.5892, 33.4007], [-111.5892, 33.4043], [-111.5936, 33.4043], [-111.5936, 33.4077], [-111.5978, 33.4077], [-111.5978, 33.4041], [-111.6008, 33.4039], [-111.6009, 33.4045], [-111.6002, 33.4046], [-111.6006, 33.4059], [-111.6024, 33.4051], [-111.6024, 33.4076], [-111.5982, 33.4076], [-111.5982, 33.4115], [-111.5904, 33.4115], [-111.5904, 33.4149], [-111.6067, 33.4149], [-111.6068, 33.4077], [-111.6068, 33.4149], [-111.6079, 33.4149], [-111.6079, 33.4222], [-111.6155, 33.4222], [-111.6155, 33.4295], [-111.611, 33.4295], [-111.611, 33.4332], [-111.6155, 33.4332], [-111.6155, 33.4351], [-111.6155, 33.4295], [-111.6169, 33.4295], [-111.6169, 33.4283], [-111.6183, 33.4264], [-111.6155, 33.426], [-111.6155, 33.4222], [-111.6123, 33.4222], [-111.6123, 33.4214], [-111.611, 33.4214], [-111.611, 33.4192], [-111.6116, 33.4193], [-111.6117, 33.4187], [-111.6088, 33.4187], [-111.6088, 33.4196], [-111.6079, 33.4196], [-111.6079, 33.4149], [-111.6068, 33.4149], [-111.6069, 33.4076], [-111.6156, 33.4076], [-111.6156, 33.4041], [-111.6196, 33.4041], [-111.6196, 33.4005], [-111.6239, 33.4005], [-111.6239, 33.3992], [-111.619, 33.3992], [-111.619, 33.3935], [-111.6154, 33.3932], [-111.6242, 33.3932], [-111.6242, 33.3969], [-111.6326, 33.3969], [-111.6326, 33.3961], [-111.634, 33.3961], [-111.634, 33.3943], [-111.6326, 33.3943], [-111.6326, 33.3861], [-111.633, 33.3861], [-111.633, 33.3932], [-111.6416, 33.3932], [-111.6416, 33.3987], [-111.6481, 33.3987], [-111.6481, 33.4005], [-111.65, 33.4005], [-111.6499, 33.4043], [-111.6372, 33.4043], [-111.6372, 33.415], [-111.6408, 33.415], [-111.6408, 33.4133], [-111.6414, 33.4133], [-111.6414, 33.408], [-111.6488, 33.4081], [-111.6488, 33.411], [-111.65, 33.411], [-111.65, 33.408], [-111.653, 33.408], [-111.653, 33.4084], [-111.6536, 33.4084], [-111.6536, 33.408], [-111.6605, 33.408], [-111.6605, 33.415], [-111.6673, 33.4151], [-111.6672, 33.4187], [-111.6652, 33.4187], [-111.6652, 33.4178], [-111.6631, 33.4178], [-111.6631, 33.4156], [-111.6588, 33.4156], [-111.6588, 33.4223], [-111.637, 33.4222], [-111.6369, 33.417], [-111.6329, 33.417], [-111.6329, 33.4155], [-111.6284, 33.4155], [-111.6283, 33.4186], [-111.6329, 33.4187], [-111.6328, 33.4212], [-111.631, 33.4211], [-111.6315, 33.4242], [-111.6328, 33.4242], [-111.6328, 33.4254], [-111.6337, 33.4259], [-111.635, 33.4259], [-111.6349, 33.4242], [-111.637, 33.4242], [-111.637, 33.4309], [-111.636, 33.4309], [-111.636, 33.4313], [-111.637, 33.4313], [-111.637, 33.4324], [-111.6328, 33.4324], [-111.6328, 33.4297], [-111.6241, 33.4297], [-111.6241, 33.437], [-111.6155, 33.437], [-111.6155, 33.4367]], [[-111.6328, 33.4382], [-111.637, 33.4382], [-111.637, 33.4387], [-111.6391, 33.4387], [-111.6391, 33.4406], [-111.6328, 33.4406], [-111.6328, 33.4382]], [[-111.8526, 33.4444], [-111.8532, 33.4441], [-111.8532, 33.4447], [-111.8526, 33.4444]], [[-111.6326, 33.4445], [-111.6326, 33.4496], [-111.6301, 33.4495], [-111.6306, 33.4477], [-111.6272, 33.4477], [-111.6272, 33.4442], [-111.6305, 33.4442], [-111.6305, 33.445], [-111.6315, 33.445], [-111.6315, 33.4442], [-111.6326, 33.4442], [-111.6326, 33.4445]], [[-111.5935, 33.3935], [-111.5809, 33.3935], [-111.5809, 33.379], [-111.5982, 33.3791], [-111.5979, 33.3884], [-111.5978, 33.3877], [-111.5935, 33.3877], [-111.5935, 33.3935]], [[-111.698, 33.3941], [-111.7066, 33.394], [-111.7097, 33.3993], [-111.7108, 33.4034], [-111.7107, 33.4082], [-111.6877, 33.4084], [-111.6877, 33.4069], [-111.6865, 33.4069], [-111.6863, 33.4044], [-111.6856, 33.4044], [-111.6856, 33.4037], [-111.6848, 33.4037], [-111.6849, 33.3941], [-111.698, 33.3941]], [[-111.6761, 33.415], [-111.6762, 33.4142], [-111.6762, 33.4152], [-111.6761, 33.415]], [[-111.676, 33.4156], [-111.6761, 33.4156], [-111.6761, 33.417], [-111.676, 33.4156]], [[-111.7061, 33.4163], [-111.7063, 33.418], [-111.7104, 33.418], [-111.7104, 33.4175], [-111.7106, 33.4179], [-111.7116, 33.4179], [-111.7116, 33.4175], [-111.7152, 33.4174], [-111.7159, 33.4192], [-111.7189, 33.4192], [-111.7188, 33.4301], [-111.7015, 33.4301], [-111.7015, 33.4325], [-111.6976, 33.4328], [-111.6958, 33.4323], [-111.6929, 33.4329], [-111.693, 33.4319], [-111.6846, 33.4319], [-111.6846, 33.4303], [-111.6877, 33.4303], [-111.6856, 33.43], [-111.6856, 33.4287], [-111.6846, 33.4287], [-111.6846, 33.4283], [-111.6852, 33.4283], [-111.6853, 33.4265], [-111.6872, 33.4265], [-111.6872, 33.4241], [-111.6872, 33.4231], [-111.6846, 33.4231], [-111.685, 33.4202], [-111.6847, 33.4202], [-111.6847, 33.4194], [-111.6853, 33.4192], [-111.6855, 33.4179], [-111.6847, 33.418], [-111.6847, 33.4168], [-111.6872, 33.4168], [-111.6874, 33.4228], [-111.6888, 33.4228], [-111.6888, 33.4185], [-111.6909, 33.4185], [-111.6909, 33.4175], [-111.6899, 33.4175], [-111.6899, 33.4169], [-111.6909, 33.4169], [-111.6909, 33.4165], [-111.6955, 33.4164], [-111.6955, 33.4179], [-111.7019, 33.4175], [-111.7019, 33.4183], [-111.7061, 33.4163]], [[-111.8398, 33.3854], [-111.8352, 33.3855], [-111.8352, 33.3844], [-111.8399, 33.3843], [-111.8398, 33.3854]], [[-111.6618, 33.3504], [-111.6596, 33.3505], [-111.6596, 33.3504], [-111.6618, 33.3504]], [[-111.6575, 33.3505], [-111.6532, 33.3504], [-111.6532, 33.3504], [-111.6575, 33.3505]], [[-111.584, 33.3499], [-111.584, 33.3488], [-111.584, 33.3496], [-111.584, 33.3499]], [[-111.6703, 33.345], [-111.6661, 33.345], [-111.666, 33.3432], [-111.6617, 33.3431], [-111.6615, 33.3358], [-111.6705, 33.336], [-111.6707, 33.3501], [-111.6703, 33.345]], [[-111.6486, 33.3394], [-111.6487, 33.343], [-111.6444, 33.343], [-111.645, 33.3394], [-111.6486, 33.3394]], [[-111.6448, 33.3369], [-111.6442, 33.3369], [-111.6442, 33.3357], [-111.6455, 33.3357], [-111.6448, 33.3369]], [[-111.6469, 33.3364], [-111.6475, 33.3357], [-111.6485, 33.3357], [-111.6486, 33.3364], [-111.6469, 33.3364]], [[-111.6803, 33.3361], [-111.6816, 33.3361], [-111.6816, 33.3362], [-111.6803, 33.3361]], [[-111.6007, 33.3209], [-111.6009, 33.3211], [-111.5997, 33.3209], [-111.6007, 33.3209]], [[-111.6353, 33.3187], [-111.6333, 33.3183], [-111.6276, 33.3118], [-111.6213, 33.3058], [-111.6152, 33.3018], [-111.6106, 33.3004], [-111.605, 33.2999], [-111.605, 33.3047], [-111.6028, 33.3047], [-111.6027, 33.3029], [-111.6008, 33.3028], [-111.6008, 33.2957], [-111.6047, 33.2957], [-111.6048, 33.2985], [-111.6101, 33.2991], [-111.6171, 33.3014], [-111.6172, 33.301], [-111.618, 33.301], [-111.6181, 33.3018], [-111.6207, 33.303], [-111.6232, 33.3049], [-111.6254, 33.304], [-111.6256, 33.3044], [-111.6239, 33.3053], [-111.6266, 33.309], [-111.6305, 33.313], [-111.6336, 33.3154], [-111.635, 33.3159], [-111.635, 33.3057], [-111.6353, 33.3187]], [[-111.6007, 33.3066], [-111.6007, 33.3066], [-111.6006, 33.3066], [-111.6007, 33.3066]], [[-111.6318, 33.2962], [-111.6309, 33.2955], [-111.6309, 33.2924], [-111.6348, 33.2924], [-111.6349, 33.2988], [-111.6318, 33.2962]], [[-111.6349, 33.2989], [-111.6346, 33.299], [-111.6346, 33.2988], [-111.6349, 33.2989]], [[-111.6346, 33.3016], [-111.6349, 33.3018], [-111.6346, 33.3018], [-111.6346, 33.3016]], [[-111.6347, 33.3044], [-111.635, 33.3046], [-111.6347, 33.3046], [-111.6347, 33.3044]], [[-111.6267, 33.3085], [-111.6269, 33.3083], [-111.627, 33.3084], [-111.6267, 33.3085]], [[-111.6348, 33.3096], [-111.635, 33.3096], [-111.635, 33.3097], [-111.6348, 33.3096]], [[-111.6287, 33.3107], [-111.6289, 33.3106], [-111.6291, 33.3108], [-111.6287, 33.3107]], [[-111.6349, 33.3124], [-111.6351, 33.3124], [-111.6351, 33.3125], [-111.6349, 33.3124]], [[-111.6309, 33.313], [-111.631, 33.3128], [-111.6312, 33.3129], [-111.6309, 33.313]]]}, "properties": {"CityName": "MESA"}}, {"type": "Feature", "geometry": {"type": "Polygon", "coordinates": [[[-111.97, 33.5825], [-111.9777, 33.5825], [-111.9778, 33.561], [-111.9864, 33.561], [-111.9864, 33.5535], [-111.9952, 33.5537], [-111.9952, 33.5492], [-111.9821, 33.5492], [-111.9821, 33.5419], [-111.9864, 33.5419], [-111.9864, 33.5383], [-111.9937, 33.5383], [-111.9937, 33.5391], [-111.9944, 33.539], [-111.9933, 33.5397], [-111.9933, 33.5404], [-111.9942, 33.5421], [-111.9952, 33.5425], [-111.9952, 33.5318], [-112.0128, 33.5319], [-112.0127, 33.5184], [-111.9997, 33.5133], [-111.9952, 33.5135], [-111.9951, 33.5237], [-111.9923, 33.5247], [-111.9891, 33.5247], [-111.9866, 33.5236], [-111.9737, 33.5237], [-111.9737, 33.5221], [-111.9694, 33.5221], [-111.9694, 33.5161], [-111.9606, 33.5157], [-111.9434, 33.5164], [-111.9433, 33.5092], [-111.9391, 33.5092], [-111.939, 33.513], [-111.9368, 33.513], [-111.9368, 33.5095], [-111.9348, 33.5095], [-111.9348, 33.5125], [-111.9325, 33.5126], [-111.9325, 33.5096], [-111.9304, 33.5096], [-111.9304, 33.5118], [-111.9261, 33.5118], [-111.926, 33.5132], [-111.9196, 33.5131], [-111.9196, 33.5159], [-111.9173, 33.516], [-111.9171, 33.5168], [-111.9282, 33.5168], [-111.9279, 33.5387], [-111.926, 33.5387], [-111.9263, 33.5749], [-111.9435, 33.5748], [-111.9692, 33.5755], [-111.9692, 33.5825], [-111.97, 33.5825]], [[-111.9562, 33.5329], [-111.9562, 33.5347], [-111.954, 33.5347], [-111.954, 33.5311], [-111.9562, 33.5311], [-111.9562, 33.5329]]]}, "properties": {"CityName": "PARADISE VALLEY"}}, {"type": "Feature", "geometry": {"type": "Polygon", "coordinates": [[[-112.2145, 33.6141], [-112.2135, 33.6141], [-112.2135, 33.6146], [-112.2149, 33.6146], [-112.2149, 33.6141], [-112.2145, 33.6141]]]}, "properties": {"CityName": "PEORIA"}}, {"type": "Feature", "geometry": {"type": "Polygon", "coordinates": [[[-112.3076, 33.9571], [-112.3076, 33.9553], [-112.3251, 33.9551], [-112.3248, 33.9406], [-112.3431, 33.941], [-112.343, 33.9119], [-112.3417, 33.8974], [-112.3427, 33.8973], [-112.3426, 33.8359], [-112.3496, 33.8355], [-112.3568, 33.8338], [-112.3628, 33.8315], [-112.3719, 33.8265], [-112.3775, 33.825], [-112.3774, 33.8836], [-112.4297, 33.8838], [-112.4297, 33.829], [-112.4471, 33.8322], [-112.4471, 33.7821], [-112.3948, 33.7821], [-112.3947, 33.7531], [-112.36, 33.753], [-112.36, 33.7385], [-112.3513, 33.7385], [-112.3513, 33.7313], [-112.3427, 33.7313], [-112.3426, 33.7209], [-112.3353, 33.7238], [-112.3299, 33.7235], [-112.3285, 33.7249], [-112.3168, 33.7249], [-112.3168, 33.7204], [-112.3164, 33.7203], [-112.3168, 33.7186], [-112.3166, 33.7039], [-112.308, 33.7039], [-112.3081, 33.7131], [-112.2944, 33.7133], [-112.2943, 33.7108], [-112.2898, 33.7109], [-112.2898, 33.7072], [-112.2855, 33.7072], [-112.2855, 33.7108], [-112.2812, 33.7106], [-112.2813, 33.713], [-112.2783, 33.712], [-112.2783, 33.7107], [-112.2769, 33.7107], [-112.2768, 33.7035], [-112.2746, 33.7035], [-112.2747, 33.7007], [-112.2742, 33.7007], [-112.2741, 33.6989], [-112.2746, 33.6989], [-112.2746, 33.698], [-112.2767, 33.698], [-112.2767, 33.6967], [-112.2853, 33.6963], [-112.2854, 33.6986], [-112.2872, 33.6982], [-112.2872, 33.6992], [-112.2881, 33.6992], [-112.2887, 33.6982], [-112.2896, 33.6982], [-112.2899, 33.6997], [-112.2899, 33.6927], [-112.2942, 33.6926], [-112.2942, 33.693], [-112.2967, 33.6873], [-112.2971, 33.6873], [-112.2967, 33.6871], [-112.2975, 33.6842], [-112.2979, 33.6842], [-112.2976, 33.684], [-112.2979, 33.6827], [-112.2984, 33.6827], [-112.298, 33.6824], [-112.2987, 33.6806], [-112.3016, 33.6816], [-112.303, 33.6802], [-112.303, 33.6779], [-112.3, 33.678], [-112.2996, 33.6762], [-112.2991, 33.6775], [-112.2986, 33.677], [-112.2986, 33.6743], [-112.2994, 33.6743], [-112.2997, 33.6672], [-112.2986, 33.6671], [-112.303, 33.667], [-112.3029, 33.6525], [-112.2898, 33.6526], [-112.2899, 33.667], [-112.2725, 33.667], [-112.2724, 33.6527], [-112.2594, 33.6526], [-112.2594, 33.6379], [-112.255, 33.6379], [-112.2548, 33.6241], [-112.257, 33.624], [-112.2571, 33.6097], [-112.2637, 33.6095], [-112.2639, 33.5877], [-112.2724, 33.5873], [-112.2725, 33.5656], [-112.3069, 33.5652], [-112.3068, 33.5507], [-112.2114, 33.5525], [-112.2118, 33.5669], [-112.2031, 33.5673], [-112.2027, 33.6182], [-112.2047, 33.6215], [-112.2103, 33.6234], [-112.2156, 33.6279], [-112.2156, 33.6305], [-112.218, 33.6327], [-112.2178, 33.6347], [-112.2158, 33.6357], [-112.2159, 33.6381], [-112.2378, 33.638], [-112.2378, 33.6397], [-112.2385, 33.6384], [-112.2401, 33.6385], [-112.2384, 33.6419], [-112.2378, 33.6419], [-112.2378, 33.6525], [-112.2366, 33.6525], [-112.2363, 33.6563], [-112.2355, 33.6563], [-112.2355, 33.6599], [-112.2348, 33.6599], [-112.2304, 33.667], [-112.2334, 33.6671], [-112.2304, 33.6671], [-112.2278, 33.6717], [-112.2269, 33.6717], [-112.2269, 33.6732], [-112.2247, 33.6772], [-112.2247, 33.678], [-112.2236, 33.678], [-112.2236, 33.6799], [-112.2225, 33.6799], [-112.2225, 33.6816], [-112.2204, 33.6816], [-112.2205, 33.6963], [-112.2031, 33.6963], [-112.2035, 33.7613], [-112.2142, 33.7613], [-112.2175, 33.7648], [-112.221, 33.7712], [-112.2266, 33.7736], [-112.2265, 33.7743], [-112.2251, 33.7753], [-112.2251, 33.7779], [-112.2217, 33.7837], [-112.2201, 33.7887], [-112.2204, 33.7912], [-112.2191, 33.7934], [-112.2196, 33.8005], [-112.2175, 33.805], [-112.2338, 33.8053], [-112.2339, 33.8088], [-112.2382, 33.8088], [-112.2384, 33.8124], [-112.2396, 33.8124], [-112.2527, 33.8269], [-112.2357, 33.8269], [-112.2322, 33.8414], [-112.2314, 33.8426], [-112.2301, 33.8432], [-112.2287, 33.8431], [-112.221, 33.8401], [-112.2211, 33.8993], [-112.2643, 33.8992], [-112.2618, 33.9023], [-112.2594, 33.9045], [-112.2579, 33.9053], [-112.2556, 33.9056], [-112.2553, 33.9571], [-112.2904, 33.9567], [-112.3076, 33.9571]], [[-112.2818, 33.7723], [-112.2863, 33.7724], [-112.2862, 33.7796], [-112.2775, 33.7795], [-112.2774, 33.7542], [-112.2747, 33.7542], [-112.2753, 33.7396], [-112.2865, 33.7397], [-112.2865, 33.7287], [-112.2908, 33.7286], [-112.2908, 33.7249], [-112.2947, 33.7249], [-112.2944, 33.7143], [-112.3081, 33.7141], [-112.3081, 33.7249], [-112.298, 33.7249], [-112.2952, 33.7298], [-112.2949, 33.747], [-112.2905, 33.7471], [-112.2905, 33.7507], [-112.2862, 33.7507], [-112.2861, 33.7544], [-112.2873, 33.7544], [-112.2873, 33.7548], [-112.2842, 33.759], [-112.2852, 33.7602], [-112.2853, 33.7616], [-112.2861, 33.7616], [-112.2861, 33.7689], [-112.2818, 33.7688], [-112.2818, 33.7723]], [[-112.2779, 33.7248], [-112.2747, 33.7248], [-112.275, 33.7178], [-112.2815, 33.7179], [-112.2814, 33.7143], [-112.2817, 33.7246], [-112.2795, 33.7248], [-112.2795, 33.723], [-112.2778, 33.723], [-112.2779, 33.7248]], [[-112.2722, 33.7034], [-112.2594, 33.7036], [-112.2593, 33.7054], [-112.255, 33.7054], [-112.2507, 33.7054], [-112.2506, 33.7035], [-112.2442, 33.7034], [-112.2441, 33.705], [-112.242, 33.7053], [-112.242, 33.7035], [-112.2378, 33.7035], [-112.2378, 33.698], [-112.2388, 33.698], [-112.2388, 33.6971], [-112.2404, 33.6971], [-112.2404, 33.6963], [-112.2379, 33.6964], [-112.2379, 33.6961], [-112.2549, 33.6961], [-112.2535, 33.6964], [-112.2535, 33.6975], [-112.2549, 33.6975], [-112.2549, 33.6965], [-112.2554, 33.6964], [-112.2722, 33.6963], [-112.2719, 33.6989], [-112.2709, 33.6989], [-112.2709, 33.6998], [-112.2718, 33.6998], [-112.2718, 33.7007], [-112.2722, 33.7007], [-112.2722, 33.7034]], [[-112.2463, 33.6961], [-112.2399, 33.696], [-112.2399, 33.6944], [-112.2379, 33.6944], [-112.2379, 33.696], [-112.2378, 33.689], [-112.2465, 33.689], [-112.2465, 33.6853], [-112.2422, 33.6853], [-112.2422, 33.6825], [-112.2432, 33.6826], [-112.2432, 33.6818], [-112.2547, 33.6819], [-112.2549, 33.6889], [-112.2507, 33.689], [-112.2507, 33.6913], [-112.2497, 33.6913], [-112.2497, 33.6922], [-112.2507, 33.6922], [-112.2507, 33.6926], [-112.2464, 33.6926], [-112.2463, 33.6961]], [[-112.2375, 33.6925], [-112.2291, 33.6926], [-112.2291, 33.6891], [-112.2359, 33.689], [-112.2359, 33.6898], [-112.2375, 33.6898], [-112.2375, 33.6925]], [[-112.2156, 33.6231], [-112.2156, 33.6249], [-112.2138, 33.6249], [-112.2138, 33.6263], [-112.2102, 33.6233], [-112.2047, 33.6214], [-112.2027, 33.6182], [-112.2027, 33.6142], [-112.2069, 33.6141], [-112.2069, 33.6177], [-112.211, 33.6177], [-112.208, 33.618], [-112.208, 33.6195], [-112.211, 33.6194], [-112.211, 33.6177], [-112.2118, 33.6177], [-112.2118, 33.6166], [-112.2113, 33.6166], [-112.2113, 33.6141], [-112.2135, 33.6141], [-112.2135, 33.6127], [-112.2131, 33.6127], [-112.2135, 33.6127], [-112.2135, 33.6106], [-112.2146, 33.6111], [-112.2146, 33.6122], [-112.2156, 33.6122], [-112.2157, 33.6106], [-112.2157, 33.613], [-112.215, 33.613], [-112.2149, 33.6138], [-112.2149, 33.6128], [-112.2146, 33.6129], [-112.2146, 33.6134], [-112.2136, 33.6134], [-112.2136, 33.614], [-112.215, 33.614], [-112.2149, 33.6146], [-112.2157, 33.6146], [-112.2157, 33.6158], [-112.2179, 33.6158], [-112.2179, 33.6146], [-112.2171, 33.614], [-112.2171, 33.6132], [-112.2179, 33.6131], [-112.2179, 33.614], [-112.2183, 33.614], [-112.2183, 33.6133], [-112.2189, 33.6133], [-112.2188, 33.614], [-112.2199, 33.614], [-112.2199, 33.6194], [-112.2189, 33.6194], [-112.2189, 33.6177], [-112.2157, 33.6178], [-112.2156, 33.6231]], [[-112.2135, 33.6106], [-112.214, 33.6105], [-112.214, 33.6106], [-112.2135, 33.6106]], [[-112.2156, 33.6105], [-112.2157, 33.6106], [-112.2156, 33.6106], [-112.2156, 33.6105]], [[-112.2373, 33.6172], [-112.2374, 33.6162], [-112.2373, 33.6208], [-112.2288, 33.621], [-112.2288, 33.6199], [-112.221, 33.6201], [-112.221, 33.619], [-112.2202, 33.619], [-112.2201, 33.6201], [-112.2201, 33.6175], [-112.2331, 33.6173], [-112.2331, 33.6163], [-112.2362, 33.6162], [-112.2362, 33.6172], [-112.2373, 33.6172]], [[-112.2194, 33.566], [-112.2203, 33.5669], [-112.2196, 33.567], [-112.2153, 33.5634], [-112.2128, 33.561], [-112.2128, 33.5605], [-112.2194, 33.566]], [[-112.2681, 33.5587], [-112.2725, 33.5586], [-112.2725, 33.5656], [-112.2681, 33.5657], [-112.2681, 33.5587]], [[-112.2289, 33.5595], [-112.2205, 33.5597], [-112.2205, 33.5597], [-112.2289, 33.5595]], [[-112.2376, 33.5583], [-112.2362, 33.5584], [-112.2357, 33.5575], [-112.2376, 33.5574], [-112.2376, 33.5583]], [[-112.2422, 33.5544], [-112.2421, 33.5565], [-112.2379, 33.5565], [-112.2377, 33.557], [-112.2377, 33.5522], [-112.2388, 33.5522], [-112.2388, 33.5531], [-112.238, 33.5531], [-112.238, 33.5542], [-112.2395, 33.5541], [-112.2398, 33.5545], [-112.2422, 33.5521], [-112.2422, 33.5544]], [[-112.2225, 33.5542], [-112.2205, 33.5542], [-112.2205, 33.5526], [-112.2226, 33.5525], [-112.2225, 33.5542]]]}, "properties": {"CityName": "PEORIA"}}, {"type": "Feature", "geometry": {"type": "Polygon", "coordinates": [[[-111.987, 33.7737], [-111.9858, 33.7737], [-111.9858, 33.7764], [-111.987, 33.7764], [-111.987, 33.7737]]]}, "properties": {"CityName": "PHOENIX"}}, {"type": "Feature", "geometry": {"type": "Polygon", "coordinates": [[[-112.1857, 33.3959], [-112.1855, 33.3918], [-112.1941, 33.3918], [-112.194, 33.3841], [-112.1912, 33.3847], [-112.1911, 33.381], [-112.1897, 33.381], [-112.1896, 33.3773], [-112.2111, 33.3772], [-112.2111, 33.3802], [-112.2068, 33.3802], [-112.2068, 33.3775], [-112.2026, 33.3775], [-112.2029, 33.3918], [-112.2075, 33.3918], [-112.2075, 33.3893], [-112.2113, 33.3893], [-112.2114, 33.3917], [-112.2152, 33.3917], [-112.2152, 33.3893], [-112.2198, 33.3871], [-112.2198, 33.3864], [-112.2263, 33.3862], [-112.2263, 33.3882], [-112.2274, 33.3882], [-112.2274, 33.3846], [-112.2284, 33.3846], [-112.2284, 33.3824], [-112.2201, 33.3746], [-112.2201, 33.3698], [-112.2154, 33.3699], [-112.1744, 33.3303], [-112.1735, 33.3303], [-112.1735, 33.3293], [-112.1693, 33.3253], [-112.169, 33.3411], [-112.1558, 33.3411], [-112.1558, 33.3484], [-112.1548, 33.3484], [-112.1549, 33.3517], [-112.1561, 33.352], [-112.1519, 33.3529], [-112.1519, 33.3557], [-112.1434, 33.3558], [-112.1434, 33.3545], [-112.1448, 33.3545], [-112.1448, 33.3533], [-112.1433, 33.3533], [-112.1433, 33.3485], [-112.1481, 33.3485], [-112.148, 33.3448], [-112.1394, 33.3448], [-112.1379, 33.3467], [-112.135, 33.3485], [-112.135, 33.343], [-112.1291, 33.343], [-112.1295, 33.3412], [-112.1394, 33.3411], [-112.1394, 33.3376], [-112.1437, 33.3376], [-112.1437, 33.3351], [-112.1458, 33.334], [-112.1689, 33.3339], [-112.1689, 33.3254], [-112.1667, 33.323], [-112.1648, 33.323], [-112.1648, 33.3222], [-112.1605, 33.3198], [-112.1605, 33.3194], [-112.1517, 33.3195], [-112.1517, 33.3083], [-112.1333, 33.2904], [-111.9722, 33.2907], [-111.9727, 33.3028], [-111.9733, 33.3051], [-111.9727, 33.309], [-111.9726, 33.3462], [-111.9731, 33.3494], [-111.9719, 33.3524], [-111.9693, 33.3637], [-111.9685, 33.3743], [-111.9688, 33.3773], [-111.9731, 33.3774], [-111.9752, 33.3767], [-111.9782, 33.3767], [-111.9785, 33.4365], [-111.9613, 33.4362], [-111.9611, 33.4489], [-111.9559, 33.4488], [-111.9548, 33.4483], [-111.9546, 33.4447], [-111.954, 33.4446], [-111.9521, 33.4486], [-111.9511, 33.4474], [-111.9412, 33.4474], [-111.9397, 33.4498], [-111.9406, 33.4516], [-111.9418, 33.4526], [-111.9429, 33.455], [-111.9417, 33.4565], [-111.9413, 33.4614], [-111.9392, 33.464], [-111.9391, 33.4653], [-111.9434, 33.4656], [-111.9434, 33.4729], [-111.9609, 33.4728], [-111.9608, 33.4801], [-111.9572, 33.4802], [-111.9536, 33.4818], [-111.9519, 33.4814], [-111.9511, 33.4823], [-111.949, 33.4826], [-111.949, 33.4848], [-111.9499, 33.4854], [-111.9499, 33.4875], [-111.952, 33.4875], [-111.952, 33.491], [-111.9474, 33.4903], [-111.9432, 33.4909], [-111.9434, 33.5054], [-111.9423, 33.5054], [-111.9423, 33.5028], [-111.94, 33.5029], [-111.94, 33.5079], [-111.9412, 33.5084], [-111.9412, 33.5092], [-111.9434, 33.5091], [-111.9434, 33.5164], [-111.9606, 33.5157], [-111.9694, 33.5161], [-111.9694, 33.5221], [-111.9737, 33.5221], [-111.9737, 33.5237], [-111.9866, 33.5236], [-111.9884, 33.5246], [-111.992, 33.5248], [-111.995, 33.5237], [-111.9952, 33.5135], [-111.9997, 33.5133], [-112.0128, 33.5185], [-112.0129, 33.532], [-111.9953, 33.532], [-111.9952, 33.5537], [-111.9864, 33.5535], [-111.9864, 33.561], [-111.9778, 33.561], [-111.9777, 33.5826], [-111.9692, 33.5826], [-111.9692, 33.5755], [-111.9435, 33.5749], [-111.9434, 33.5894], [-111.9521, 33.5896], [-111.9521, 33.5971], [-111.939, 33.5969], [-111.939, 33.6004], [-111.9346, 33.6004], [-111.9346, 33.5969], [-111.9261, 33.5968], [-111.9255, 33.6401], [-111.9256, 33.7265], [-111.9609, 33.7264], [-111.9609, 33.7411], [-111.9772, 33.7411], [-111.9782, 33.7403], [-111.9782, 33.7409], [-111.9847, 33.7409], [-111.9847, 33.7374], [-111.9825, 33.7374], [-111.9825, 33.732], [-111.9831, 33.732], [-111.983, 33.7311], [-111.9825, 33.7313], [-111.9825, 33.7284], [-111.9868, 33.7284], [-111.9868, 33.7302], [-111.9955, 33.7302], [-111.9956, 33.7447], [-111.9938, 33.7447], [-111.9934, 33.745], [-111.9934, 33.7465], [-111.9912, 33.7465], [-111.9912, 33.7482], [-111.9911, 33.7465], [-111.9901, 33.7465], [-111.9905, 33.7482], [-111.987, 33.7482], [-111.987, 33.7456], [-111.989, 33.7456], [-111.989, 33.7433], [-111.9901, 33.7433], [-111.9901, 33.7442], [-111.9912, 33.7442], [-111.9912, 33.7412], [-111.9874, 33.7412], [-111.9874, 33.742], [-111.987, 33.742], [-111.987, 33.7411], [-111.9674, 33.7412], [-111.9674, 33.7438], [-111.9694, 33.7438], [-111.9694, 33.7556], [-111.9651, 33.7556], [-111.9651, 33.752], [-111.9607, 33.752], [-111.9607, 33.7702], [-111.9433, 33.7702], [-111.9433, 33.7846], [-111.9529, 33.7846], [-111.9558, 33.7834], [-111.9575, 33.7835], [-111.9594, 33.7844], [-111.9607, 33.7846], [-111.9607, 33.792], [-111.9662, 33.792], [-111.9662, 33.791], [-111.9629, 33.7909], [-111.9629, 33.7883], [-111.9684, 33.7883], [-111.9683, 33.791], [-111.969, 33.791], [-111.9686, 33.7918], [-111.9695, 33.7919], [-111.9695, 33.7903], [-111.9707, 33.7883], [-111.9779, 33.7883], [-111.978, 33.7951], [-111.9717, 33.7958], [-111.9716, 33.7991], [-111.9784, 33.799], [-111.9913, 33.799], [-111.9912, 33.7954], [-111.9956, 33.7954], [-111.9956, 33.7989], [-112.048, 33.7989], [-112.048, 33.7846], [-112.0675, 33.7844], [-112.0675, 33.7881], [-112.0742, 33.7882], [-112.0742, 33.7899], [-112.0782, 33.7907], [-112.0782, 33.7918], [-112.0827, 33.7917], [-112.0828, 33.8063], [-112.1002, 33.8055], [-112.1002, 33.8277], [-112.1175, 33.8277], [-112.1175, 33.813], [-112.1394, 33.8128], [-112.1422, 33.8196], [-112.1445, 33.8277], [-112.1462, 33.8277], [-112.1457, 33.8206], [-112.1467, 33.8204], [-112.1469, 33.821], [-112.1485, 33.8213], [-112.1508, 33.8226], [-112.1523, 33.8223], [-112.1522, 33.8639], [-112.1459, 33.8639], [-112.1464, 33.8677], [-112.1476, 33.8706], [-112.147, 33.8738], [-112.1475, 33.8781], [-112.152, 33.8781], [-112.152, 33.8812], [-112.1468, 33.8812], [-112.1465, 33.8784], [-112.1435, 33.8784], [-112.1435, 33.8838], [-112.1431, 33.8839], [-112.1453, 33.8839], [-112.1453, 33.8857], [-112.1435, 33.8857], [-112.1436, 33.9001], [-112.1456, 33.9001], [-112.1468, 33.8929], [-112.1609, 33.893], [-112.161, 33.9002], [-112.1523, 33.9002], [-112.1522, 33.9075], [-112.1479, 33.9075], [-112.1479, 33.9111], [-112.1457, 33.9111], [-112.1457, 33.9147], [-112.1522, 33.9147], [-112.1522, 33.9183], [-112.2035, 33.9182], [-112.2036, 33.9136], [-112.2207, 33.9136], [-112.221, 33.8742], [-112.2079, 33.8741], [-112.2079, 33.8774], [-112.2036, 33.8775], [-112.2036, 33.8739], [-112.221, 33.874], [-112.221, 33.8401], [-112.2287, 33.8431], [-112.2301, 33.8432], [-112.2314, 33.8426], [-112.2322, 33.8414], [-112.2356, 33.8272], [-112.2163, 33.8271], [-112.2164, 33.8231], [-112.2081, 33.8231], [-112.208, 33.8195], [-112.2167, 33.8195], [-112.2167, 33.8269], [-112.2527, 33.8269], [-112.2396, 33.8124], [-112.2384, 33.8124], [-112.2382, 33.8088], [-112.2339, 33.8088], [-112.2338, 33.8053], [-112.2175, 33.805], [-112.2196, 33.8005], [-112.2191, 33.7934], [-112.2204, 33.7912], [-112.2201, 33.7887], [-112.2217, 33.7837], [-112.2251, 33.7779], [-112.2251, 33.7753], [-112.2267, 33.774], [-112.2266, 33.7736], [-112.221, 33.7712], [-112.2175, 33.7648], [-112.2142, 33.7613], [-112.2035, 33.7613], [-112.2034, 33.712], [-112.2029, 33.712], [-112.2029, 33.6978], [-112.1788, 33.698], [-112.1788, 33.6975], [-112.1695, 33.6978], [-112.169, 33.6545], [-112.1694, 33.639], [-112.1684, 33.6324], [-112.1688, 33.5953], [-112.1668, 33.5947], [-112.1661, 33.5929], [-112.1637, 33.59], [-112.1597, 33.588], [-112.1568, 33.5843], [-112.1517, 33.5819], [-112.1518, 33.5096], [-112.2551, 33.5087], [-112.2729, 33.5082], [-112.2725, 33.5228], [-112.2944, 33.5221], [-112.2944, 33.5189], [-112.2987, 33.5188], [-112.2987, 33.5151], [-112.3068, 33.5148], [-112.3068, 33.5216], [-112.3237, 33.5217], [-112.324, 33.5075], [-112.3236, 33.4967], [-112.3196, 33.4967], [-112.3196, 33.4934], [-112.3064, 33.4933], [-112.2902, 33.4939], [-112.2724, 33.4939], [-112.2724, 33.4656], [-112.2711, 33.4649], [-112.2381, 33.4655], [-112.2382, 33.4611], [-112.2387, 33.4612], [-112.2383, 33.4589], [-112.2385, 33.4516], [-112.2214, 33.4515], [-112.2213, 33.4373], [-112.2383, 33.4371], [-112.2551, 33.4357], [-112.2896, 33.4354], [-112.2889, 33.3807], [-112.2846, 33.381], [-112.2846, 33.3848], [-112.2717, 33.3848], [-112.2717, 33.3832], [-112.268, 33.3842], [-112.2622, 33.3834], [-112.2545, 33.384], [-112.2496, 33.3825], [-112.2425, 33.3837], [-112.24, 33.3847], [-112.2372, 33.3877], [-112.2369, 33.399], [-112.2393, 33.3991], [-112.2393, 33.4027], [-112.2456, 33.4027], [-112.2456, 33.399], [-112.254, 33.399], [-112.254, 33.403], [-112.2547, 33.4067], [-112.253, 33.4069], [-112.2531, 33.4104], [-112.2424, 33.4116], [-112.2423, 33.408], [-112.238, 33.4085], [-112.2213, 33.4085], [-112.2211, 33.4052], [-112.2197, 33.405], [-112.2171, 33.4038], [-112.2171, 33.4086], [-112.2127, 33.4086], [-112.2127, 33.4104], [-112.2127, 33.4086], [-112.2089, 33.4085], [-112.2089, 33.4037], [-112.2041, 33.4042], [-112.2034, 33.3965], [-112.1857, 33.3959], [-112.1865, 33.4081], [-112.1779, 33.4079], [-112.1779, 33.4095], [-112.1756, 33.4106], [-112.1756, 33.4115], [-112.174, 33.4114], [-112.174, 33.4098], [-112.1732, 33.4098], [-112.1732, 33.4087], [-112.1697, 33.4097], [-112.1691, 33.4035], [-112.1694, 33.4035], [-112.1688, 33.4025], [-112.1686, 33.3993], [-112.1773, 33.3996], [-112.1771, 33.3958], [-112.1857, 33.3959]], [[-112.1681, 33.3961], [-112.1682, 33.4005], [-112.1677, 33.4004], [-112.1681, 33.4031], [-112.1511, 33.4033], [-112.1506, 33.4029], [-112.1507, 33.4034], [-112.1424, 33.4063], [-112.1424, 33.395], [-112.1428, 33.3951], [-112.1424, 33.3946], [-112.1424, 33.3911], [-112.1465, 33.3909], [-112.1465, 33.3922], [-112.1506, 33.3922], [-112.1507, 33.394], [-112.1511, 33.394], [-112.1511, 33.3922], [-112.1535, 33.3922], [-112.1535, 33.3926], [-112.1531, 33.3926], [-112.1531, 33.3957], [-112.1541, 33.3957], [-112.1541, 33.3919], [-112.1574, 33.3919], [-112.1574, 33.3957], [-112.1585, 33.3957], [-112.1585, 33.3919], [-112.1595, 33.3919], [-112.1595, 33.3902], [-112.1606, 33.3902], [-112.1606, 33.3919], [-112.1646, 33.3918], [-112.1646, 33.3922], [-112.166, 33.3922], [-112.166, 33.396], [-112.1681, 33.3957], [-112.1681, 33.3961]], [[-112.1526, 33.4035], [-112.1681, 33.4035], [-112.1682, 33.4039], [-112.1675, 33.404], [-112.1676, 33.4046], [-112.1681, 33.4046], [-112.1685, 33.4078], [-112.1509, 33.4067], [-112.1424, 33.4067], [-112.15, 33.4039], [-112.1526, 33.4035]], [[-112.118, 33.4068], [-112.1177, 33.4068], [-112.1177, 33.4068], [-112.118, 33.4068]], [[-112.1277, 33.4068], [-112.1272, 33.4068], [-112.1277, 33.4068], [-112.1277, 33.4068]], [[-112.1283, 33.4068], [-112.1302, 33.4068], [-112.1283, 33.4068], [-112.1283, 33.4068]], [[-112.1176, 33.4066], [-112.1165, 33.4065], [-112.1165, 33.3995], [-112.1333, 33.3994], [-112.1308, 33.3995], [-112.1308, 33.4031], [-112.1335, 33.4025], [-112.1335, 33.4065], [-112.1293, 33.4065], [-112.1293, 33.4038], [-112.1267, 33.405], [-112.1223, 33.4058], [-112.1211, 33.4065], [-112.1208, 33.4066], [-112.1219, 33.4057], [-112.1197, 33.4048], [-112.1196, 33.4066], [-112.1176, 33.4066]], [[-112.1215, 33.3923], [-112.1215, 33.3928], [-112.1207, 33.3928], [-112.1207, 33.3923], [-112.1215, 33.3923]], [[-112.1207, 33.392], [-112.1162, 33.3919], [-112.1163, 33.3791], [-112.1166, 33.3791], [-112.1166, 33.3808], [-112.118, 33.3808], [-112.1185, 33.3817], [-112.1185, 33.3822], [-112.1165, 33.3822], [-112.1165, 33.3838], [-112.118, 33.384], [-112.1165, 33.3841], [-112.1165, 33.385], [-112.1207, 33.3849], [-112.1207, 33.3858], [-112.1165, 33.3859], [-112.1165, 33.3886], [-112.1207, 33.3886], [-112.1207, 33.392]], [[-112.1546, 33.3789], [-112.1546, 33.3777], [-112.1553, 33.3777], [-112.1553, 33.379], [-112.1546, 33.3789]], [[-112.1183, 33.3786], [-112.1166, 33.3786], [-112.1166, 33.378], [-112.1183, 33.3779], [-112.1183, 33.3786]], [[-112.134, 33.3802], [-112.1339, 33.3794], [-112.1381, 33.3794], [-112.138, 33.384], [-112.1339, 33.384], [-112.1339, 33.3822], [-112.1359, 33.3822], [-112.1359, 33.3812], [-112.1339, 33.3812], [-112.134, 33.3802]], [[-112.1667, 33.3811], [-112.168, 33.3811], [-112.168, 33.382], [-112.1667, 33.382], [-112.1667, 33.3811]], [[-112.1338, 33.3862], [-112.138, 33.3862], [-112.138, 33.3871], [-112.1338, 33.3871], [-112.1338, 33.3862]], [[-112.1401, 33.3885], [-112.1422, 33.3885], [-112.1421, 33.3903], [-112.1401, 33.3903], [-112.1401, 33.3885]], [[-112.133, 33.3919], [-112.1334, 33.3915], [-112.1334, 33.392], [-112.133, 33.3919]], [[-112.1218, 33.3775], [-112.1189, 33.3775], [-112.1189, 33.3768], [-112.1176, 33.3768], [-112.1175, 33.3632], [-112.1255, 33.3632], [-112.1255, 33.3618], [-112.1262, 33.3618], [-112.1262, 33.3594], [-112.1213, 33.3597], [-112.1176, 33.3615], [-112.1175, 33.363], [-112.1178, 33.3414], [-112.1221, 33.3413], [-112.1221, 33.3449], [-112.1243, 33.3449], [-112.1243, 33.3467], [-112.1256, 33.3467], [-112.1256, 33.3486], [-112.1349, 33.3485], [-112.1349, 33.3558], [-112.1326, 33.3558], [-112.1326, 33.3567], [-112.1349, 33.3567], [-112.1349, 33.3587], [-112.1391, 33.3586], [-112.1391, 33.3594], [-112.1404, 33.3594], [-112.1405, 33.3631], [-112.1369, 33.3631], [-112.1369, 33.359], [-112.1349, 33.359], [-112.1348, 33.3604], [-112.1347, 33.3594], [-112.1305, 33.3594], [-112.1305, 33.3721], [-112.1262, 33.3721], [-112.1262, 33.374], [-112.1305, 33.3739], [-112.1305, 33.3761], [-112.1315, 33.3761], [-112.1315, 33.3775], [-112.1218, 33.3775]], [[-111.9761, 33.349], [-111.9732, 33.3494], [-111.9728, 33.3465], [-111.9754, 33.3475], [-111.9758, 33.3488], [-111.9756, 33.3474], [-111.9785, 33.3477], [-111.9785, 33.3488], [-111.9761, 33.349]], [[-112.1605, 33.354], [-112.1605, 33.352], [-112.169, 33.352], [-112.1689, 33.3557], [-112.1777, 33.3557], [-112.1776, 33.363], [-112.1696, 33.3628], [-112.1693, 33.3603], [-112.1689, 33.3603], [-112.169, 33.3628], [-112.1626, 33.3631], [-112.1626, 33.3666], [-112.1562, 33.3666], [-112.1562, 33.3703], [-112.1519, 33.3703], [-112.1518, 33.3629], [-112.1605, 33.3629], [-112.1605, 33.354]], [[-112.168, 33.3631], [-112.1689, 33.3631], [-112.1689, 33.3641], [-112.167, 33.3641], [-112.167, 33.3631], [-112.168, 33.3631]], [[-112.1733, 33.3666], [-112.1734, 33.3702], [-112.1692, 33.3702], [-112.1692, 33.3666], [-112.1733, 33.3666]], [[-112.1795, 33.3702], [-112.1805, 33.3702], [-112.1805, 33.3774], [-112.1776, 33.3774], [-112.1776, 33.3702], [-112.1795, 33.3702]], [[-112.1648, 33.3483], [-112.1599, 33.3484], [-112.1599, 33.3445], [-112.1638, 33.3445], [-112.1638, 33.348], [-112.1648, 33.3471], [-112.1648, 33.3483]], [[-112.2015, 33.413], [-112.1954, 33.4129], [-112.1955, 33.4082], [-112.2028, 33.4083], [-112.2028, 33.4096], [-112.204, 33.4096], [-112.2038, 33.4083], [-112.2043, 33.4082], [-112.2042, 33.4125], [-112.2077, 33.4125], [-112.2077, 33.412], [-112.2127, 33.4121], [-112.2126, 33.4156], [-112.2039, 33.4156], [-112.2039, 33.4143], [-112.2028, 33.4143], [-112.2028, 33.413], [-112.2039, 33.4131], [-112.2039, 33.4117], [-112.2021, 33.4117], [-112.202, 33.413], [-112.2015, 33.413]], [[-112.2083, 33.4193], [-112.2125, 33.4193], [-112.2125, 33.4228], [-112.2041, 33.4226], [-112.2041, 33.4197], [-112.2083, 33.4197], [-112.2083, 33.4193]], [[-112.1779, 33.4333], [-112.1779, 33.4299], [-112.1694, 33.4295], [-112.1866, 33.4298], [-112.1867, 33.4368], [-112.1779, 33.4367], [-112.1779, 33.4333]], [[-112.0564, 33.4817], [-112.0611, 33.4817], [-112.0611, 33.4826], [-112.0633, 33.4826], [-112.0633, 33.4872], [-112.0564, 33.4872], [-112.0564, 33.4817]], [[-112.3088, 33.4935], [-112.3195, 33.4936], [-112.3195, 33.4967], [-112.3234, 33.4968], [-112.3239, 33.5075], [-112.3236, 33.5215], [-112.3069, 33.5215], [-112.3067, 33.5076], [-112.3028, 33.5078], [-112.3028, 33.4947], [-112.3088, 33.4945], [-112.3088, 33.4935]], [[-111.9277, 33.6517], [-111.9282, 33.6517], [-111.9282, 33.6533], [-111.9256, 33.6533], [-111.9256, 33.6527], [-111.9277, 33.6528], [-111.9277, 33.6517]], [[-111.9299, 33.6533], [-111.9303, 33.6525], [-111.931, 33.6525], [-111.931, 33.6534], [-111.9299, 33.6533]], [[-112.0486, 33.6988], [-112.0571, 33.6984], [-112.0572, 33.7124], [-112.0486, 33.7126], [-112.0486, 33.6988]], [[-112.0744, 33.7001], [-112.0765, 33.7001], [-112.0765, 33.702], [-112.0743, 33.702], [-112.0744, 33.7001]], [[-112.0848, 33.7076], [-112.0848, 33.7068], [-112.0859, 33.7068], [-112.0859, 33.7057], [-112.0882, 33.7057], [-112.0881, 33.7075], [-112.0904, 33.7075], [-112.0903, 33.7093], [-112.0937, 33.7093], [-112.0937, 33.7065], [-112.0948, 33.7065], [-112.0949, 33.7057], [-112.096, 33.7057], [-112.096, 33.7065], [-112.0982, 33.7065], [-112.0982, 33.7083], [-112.0977, 33.7083], [-112.0977, 33.7075], [-112.0957, 33.7074], [-112.0957, 33.7092], [-112.0982, 33.7092], [-112.0982, 33.7098], [-112.0892, 33.71], [-112.0892, 33.7111], [-112.0903, 33.7111], [-112.0902, 33.7128], [-112.0828, 33.7129], [-112.0826, 33.7076], [-112.0837, 33.7076], [-112.0837, 33.7094], [-112.0848, 33.7094], [-112.0848, 33.7076]], [[-112.0814, 33.7076], [-112.0824, 33.7076], [-112.0824, 33.7094], [-112.0805, 33.7094], [-112.0805, 33.7076], [-112.0814, 33.7076]], [[-112.0335, 33.7005], [-112.0335, 33.7019], [-112.0313, 33.7018], [-112.0313, 33.7004], [-112.0335, 33.7005]], [[-112.0913, 33.713], [-112.0924, 33.713], [-112.0925, 33.7147], [-112.0947, 33.7147], [-112.0947, 33.7138], [-112.0959, 33.7138], [-112.0959, 33.7165], [-112.0971, 33.7165], [-112.0971, 33.7183], [-112.0998, 33.7183], [-112.0999, 33.7201], [-112.0989, 33.7201], [-112.0989, 33.721], [-112.0998, 33.721], [-112.0998, 33.7228], [-112.0973, 33.7228], [-112.0972, 33.7256], [-112.0961, 33.7256], [-112.0961, 33.7252], [-112.0951, 33.7252], [-112.0956, 33.7256], [-112.0896, 33.7257], [-112.0896, 33.725], [-112.0874, 33.7257], [-112.0853, 33.7257], [-112.0852, 33.7253], [-112.0831, 33.7254], [-112.0831, 33.7257], [-112.0659, 33.7258], [-112.0658, 33.7201], [-112.0829, 33.7203], [-112.0826, 33.7132], [-112.0848, 33.7131], [-112.0848, 33.7148], [-112.0859, 33.7148], [-112.0859, 33.7131], [-112.0891, 33.713], [-112.0892, 33.7166], [-112.0871, 33.7166], [-112.0871, 33.7175], [-112.0893, 33.7175], [-112.0893, 33.7184], [-112.0899, 33.7184], [-112.0898, 33.7174], [-112.0909, 33.7174], [-112.0909, 33.7184], [-112.0915, 33.7184], [-112.0914, 33.7156], [-112.0901, 33.7157], [-112.0901, 33.7148], [-112.0914, 33.7147], [-112.0913, 33.713]], [[-112.0983, 33.7247], [-112.0998, 33.7246], [-112.0996, 33.7256], [-112.0983, 33.7256], [-112.0983, 33.7247]], [[-111.989, 33.7429], [-111.9879, 33.7429], [-111.9879, 33.742], [-111.989, 33.742], [-111.989, 33.7429]], [[-111.9694, 33.7647], [-111.9694, 33.7629], [-111.978, 33.7629], [-111.9782, 33.7703], [-111.976, 33.7703], [-111.976, 33.772], [-111.9782, 33.772], [-111.9782, 33.7755], [-111.9771, 33.7774], [-111.9694, 33.7774], [-111.9694, 33.772], [-111.9749, 33.772], [-111.9749, 33.7703], [-111.9651, 33.7702], [-111.9651, 33.7647], [-111.9673, 33.7647], [-111.9673, 33.7665], [-111.9694, 33.7665], [-111.9694, 33.7647]], [[-111.9782, 33.7774], [-111.9804, 33.7773], [-111.9804, 33.7756], [-111.9793, 33.7756], [-111.9793, 33.7744], [-111.9808, 33.7719], [-111.9831, 33.7719], [-111.9842, 33.7701], [-111.987, 33.7701], [-111.987, 33.7737], [-111.9956, 33.7736], [-111.9956, 33.7782], [-111.9934, 33.7782], [-111.9934, 33.7774], [-111.9912, 33.7774], [-111.9912, 33.7792], [-111.9891, 33.7792], [-111.9891, 33.781], [-111.9868, 33.781], [-111.9869, 33.7775], [-111.9836, 33.7775], [-111.9842, 33.7773], [-111.9842, 33.776], [-111.9836, 33.776], [-111.9836, 33.7756], [-111.9825, 33.7756], [-111.9825, 33.7775], [-111.9775, 33.7774], [-111.9782, 33.7762], [-111.9782, 33.7774]], [[-111.9934, 33.7792], [-111.9956, 33.7791], [-111.9956, 33.781], [-111.9934, 33.781], [-111.9934, 33.7792]], [[-111.9771, 33.7824], [-111.9771, 33.781], [-111.9825, 33.781], [-111.9825, 33.7828], [-111.9847, 33.7828], [-111.9847, 33.7834], [-111.9831, 33.7834], [-111.9831, 33.7846], [-111.9782, 33.7847], [-111.9782, 33.7828], [-111.9771, 33.7829], [-111.9771, 33.7824]], [[-112.147, 33.8828], [-112.1501, 33.8828], [-112.1506, 33.8847], [-112.1481, 33.8847], [-112.1481, 33.8857], [-112.1471, 33.8857], [-112.147, 33.8828]], [[-112.2625, 33.4064], [-112.2549, 33.4064], [-112.2541, 33.4032], [-112.2541, 33.3992], [-112.2678, 33.3992], [-112.2677, 33.3957], [-112.272, 33.3957], [-112.2719, 33.3923], [-112.2678, 33.3922], [-112.2678, 33.3893], [-112.272, 33.3892], [-112.2721, 33.3905], [-112.277, 33.3904], [-112.277, 33.3921], [-112.2772, 33.3904], [-112.2794, 33.3903], [-112.2794, 33.3899], [-112.2806, 33.3896], [-112.2806, 33.392], [-112.281, 33.392], [-112.281, 33.3912], [-112.2847, 33.3911], [-112.2848, 33.3919], [-112.2887, 33.3918], [-112.2888, 33.3955], [-112.2723, 33.3957], [-112.2723, 33.3992], [-112.2889, 33.3991], [-112.2889, 33.3995], [-112.2723, 33.3996], [-112.2723, 33.4028], [-112.2636, 33.4028], [-112.2624, 33.4034], [-112.2625, 33.4064]], [[-112.2837, 33.4055], [-112.2847, 33.4054], [-112.2847, 33.4063], [-112.2837, 33.4063], [-112.2837, 33.4055]]]}, "properties": {"CityName": "PHOENIX"}}, {"type": "Feature", "geometry": {"type": "Polygon", "coordinates": [[[-111.686, 33.2881], [-111.6856, 33.2495], [-111.7032, 33.2485], [-111.7032, 33.2448], [-111.6945, 33.2452], [-111.6945, 33.2415], [-111.686, 33.2419], [-111.686, 33.2382], [-111.6863, 33.2382], [-111.686, 33.2379], [-111.686, 33.2346], [-111.687, 33.2346], [-111.687, 33.2353], [-111.688, 33.2353], [-111.688, 33.2345], [-111.7032, 33.234], [-111.7033, 33.2337], [-111.6881, 33.2342], [-111.6881, 33.2307], [-111.686, 33.2307], [-111.6862, 33.2197], [-111.6734, 33.2193], [-111.6734, 33.2189], [-111.6732, 33.2193], [-111.6696, 33.2192], [-111.6696, 33.2185], [-111.6693, 33.2184], [-111.6691, 33.2174], [-111.6688, 33.2176], [-111.6688, 33.2049], [-111.6517, 33.2049], [-111.6687, 33.2048], [-111.6687, 33.2024], [-111.6708, 33.2024], [-111.6708, 33.2048], [-111.6859, 33.2047], [-111.6859, 33.158], [-111.6773, 33.158], [-111.6773, 33.1616], [-111.673, 33.1616], [-111.673, 33.1652], [-111.6687, 33.1652], [-111.6687, 33.1507], [-111.66, 33.1507], [-111.66, 33.1471], [-111.6557, 33.1471], [-111.6557, 33.1616], [-111.6601, 33.1616], [-111.6601, 33.1689], [-111.6644, 33.1689], [-111.6644, 33.1725], [-111.6687, 33.1725], [-111.6687, 33.1743], [-111.673, 33.1743], [-111.673, 33.1761], [-111.6687, 33.1761], [-111.6687, 33.1798], [-111.673, 33.1798], [-111.673, 33.1833], [-111.6708, 33.1833], [-111.6708, 33.187], [-111.673, 33.187], [-111.673, 33.1907], [-111.6557, 33.1907], [-111.6557, 33.1922], [-111.6579, 33.1922], [-111.6579, 33.1928], [-111.6557, 33.1928], [-111.6557, 33.1943], [-111.657, 33.1943], [-111.657, 33.1956], [-111.6582, 33.1956], [-111.6582, 33.1943], [-111.6605, 33.1943], [-111.6605, 33.1956], [-111.6639, 33.1956], [-111.6639, 33.1943], [-111.6662, 33.1943], [-111.6662, 33.1956], [-111.6685, 33.1956], [-111.6685, 33.1978], [-111.6674, 33.1978], [-111.6674, 33.1992], [-111.6685, 33.1992], [-111.6685, 33.2003], [-111.6674, 33.2003], [-111.6674, 33.2015], [-111.6651, 33.2015], [-111.6651, 33.2003], [-111.6639, 33.2003], [-111.6639, 33.1992], [-111.6662, 33.1992], [-111.6662, 33.1978], [-111.6651, 33.1978], [-111.6651, 33.1967], [-111.6605, 33.1967], [-111.6605, 33.1992], [-111.657, 33.1992], [-111.657, 33.2004], [-111.6616, 33.2004], [-111.6616, 33.2016], [-111.6514, 33.2016], [-111.6514, 33.2049], [-111.6344, 33.205], [-111.6345, 33.2037], [-111.6334, 33.2022], [-111.6326, 33.2016], [-111.6299, 33.2012], [-111.6299, 33.2051], [-111.632, 33.2051], [-111.5826, 33.2054], [-111.583, 33.2306], [-111.5827, 33.2198], [-111.5686, 33.2198], [-111.5686, 33.2121], [-111.5633, 33.2121], [-111.5634, 33.2054], [-111.5616, 33.1981], [-111.5556, 33.1981], [-111.556, 33.2055], [-111.5461, 33.2055], [-111.546, 33.2188], [-111.5472, 33.2188], [-111.5472, 33.2196], [-111.546, 33.2196], [-111.546, 33.2202], [-111.561, 33.2201], [-111.5609, 33.2173], [-111.5668, 33.2175], [-111.5668, 33.2198], [-111.5633, 33.2199], [-111.5633, 33.2239], [-111.5762, 33.2238], [-111.5763, 33.2455], [-111.5827, 33.2455], [-111.5827, 33.2472], [-111.5811, 33.2472], [-111.5811, 33.2489], [-111.563, 33.2489], [-111.5631, 33.278], [-111.5831, 33.278], [-111.5831, 33.2773], [-111.6673, 33.2781], [-111.6684, 33.2778], [-111.6697, 33.278], [-111.686, 33.2881]], [[-111.6651, 33.2745], [-111.6651, 33.2748], [-111.6643, 33.2743], [-111.6651, 33.2745]], [[-111.6675, 33.2725], [-111.6672, 33.2725], [-111.6672, 33.2707], [-111.6692, 33.2707], [-111.6693, 33.2743], [-111.6662, 33.2743], [-111.6675, 33.2743], [-111.6675, 33.2725]], [[-111.6629, 33.2734], [-111.664, 33.2741], [-111.6584, 33.2706], [-111.6629, 33.2706], [-111.6629, 33.2734]], [[-111.6521, 33.2705], [-111.6521, 33.2706], [-111.635, 33.2704], [-111.6521, 33.2705]], [[-111.6486, 33.2631], [-111.6518, 33.2631], [-111.6518, 33.2634], [-111.6463, 33.2631], [-111.6486, 33.2631]], [[-111.646, 33.2633], [-111.6349, 33.2634], [-111.6349, 33.2631], [-111.646, 33.2633]], [[-111.6689, 33.2586], [-111.6649, 33.2586], [-111.6649, 33.2612], [-111.6638, 33.2608], [-111.6606, 33.2593], [-111.6606, 33.2555], [-111.6631, 33.2555], [-111.6631, 33.2587], [-111.6642, 33.2587], [-111.6642, 33.2556], [-111.6689, 33.2555], [-111.6689, 33.2586]], [[-111.6003, 33.2558], [-111.6088, 33.2558], [-111.6088, 33.2587], [-111.6003, 33.2587], [-111.6003, 33.2558]], [[-111.6548, 33.2489], [-111.6544, 33.249], [-111.6544, 33.2488], [-111.6548, 33.2489]], [[-111.5876, 33.2484], [-111.5831, 33.2485], [-111.5831, 33.2435], [-111.5845, 33.2435], [-111.5845, 33.2448], [-111.5831, 33.245], [-111.5914, 33.245], [-111.5874, 33.2448], [-111.5874, 33.2433], [-111.5915, 33.2433], [-111.5915, 33.2462], [-111.5926, 33.2462], [-111.593, 33.2484], [-111.5926, 33.2484], [-111.5926, 33.2475], [-111.5915, 33.2475], [-111.5915, 33.2484], [-111.5876, 33.2484]], [[-111.6171, 33.2449], [-111.6171, 33.2343], [-111.6175, 33.2343], [-111.6175, 33.2451], [-111.6171, 33.2449]], [[-111.6, 33.2346], [-111.6, 33.2353], [-111.5943, 33.2314], [-111.5829, 33.2198], [-111.5829, 33.2187], [-111.5947, 33.231], [-111.6, 33.2346]], [[-111.652, 33.2193], [-111.6431, 33.2193], [-111.6431, 33.2159], [-111.6357, 33.2159], [-111.6357, 33.2168], [-111.6347, 33.2168], [-111.6347, 33.2125], [-111.6357, 33.2124], [-111.6357, 33.2105], [-111.6347, 33.2105], [-111.6347, 33.2096], [-111.6355, 33.2096], [-111.6355, 33.2087], [-111.6347, 33.2087], [-111.6347, 33.2054], [-111.6688, 33.205], [-111.6688, 33.2192], [-111.652, 33.2193], [-111.652, 33.2197], [-111.652, 33.2193]], [[-111.6, 33.2125], [-111.5999, 33.2089], [-111.6, 33.2089], [-111.6, 33.2125]], [[-111.5982, 33.2268], [-111.5982, 33.2248], [-111.6, 33.2247], [-111.6, 33.2197], [-111.6086, 33.2197], [-111.6086, 33.2253], [-111.6105, 33.2253], [-111.6105, 33.2268], [-111.5982, 33.2268]], [[-111.6173, 33.2233], [-111.6302, 33.2232], [-111.6302, 33.2241], [-111.6342, 33.2241], [-111.6302, 33.2241], [-111.6302, 33.225], [-111.6314, 33.225], [-111.6314, 33.2267], [-111.6173, 33.2268], [-111.6173, 33.2233]], [[-111.6059, 33.2271], [-111.6086, 33.2271], [-111.6086, 33.2305], [-111.5944, 33.2303], [-111.6, 33.2296], [-111.6, 33.2289], [-111.6008, 33.2289], [-111.6008, 33.2271], [-111.6049, 33.2271], [-111.6049, 33.2281], [-111.6059, 33.2281], [-111.6059, 33.2271]], [[-111.5999, 33.2342], [-111.6087, 33.2343], [-111.6002, 33.2343], [-111.5999, 33.2342]], [[-111.6819, 33.2418], [-111.6856, 33.2418], [-111.6856, 33.2419], [-111.6819, 33.2418]], [[-111.6173, 33.246], [-111.6171, 33.2452], [-111.6175, 33.2455], [-111.6173, 33.246]], [[-111.6708, 33.1961], [-111.6687, 33.1961], [-111.6687, 33.1916], [-111.6708, 33.1916], [-111.6708, 33.1961]], [[-111.673, 33.1725], [-111.6708, 33.1725], [-111.6708, 33.1716], [-111.6687, 33.1716], [-111.6687, 33.1707], [-111.673, 33.1707], [-111.673, 33.1725]]]}, "properties": {"CityName": "QUEEN CREEK"}}, {"type": "Feature", "geometry": {"type": "Polygon", "coordinates": [[[-111.8338, 33.8606], [-111.8347, 33.8681], [-111.8391, 33.8758], [-111.8391, 33.9005], [-111.8912, 33.9005], [-111.8912, 33.8211], [-111.8844, 33.8211], [-111.8825, 33.8228], [-111.8776, 33.8248], [-111.8739, 33.8251], [-111.8739, 33.8139], [-111.9086, 33.8139], [-111.9087, 33.8072], [-111.9106, 33.8068], [-111.911, 33.8055], [-111.9106, 33.8054], [-111.9104, 33.8034], [-111.9129, 33.8014], [-111.9135, 33.8015], [-111.9136, 33.8021], [-111.9114, 33.8034], [-111.9114, 33.8044], [-111.9117, 33.8041], [-111.9137, 33.8045], [-111.9158, 33.8056], [-111.9124, 33.8057], [-111.9108, 33.8065], [-111.9163, 33.8065], [-111.9188, 33.807], [-111.9209, 33.806], [-111.9209, 33.8065], [-111.9273, 33.8066], [-111.9283, 33.7994], [-111.9306, 33.7995], [-111.934, 33.8003], [-111.9381, 33.7994], [-111.9607, 33.7994], [-111.9607, 33.7846], [-111.9594, 33.7844], [-111.9575, 33.7835], [-111.9558, 33.7834], [-111.9529, 33.7846], [-111.9433, 33.7846], [-111.9476, 33.7847], [-111.9476, 33.792], [-111.9455, 33.792], [-111.9455, 33.7883], [-111.9346, 33.7884], [-111.9346, 33.7558], [-111.9389, 33.7558], [-111.939, 33.7521], [-111.939, 33.7484], [-111.9346, 33.7484], [-111.9346, 33.7413], [-111.9609, 33.7413], [-111.9609, 33.7264], [-111.9256, 33.7265], [-111.9255, 33.6401], [-111.9261, 33.5968], [-111.9346, 33.5969], [-111.9346, 33.6004], [-111.939, 33.6004], [-111.939, 33.5969], [-111.9521, 33.5971], [-111.9521, 33.5896], [-111.9434, 33.5894], [-111.9435, 33.5748], [-111.9263, 33.5749], [-111.926, 33.5387], [-111.9279, 33.5387], [-111.9282, 33.5168], [-111.9171, 33.5168], [-111.9173, 33.516], [-111.9196, 33.5159], [-111.9196, 33.5131], [-111.926, 33.5132], [-111.9261, 33.5118], [-111.9304, 33.5118], [-111.9304, 33.5096], [-111.9325, 33.5096], [-111.9325, 33.5126], [-111.9348, 33.5125], [-111.9348, 33.5095], [-111.9368, 33.5095], [-111.9368, 33.513], [-111.939, 33.513], [-111.9391, 33.5088], [-111.9406, 33.5079], [-111.94, 33.5079], [-111.94, 33.5029], [-111.9423, 33.5028], [-111.9423, 33.5054], [-111.9433, 33.5054], [-111.9432, 33.4909], [-111.9474, 33.4903], [-111.952, 33.491], [-111.952, 33.4875], [-111.9499, 33.4875], [-111.9499, 33.4854], [-111.949, 33.4848], [-111.949, 33.4826], [-111.9511, 33.4823], [-111.9519, 33.4814], [-111.9536, 33.4818], [-111.9572, 33.4802], [-111.9608, 33.4801], [-111.9609, 33.4728], [-111.9434, 33.4729], [-111.9434, 33.4656], [-111.9391, 33.4653], [-111.9394, 33.4584], [-111.9265, 33.4586], [-111.9261, 33.4584], [-111.9262, 33.4511], [-111.9178, 33.4511], [-111.9178, 33.4476], [-111.9158, 33.4476], [-111.9157, 33.4511], [-111.9006, 33.4513], [-111.9006, 33.4549], [-111.8919, 33.455], [-111.8913, 33.568], [-111.7989, 33.5679], [-111.8004, 33.5686], [-111.8004, 33.5715], [-111.7981, 33.5715], [-111.7981, 33.5724], [-111.796, 33.5724], [-111.796, 33.5715], [-111.7872, 33.5715], [-111.7871, 33.5785], [-111.7847, 33.5816], [-111.7817, 33.5808], [-111.7775, 33.5784], [-111.7753, 33.5761], [-111.7764, 33.5759], [-111.7769, 33.5755], [-111.7766, 33.5751], [-111.7763, 33.5759], [-111.7744, 33.5763], [-111.7744, 33.5752], [-111.7701, 33.5752], [-111.7701, 33.5897], [-111.7614, 33.5897], [-111.7599, 33.5912], [-111.758, 33.5921], [-111.7561, 33.5917], [-111.7562, 33.5929], [-111.7572, 33.5948], [-111.7563, 33.5974], [-111.7572, 33.6003], [-111.7603, 33.6021], [-111.7615, 33.6032], [-111.7627, 33.6031], [-111.764, 33.6052], [-111.7672, 33.6056], [-111.7692, 33.6068], [-111.7701, 33.6057], [-111.7701, 33.6114], [-111.7874, 33.6114], [-111.7872, 33.7269], [-111.7868, 33.7269], [-111.7868, 33.7378], [-111.7837, 33.7378], [-111.7837, 33.7341], [-111.7826, 33.7341], [-111.7826, 33.7323], [-111.7729, 33.7323], [-111.7729, 33.7417], [-111.7868, 33.7417], [-111.7869, 33.8139], [-111.8391, 33.8139], [-111.8391, 33.8268], [-111.8347, 33.8268], [-111.8348, 33.8338], [-111.8304, 33.8338], [-111.8304, 33.8411], [-111.8282, 33.8411], [-111.8282, 33.8447], [-111.826, 33.8447], [-111.826, 33.8486], [-111.8298, 33.8487], [-111.8326, 33.8495], [-111.8346, 33.8493], [-111.8336, 33.8505], [-111.8326, 33.8533], [-111.8313, 33.8545], [-111.8309, 33.8556], [-111.8308, 33.8551], [-111.8289, 33.855], [-111.8194, 33.8699], [-111.8229, 33.8712], [-111.8249, 33.8675], [-111.8281, 33.8662], [-111.8286, 33.8646], [-111.8295, 33.8646], [-111.8312, 33.8598], [-111.8337, 33.8595], [-111.8338, 33.8606]], [[-111.9603, 33.7919], [-111.9606, 33.792], [-111.9606, 33.7956], [-111.9586, 33.7956], [-111.9585, 33.792], [-111.9603, 33.7919]], [[-111.918, 33.5268], [-111.9216, 33.5268], [-111.9215, 33.5315], [-111.921, 33.5315], [-111.9209, 33.5305], [-111.9204, 33.5305], [-111.9205, 33.5277], [-111.9174, 33.5277], [-111.9174, 33.5268], [-111.918, 33.5268]], [[-111.9179, 33.5115], [-111.9175, 33.5129], [-111.9175, 33.5115], [-111.9179, 33.5115]], [[-111.9389, 33.4985], [-111.9389, 33.4993], [-111.9368, 33.4993], [-111.9368, 33.4985], [-111.9347, 33.4985], [-111.9347, 33.4981], [-111.9353, 33.4981], [-111.9353, 33.4967], [-111.9374, 33.4966], [-111.9374, 33.4985], [-111.9389, 33.4985]]]}, "properties": {"CityName": "SCOTTSDALE"}}, {"type": "Feature", "geometry": {"type": "Polygon", "coordinates": [[[-112.4613, 33.6823], [-112.4872, 33.6823], [-112.4874, 33.6677], [-112.5047, 33.6678], [-112.5047, 33.675], [-112.5132, 33.675], [-112.5131, 33.724], [-112.5308, 33.7241], [-112.5249, 33.7274], [-112.5249, 33.731], [-112.5279, 33.7287], [-112.5336, 33.732], [-112.5336, 33.726], [-112.5423, 33.726], [-112.5423, 33.724], [-112.5642, 33.724], [-112.5642, 33.7385], [-112.5682, 33.7385], [-112.5682, 33.724], [-112.5821, 33.724], [-112.5821, 33.6967], [-112.6082, 33.6967], [-112.6082, 33.6606], [-112.5303, 33.6607], [-112.5211, 33.6598], [-112.5141, 33.6578], [-112.5076, 33.6548], [-112.5032, 33.652], [-112.4903, 33.6419], [-112.4854, 33.6394], [-112.4792, 33.6383], [-112.4596, 33.6385], [-112.4623, 33.6309], [-112.4624, 33.6171], [-112.4636, 33.6096], [-112.4616, 33.6096], [-112.4616, 33.5951], [-112.4677, 33.5951], [-112.47, 33.5901], [-112.47, 33.5806], [-112.4096, 33.5807], [-112.342, 33.5801], [-112.3422, 33.6235], [-112.3248, 33.6235], [-112.3248, 33.6308], [-112.3076, 33.6307], [-112.3076, 33.6385], [-112.3014, 33.6382], [-112.301, 33.6453], [-112.2985, 33.6453], [-112.2986, 33.6525], [-112.3078, 33.6525], [-112.3078, 33.6677], [-112.3121, 33.6677], [-112.312, 33.6423], [-112.3183, 33.6423], [-112.3183, 33.6388], [-112.3394, 33.6388], [-112.3398, 33.6403], [-112.3421, 33.6434], [-112.3475, 33.6435], [-112.3555, 33.646], [-112.3569, 33.6448], [-112.3421, 33.6332], [-112.3421, 33.6328], [-112.4092, 33.6849], [-112.4091, 33.6886], [-112.4074, 33.6886], [-112.4074, 33.6895], [-112.4044, 33.6895], [-112.3987, 33.6949], [-112.4052, 33.6949], [-112.4052, 33.6931], [-112.4063, 33.6931], [-112.4063, 33.6949], [-112.4074, 33.6949], [-112.4074, 33.6967], [-112.3966, 33.6967], [-112.3966, 33.6958], [-112.4, 33.6931], [-112.3988, 33.6931], [-112.3988, 33.692], [-112.4003, 33.6909], [-112.3998, 33.6904], [-112.3944, 33.6927], [-112.3944, 33.6886], [-112.3918, 33.6908], [-112.3894, 33.6919], [-112.375, 33.6954], [-112.3633, 33.6957], [-112.3599, 33.6944], [-112.36, 33.7112], [-112.3556, 33.7123], [-112.3514, 33.7146], [-112.3514, 33.7186], [-112.3601, 33.7186], [-112.3601, 33.7221], [-112.3515, 33.7221], [-112.3515, 33.7249], [-112.3773, 33.7248], [-112.3774, 33.7262], [-112.3802, 33.7262], [-112.3802, 33.7248], [-112.386, 33.7248], [-112.386, 33.7222], [-112.3817, 33.7221], [-112.3817, 33.7166], [-112.3913, 33.7166], [-112.3913, 33.7185], [-112.4032, 33.7185], [-112.4033, 33.7203], [-112.4054, 33.7202], [-112.4054, 33.7184], [-112.4076, 33.7184], [-112.4076, 33.7221], [-112.4091, 33.7221], [-112.4091, 33.7249], [-112.3949, 33.7249], [-112.3949, 33.7529], [-112.41, 33.7531], [-112.3947, 33.7531], [-112.3947, 33.7603], [-112.3993, 33.7603], [-112.3994, 33.761], [-112.4007, 33.7603], [-112.4034, 33.7603], [-112.4034, 33.7653], [-112.4003, 33.7658], [-112.3999, 33.7663], [-112.4034, 33.7663], [-112.4034, 33.7676], [-112.3948, 33.7676], [-112.3948, 33.7821], [-112.4123, 33.7821], [-112.4123, 33.7604], [-112.421, 33.7604], [-112.421, 33.7586], [-112.4124, 33.7586], [-112.4123, 33.753], [-112.4469, 33.753], [-112.447, 33.7386], [-112.4644, 33.7532], [-112.4644, 33.7586], [-112.4601, 33.7586], [-112.46, 33.764], [-112.4644, 33.764], [-112.4644, 33.7677], [-112.4731, 33.7677], [-112.4731, 33.7749], [-112.4818, 33.7749], [-112.4818, 33.7822], [-112.4644, 33.7822], [-112.4644, 33.7749], [-112.4557, 33.7749], [-112.4557, 33.7894], [-112.46, 33.7894], [-112.46, 33.7931], [-112.4557, 33.7931], [-112.4557, 33.8112], [-112.4644, 33.8112], [-112.4644, 33.8257], [-112.4818, 33.8257], [-112.4818, 33.8185], [-112.4797, 33.8185], [-112.4796, 33.8149], [-112.4818, 33.8149], [-112.4818, 33.8112], [-112.4992, 33.8112], [-112.4992, 33.8185], [-112.5101, 33.8185], [-112.51, 33.8148], [-112.5162, 33.8149], [-112.5162, 33.7967], [-112.5205, 33.7967], [-112.5205, 33.7931], [-112.5162, 33.7931], [-112.5162, 33.7859], [-112.5131, 33.7859], [-112.5131, 33.7854], [-112.5162, 33.7854], [-112.5162, 33.7741], [-112.5205, 33.774], [-112.5205, 33.7727], [-112.4955, 33.7532], [-112.4818, 33.7532], [-112.4818, 33.7385], [-112.4799, 33.7384], [-112.4796, 33.7349], [-112.4775, 33.7349], [-112.4775, 33.7313], [-112.4732, 33.7313], [-112.4732, 33.7277], [-112.4689, 33.7277], [-112.4688, 33.7243], [-112.4613, 33.7244], [-112.461, 33.7113], [-112.4613, 33.6741], [-112.4613, 33.6823]], [[-112.4614, 33.6678], [-112.4612, 33.6604], [-112.4875, 33.6605], [-112.4875, 33.6642], [-112.4614, 33.6642], [-112.4614, 33.6678]], [[-112.4529, 33.6095], [-112.4591, 33.6096], [-112.459, 33.6133], [-112.4572, 33.6169], [-112.4442, 33.617], [-112.4442, 33.6097], [-112.4484, 33.6097], [-112.4484, 33.6085], [-112.4529, 33.6085], [-112.4529, 33.6095]], [[-112.4333, 33.6098], [-112.4333, 33.617], [-112.4269, 33.617], [-112.4269, 33.6117], [-112.4279, 33.6116], [-112.4281, 33.6107], [-112.4292, 33.6106], [-112.4292, 33.6098], [-112.4333, 33.6098]], [[-112.4122, 33.7247], [-112.4209, 33.7247], [-112.4209, 33.727], [-112.4244, 33.7314], [-112.4296, 33.7314], [-112.4297, 33.7388], [-112.4122, 33.7388], [-112.4122, 33.7247]]]}, "properties": {"CityName": "SURPRISE"}}, {"type": "Feature", "geometry": {"type": "Polygon", "coordinates": [[[-111.9393, 33.4591], [-111.9392, 33.464], [-111.9413, 33.4614], [-111.9417, 33.4565], [-111.9429, 33.455], [-111.9418, 33.4526], [-111.9397, 33.4501], [-111.9412, 33.4474], [-111.9511, 33.4474], [-111.9521, 33.4486], [-111.954, 33.4446], [-111.9546, 33.4447], [-111.9548, 33.4483], [-111.9559, 33.4488], [-111.9611, 33.4489], [-111.9613, 33.4362], [-111.9784, 33.4365], [-111.9782, 33.3767], [-111.9706, 33.3775], [-111.9671, 33.377], [-111.9671, 33.3781], [-111.9633, 33.3781], [-111.9633, 33.3757], [-111.9601, 33.3728], [-111.9571, 33.3679], [-111.9562, 33.3623], [-111.9562, 33.3579], [-111.9568, 33.3564], [-111.963, 33.3564], [-111.963, 33.36], [-111.9701, 33.3599], [-111.9719, 33.3524], [-111.9731, 33.3494], [-111.9726, 33.3462], [-111.9727, 33.3271], [-111.9633, 33.3271], [-111.9631, 33.3199], [-111.9558, 33.3199], [-111.9509, 33.3344], [-111.9503, 33.3344], [-111.9526, 33.3273], [-111.9458, 33.3273], [-111.9457, 33.3236], [-111.937, 33.3237], [-111.937, 33.3201], [-111.928, 33.3201], [-111.928, 33.3237], [-111.9197, 33.3237], [-111.9197, 33.3273], [-111.9192, 33.3274], [-111.8936, 33.3276], [-111.8932, 33.3347], [-111.894, 33.3645], [-111.8934, 33.3799], [-111.8927, 33.3814], [-111.8884, 33.384], [-111.8815, 33.3858], [-111.8806, 33.3866], [-111.8799, 33.388], [-111.8802, 33.3931], [-111.8864, 33.4022], [-111.889, 33.4087], [-111.889, 33.4102], [-111.8878, 33.412], [-111.8826, 33.4171], [-111.8786, 33.4202], [-111.8774, 33.4222], [-111.8829, 33.4222], [-111.8827, 33.4294], [-111.8918, 33.4293], [-111.8919, 33.433], [-111.8941, 33.433], [-111.8962, 33.4348], [-111.8979, 33.4351], [-111.9051, 33.4345], [-111.9053, 33.4368], [-111.9096, 33.4368], [-111.9093, 33.4511], [-111.9157, 33.4511], [-111.9158, 33.4476], [-111.9178, 33.4476], [-111.9178, 33.4511], [-111.9262, 33.4511], [-111.9261, 33.4584], [-111.9265, 33.4586], [-111.9394, 33.4584], [-111.9393, 33.4591]], [[-111.9396, 33.451], [-111.9352, 33.4512], [-111.9352, 33.4511], [-111.9396, 33.451]], [[-111.9258, 33.4396], [-111.9258, 33.4402], [-111.9248, 33.4404], [-111.9193, 33.4404], [-111.9195, 33.4392], [-111.9206, 33.4388], [-111.9205, 33.4367], [-111.9222, 33.4367], [-111.9222, 33.4356], [-111.9228, 33.4356], [-111.9228, 33.4365], [-111.926, 33.4361], [-111.9262, 33.4396], [-111.9258, 33.4396]], [[-111.9091, 33.419], [-111.909, 33.4184], [-111.9091, 33.4184], [-111.9091, 33.419]], [[-111.9049, 33.4111], [-111.8962, 33.411], [-111.9069, 33.411], [-111.9049, 33.4111]], [[-111.9431, 33.3759], [-111.9396, 33.3699], [-111.9431, 33.3698], [-111.9431, 33.3759]], [[-111.9438, 33.3564], [-111.9438, 33.3634], [-111.9431, 33.3634], [-111.9431, 33.3564], [-111.9456, 33.3494], [-111.9438, 33.3564]], [[-111.9717, 33.3433], [-111.9685, 33.3433], [-111.9685, 33.3418], [-111.9717, 33.3417], [-111.9717, 33.3433]], [[-111.9588, 33.3309], [-111.9587, 33.3288], [-111.963, 33.3288], [-111.963, 33.3303], [-111.9596, 33.3303], [-111.9596, 33.3298], [-111.9588, 33.3298], [-111.9588, 33.3309]]]}, "properties": {"CityName": "TEMPE"}}, {"type": "Feature", "geometry": {"type": "Polygon", "coordinates": [[[-112.2381, 33.4651], [-112.2727, 33.4646], [-112.2726, 33.4501], [-112.2897, 33.4498], [-112.2896, 33.4358], [-112.287, 33.4361], [-112.2848, 33.4373], [-112.2848, 33.4356], [-112.2552, 33.4359], [-112.2383, 33.4373], [-112.2213, 33.4373], [-112.2214, 33.4515], [-112.2385, 33.4516], [-112.2385, 33.4613], [-112.2506, 33.4616], [-112.2425, 33.4551], [-112.2428, 33.4515], [-112.2427, 33.455], [-112.2509, 33.4613], [-112.2548, 33.4612], [-112.2548, 33.4649], [-112.2544, 33.464], [-112.2508, 33.4638], [-112.2495, 33.4633], [-112.244, 33.4633], [-112.2384, 33.4636], [-112.2382, 33.4651], [-112.2382, 33.4611], [-112.2381, 33.4651]], [[-112.2565, 33.4636], [-112.2555, 33.4638], [-112.2555, 33.4614], [-112.2599, 33.4616], [-112.2723, 33.4607], [-112.2723, 33.4636], [-112.2718, 33.4629], [-112.269, 33.4626], [-112.2589, 33.4631], [-112.2565, 33.4636]], [[-112.2382, 33.4516], [-112.2379, 33.4478], [-112.2368, 33.4468], [-112.234, 33.4468], [-112.234, 33.4441], [-112.2252, 33.4445], [-112.2253, 33.4466], [-112.2297, 33.4468], [-112.2251, 33.4468], [-112.225, 33.4457], [-112.2214, 33.4458], [-112.2214, 33.4443], [-112.234, 33.4438], [-112.234, 33.4408], [-112.2381, 33.4408], [-112.2382, 33.4516]], [[-112.2636, 33.436], [-112.2638, 33.436], [-112.2638, 33.4429], [-112.2636, 33.436]], [[-112.2725, 33.4429], [-112.2779, 33.4428], [-112.2801, 33.4421], [-112.2819, 33.4408], [-112.2846, 33.437], [-112.2824, 33.4407], [-112.2801, 33.4424], [-112.2779, 33.443], [-112.2725, 33.4429]], [[-112.2214, 33.4379], [-112.2213, 33.4374], [-112.2214, 33.4374], [-112.2214, 33.4379]], [[-112.2638, 33.4435], [-112.2722, 33.4434], [-112.2723, 33.4437], [-112.2638, 33.4435]], [[-112.2468, 33.4512], [-112.2544, 33.4504], [-112.2544, 33.4505], [-112.2468, 33.4512]]]}, "properties": {"CityName": "TOLLESON"}}, {"type": "Feature", "geometry": {"type": "Polygon", "coordinates": [[[-112.6831, 32.9764], [-112.6831, 32.9772], [-112.6868, 32.971], [-112.6831, 32.971], [-112.6831, 32.9764]]]}, "properties": {"CityName": "UNINCORPORATED MARICOPA COUNTY"}}, {"type": "Feature", "geometry": {"type": "Polygon", "coordinates": [[[-112.2021, 33.0491], [-112.2021, 33.0509], [-112.2025, 33.0509], [-112.2025, 33.0491], [-112.2021, 33.0491]]]}, "properties": {"CityName": "UNINCORPORATED MARICOPA COUNTY"}}, {"type": "Feature", "geometry": {"type": "Polygon", "coordinates": [[[-112.2021, 33.0726], [-112.2021, 33.0872], [-112.2032, 33.0872], [-112.2032, 33.0725], [-112.2021, 33.0726]]]}, "properties": {"CityName": "UNINCORPORATED MARICOPA COUNTY"}}, {"type": "Feature", "geometry": {"type": "Polygon", "coordinates": [[[-111.833, 33.2041], [-111.8238, 33.2043], [-111.84, 33.204], [-111.833, 33.2041]]]}, "properties": {"CityName": "UNINCORPORATED MARICOPA COUNTY"}}, {"type": "Feature", "geometry": {"type": "Polygon", "coordinates": [[[-112.6547, 33.1997], [-112.6547, 33.2032], [-112.659, 33.2032], [-112.659, 33.1997], [-112.6676, 33.1996], [-112.6675, 33.1962], [-112.6547, 33.1962], [-112.6547, 33.1997]]]}, "properties": {"CityName": "UNINCORPORATED MARICOPA COUNTY"}}, {"type": "Feature", "geometry": {"type": "Polygon", "coordinates": [[[-111.7118, 33.2083], [-111.714, 33.2083], [-111.714, 33.2069], [-111.7151, 33.2069], [-111.7151, 33.2083], [-111.7161, 33.2083], [-111.7161, 33.2065], [-111.7193, 33.2065], [-111.7193, 33.2074], [-111.7204, 33.2074], [-111.7204, 33.2083], [-111.7291, 33.2083], [-111.7291, 33.2054], [-111.7307, 33.2054], [-111.7307, 33.2047], [-111.7161, 33.2047], [-111.7161, 33.2064], [-111.7118, 33.2066], [-111.7118, 33.2083]]]}, "properties": {"CityName": "UNINCORPORATED MARICOPA COUNTY"}}, {"type": "Feature", "geometry": {"type": "Polygon", "coordinates": [[[-111.7469, 33.2096], [-111.7554, 33.2096], [-111.7553, 33.2047], [-111.7508, 33.2047], [-111.7469, 33.2096]]]}, "properties": {"CityName": "UNINCORPORATED MARICOPA COUNTY"}}, {"type": "Feature", "geometry": {"type": "Polygon", "coordinates": [[[-111.5999, 33.2089], [-111.6, 33.2125], [-111.6, 33.2089], [-111.5999, 33.2089]]]}, "properties": {"CityName": "UNINCORPORATED MARICOPA COUNTY"}}, {"type": "Feature", "geometry": {"type": "Polygon", "coordinates": [[[-111.841, 33.2167], [-111.839, 33.2167], [-111.839, 33.2184], [-111.8403, 33.2184], [-111.8403, 33.2175], [-111.8411, 33.2175], [-111.841, 33.2167]]]}, "properties": {"CityName": "UNINCORPORATED MARICOPA COUNTY"}}, {"type": "Feature", "geometry": {"type": "Polygon", "coordinates": [[[-111.7469, 33.2191], [-111.7554, 33.2191], [-111.7554, 33.212], [-111.7489, 33.212], [-111.7489, 33.2156], [-111.7468, 33.2156], [-111.7469, 33.2191]]]}, "properties": {"CityName": "UNINCORPORATED MARICOPA COUNTY"}}, {"type": "Feature", "geometry": {"type": "Polygon", "coordinates": [[[-111.652, 33.2193], [-111.6688, 33.2192], [-111.6688, 33.205], [-111.6347, 33.2054], [-111.6347, 33.2087], [-111.6355, 33.2087], [-111.6355, 33.2096], [-111.6347, 33.2096], [-111.6347, 33.2105], [-111.6357, 33.2105], [-111.6357, 33.2124], [-111.6347, 33.2125], [-111.6347, 33.2168], [-111.6357, 33.2168], [-111.6357, 33.2159], [-111.6431, 33.2159], [-111.6431, 33.2193], [-111.652, 33.2193]]]}, "properties": {"CityName": "UNINCORPORATED MARICOPA COUNTY"}}, {"type": "Feature", "geometry": {"type": "Polygon", "coordinates": [[[-112.6158, 33.2108], [-112.6158, 33.2175], [-112.633, 33.2176], [-112.6331, 33.2103], [-112.6418, 33.2104], [-112.6417, 33.2031], [-112.6158, 33.203], [-112.6158, 33.2108]]]}, "properties": {"CityName": "UNINCORPORATED MARICOPA COUNTY"}}, {"type": "Feature", "geometry": {"type": "Polygon", "coordinates": [[[-111.652, 33.2193], [-111.652, 33.2197], [-111.652, 33.2197], [-111.652, 33.2193]]]}, "properties": {"CityName": "UNINCORPORATED MARICOPA COUNTY"}}, {"type": "Feature", "geometry": {"type": "Polygon", "coordinates": [[[-112.6676, 33.2177], [-112.6676, 33.2105], [-112.659, 33.2104], [-112.659, 33.2177], [-112.6676, 33.2177]]]}, "properties": {"CityName": "UNINCORPORATED MARICOPA COUNTY"}}, {"type": "Feature", "geometry": {"type": "Polygon", "coordinates": [[[-111.7771, 33.2193], [-111.7771, 33.2202], [-111.7781, 33.2202], [-111.7781, 33.2193], [-111.7771, 33.2193]]]}, "properties": {"CityName": "UNINCORPORATED MARICOPA COUNTY"}}, {"type": "Feature", "geometry": {"type": "Polygon", "coordinates": [[[-111.7726, 33.221], [-111.7725, 33.2194], [-111.7701, 33.2194], [-111.7701, 33.221], [-111.7726, 33.221]]]}, "properties": {"CityName": "UNINCORPORATED MARICOPA COUNTY"}}, {"type": "Feature", "geometry": {"type": "Polygon", "coordinates": [[[-111.8064, 33.2227], [-111.8065, 33.2218], [-111.8054, 33.2219], [-111.8054, 33.2226], [-111.8064, 33.2227]]]}, "properties": {"CityName": "UNINCORPORATED MARICOPA COUNTY"}}, {"type": "Feature", "geometry": {"type": "Polygon", "coordinates": [[[-111.7895, 33.2236], [-111.7895, 33.2265], [-111.7943, 33.2264], [-111.7924, 33.2242], [-111.7922, 33.2206], [-111.796, 33.2206], [-111.796, 33.2194], [-111.792, 33.2194], [-111.792, 33.2221], [-111.7895, 33.2221], [-111.7895, 33.2236]]]}, "properties": {"CityName": "UNINCORPORATED MARICOPA COUNTY"}}, {"type": "Feature", "geometry": {"type": "Polygon", "coordinates": [[[-111.777, 33.2229], [-111.777, 33.2265], [-111.7857, 33.2265], [-111.7857, 33.2194], [-111.7846, 33.2194], [-111.7846, 33.2229], [-111.777, 33.2229]]]}, "properties": {"CityName": "UNINCORPORATED MARICOPA COUNTY"}}, {"type": "Feature", "geometry": {"type": "Polygon", "coordinates": [[[-111.6173, 33.2268], [-111.6314, 33.2267], [-111.6314, 33.225], [-111.6302, 33.225], [-111.6302, 33.2241], [-111.6342, 33.2241], [-111.6302, 33.2241], [-111.6302, 33.2232], [-111.6173, 33.2233], [-111.6173, 33.2268]]]}, "properties": {"CityName": "UNINCORPORATED MARICOPA COUNTY"}}, {"type": "Feature", "geometry": {"type": "Polygon", "coordinates": [[[-111.5982, 33.2268], [-111.6105, 33.2268], [-111.6105, 33.2253], [-111.6086, 33.2253], [-111.6086, 33.2197], [-111.6, 33.2197], [-111.6, 33.2247], [-111.5982, 33.2248], [-111.5982, 33.2268]]]}, "properties": {"CityName": "UNINCORPORATED MARICOPA COUNTY"}}, {"type": "Feature", "geometry": {"type": "Polygon", "coordinates": [[[-111.8238, 33.2269], [-111.8218, 33.227], [-111.8218, 33.2279], [-111.8238, 33.2278], [-111.8238, 33.2269]]]}, "properties": {"CityName": "UNINCORPORATED MARICOPA COUNTY"}}, {"type": "Feature", "geometry": {"type": "Polygon", "coordinates": [[[-111.8498, 33.2293], [-111.8583, 33.2292], [-111.8584, 33.2038], [-111.8238, 33.2043], [-111.8238, 33.2069], [-111.8282, 33.2069], [-111.8282, 33.2078], [-111.8325, 33.2077], [-111.8325, 33.2172], [-111.8316, 33.2185], [-111.8329, 33.2185], [-111.8329, 33.2171], [-111.8345, 33.2152], [-111.8355, 33.2126], [-111.8364, 33.2119], [-111.8364, 33.2175], [-111.8357, 33.2175], [-111.8357, 33.2184], [-111.8368, 33.2184], [-111.8368, 33.2153], [-111.8412, 33.2149], [-111.8411, 33.204], [-111.8414, 33.2258], [-111.8459, 33.2257], [-111.8459, 33.2183], [-111.8498, 33.2183], [-111.8498, 33.2293]]]}, "properties": {"CityName": "UNINCORPORATED MARICOPA COUNTY"}}, {"type": "Feature", "geometry": {"type": "Polygon", "coordinates": [[[-111.798, 33.2298], [-111.798, 33.2302], [-111.7981, 33.2298], [-111.798, 33.2298]]]}, "properties": {"CityName": "UNINCORPORATED MARICOPA COUNTY"}}, {"type": "Feature", "geometry": {"type": "Polygon", "coordinates": [[[-111.686, 33.2269], [-111.686, 33.2307], [-111.6881, 33.2307], [-111.6881, 33.227], [-111.6923, 33.2269], [-111.6923, 33.2232], [-111.6945, 33.2231], [-111.6945, 33.2216], [-111.6955, 33.2216], [-111.6955, 33.2206], [-111.6945, 33.2207], [-111.6945, 33.2194], [-111.7032, 33.2193], [-111.7032, 33.2138], [-111.7075, 33.2138], [-111.7075, 33.2121], [-111.7118, 33.2121], [-111.7118, 33.2138], [-111.714, 33.2138], [-111.714, 33.2155], [-111.7129, 33.2155], [-111.7129, 33.2174], [-111.714, 33.2174], [-111.714, 33.2156], [-111.7162, 33.2156], [-111.7161, 33.2119], [-111.7118, 33.2119], [-111.7118, 33.2101], [-111.7032, 33.2101], [-111.7032, 33.2065], [-111.7102, 33.2065], [-111.7107, 33.2047], [-111.6517, 33.2049], [-111.6688, 33.2049], [-111.6688, 33.2176], [-111.6691, 33.2174], [-111.6693, 33.2184], [-111.6696, 33.2185], [-111.6696, 33.2192], [-111.6732, 33.2193], [-111.6734, 33.2189], [-111.6734, 33.2193], [-111.6862, 33.2197], [-111.686, 33.2269]]]}, "properties": {"CityName": "UNINCORPORATED MARICOPA COUNTY"}}, {"type": "Feature", "geometry": {"type": "Polygon", "coordinates": [[[-111.598, 33.2297], [-111.5944, 33.2303], [-111.6086, 33.2305], [-111.6086, 33.2271], [-111.6059, 33.2271], [-111.6059, 33.2281], [-111.6049, 33.2281], [-111.6049, 33.2271], [-111.6008, 33.2271], [-111.6008, 33.2289], [-111.6, 33.2289], [-111.6, 33.2296], [-111.598, 33.2297]]]}, "properties": {"CityName": "UNINCORPORATED MARICOPA COUNTY"}}, {"type": "Feature", "geometry": {"type": "Polygon", "coordinates": [[[-111.5827, 33.2189], [-111.583, 33.2306], [-111.5827, 33.2185], [-111.5827, 33.2189]]]}, "properties": {"CityName": "UNINCORPORATED MARICOPA COUNTY"}}, {"type": "Feature", "geometry": {"type": "Polygon", "coordinates": [[[-111.8044, 33.2318], [-111.8044, 33.2311], [-111.8065, 33.2309], [-111.8064, 33.2299], [-111.8023, 33.2299], [-111.8023, 33.2318], [-111.8044, 33.2318]]]}, "properties": {"CityName": "UNINCORPORATED MARICOPA COUNTY"}}, {"type": "Feature", "geometry": {"type": "Polygon", "coordinates": [[[-111.8297, 33.2332], [-111.8301, 33.2332], [-111.8286, 33.2312], [-111.8291, 33.2291], [-111.8283, 33.226], [-111.828, 33.226], [-111.8283, 33.2331], [-111.8297, 33.2332]]]}, "properties": {"CityName": "UNINCORPORATED MARICOPA COUNTY"}}, {"type": "Feature", "geometry": {"type": "Polygon", "coordinates": [[[-111.8358, 33.2331], [-111.8411, 33.2332], [-111.8368, 33.2331], [-111.8368, 33.2314], [-111.8378, 33.2311], [-111.8368, 33.23], [-111.8411, 33.2295], [-111.8395, 33.2294], [-111.8395, 33.2284], [-111.8388, 33.2283], [-111.8388, 33.2273], [-111.837, 33.2252], [-111.8368, 33.2188], [-111.8365, 33.2188], [-111.8365, 33.2249], [-111.8359, 33.2249], [-111.8358, 33.2331]]]}, "properties": {"CityName": "UNINCORPORATED MARICOPA COUNTY"}}, {"type": "Feature", "geometry": {"type": "Polygon", "coordinates": [[[-111.8185, 33.2325], [-111.8185, 33.2334], [-111.8195, 33.2334], [-111.8195, 33.2325], [-111.8185, 33.2325]]]}, "properties": {"CityName": "UNINCORPORATED MARICOPA COUNTY"}}, {"type": "Feature", "geometry": {"type": "Polygon", "coordinates": [[[-111.8084, 33.2335], [-111.8131, 33.2335], [-111.8131, 33.2317], [-111.8153, 33.2316], [-111.8153, 33.2307], [-111.8196, 33.2306], [-111.8196, 33.2315], [-111.8229, 33.2315], [-111.8229, 33.2297], [-111.8237, 33.2297], [-111.8238, 33.2288], [-111.8196, 33.2288], [-111.8196, 33.2261], [-111.8237, 33.226], [-111.8237, 33.219], [-111.8185, 33.219], [-111.8185, 33.2202], [-111.8179, 33.2204], [-111.8185, 33.2203], [-111.8185, 33.2225], [-111.8163, 33.2225], [-111.8163, 33.2191], [-111.8152, 33.2191], [-111.8152, 33.2225], [-111.8136, 33.2226], [-111.8136, 33.2191], [-111.8125, 33.2191], [-111.8125, 33.2226], [-111.8067, 33.2228], [-111.8068, 33.2333], [-111.8084, 33.2335]]]}, "properties": {"CityName": "UNINCORPORATED MARICOPA COUNTY"}}, {"type": "Feature", "geometry": {"type": "Polygon", "coordinates": [[[-111.8044, 33.2318], [-111.8044, 33.2336], [-111.8055, 33.2336], [-111.8055, 33.2318], [-111.8044, 33.2318]]]}, "properties": {"CityName": "UNINCORPORATED MARICOPA COUNTY"}}, {"type": "Feature", "geometry": {"type": "Polygon", "coordinates": [[[-111.7726, 33.221], [-111.7726, 33.2229], [-111.7684, 33.2229], [-111.7684, 33.2265], [-111.7556, 33.2266], [-111.7556, 33.2336], [-111.7652, 33.2338], [-111.7651, 33.2302], [-111.7727, 33.2301], [-111.7726, 33.221]]]}, "properties": {"CityName": "UNINCORPORATED MARICOPA COUNTY"}}, {"type": "Feature", "geometry": {"type": "Polygon", "coordinates": [[[-111.6, 33.2342], [-111.6002, 33.2343], [-111.6087, 33.2343], [-111.6, 33.2342]]]}, "properties": {"CityName": "UNINCORPORATED MARICOPA COUNTY"}}, {"type": "Feature", "geometry": {"type": "Polygon", "coordinates": [[[-111.8455, 33.2331], [-111.8455, 33.235], [-111.8497, 33.235], [-111.8497, 33.233], [-111.8455, 33.2331]]]}, "properties": {"CityName": "UNINCORPORATED MARICOPA COUNTY"}}, {"type": "Feature", "geometry": {"type": "Polygon", "coordinates": [[[-111.5846, 33.2214], [-111.5946, 33.2317], [-111.6, 33.2353], [-111.6, 33.2346], [-111.5946, 33.2308], [-111.5829, 33.2187], [-111.5829, 33.2198], [-111.5846, 33.2214]]]}, "properties": {"CityName": "UNINCORPORATED MARICOPA COUNTY"}}, {"type": "Feature", "geometry": {"type": "Polygon", "coordinates": [[[-111.8109, 33.2371], [-111.8069, 33.2372], [-111.8068, 33.2379], [-111.811, 33.2378], [-111.8109, 33.2371]]]}, "properties": {"CityName": "UNINCORPORATED MARICOPA COUNTY"}}, {"type": "Feature", "geometry": {"type": "Polygon", "coordinates": [[[-111.796, 33.2339], [-111.7959, 33.241], [-111.8024, 33.2409], [-111.8023, 33.233], [-111.8015, 33.233], [-111.8015, 33.2336], [-111.7987, 33.2337], [-111.7988, 33.2315], [-111.798, 33.2315], [-111.798, 33.2337], [-111.796, 33.2339]]]}, "properties": {"CityName": "UNINCORPORATED MARICOPA COUNTY"}}, {"type": "Feature", "geometry": {"type": "Polygon", "coordinates": [[[-111.7726, 33.2404], [-111.7684, 33.2404], [-111.7684, 33.2411], [-111.7727, 33.241], [-111.7726, 33.2404]]]}, "properties": {"CityName": "UNINCORPORATED MARICOPA COUNTY"}}, {"type": "Feature", "geometry": {"type": "Polygon", "coordinates": [[[-111.8048, 33.2409], [-111.8048, 33.2418], [-111.8065, 33.2418], [-111.8065, 33.2408], [-111.8048, 33.2409]]]}, "properties": {"CityName": "UNINCORPORATED MARICOPA COUNTY"}}, {"type": "Feature", "geometry": {"type": "Polygon", "coordinates": [[[-111.6819, 33.2418], [-111.6856, 33.2419], [-111.6856, 33.2418], [-111.6819, 33.2418]]]}, "properties": {"CityName": "UNINCORPORATED MARICOPA COUNTY"}}, {"type": "Feature", "geometry": {"type": "Polygon", "coordinates": [[[-111.8052, 33.2431], [-111.8065, 33.2431], [-111.8065, 33.2427], [-111.8052, 33.2427], [-111.8052, 33.2431]]]}, "properties": {"CityName": "UNINCORPORATED MARICOPA COUNTY"}}, {"type": "Feature", "geometry": {"type": "Polygon", "coordinates": [[[-111.7909, 33.2422], [-111.7906, 33.2428], [-111.7896, 33.2428], [-111.7896, 33.2448], [-111.7918, 33.2411], [-111.7912, 33.2411], [-111.7909, 33.2422]]]}, "properties": {"CityName": "UNINCORPORATED MARICOPA COUNTY"}}, {"type": "Feature", "geometry": {"type": "Polygon", "coordinates": [[[-111.6173, 33.2343], [-111.6171, 33.2449], [-111.6175, 33.2451], [-111.6173, 33.2343]]]}, "properties": {"CityName": "UNINCORPORATED MARICOPA COUNTY"}}, {"type": "Feature", "geometry": {"type": "Polygon", "coordinates": [[[-111.8315, 33.2456], [-111.8314, 33.246], [-111.8326, 33.246], [-111.8326, 33.2452], [-111.8316, 33.2452], [-111.8315, 33.2456]]]}, "properties": {"CityName": "UNINCORPORATED MARICOPA COUNTY"}}, {"type": "Feature", "geometry": {"type": "Polygon", "coordinates": [[[-111.6171, 33.2455], [-111.6175, 33.2461], [-111.6175, 33.2455], [-111.6171, 33.2452], [-111.6171, 33.2455]]]}, "properties": {"CityName": "UNINCORPORATED MARICOPA COUNTY"}}, {"type": "Feature", "geometry": {"type": "Polygon", "coordinates": [[[-111.8273, 33.2469], [-111.8283, 33.2469], [-111.8283, 33.2441], [-111.8252, 33.2442], [-111.8252, 33.2459], [-111.8243, 33.2462], [-111.8252, 33.2462], [-111.8252, 33.2468], [-111.8273, 33.2469]]]}, "properties": {"CityName": "UNINCORPORATED MARICOPA COUNTY"}}, {"type": "Feature", "geometry": {"type": "Polygon", "coordinates": [[[-111.8008, 33.2472], [-111.8008, 33.2482], [-111.8013, 33.2482], [-111.8013, 33.2472], [-111.8008, 33.2472]]]}, "properties": {"CityName": "UNINCORPORATED MARICOPA COUNTY"}}, {"type": "Feature", "geometry": {"type": "Polygon", "coordinates": [[[-111.7981, 33.2446], [-111.7981, 33.2482], [-111.7992, 33.2482], [-111.7992, 33.2446], [-111.7981, 33.2446]]]}, "properties": {"CityName": "UNINCORPORATED MARICOPA COUNTY"}}, {"type": "Feature", "geometry": {"type": "Polygon", "coordinates": [[[-111.7054, 33.2481], [-111.7075, 33.2481], [-111.7076, 33.2448], [-111.7119, 33.2448], [-111.7119, 33.2412], [-111.7032, 33.2412], [-111.7033, 33.2338], [-111.688, 33.2345], [-111.688, 33.2353], [-111.687, 33.2353], [-111.687, 33.2346], [-111.686, 33.2346], [-111.686, 33.2379], [-111.6863, 33.2382], [-111.686, 33.2382], [-111.686, 33.2419], [-111.6945, 33.2415], [-111.6945, 33.2452], [-111.7054, 33.2448], [-111.7054, 33.2481]]]}, "properties": {"CityName": "UNINCORPORATED MARICOPA COUNTY"}}, {"type": "Feature", "geometry": {"type": "Polygon", "coordinates": [[[-111.7467, 33.2483], [-111.7516, 33.2482], [-111.7516, 33.2475], [-111.7522, 33.2475], [-111.7522, 33.2482], [-111.7552, 33.2481], [-111.7553, 33.2377], [-111.7505, 33.2375], [-111.7506, 33.2339], [-111.7392, 33.234], [-111.7392, 33.2357], [-111.7383, 33.2357], [-111.7383, 33.2375], [-111.7424, 33.2375], [-111.7427, 33.2357], [-111.7435, 33.2357], [-111.7435, 33.2375], [-111.7467, 33.2375], [-111.7467, 33.2483]]]}, "properties": {"CityName": "UNINCORPORATED MARICOPA COUNTY"}}, {"type": "Feature", "geometry": {"type": "Polygon", "coordinates": [[[-111.5831, 33.2485], [-111.5915, 33.2484], [-111.5915, 33.2475], [-111.5926, 33.2475], [-111.5926, 33.2484], [-111.593, 33.2484], [-111.593, 33.2475], [-111.5926, 33.2475], [-111.5926, 33.2462], [-111.5915, 33.2462], [-111.5915, 33.2433], [-111.5874, 33.2433], [-111.5874, 33.2448], [-111.5914, 33.245], [-111.5831, 33.245], [-111.5845, 33.2448], [-111.5845, 33.2435], [-111.5831, 33.2435], [-111.5831, 33.2485]]]}, "properties": {"CityName": "UNINCORPORATED MARICOPA COUNTY"}}, {"type": "Feature", "geometry": {"type": "Polygon", "coordinates": [[[-111.6545, 33.2488], [-111.6544, 33.249], [-111.6548, 33.249], [-111.6545, 33.2488]]]}, "properties": {"CityName": "UNINCORPORATED MARICOPA COUNTY"}}, {"type": "Feature", "geometry": {"type": "Polygon", "coordinates": [[[-111.7511, 33.2502], [-111.7552, 33.2502], [-111.7552, 33.2493], [-111.7538, 33.2493], [-111.7538, 33.2485], [-111.7511, 33.2486], [-111.7511, 33.2502]]]}, "properties": {"CityName": "UNINCORPORATED MARICOPA COUNTY"}}, {"type": "Feature", "geometry": {"type": "Polygon", "coordinates": [[[-111.7903, 33.2519], [-111.7897, 33.2519], [-111.7897, 33.2531], [-111.7904, 33.253], [-111.7903, 33.2519]]]}, "properties": {"CityName": "UNINCORPORATED MARICOPA COUNTY"}}, {"type": "Feature", "geometry": {"type": "Polygon", "coordinates": [[[-111.7934, 33.2546], [-111.7934, 33.2555], [-111.7938, 33.2555], [-111.7938, 33.2546], [-111.7934, 33.2546]]]}, "properties": {"CityName": "UNINCORPORATED MARICOPA COUNTY"}}, {"type": "Feature", "geometry": {"type": "Polygon", "coordinates": [[[-111.7903, 33.2555], [-111.7917, 33.2556], [-111.7917, 33.2547], [-111.7897, 33.2547], [-111.7897, 33.2554], [-111.7903, 33.2555]]]}, "properties": {"CityName": "UNINCORPORATED MARICOPA COUNTY"}}, {"type": "Feature", "geometry": {"type": "Polygon", "coordinates": [[[-111.7729, 33.2558], [-111.7857, 33.2556], [-111.7857, 33.2502], [-111.7813, 33.2503], [-111.7813, 33.2486], [-111.777, 33.2486], [-111.777, 33.2526], [-111.7729, 33.2522], [-111.7729, 33.2558]]]}, "properties": {"CityName": "UNINCORPORATED MARICOPA COUNTY"}}, {"type": "Feature", "geometry": {"type": "Polygon", "coordinates": [[[-111.764, 33.2558], [-111.7724, 33.2558], [-111.7724, 33.2527], [-111.7715, 33.2527], [-111.7715, 33.2522], [-111.7641, 33.2521], [-111.764, 33.2558]]]}, "properties": {"CityName": "UNINCORPORATED MARICOPA COUNTY"}}, {"type": "Feature", "geometry": {"type": "Polygon", "coordinates": [[[-111.8154, 33.2552], [-111.8137, 33.2553], [-111.8137, 33.2571], [-111.8154, 33.257], [-111.8154, 33.2552]]]}, "properties": {"CityName": "UNINCORPORATED MARICOPA COUNTY"}}, {"type": "Feature", "geometry": {"type": "Polygon", "coordinates": [[[-111.8105, 33.2553], [-111.8069, 33.2554], [-111.8069, 33.2572], [-111.8111, 33.2571], [-111.8111, 33.2553], [-111.8105, 33.2553]]]}, "properties": {"CityName": "UNINCORPORATED MARICOPA COUNTY"}}, {"type": "Feature", "geometry": {"type": "Polygon", "coordinates": [[[-111.6003, 33.2568], [-111.6003, 33.2587], [-111.6088, 33.2587], [-111.6088, 33.2558], [-111.6003, 33.2558], [-111.6003, 33.2568]]]}, "properties": {"CityName": "UNINCORPORATED MARICOPA COUNTY"}}, {"type": "Feature", "geometry": {"type": "Polygon", "coordinates": [[[-111.6605, 33.2587], [-111.6606, 33.2593], [-111.6649, 33.2612], [-111.6649, 33.2586], [-111.6689, 33.2586], [-111.6689, 33.2555], [-111.6642, 33.2556], [-111.6642, 33.2587], [-111.6631, 33.2587], [-111.6631, 33.2555], [-111.6606, 33.2555], [-111.6605, 33.2587]]]}, "properties": {"CityName": "UNINCORPORATED MARICOPA COUNTY"}}, {"type": "Feature", "geometry": {"type": "Polygon", "coordinates": [[[-111.8111, 33.2616], [-111.8111, 33.2625], [-111.8122, 33.2625], [-111.8122, 33.2616], [-111.8111, 33.2616]]]}, "properties": {"CityName": "UNINCORPORATED MARICOPA COUNTY"}}, {"type": "Feature", "geometry": {"type": "Polygon", "coordinates": [[[-111.6349, 33.2632], [-111.6462, 33.2634], [-111.6457, 33.2631], [-111.6349, 33.2632]]]}, "properties": {"CityName": "UNINCORPORATED MARICOPA COUNTY"}}, {"type": "Feature", "geometry": {"type": "Polygon", "coordinates": [[[-111.6465, 33.2633], [-111.6518, 33.2634], [-111.6518, 33.2631], [-111.6465, 33.2633]]]}, "properties": {"CityName": "UNINCORPORATED MARICOPA COUNTY"}}, {"type": "Feature", "geometry": {"type": "Polygon", "coordinates": [[[-111.8329, 33.2625], [-111.8328, 33.2643], [-111.8351, 33.2643], [-111.8351, 33.2625], [-111.8329, 33.2625]]]}, "properties": {"CityName": "UNINCORPORATED MARICOPA COUNTY"}}, {"type": "Feature", "geometry": {"type": "Polygon", "coordinates": [[[-111.7859, 33.2631], [-111.786, 33.2647], [-111.7882, 33.2647], [-111.7881, 33.2631], [-111.7859, 33.2631]]]}, "properties": {"CityName": "UNINCORPORATED MARICOPA COUNTY"}}, {"type": "Feature", "geometry": {"type": "Polygon", "coordinates": [[[-111.8367, 33.2622], [-111.8367, 33.2658], [-111.837, 33.2658], [-111.8369, 33.2478], [-111.8366, 33.2478], [-111.8366, 33.2513], [-111.8326, 33.2514], [-111.8327, 33.2544], [-111.8302, 33.2545], [-111.8302, 33.255], [-111.8254, 33.2551], [-111.8276, 33.2526], [-111.8296, 33.2479], [-111.8293, 33.2479], [-111.8273, 33.2525], [-111.825, 33.2552], [-111.8327, 33.2551], [-111.8327, 33.2586], [-111.8367, 33.2586], [-111.8367, 33.2622]]]}, "properties": {"CityName": "UNINCORPORATED MARICOPA COUNTY"}}, {"type": "Feature", "geometry": {"type": "Polygon", "coordinates": [[[-111.8258, 33.266], [-111.8244, 33.266], [-111.8244, 33.2698], [-111.8285, 33.2697], [-111.8285, 33.266], [-111.8258, 33.266]]]}, "properties": {"CityName": "UNINCORPORATED MARICOPA COUNTY"}}, {"type": "Feature", "geometry": {"type": "Polygon", "coordinates": [[[-111.824, 33.2698], [-111.8241, 33.2699], [-111.8241, 33.2698], [-111.824, 33.2698]]]}, "properties": {"CityName": "UNINCORPORATED MARICOPA COUNTY"}}, {"type": "Feature", "geometry": {"type": "Polygon", "coordinates": [[[-111.635, 33.2705], [-111.6521, 33.2705], [-111.635, 33.2704], [-111.635, 33.2705]]]}, "properties": {"CityName": "UNINCORPORATED MARICOPA COUNTY"}}, {"type": "Feature", "geometry": {"type": "Polygon", "coordinates": [[[-111.8181, 33.2701], [-111.817, 33.2734], [-111.8177, 33.272], [-111.8234, 33.272], [-111.8234, 33.2709], [-111.824, 33.2709], [-111.8239, 33.2681], [-111.8216, 33.2675], [-111.8181, 33.2701]]]}, "properties": {"CityName": "UNINCORPORATED MARICOPA COUNTY"}}, {"type": "Feature", "geometry": {"type": "Polygon", "coordinates": [[[-111.7814, 33.263], [-111.7793, 33.2701], [-111.7747, 33.274], [-111.7796, 33.27], [-111.7814, 33.263]]]}, "properties": {"CityName": "UNINCORPORATED MARICOPA COUNTY"}}, {"type": "Feature", "geometry": {"type": "Polygon", "coordinates": [[[-111.7206, 33.274], [-111.7244, 33.274], [-111.7244, 33.2704], [-111.7206, 33.2703], [-111.7229, 33.2684], [-111.7268, 33.263], [-111.7302, 33.2631], [-111.7302, 33.2611], [-111.7293, 33.2611], [-111.7293, 33.2595], [-111.733, 33.2595], [-111.733, 33.2589], [-111.7336, 33.2586], [-111.7402, 33.2586], [-111.7402, 33.2577], [-111.7382, 33.2577], [-111.7382, 33.2568], [-111.7397, 33.2568], [-111.7402, 33.255], [-111.7424, 33.2549], [-111.7433, 33.2552], [-111.7433, 33.2558], [-111.7445, 33.2558], [-111.7445, 33.2549], [-111.7456, 33.2549], [-111.7457, 33.2567], [-111.7467, 33.2567], [-111.7467, 33.2558], [-111.7509, 33.2558], [-111.751, 33.2521], [-111.7489, 33.2521], [-111.7489, 33.2504], [-111.751, 33.2504], [-111.751, 33.2486], [-111.7451, 33.2487], [-111.7451, 33.2491], [-111.7446, 33.2491], [-111.7446, 33.2487], [-111.7392, 33.2488], [-111.7392, 33.2495], [-111.7382, 33.2495], [-111.7381, 33.2577], [-111.7358, 33.2577], [-111.7358, 33.2568], [-111.7347, 33.2568], [-111.7348, 33.2559], [-111.7297, 33.2559], [-111.7296, 33.2571], [-111.7337, 33.2571], [-111.7336, 33.258], [-111.7296, 33.2581], [-111.7287, 33.2601], [-111.7227, 33.2682], [-111.7182, 33.2718], [-111.7206, 33.2718], [-111.7206, 33.274]]]}, "properties": {"CityName": "UNINCORPORATED MARICOPA COUNTY"}}, {"type": "Feature", "geometry": {"type": "Polygon", "coordinates": [[[-111.6607, 33.2721], [-111.664, 33.2741], [-111.6629, 33.2734], [-111.6629, 33.2706], [-111.6584, 33.2706], [-111.6607, 33.2721]]]}, "properties": {"CityName": "UNINCORPORATED MARICOPA COUNTY"}}, {"type": "Feature", "geometry": {"type": "Polygon", "coordinates": [[[-111.6672, 33.2743], [-111.6693, 33.2743], [-111.6692, 33.2707], [-111.6672, 33.2707], [-111.6675, 33.2743], [-111.6662, 33.2743], [-111.6672, 33.2743]]]}, "properties": {"CityName": "UNINCORPORATED MARICOPA COUNTY"}}, {"type": "Feature", "geometry": {"type": "Polygon", "coordinates": [[[-111.6651, 33.2748], [-111.6651, 33.2743], [-111.6643, 33.2743], [-111.6651, 33.2748]]]}, "properties": {"CityName": "UNINCORPORATED MARICOPA COUNTY"}}, {"type": "Feature", "geometry": {"type": "Polygon", "coordinates": [[[-111.835, 33.2759], [-111.8343, 33.2759], [-111.8343, 33.2766], [-111.8393, 33.2766], [-111.8393, 33.2758], [-111.8414, 33.2758], [-111.8415, 33.2736], [-111.8457, 33.2735], [-111.8457, 33.2726], [-111.8465, 33.2726], [-111.8465, 33.272], [-111.8421, 33.2721], [-111.8421, 33.2726], [-111.8414, 33.2726], [-111.8414, 33.2733], [-111.8383, 33.2751], [-111.837, 33.2751], [-111.8371, 33.2731], [-111.8367, 33.2731], [-111.8367, 33.2749], [-111.835, 33.2749], [-111.835, 33.2759]]]}, "properties": {"CityName": "UNINCORPORATED MARICOPA COUNTY"}}, {"type": "Feature", "geometry": {"type": "Polygon", "coordinates": [[[-111.7741, 33.2765], [-111.7748, 33.2774], [-111.7764, 33.2774], [-111.7763, 33.2765], [-111.7741, 33.2765]]]}, "properties": {"CityName": "UNINCORPORATED MARICOPA COUNTY"}}, {"type": "Feature", "geometry": {"type": "Polygon", "coordinates": [[[-111.7753, 33.2799], [-111.7752, 33.2802], [-111.7729, 33.2802], [-111.7733, 33.2824], [-111.7742, 33.2825], [-111.7749, 33.2814], [-111.7759, 33.2788], [-111.7759, 33.2777], [-111.773, 33.2779], [-111.7729, 33.2798], [-111.7753, 33.2799]]]}, "properties": {"CityName": "UNINCORPORATED MARICOPA COUNTY"}}, {"type": "Feature", "geometry": {"type": "Polygon", "coordinates": [[[-111.8156, 33.282], [-111.8156, 33.2832], [-111.8165, 33.2834], [-111.8161, 33.282], [-111.8156, 33.282]]]}, "properties": {"CityName": "UNINCORPORATED MARICOPA COUNTY"}}, {"type": "Feature", "geometry": {"type": "Polygon", "coordinates": [[[-111.8329, 33.2805], [-111.8368, 33.2804], [-111.8368, 33.2841], [-111.837, 33.2822], [-111.8394, 33.2822], [-111.8394, 33.2832], [-111.84, 33.2832], [-111.84, 33.2839], [-111.841, 33.2839], [-111.841, 33.2821], [-111.8394, 33.2821], [-111.8394, 33.2809], [-111.837, 33.281], [-111.8372, 33.2781], [-111.8401, 33.2781], [-111.8401, 33.2769], [-111.833, 33.277], [-111.8329, 33.2805]]]}, "properties": {"CityName": "UNINCORPORATED MARICOPA COUNTY"}}, {"type": "Feature", "geometry": {"type": "Polygon", "coordinates": [[[-111.8242, 33.2824], [-111.8221, 33.2824], [-111.8221, 33.2834], [-111.8228, 33.2835], [-111.8229, 33.2841], [-111.8244, 33.2841], [-111.8242, 33.2824]]]}, "properties": {"CityName": "UNINCORPORATED MARICOPA COUNTY"}}, {"type": "Feature", "geometry": {"type": "Polygon", "coordinates": [[[-111.8329, 33.2805], [-111.8264, 33.2806], [-111.8264, 33.2835], [-111.829, 33.284], [-111.8288, 33.2843], [-111.8329, 33.2842], [-111.8329, 33.2805]]]}, "properties": {"CityName": "UNINCORPORATED MARICOPA COUNTY"}}, {"type": "Feature", "geometry": {"type": "Polygon", "coordinates": [[[-111.7778, 33.2848], [-111.7772, 33.2848], [-111.7772, 33.2857], [-111.7792, 33.2857], [-111.7792, 33.2847], [-111.7778, 33.2848]]]}, "properties": {"CityName": "UNINCORPORATED MARICOPA COUNTY"}}, {"type": "Feature", "geometry": {"type": "Polygon", "coordinates": [[[-111.7749, 33.2848], [-111.7742, 33.2848], [-111.7744, 33.2857], [-111.7754, 33.2857], [-111.7754, 33.2848], [-111.7749, 33.2848]]]}, "properties": {"CityName": "UNINCORPORATED MARICOPA COUNTY"}}, {"type": "Feature", "geometry": {"type": "Polygon", "coordinates": [[[-111.8221, 33.2843], [-111.8221, 33.286], [-111.824, 33.286], [-111.824, 33.2844], [-111.8221, 33.2843]]]}, "properties": {"CityName": "UNINCORPORATED MARICOPA COUNTY"}}, {"type": "Feature", "geometry": {"type": "Polygon", "coordinates": [[[-111.8163, 33.2846], [-111.8156, 33.2861], [-111.8167, 33.2844], [-111.8163, 33.2846]]]}, "properties": {"CityName": "UNINCORPORATED MARICOPA COUNTY"}}, {"type": "Feature", "geometry": {"type": "Polygon", "coordinates": [[[-111.7782, 33.2866], [-111.7772, 33.2866], [-111.7772, 33.287], [-111.7792, 33.287], [-111.7792, 33.2866], [-111.7782, 33.2866]]]}, "properties": {"CityName": "UNINCORPORATED MARICOPA COUNTY"}}, {"type": "Feature", "geometry": {"type": "Polygon", "coordinates": [[[-111.8068, 33.2875], [-111.8062, 33.2875], [-111.8062, 33.288], [-111.8067, 33.288], [-111.8068, 33.2875]]]}, "properties": {"CityName": "UNINCORPORATED MARICOPA COUNTY"}}, {"type": "Feature", "geometry": {"type": "Polygon", "coordinates": [[[-111.7783, 33.2875], [-111.7771, 33.2875], [-111.7771, 33.2884], [-111.7792, 33.2884], [-111.7792, 33.2875], [-111.7783, 33.2875]]]}, "properties": {"CityName": "UNINCORPORATED MARICOPA COUNTY"}}, {"type": "Feature", "geometry": {"type": "Polygon", "coordinates": [[[-111.7641, 33.2849], [-111.7641, 33.2885], [-111.7673, 33.2885], [-111.7673, 33.2849], [-111.7641, 33.2849]]]}, "properties": {"CityName": "UNINCORPORATED MARICOPA COUNTY"}}, {"type": "Feature", "geometry": {"type": "Polygon", "coordinates": [[[-111.6856, 33.2885], [-111.6865, 33.2891], [-111.6862, 33.288], [-111.6697, 33.278], [-111.6673, 33.2778], [-111.6689, 33.2781], [-111.6856, 33.2885]]]}, "properties": {"CityName": "UNINCORPORATED MARICOPA COUNTY"}}, {"type": "Feature", "geometry": {"type": "Polygon", "coordinates": [[[-111.7641, 33.2889], [-111.7641, 33.2897], [-111.7652, 33.2897], [-111.7652, 33.2889], [-111.7641, 33.2889]]]}, "properties": {"CityName": "UNINCORPORATED MARICOPA COUNTY"}}, {"type": "Feature", "geometry": {"type": "Polygon", "coordinates": [[[-111.7018, 33.2904], [-111.7037, 33.2904], [-111.7036, 33.2887], [-111.7018, 33.2904]]]}, "properties": {"CityName": "UNINCORPORATED MARICOPA COUNTY"}}, {"type": "Feature", "geometry": {"type": "Polygon", "coordinates": [[[-111.7641, 33.2901], [-111.7641, 33.2905], [-111.7652, 33.2905], [-111.7652, 33.2901], [-111.7641, 33.2901]]]}, "properties": {"CityName": "UNINCORPORATED MARICOPA COUNTY"}}, {"type": "Feature", "geometry": {"type": "Polygon", "coordinates": [[[-112.3579, 33.2759], [-112.3579, 33.2902], [-112.3838, 33.2902], [-112.3838, 33.2723], [-112.3752, 33.2723], [-112.3752, 33.2759], [-112.3579, 33.2759]]]}, "properties": {"CityName": "UNINCORPORATED MARICOPA COUNTY"}}, {"type": "Feature", "geometry": {"type": "Polygon", "coordinates": [[[-111.7684, 33.2919], [-111.7721, 33.2919], [-111.7721, 33.2911], [-111.7727, 33.2911], [-111.7727, 33.2902], [-111.7717, 33.2902], [-111.7717, 33.2898], [-111.7727, 33.2898], [-111.7728, 33.2862], [-111.7735, 33.2859], [-111.7728, 33.2856], [-111.7728, 33.2848], [-111.7684, 33.2849], [-111.7684, 33.2919]]]}, "properties": {"CityName": "UNINCORPORATED MARICOPA COUNTY"}}, {"type": "Feature", "geometry": {"type": "Polygon", "coordinates": [[[-111.7663, 33.2913], [-111.7658, 33.2913], [-111.7658, 33.292], [-111.7663, 33.292], [-111.7663, 33.2913]]]}, "properties": {"CityName": "UNINCORPORATED MARICOPA COUNTY"}}, {"type": "Feature", "geometry": {"type": "Polygon", "coordinates": [[[-111.7641, 33.2913], [-111.7641, 33.292], [-111.7647, 33.292], [-111.7647, 33.2913], [-111.7641, 33.2913]]]}, "properties": {"CityName": "UNINCORPORATED MARICOPA COUNTY"}}, {"type": "Feature", "geometry": {"type": "Polygon", "coordinates": [[[-111.7094, 33.2932], [-111.7094, 33.2938], [-111.708, 33.2938], [-111.7081, 33.2962], [-111.7124, 33.2962], [-111.7124, 33.2927], [-111.7108, 33.2931], [-111.7108, 33.2927], [-111.7094, 33.2927], [-111.7094, 33.2932]]]}, "properties": {"CityName": "UNINCORPORATED MARICOPA COUNTY"}}, {"type": "Feature", "geometry": {"type": "Polygon", "coordinates": [[[-111.7721, 33.2964], [-111.7696, 33.2976], [-111.7728, 33.2976], [-111.7728, 33.2959], [-111.7721, 33.2964]]]}, "properties": {"CityName": "UNINCORPORATED MARICOPA COUNTY"}}, {"type": "Feature", "geometry": {"type": "Polygon", "coordinates": [[[-111.9652, 33.2962], [-111.965, 33.298], [-111.9632, 33.2981], [-111.9675, 33.2981], [-111.9675, 33.2972], [-111.9661, 33.2972], [-111.9661, 33.2962], [-111.9652, 33.2962]]]}, "properties": {"CityName": "UNINCORPORATED MARICOPA COUNTY"}}, {"type": "Feature", "geometry": {"type": "Polygon", "coordinates": [[[-111.85, 33.297], [-111.85, 33.2989], [-111.8503, 33.2989], [-111.85, 33.297]]]}, "properties": {"CityName": "UNINCORPORATED MARICOPA COUNTY"}}, {"type": "Feature", "geometry": {"type": "Polygon", "coordinates": [[[-111.6309, 33.2955], [-111.6349, 33.2988], [-111.6348, 33.2924], [-111.6309, 33.2924], [-111.6309, 33.2955]]]}, "properties": {"CityName": "UNINCORPORATED MARICOPA COUNTY"}}, {"type": "Feature", "geometry": {"type": "Polygon", "coordinates": [[[-111.6346, 33.2988], [-111.6346, 33.299], [-111.6349, 33.299], [-111.6346, 33.2988]]]}, "properties": {"CityName": "UNINCORPORATED MARICOPA COUNTY"}}, {"type": "Feature", "geometry": {"type": "Polygon", "coordinates": [[[-111.7369, 33.2997], [-111.7369, 33.3005], [-111.7382, 33.3005], [-111.7383, 33.2941], [-111.7347, 33.2942], [-111.7347, 33.2925], [-111.734, 33.2925], [-111.734, 33.2942], [-111.7296, 33.2942], [-111.7296, 33.2925], [-111.7253, 33.2925], [-111.7253, 33.2942], [-111.7221, 33.2943], [-111.7221, 33.2952], [-111.7212, 33.2952], [-111.7213, 33.2996], [-111.7286, 33.2996], [-111.7286, 33.2988], [-111.7297, 33.2988], [-111.7297, 33.2996], [-111.7369, 33.2997]]]}, "properties": {"CityName": "UNINCORPORATED MARICOPA COUNTY"}}, {"type": "Feature", "geometry": {"type": "Polygon", "coordinates": [[[-111.5831, 33.278], [-111.5835, 33.3008], [-111.5833, 33.2773], [-111.5831, 33.278]]]}, "properties": {"CityName": "UNINCORPORATED MARICOPA COUNTY"}}, {"type": "Feature", "geometry": {"type": "Polygon", "coordinates": [[[-111.6346, 33.3016], [-111.6346, 33.3018], [-111.6349, 33.3018], [-111.6346, 33.3016]]]}, "properties": {"CityName": "UNINCORPORATED MARICOPA COUNTY"}}, {"type": "Feature", "geometry": {"type": "Polygon", "coordinates": [[[-111.6347, 33.3044], [-111.6347, 33.3046], [-111.635, 33.3046], [-111.6347, 33.3044]]]}, "properties": {"CityName": "UNINCORPORATED MARICOPA COUNTY"}}, {"type": "Feature", "geometry": {"type": "Polygon", "coordinates": [[[-111.79, 33.3063], [-111.794, 33.3059], [-111.794, 33.3028], [-111.7967, 33.3028], [-111.7967, 33.2991], [-111.7899, 33.2992], [-111.79, 33.3063]]]}, "properties": {"CityName": "UNINCORPORATED MARICOPA COUNTY"}}, {"type": "Feature", "geometry": {"type": "Polygon", "coordinates": [[[-111.8241, 33.3061], [-111.8113, 33.3064], [-111.8242, 33.3062], [-111.8241, 33.3061]]]}, "properties": {"CityName": "UNINCORPORATED MARICOPA COUNTY"}}, {"type": "Feature", "geometry": {"type": "Polygon", "coordinates": [[[-111.7793, 33.3058], [-111.78, 33.3058], [-111.78, 33.3063], [-111.7813, 33.3063], [-111.7814, 33.3057], [-111.7807, 33.3057], [-111.7807, 33.3052], [-111.7815, 33.3052], [-111.7815, 33.3044], [-111.7786, 33.3045], [-111.7786, 33.3051], [-111.7793, 33.3051], [-111.7793, 33.3058]]]}, "properties": {"CityName": "UNINCORPORATED MARICOPA COUNTY"}}, {"type": "Feature", "geometry": {"type": "Polygon", "coordinates": [[[-111.7793, 33.3058], [-111.7779, 33.3052], [-111.7779, 33.3058], [-111.7772, 33.3058], [-111.7772, 33.3045], [-111.773, 33.3046], [-111.773, 33.3053], [-111.7737, 33.3053], [-111.7737, 33.3058], [-111.773, 33.3058], [-111.773, 33.3064], [-111.7793, 33.3063], [-111.7793, 33.3058]]]}, "properties": {"CityName": "UNINCORPORATED MARICOPA COUNTY"}}, {"type": "Feature", "geometry": {"type": "Polygon", "coordinates": [[[-111.6006, 33.3066], [-111.6007, 33.3066], [-111.6007, 33.3066], [-111.6006, 33.3066]]]}, "properties": {"CityName": "UNINCORPORATED MARICOPA COUNTY"}}, {"type": "Feature", "geometry": {"type": "Polygon", "coordinates": [[[-111.6865, 33.3072], [-111.6884, 33.3073], [-111.6886, 33.307], [-111.6865, 33.3072]]]}, "properties": {"CityName": "UNINCORPORATED MARICOPA COUNTY"}}, {"type": "Feature", "geometry": {"type": "Polygon", "coordinates": [[[-111.6267, 33.3084], [-111.627, 33.3084], [-111.6269, 33.3083], [-111.6267, 33.3084]]]}, "properties": {"CityName": "UNINCORPORATED MARICOPA COUNTY"}}, {"type": "Feature", "geometry": {"type": "Polygon", "coordinates": [[[-111.6348, 33.3096], [-111.635, 33.3097], [-111.635, 33.3096], [-111.6348, 33.3096]]]}, "properties": {"CityName": "UNINCORPORATED MARICOPA COUNTY"}}, {"type": "Feature", "geometry": {"type": "Polygon", "coordinates": [[[-111.7826, 33.3093], [-111.7826, 33.3097], [-111.7815, 33.3097], [-111.7815, 33.3102], [-111.7871, 33.3101], [-111.7871, 33.3091], [-111.7876, 33.3091], [-111.7876, 33.3084], [-111.7882, 33.3084], [-111.7885, 33.3101], [-111.7895, 33.3101], [-111.7895, 33.3074], [-111.7887, 33.3074], [-111.7886, 33.3066], [-111.7876, 33.3066], [-111.7876, 33.3075], [-111.787, 33.3075], [-111.787, 33.3066], [-111.7849, 33.3067], [-111.7849, 33.3075], [-111.7833, 33.3075], [-111.7833, 33.3067], [-111.7815, 33.3067], [-111.7815, 33.3085], [-111.7826, 33.3085], [-111.7826, 33.3093]]]}, "properties": {"CityName": "UNINCORPORATED MARICOPA COUNTY"}}, {"type": "Feature", "geometry": {"type": "Polygon", "coordinates": [[[-111.773, 33.3102], [-111.7731, 33.3103], [-111.7731, 33.3102], [-111.773, 33.3102]]]}, "properties": {"CityName": "UNINCORPORATED MARICOPA COUNTY"}}, {"type": "Feature", "geometry": {"type": "Polygon", "coordinates": [[[-111.6287, 33.3107], [-111.6291, 33.3108], [-111.6289, 33.3106], [-111.6287, 33.3107]]]}, "properties": {"CityName": "UNINCORPORATED MARICOPA COUNTY"}}, {"type": "Feature", "geometry": {"type": "Polygon", "coordinates": [[[-111.6349, 33.3124], [-111.6351, 33.3125], [-111.6351, 33.3124], [-111.6349, 33.3124]]]}, "properties": {"CityName": "UNINCORPORATED MARICOPA COUNTY"}}, {"type": "Feature", "geometry": {"type": "Polygon", "coordinates": [[[-111.6309, 33.313], [-111.631, 33.3131], [-111.6312, 33.3129], [-111.6309, 33.313]]]}, "properties": {"CityName": "UNINCORPORATED MARICOPA COUNTY"}}, {"type": "Feature", "geometry": {"type": "Polygon", "coordinates": [[[-111.8328, 33.3134], [-111.8285, 33.3135], [-111.8328, 33.3135], [-111.8328, 33.3134]]]}, "properties": {"CityName": "UNINCORPORATED MARICOPA COUNTY"}}, {"type": "Feature", "geometry": {"type": "Polygon", "coordinates": [[[-111.6954, 33.3143], [-111.697, 33.3144], [-111.6971, 33.3143], [-111.6954, 33.3143]]]}, "properties": {"CityName": "UNINCORPORATED MARICOPA COUNTY"}}, {"type": "Feature", "geometry": {"type": "Polygon", "coordinates": [[[-111.8003, 33.3152], [-111.8003, 33.3157], [-111.7984, 33.3157], [-111.7984, 33.3168], [-111.8014, 33.3168], [-111.8014, 33.3163], [-111.8022, 33.3163], [-111.8024, 33.3147], [-111.8034, 33.3147], [-111.8034, 33.3154], [-111.804, 33.3149], [-111.804, 33.3137], [-111.7983, 33.3137], [-111.7984, 33.3143], [-111.8003, 33.3147], [-111.8003, 33.3152]]]}, "properties": {"CityName": "UNINCORPORATED MARICOPA COUNTY"}}, {"type": "Feature", "geometry": {"type": "Polygon", "coordinates": [[[-111.6333, 33.3183], [-111.6353, 33.3187], [-111.635, 33.3057], [-111.635, 33.3159], [-111.6336, 33.3154], [-111.6305, 33.313], [-111.6266, 33.309], [-111.6239, 33.3053], [-111.6256, 33.3044], [-111.6254, 33.304], [-111.6232, 33.3049], [-111.6207, 33.303], [-111.6181, 33.3018], [-111.618, 33.301], [-111.6172, 33.301], [-111.6171, 33.3014], [-111.6101, 33.2991], [-111.6048, 33.2985], [-111.6047, 33.2957], [-111.6008, 33.2957], [-111.6008, 33.3028], [-111.6027, 33.3029], [-111.6028, 33.3047], [-111.605, 33.3047], [-111.605, 33.2999], [-111.6106, 33.3004], [-111.6152, 33.3018], [-111.6213, 33.3058], [-111.6276, 33.3118], [-111.6333, 33.3183]]]}, "properties": {"CityName": "UNINCORPORATED MARICOPA COUNTY"}}, {"type": "Feature", "geometry": {"type": "Polygon", "coordinates": [[[-111.7891, 33.3182], [-111.7881, 33.3182], [-111.7881, 33.319], [-111.7896, 33.319], [-111.7896, 33.3182], [-111.7891, 33.3182]]]}, "properties": {"CityName": "UNINCORPORATED MARICOPA COUNTY"}}, {"type": "Feature", "geometry": {"type": "Polygon", "coordinates": [[[-111.786, 33.3182], [-111.7861, 33.319], [-111.7871, 33.319], [-111.787, 33.3182], [-111.786, 33.3182]]]}, "properties": {"CityName": "UNINCORPORATED MARICOPA COUNTY"}}, {"type": "Feature", "geometry": {"type": "Polygon", "coordinates": [[[-111.7843, 33.3183], [-111.7838, 33.3183], [-111.7838, 33.3191], [-111.7858, 33.319], [-111.7858, 33.3182], [-111.7843, 33.3183]]]}, "properties": {"CityName": "UNINCORPORATED MARICOPA COUNTY"}}, {"type": "Feature", "geometry": {"type": "Polygon", "coordinates": [[[-111.7818, 33.3183], [-111.7818, 33.3191], [-111.7823, 33.3191], [-111.7823, 33.3183], [-111.7818, 33.3183]]]}, "properties": {"CityName": "UNINCORPORATED MARICOPA COUNTY"}}, {"type": "Feature", "geometry": {"type": "Polygon", "coordinates": [[[-111.9282, 33.3201], [-111.928, 33.3201], [-111.937, 33.3201], [-111.9282, 33.3201]]]}, "properties": {"CityName": "UNINCORPORATED MARICOPA COUNTY"}}, {"type": "Feature", "geometry": {"type": "Polygon", "coordinates": [[[-111.8021, 33.3194], [-111.8021, 33.3202], [-111.8026, 33.3202], [-111.8026, 33.3194], [-111.8021, 33.3194]]]}, "properties": {"CityName": "UNINCORPORATED MARICOPA COUNTY"}}, {"type": "Feature", "geometry": {"type": "Polygon", "coordinates": [[[-111.7997, 33.3202], [-111.7997, 33.3208], [-111.8013, 33.3208], [-111.8016, 33.3185], [-111.8026, 33.3185], [-111.8027, 33.3168], [-111.8006, 33.3172], [-111.8006, 33.3177], [-111.8016, 33.3177], [-111.8016, 33.318], [-111.8006, 33.3181], [-111.8006, 33.3194], [-111.7995, 33.3195], [-111.7994, 33.3186], [-111.7984, 33.3186], [-111.7984, 33.3195], [-111.799, 33.3195], [-111.799, 33.3201], [-111.7997, 33.3202]]]}, "properties": {"CityName": "UNINCORPORATED MARICOPA COUNTY"}}, {"type": "Feature", "geometry": {"type": "Polygon", "coordinates": [[[-111.7871, 33.3208], [-111.7882, 33.3208], [-111.7876, 33.3192], [-111.7871, 33.3192], [-111.7871, 33.3208]]]}, "properties": {"CityName": "UNINCORPORATED MARICOPA COUNTY"}}, {"type": "Feature", "geometry": {"type": "Polygon", "coordinates": [[[-111.7861, 33.3192], [-111.7861, 33.3207], [-111.7866, 33.3208], [-111.7866, 33.3192], [-111.7861, 33.3192]]]}, "properties": {"CityName": "UNINCORPORATED MARICOPA COUNTY"}}, {"type": "Feature", "geometry": {"type": "Polygon", "coordinates": [[[-111.7828, 33.32], [-111.7818, 33.32], [-111.7818, 33.3208], [-111.7843, 33.3208], [-111.7843, 33.32], [-111.7848, 33.32], [-111.7849, 33.3208], [-111.7854, 33.3208], [-111.7859, 33.3192], [-111.7838, 33.3192], [-111.7838, 33.32], [-111.7833, 33.32], [-111.7833, 33.3192], [-111.7828, 33.3192], [-111.7828, 33.32]]]}, "properties": {"CityName": "UNINCORPORATED MARICOPA COUNTY"}}, {"type": "Feature", "geometry": {"type": "Polygon", "coordinates": [[[-111.5835, 33.3206], [-111.5838, 33.3209], [-111.591, 33.321], [-111.591, 33.319], [-111.5923, 33.319], [-111.5922, 33.3121], [-111.5949, 33.3121], [-111.5949, 33.3063], [-111.5834, 33.3063], [-111.5835, 33.3206]]]}, "properties": {"CityName": "UNINCORPORATED MARICOPA COUNTY"}}, {"type": "Feature", "geometry": {"type": "Polygon", "coordinates": [[[-111.5997, 33.3209], [-111.6009, 33.3211], [-111.6009, 33.3209], [-111.5997, 33.3209]]]}, "properties": {"CityName": "UNINCORPORATED MARICOPA COUNTY"}}, {"type": "Feature", "geometry": {"type": "Polygon", "coordinates": [[[-111.6867, 33.3115], [-111.687, 33.3217], [-111.687, 33.3115], [-111.6867, 33.3115]]]}, "properties": {"CityName": "UNINCORPORATED MARICOPA COUNTY"}}, {"type": "Feature", "geometry": {"type": "Polygon", "coordinates": [[[-111.6872, 33.3217], [-111.6872, 33.3219], [-111.688, 33.3218], [-111.6872, 33.3217]]]}, "properties": {"CityName": "UNINCORPORATED MARICOPA COUNTY"}}, {"type": "Feature", "geometry": {"type": "Polygon", "coordinates": [[[-111.7078, 33.3242], [-111.7042, 33.3242], [-111.7042, 33.3251], [-111.7084, 33.3251], [-111.7084, 33.3242], [-111.7078, 33.3242]]]}, "properties": {"CityName": "UNINCORPORATED MARICOPA COUNTY"}}, {"type": "Feature", "geometry": {"type": "Polygon", "coordinates": [[[-111.746, 33.322], [-111.7451, 33.322], [-111.7451, 33.3248], [-111.748, 33.3266], [-111.7528, 33.3214], [-111.747, 33.3219], [-111.747, 33.3214], [-111.7461, 33.3214], [-111.746, 33.322]]]}, "properties": {"CityName": "UNINCORPORATED MARICOPA COUNTY"}}, {"type": "Feature", "geometry": {"type": "Polygon", "coordinates": [[[-111.8938, 33.3203], [-111.8934, 33.3275], [-111.8936, 33.3275], [-111.8938, 33.3203]]]}, "properties": {"CityName": "UNINCORPORATED MARICOPA COUNTY"}}, {"type": "Feature", "geometry": {"type": "Polygon", "coordinates": [[[-111.7511, 33.3285], [-111.7535, 33.3285], [-111.7535, 33.328], [-111.7524, 33.328], [-111.7524, 33.3276], [-111.7555, 33.3271], [-111.7555, 33.3267], [-111.7543, 33.3267], [-111.7543, 33.3262], [-111.7554, 33.3261], [-111.7554, 33.3241], [-111.7509, 33.3241], [-111.7483, 33.3268], [-111.7511, 33.3285]]]}, "properties": {"CityName": "UNINCORPORATED MARICOPA COUNTY"}}, {"type": "Feature", "geometry": {"type": "Polygon", "coordinates": [[[-111.7042, 33.3276], [-111.7043, 33.3288], [-111.7084, 33.3287], [-111.7084, 33.3276], [-111.7042, 33.3276]]]}, "properties": {"CityName": "UNINCORPORATED MARICOPA COUNTY"}}, {"type": "Feature", "geometry": {"type": "Polygon", "coordinates": [[[-111.7191, 33.3287], [-111.7194, 33.3289], [-111.7194, 33.3287], [-111.7191, 33.3287]]]}, "properties": {"CityName": "UNINCORPORATED MARICOPA COUNTY"}}, {"type": "Feature", "geometry": {"type": "Polygon", "coordinates": [[[-111.7208, 33.3291], [-111.7208, 33.3293], [-111.7211, 33.3293], [-111.7208, 33.3291]]]}, "properties": {"CityName": "UNINCORPORATED MARICOPA COUNTY"}}, {"type": "Feature", "geometry": {"type": "Polygon", "coordinates": [[[-111.6869, 33.3299], [-111.6872, 33.3289], [-111.6869, 33.3289], [-111.6869, 33.3299]]]}, "properties": {"CityName": "UNINCORPORATED MARICOPA COUNTY"}}, {"type": "Feature", "geometry": {"type": "Polygon", "coordinates": [[[-111.9587, 33.3298], [-111.9587, 33.3309], [-111.9588, 33.3298], [-111.9596, 33.3298], [-111.9596, 33.3303], [-111.963, 33.3303], [-111.963, 33.3288], [-111.9587, 33.3288], [-111.9587, 33.3298]]]}, "properties": {"CityName": "UNINCORPORATED MARICOPA COUNTY"}}, {"type": "Feature", "geometry": {"type": "Polygon", "coordinates": [[[-111.7554, 33.3294], [-111.7522, 33.3294], [-111.7555, 33.3315], [-111.7554, 33.3294]]]}, "properties": {"CityName": "UNINCORPORATED MARICOPA COUNTY"}}, {"type": "Feature", "geometry": {"type": "Polygon", "coordinates": [[[-111.8932, 33.3342], [-111.8936, 33.3276], [-111.8934, 33.3276], [-111.8932, 33.3342]]]}, "properties": {"CityName": "UNINCORPORATED MARICOPA COUNTY"}}, {"type": "Feature", "geometry": {"type": "Polygon", "coordinates": [[[-111.6957, 33.3342], [-111.6975, 33.3342], [-111.6975, 33.3337], [-111.6973, 33.3333], [-111.6957, 33.3333], [-111.6957, 33.3342]]]}, "properties": {"CityName": "UNINCORPORATED MARICOPA COUNTY"}}, {"type": "Feature", "geometry": {"type": "Polygon", "coordinates": [[[-111.9533, 33.3273], [-111.9526, 33.3273], [-111.9503, 33.3344], [-111.9509, 33.3344], [-111.9533, 33.3273]]]}, "properties": {"CityName": "UNINCORPORATED MARICOPA COUNTY"}}, {"type": "Feature", "geometry": {"type": "Polygon", "coordinates": [[[-111.6893, 33.3343], [-111.6914, 33.3343], [-111.6914, 33.3335], [-111.6903, 33.3335], [-111.6903, 33.3325], [-111.688, 33.3325], [-111.6881, 33.3334], [-111.6893, 33.3334], [-111.6893, 33.3343]]]}, "properties": {"CityName": "UNINCORPORATED MARICOPA COUNTY"}}, {"type": "Feature", "geometry": {"type": "Polygon", "coordinates": [[[-111.6986, 33.3342], [-111.6978, 33.3342], [-111.6978, 33.3351], [-111.7, 33.3351], [-111.6999, 33.3342], [-111.6986, 33.3342]]]}, "properties": {"CityName": "UNINCORPORATED MARICOPA COUNTY"}}, {"type": "Feature", "geometry": {"type": "Polygon", "coordinates": [[[-111.6803, 33.3361], [-111.6816, 33.3362], [-111.6816, 33.3361], [-111.6803, 33.3361]]]}, "properties": {"CityName": "UNINCORPORATED MARICOPA COUNTY"}}, {"type": "Feature", "geometry": {"type": "Polygon", "coordinates": [[[-111.6474, 33.3358], [-111.6469, 33.3364], [-111.6486, 33.3364], [-111.6485, 33.3357], [-111.6474, 33.3358]]]}, "properties": {"CityName": "UNINCORPORATED MARICOPA COUNTY"}}, {"type": "Feature", "geometry": {"type": "Polygon", "coordinates": [[[-111.6442, 33.3358], [-111.6442, 33.3369], [-111.6448, 33.3369], [-111.6455, 33.3357], [-111.6442, 33.3358]]]}, "properties": {"CityName": "UNINCORPORATED MARICOPA COUNTY"}}, {"type": "Feature", "geometry": {"type": "Polygon", "coordinates": [[[-111.7884, 33.3365], [-111.7876, 33.3373], [-111.7897, 33.3373], [-111.7897, 33.3363], [-111.7884, 33.3365]]]}, "properties": {"CityName": "UNINCORPORATED MARICOPA COUNTY"}}, {"type": "Feature", "geometry": {"type": "Polygon", "coordinates": [[[-111.7892, 33.3388], [-111.7896, 33.3392], [-111.7896, 33.3388], [-111.7892, 33.3388]]]}, "properties": {"CityName": "UNINCORPORATED MARICOPA COUNTY"}}, {"type": "Feature", "geometry": {"type": "Polygon", "coordinates": [[[-111.76, 33.3397], [-111.7608, 33.3395], [-111.7608, 33.3388], [-111.7615, 33.3388], [-111.7617, 33.3372], [-111.7623, 33.3373], [-111.7623, 33.3365], [-111.7618, 33.3361], [-111.76, 33.3364], [-111.76, 33.3371], [-111.7607, 33.3374], [-111.7606, 33.3385], [-111.76, 33.3385], [-111.76, 33.3397]]]}, "properties": {"CityName": "UNINCORPORATED MARICOPA COUNTY"}}, {"type": "Feature", "geometry": {"type": "Polygon", "coordinates": [[[-111.7718, 33.341], [-111.7728, 33.341], [-111.7728, 33.3401], [-111.7718, 33.3401], [-111.7718, 33.341]]]}, "properties": {"CityName": "UNINCORPORATED MARICOPA COUNTY"}}, {"type": "Feature", "geometry": {"type": "Polygon", "coordinates": [[[-111.7884, 33.3396], [-111.7884, 33.341], [-111.7895, 33.341], [-111.7896, 33.3401], [-111.7884, 33.3396]]]}, "properties": {"CityName": "UNINCORPORATED MARICOPA COUNTY"}}, {"type": "Feature", "geometry": {"type": "Polygon", "coordinates": [[[-111.765, 33.3409], [-111.765, 33.3415], [-111.7657, 33.3415], [-111.7657, 33.3409], [-111.765, 33.3409]]]}, "properties": {"CityName": "UNINCORPORATED MARICOPA COUNTY"}}, {"type": "Feature", "geometry": {"type": "Polygon", "coordinates": [[[-111.7615, 33.3409], [-111.7615, 33.3415], [-111.7621, 33.3415], [-111.7621, 33.3409], [-111.7615, 33.3409]]]}, "properties": {"CityName": "UNINCORPORATED MARICOPA COUNTY"}}, {"type": "Feature", "geometry": {"type": "Polygon", "coordinates": [[[-111.76, 33.3422], [-111.762, 33.3422], [-111.762, 33.3416], [-111.7606, 33.3417], [-111.7606, 33.3403], [-111.76, 33.3403], [-111.76, 33.3422]]]}, "properties": {"CityName": "UNINCORPORATED MARICOPA COUNTY"}}, {"type": "Feature", "geometry": {"type": "Polygon", "coordinates": [[[-111.7717, 33.3425], [-111.7728, 33.3427], [-111.7722, 33.3421], [-111.7717, 33.3425]]]}, "properties": {"CityName": "UNINCORPORATED MARICOPA COUNTY"}}, {"type": "Feature", "geometry": {"type": "Polygon", "coordinates": [[[-111.765, 33.3409], [-111.7653, 33.3393], [-111.7657, 33.3391], [-111.7689, 33.3411], [-111.7683, 33.3414], [-111.7671, 33.3409], [-111.7671, 33.3416], [-111.7658, 33.3422], [-111.7658, 33.3428], [-111.7699, 33.3427], [-111.7699, 33.3422], [-111.7685, 33.3422], [-111.7685, 33.3416], [-111.7691, 33.3412], [-111.7704, 33.342], [-111.7705, 33.3427], [-111.7714, 33.3427], [-111.771, 33.3419], [-111.7716, 33.3417], [-111.7709, 33.3413], [-111.7705, 33.3418], [-111.7694, 33.3412], [-111.7699, 33.3406], [-111.7684, 33.3405], [-111.7678, 33.3402], [-111.7683, 33.3396], [-111.7678, 33.3393], [-111.7673, 33.3398], [-111.7668, 33.3395], [-111.7672, 33.339], [-111.7657, 33.3389], [-111.7652, 33.3385], [-111.7657, 33.338], [-111.7643, 33.3372], [-111.7643, 33.339], [-111.7634, 33.3389], [-111.7627, 33.3401], [-111.764, 33.3401], [-111.7641, 33.3409], [-111.7634, 33.3409], [-111.7634, 33.3415], [-111.7641, 33.3414], [-111.7642, 33.3422], [-111.7643, 33.3409], [-111.765, 33.3409]]]}, "properties": {"CityName": "UNINCORPORATED MARICOPA COUNTY"}}, {"type": "Feature", "geometry": {"type": "Polygon", "coordinates": [[[-111.6449, 33.3397], [-111.6444, 33.343], [-111.6487, 33.343], [-111.6486, 33.3394], [-111.6449, 33.3397]]]}, "properties": {"CityName": "UNINCORPORATED MARICOPA COUNTY"}}, {"type": "Feature", "geometry": {"type": "Polygon", "coordinates": [[[-111.9714, 33.3417], [-111.9685, 33.3418], [-111.9685, 33.3433], [-111.9717, 33.3433], [-111.9717, 33.3417], [-111.9714, 33.3417]]]}, "properties": {"CityName": "UNINCORPORATED MARICOPA COUNTY"}}, {"type": "Feature", "geometry": {"type": "Polygon", "coordinates": [[[-112.1635, 33.3484], [-112.1648, 33.3484], [-112.1648, 33.3471], [-112.1638, 33.348], [-112.1638, 33.3445], [-112.1599, 33.3445], [-112.1599, 33.3484], [-112.1635, 33.3484]]]}, "properties": {"CityName": "UNINCORPORATED MARICOPA COUNTY"}}, {"type": "Feature", "geometry": {"type": "Polygon", "coordinates": [[[-111.8852, 33.3394], [-111.8853, 33.3493], [-111.8897, 33.3492], [-111.8897, 33.3422], [-111.8923, 33.3421], [-111.8921, 33.335], [-111.8851, 33.3351], [-111.8852, 33.3394]]]}, "properties": {"CityName": "UNINCORPORATED MARICOPA COUNTY"}}, {"type": "Feature", "geometry": {"type": "Polygon", "coordinates": [[[-111.9732, 33.3491], [-111.9785, 33.3488], [-111.9785, 33.3477], [-111.9756, 33.3474], [-111.9758, 33.3488], [-111.9754, 33.3475], [-111.9728, 33.3465], [-111.9732, 33.3491]]]}, "properties": {"CityName": "UNINCORPORATED MARICOPA COUNTY"}}, {"type": "Feature", "geometry": {"type": "Polygon", "coordinates": [[[-111.8777, 33.3486], [-111.8777, 33.3494], [-111.8809, 33.3493], [-111.8808, 33.3424], [-111.8776, 33.3424], [-111.8776, 33.3431], [-111.8766, 33.3431], [-111.8766, 33.3486], [-111.8777, 33.3486]]]}, "properties": {"CityName": "UNINCORPORATED MARICOPA COUNTY"}}, {"type": "Feature", "geometry": {"type": "Polygon", "coordinates": [[[-111.6617, 33.3431], [-111.666, 33.3432], [-111.6661, 33.345], [-111.6703, 33.345], [-111.6707, 33.3501], [-111.6703, 33.3359], [-111.6615, 33.3358], [-111.6617, 33.3431]]]}, "properties": {"CityName": "UNINCORPORATED MARICOPA COUNTY"}}, {"type": "Feature", "geometry": {"type": "Polygon", "coordinates": [[[-111.7386, 33.3503], [-111.7386, 33.3504], [-111.7393, 33.3504], [-111.7386, 33.3503]]]}, "properties": {"CityName": "UNINCORPORATED MARICOPA COUNTY"}}, {"type": "Feature", "geometry": {"type": "Polygon", "coordinates": [[[-111.6532, 33.3504], [-111.6575, 33.3505], [-111.6532, 33.3504], [-111.6532, 33.3504]]]}, "properties": {"CityName": "UNINCORPORATED MARICOPA COUNTY"}}, {"type": "Feature", "geometry": {"type": "Polygon", "coordinates": [[[-111.6596, 33.3505], [-111.6618, 33.3505], [-111.6596, 33.3504], [-111.6596, 33.3505]]]}, "properties": {"CityName": "UNINCORPORATED MARICOPA COUNTY"}}, {"type": "Feature", "geometry": {"type": "Polygon", "coordinates": [[[-112.5997, 33.3498], [-112.5998, 33.3498], [-112.5998, 33.3497], [-112.5997, 33.3498]]]}, "properties": {"CityName": "UNINCORPORATED MARICOPA COUNTY"}}, {"type": "Feature", "geometry": {"type": "Polygon", "coordinates": [[[-111.7428, 33.3525], [-111.7428, 33.352], [-111.7418, 33.352], [-111.7418, 33.3525], [-111.7428, 33.3525]]]}, "properties": {"CityName": "UNINCORPORATED MARICOPA COUNTY"}}, {"type": "Feature", "geometry": {"type": "Polygon", "coordinates": [[[-111.7386, 33.353], [-111.7407, 33.353], [-111.7406, 33.3521], [-111.7399, 33.3521], [-111.7399, 33.3514], [-111.7428, 33.3516], [-111.7427, 33.3504], [-111.7393, 33.3504], [-111.7393, 33.3514], [-111.7386, 33.3514], [-111.7386, 33.353]]]}, "properties": {"CityName": "UNINCORPORATED MARICOPA COUNTY"}}, {"type": "Feature", "geometry": {"type": "Polygon", "coordinates": [[[-111.7373, 33.3522], [-111.7373, 33.3532], [-111.7383, 33.3531], [-111.7383, 33.3522], [-111.7373, 33.3522]]]}, "properties": {"CityName": "UNINCORPORATED MARICOPA COUNTY"}}, {"type": "Feature", "geometry": {"type": "Polygon", "coordinates": [[[-111.8328, 33.3388], [-111.8329, 33.3571], [-111.8331, 33.3571], [-111.8328, 33.3388]]]}, "properties": {"CityName": "UNINCORPORATED MARICOPA COUNTY"}}, {"type": "Feature", "geometry": {"type": "Polygon", "coordinates": [[[-111.7429, 33.3575], [-111.7428, 33.3532], [-111.7407, 33.3531], [-111.7406, 33.3551], [-111.7424, 33.3551], [-111.7424, 33.3563], [-111.7387, 33.356], [-111.7387, 33.3575], [-111.7429, 33.3575]]]}, "properties": {"CityName": "UNINCORPORATED MARICOPA COUNTY"}}, {"type": "Feature", "geometry": {"type": "Polygon", "coordinates": [[[-112.5778, 33.356], [-112.5907, 33.356], [-112.5906, 33.3559], [-112.5778, 33.356]]]}, "properties": {"CityName": "UNINCORPORATED MARICOPA COUNTY"}}, {"type": "Feature", "geometry": {"type": "Polygon", "coordinates": [[[-111.743, 33.3593], [-111.743, 33.3599], [-111.7437, 33.3599], [-111.7437, 33.3593], [-111.743, 33.3593]]]}, "properties": {"CityName": "UNINCORPORATED MARICOPA COUNTY"}}, {"type": "Feature", "geometry": {"type": "Polygon", "coordinates": [[[-111.7452, 33.3604], [-111.7466, 33.3605], [-111.7466, 33.3599], [-111.7473, 33.3599], [-111.7473, 33.3575], [-111.7429, 33.3575], [-111.7437, 33.359], [-111.7451, 33.359], [-111.7452, 33.3604]]]}, "properties": {"CityName": "UNINCORPORATED MARICOPA COUNTY"}}, {"type": "Feature", "geometry": {"type": "Polygon", "coordinates": [[[-111.9442, 33.3528], [-111.9431, 33.3564], [-111.9431, 33.3634], [-111.9438, 33.3634], [-111.9438, 33.3561], [-111.9456, 33.3494], [-111.9442, 33.3528]]]}, "properties": {"CityName": "UNINCORPORATED MARICOPA COUNTY"}}, {"type": "Feature", "geometry": {"type": "Polygon", "coordinates": [[[-112.167, 33.3632], [-112.167, 33.3641], [-112.1689, 33.3641], [-112.1689, 33.3631], [-112.167, 33.3632]]]}, "properties": {"CityName": "UNINCORPORATED MARICOPA COUNTY"}}, {"type": "Feature", "geometry": {"type": "Polygon", "coordinates": [[[-112.5431, 33.3624], [-112.5431, 33.3629], [-112.5448, 33.3629], [-112.5448, 33.3618], [-112.543, 33.3618], [-112.5431, 33.3624]]]}, "properties": {"CityName": "UNINCORPORATED MARICOPA COUNTY"}}, {"type": "Feature", "geometry": {"type": "Polygon", "coordinates": [[[-111.7452, 33.3604], [-111.743, 33.3605], [-111.7431, 33.3646], [-111.7463, 33.364], [-111.7465, 33.3646], [-111.7475, 33.3646], [-111.7474, 33.3618], [-111.7467, 33.3618], [-111.7467, 33.3627], [-111.7452, 33.3627], [-111.7452, 33.3618], [-111.7465, 33.3618], [-111.7465, 33.3608], [-111.7452, 33.3609], [-111.7452, 33.3604]]]}, "properties": {"CityName": "UNINCORPORATED MARICOPA COUNTY"}}, {"type": "Feature", "geometry": {"type": "Polygon", "coordinates": [[[-112.5735, 33.3631], [-112.5756, 33.3631], [-112.5756, 33.3596], [-112.5474, 33.3594], [-112.5474, 33.3618], [-112.5467, 33.3618], [-112.5467, 33.3629], [-112.5735, 33.3631]]]}, "properties": {"CityName": "UNINCORPORATED MARICOPA COUNTY"}}, {"type": "Feature", "geometry": {"type": "Polygon", "coordinates": [[[-111.7218, 33.3639], [-111.7219, 33.3648], [-111.7219, 33.3639], [-111.7218, 33.3639]]]}, "properties": {"CityName": "UNINCORPORATED MARICOPA COUNTY"}}, {"type": "Feature", "geometry": {"type": "Polygon", "coordinates": [[[-111.6878, 33.365], [-111.6878, 33.3507], [-111.6873, 33.3338], [-111.687, 33.3338], [-111.6878, 33.365]]]}, "properties": {"CityName": "UNINCORPORATED MARICOPA COUNTY"}}, {"type": "Feature", "geometry": {"type": "Polygon", "coordinates": [[[-112.152, 33.3703], [-112.1562, 33.3703], [-112.1562, 33.3666], [-112.1626, 33.3666], [-112.1626, 33.3631], [-112.169, 33.3628], [-112.1689, 33.3603], [-112.1693, 33.3603], [-112.1696, 33.3628], [-112.1776, 33.363], [-112.1777, 33.3557], [-112.1689, 33.3557], [-112.169, 33.352], [-112.1605, 33.352], [-112.1605, 33.3629], [-112.1518, 33.3629], [-112.152, 33.3703]]]}, "properties": {"CityName": "UNINCORPORATED MARICOPA COUNTY"}}, {"type": "Feature", "geometry": {"type": "Polygon", "coordinates": [[[-112.1692, 33.3702], [-112.1734, 33.3702], [-112.1733, 33.3666], [-112.1692, 33.3666], [-112.1692, 33.3702]]]}, "properties": {"CityName": "UNINCORPORATED MARICOPA COUNTY"}}, {"type": "Feature", "geometry": {"type": "Polygon", "coordinates": [[[-112.6415, 33.3685], [-112.6336, 33.3698], [-112.6336, 33.3702], [-112.6421, 33.3701], [-112.6422, 33.3684], [-112.6415, 33.3685]]]}, "properties": {"CityName": "UNINCORPORATED MARICOPA COUNTY"}}, {"type": "Feature", "geometry": {"type": "Polygon", "coordinates": [[[-112.6076, 33.3728], [-112.6076, 33.3736], [-112.6081, 33.3736], [-112.6081, 33.3727], [-112.6076, 33.3728]]]}, "properties": {"CityName": "UNINCORPORATED MARICOPA COUNTY"}}, {"type": "Feature", "geometry": {"type": "Polygon", "coordinates": [[[-111.957, 33.3564], [-111.9562, 33.3577], [-111.9561, 33.3619], [-111.9571, 33.3679], [-111.9601, 33.3728], [-111.9633, 33.3757], [-111.9598, 33.372], [-111.9572, 33.3673], [-111.9564, 33.3619], [-111.9565, 33.358], [-111.957, 33.3564]]]}, "properties": {"CityName": "UNINCORPORATED MARICOPA COUNTY"}}, {"type": "Feature", "geometry": {"type": "Polygon", "coordinates": [[[-111.9396, 33.3699], [-111.9431, 33.3759], [-111.9431, 33.3698], [-111.9396, 33.3699]]]}, "properties": {"CityName": "UNINCORPORATED MARICOPA COUNTY"}}, {"type": "Feature", "geometry": {"type": "Polygon", "coordinates": [[[-112.5948, 33.374], [-112.5963, 33.3742], [-112.5963, 33.374], [-112.5948, 33.374]]]}, "properties": {"CityName": "UNINCORPORATED MARICOPA COUNTY"}}, {"type": "Feature", "geometry": {"type": "Polygon", "coordinates": [[[-112.591, 33.3742], [-112.5994, 33.3732], [-112.6037, 33.3735], [-112.6098, 33.3721], [-112.6164, 33.3715], [-112.6282, 33.371], [-112.6295, 33.3701], [-112.6384, 33.3692], [-112.6422, 33.3682], [-112.6422, 33.3674], [-112.6412, 33.3674], [-112.6369, 33.3684], [-112.6276, 33.3696], [-112.6271, 33.3685], [-112.6271, 33.356], [-112.6599, 33.3556], [-112.6597, 33.3656], [-112.6514, 33.3661], [-112.6425, 33.3681], [-112.6514, 33.3663], [-112.66, 33.3658], [-112.6725, 33.3629], [-112.7142, 33.3631], [-112.7183, 33.3642], [-112.7238, 33.363], [-112.7355, 33.3633], [-112.7291, 33.3557], [-112.727, 33.3522], [-112.7216, 33.3485], [-112.7149, 33.3339], [-112.695, 33.3338], [-112.695, 33.3334], [-112.694, 33.3334], [-112.694, 33.3338], [-112.6772, 33.3338], [-112.6771, 33.3267], [-112.6254, 33.339], [-112.6253, 33.3485], [-112.6248, 33.3485], [-112.6243, 33.346], [-112.6239, 33.3393], [-112.6231, 33.3395], [-112.6241, 33.3485], [-112.6167, 33.3485], [-112.6167, 33.341], [-112.5998, 33.345], [-112.5998, 33.3486], [-112.6038, 33.3486], [-112.6038, 33.3498], [-112.5998, 33.3498], [-112.6038, 33.35], [-112.6039, 33.3557], [-112.5909, 33.3559], [-112.608, 33.3559], [-112.608, 33.3606], [-112.6075, 33.3606], [-112.6075, 33.3595], [-112.6038, 33.3595], [-112.6038, 33.363], [-112.6082, 33.363], [-112.6082, 33.3559], [-112.625, 33.3558], [-112.6246, 33.3666], [-112.6166, 33.3666], [-112.6166, 33.367], [-112.6174, 33.367], [-112.6174, 33.3701], [-112.5979, 33.3703], [-112.5979, 33.3718], [-112.5974, 33.3718], [-112.5974, 33.3705], [-112.5979, 33.3703], [-112.5962, 33.3703], [-112.5946, 33.3705], [-112.5946, 33.3722], [-112.5932, 33.3722], [-112.5932, 33.3705], [-112.5911, 33.3706], [-112.5909, 33.373], [-112.5923, 33.373], [-112.5923, 33.3736], [-112.5909, 33.3736], [-112.591, 33.3742]], [[-112.5938, 33.3735], [-112.5932, 33.3736], [-112.5932, 33.3723], [-112.5938, 33.3723], [-112.5938, 33.3735]], [[-112.6079, 33.371], [-112.608, 33.3703], [-112.6166, 33.3703], [-112.6166, 33.3713], [-112.6079, 33.3723], [-112.6079, 33.371]], [[-112.6216, 33.3703], [-112.6233, 33.3702], [-112.6233, 33.3709], [-112.6213, 33.3711], [-112.6216, 33.3703]], [[-112.6223, 33.3697], [-112.6197, 33.3701], [-112.6197, 33.3682], [-112.6228, 33.3681], [-112.6228, 33.3694], [-112.6223, 33.3697]], [[-112.6512, 33.3483], [-112.6511, 33.3555], [-112.6424, 33.3555], [-112.6425, 33.3484], [-112.6512, 33.3483]], [[-112.6243, 33.352], [-112.6246, 33.3554], [-112.6229, 33.3556], [-112.6231, 33.352], [-112.6243, 33.352]]]}, "properties": {"CityName": "UNINCORPORATED MARICOPA COUNTY"}}, {"type": "Feature", "geometry": {"type": "Polygon", "coordinates": [[[-112.5721, 33.3744], [-112.5731, 33.3744], [-112.5721, 33.3744], [-112.5721, 33.3744]]]}, "properties": {"CityName": "UNINCORPORATED MARICOPA COUNTY"}}, {"type": "Feature", "geometry": {"type": "Polygon", "coordinates": [[[-112.3407, 33.3755], [-112.3666, 33.3753], [-112.3666, 33.3628], [-112.3536, 33.3628], [-112.3536, 33.3682], [-112.3547, 33.3682], [-112.3547, 33.3701], [-112.3536, 33.37], [-112.3537, 33.3737], [-112.3493, 33.3737], [-112.3493, 33.3628], [-112.3407, 33.3628], [-112.3407, 33.37], [-112.3396, 33.37], [-112.3396, 33.3718], [-112.3407, 33.3718], [-112.3407, 33.3755]]]}, "properties": {"CityName": "UNINCORPORATED MARICOPA COUNTY"}}, {"type": "Feature", "geometry": {"type": "Polygon", "coordinates": [[[-112.5909, 33.3757], [-112.5914, 33.3757], [-112.5914, 33.3752], [-112.5909, 33.3752], [-112.5909, 33.3757]]]}, "properties": {"CityName": "UNINCORPORATED MARICOPA COUNTY"}}, {"type": "Feature", "geometry": {"type": "Polygon", "coordinates": [[[-112.1776, 33.3774], [-112.1805, 33.3774], [-112.1805, 33.3702], [-112.1776, 33.3702], [-112.1776, 33.3774]]]}, "properties": {"CityName": "UNINCORPORATED MARICOPA COUNTY"}}, {"type": "Feature", "geometry": {"type": "Polygon", "coordinates": [[[-112.1189, 33.3775], [-112.1315, 33.3775], [-112.1315, 33.3761], [-112.1305, 33.3761], [-112.1305, 33.3739], [-112.1262, 33.374], [-112.1262, 33.3721], [-112.1305, 33.3721], [-112.1305, 33.3594], [-112.1347, 33.3594], [-112.1348, 33.3604], [-112.1349, 33.359], [-112.1369, 33.359], [-112.1369, 33.3631], [-112.1405, 33.3631], [-112.1404, 33.3594], [-112.1391, 33.3594], [-112.1391, 33.3586], [-112.1349, 33.3587], [-112.1349, 33.3567], [-112.1326, 33.3567], [-112.1326, 33.3558], [-112.1349, 33.3558], [-112.1349, 33.3485], [-112.1256, 33.3486], [-112.1256, 33.3467], [-112.1243, 33.3467], [-112.1243, 33.3449], [-112.1221, 33.3449], [-112.1221, 33.3413], [-112.1178, 33.3414], [-112.1175, 33.363], [-112.1176, 33.3615], [-112.1217, 33.3595], [-112.1262, 33.3594], [-112.1262, 33.3618], [-112.1255, 33.3618], [-112.1255, 33.3632], [-112.1175, 33.3632], [-112.1174, 33.3753], [-112.1176, 33.3768], [-112.1189, 33.3768], [-112.1189, 33.3775]]]}, "properties": {"CityName": "UNINCORPORATED MARICOPA COUNTY"}}, {"type": "Feature", "geometry": {"type": "Polygon", "coordinates": [[[-112.5911, 33.3765], [-112.5909, 33.3766], [-112.593, 33.3765], [-112.5911, 33.3765]]]}, "properties": {"CityName": "UNINCORPORATED MARICOPA COUNTY"}}, {"type": "Feature", "geometry": {"type": "Polygon", "coordinates": [[[-111.8932, 33.3342], [-111.8936, 33.3564], [-111.8418, 33.3566], [-111.8421, 33.376], [-111.841, 33.3786], [-111.8414, 33.3786], [-111.8425, 33.3765], [-111.842, 33.3571], [-111.8939, 33.3569], [-111.8932, 33.3342]]]}, "properties": {"CityName": "UNINCORPORATED MARICOPA COUNTY"}}, {"type": "Feature", "geometry": {"type": "Polygon", "coordinates": [[[-112.1183, 33.3779], [-112.1168, 33.3779], [-112.1166, 33.3786], [-112.1183, 33.3786], [-112.1183, 33.3779]]]}, "properties": {"CityName": "UNINCORPORATED MARICOPA COUNTY"}}, {"type": "Feature", "geometry": {"type": "Polygon", "coordinates": [[[-112.5563, 33.3774], [-112.5565, 33.3774], [-112.5563, 33.3773], [-112.5563, 33.3774]]]}, "properties": {"CityName": "UNINCORPORATED MARICOPA COUNTY"}}, {"type": "Feature", "geometry": {"type": "Polygon", "coordinates": [[[-112.5601, 33.3775], [-112.5602, 33.3775], [-112.5602, 33.376], [-112.5601, 33.3775]]]}, "properties": {"CityName": "UNINCORPORATED MARICOPA COUNTY"}}, {"type": "Feature", "geometry": {"type": "Polygon", "coordinates": [[[-111.7088, 33.3771], [-111.7089, 33.3791], [-111.7116, 33.3791], [-111.7115, 33.3771], [-111.7126, 33.3771], [-111.7126, 33.3758], [-111.7136, 33.3758], [-111.7136, 33.3739], [-111.7077, 33.3739], [-111.7072, 33.3758], [-111.7078, 33.3758], [-111.7079, 33.3771], [-111.7088, 33.3771]]]}, "properties": {"CityName": "UNINCORPORATED MARICOPA COUNTY"}}, {"type": "Feature", "geometry": {"type": "Polygon", "coordinates": [[[-112.1546, 33.3777], [-112.1546, 33.379], [-112.1553, 33.379], [-112.1553, 33.3777], [-112.1546, 33.3777]]]}, "properties": {"CityName": "UNINCORPORATED MARICOPA COUNTY"}}, {"type": "Feature", "geometry": {"type": "Polygon", "coordinates": [[[-111.754, 33.3793], [-111.754, 33.3793], [-111.7556, 33.3793], [-111.754, 33.3793]]]}, "properties": {"CityName": "UNINCORPORATED MARICOPA COUNTY"}}, {"type": "Feature", "geometry": {"type": "Polygon", "coordinates": [[[-111.7281, 33.3794], [-111.7335, 33.3794], [-111.7287, 33.3793], [-111.7281, 33.3794]]]}, "properties": {"CityName": "UNINCORPORATED MARICOPA COUNTY"}}, {"type": "Feature", "geometry": {"type": "Polygon", "coordinates": [[[-111.6972, 33.3794], [-111.697, 33.3795], [-111.7182, 33.3794], [-111.6972, 33.3794]]]}, "properties": {"CityName": "UNINCORPORATED MARICOPA COUNTY"}}, {"type": "Feature", "geometry": {"type": "Polygon", "coordinates": [[[-111.6881, 33.3795], [-111.6936, 33.3795], [-111.6936, 33.3795], [-111.6881, 33.3795]]]}, "properties": {"CityName": "UNINCORPORATED MARICOPA COUNTY"}}, {"type": "Feature", "geometry": {"type": "Polygon", "coordinates": [[[-112.547, 33.3784], [-112.547, 33.3792], [-112.5475, 33.3792], [-112.5475, 33.3776], [-112.5518, 33.3776], [-112.5519, 33.3791], [-112.5519, 33.3777], [-112.5562, 33.3775], [-112.547, 33.3774], [-112.547, 33.3784]]]}, "properties": {"CityName": "UNINCORPORATED MARICOPA COUNTY"}}, {"type": "Feature", "geometry": {"type": "Polygon", "coordinates": [[[-112.5811, 33.3793], [-112.582, 33.3793], [-112.582, 33.3782], [-112.5811, 33.3782], [-112.5811, 33.3793]]]}, "properties": {"CityName": "UNINCORPORATED MARICOPA COUNTY"}}, {"type": "Feature", "geometry": {"type": "Polygon", "coordinates": [[[-112.5731, 33.3792], [-112.5734, 33.3795], [-112.5733, 33.3783], [-112.5736, 33.379], [-112.5735, 33.3776], [-112.573, 33.3779], [-112.5731, 33.3792]]]}, "properties": {"CityName": "UNINCORPORATED MARICOPA COUNTY"}}, {"type": "Feature", "geometry": {"type": "Polygon", "coordinates": [[[-112.1667, 33.3811], [-112.1667, 33.382], [-112.168, 33.382], [-112.168, 33.3811], [-112.1667, 33.3811]]]}, "properties": {"CityName": "UNINCORPORATED MARICOPA COUNTY"}}, {"type": "Feature", "geometry": {"type": "Polygon", "coordinates": [[[-112.5995, 33.3781], [-112.5995, 33.3812], [-112.6001, 33.3812], [-112.6001, 33.3781], [-112.5995, 33.3781]]]}, "properties": {"CityName": "UNINCORPORATED MARICOPA COUNTY"}}, {"type": "Feature", "geometry": {"type": "Polygon", "coordinates": [[[-112.1359, 33.3822], [-112.1339, 33.3822], [-112.1339, 33.384], [-112.138, 33.384], [-112.1381, 33.3794], [-112.1339, 33.3794], [-112.1339, 33.3812], [-112.1359, 33.3812], [-112.1359, 33.3822]]]}, "properties": {"CityName": "UNINCORPORATED MARICOPA COUNTY"}}, {"type": "Feature", "geometry": {"type": "Polygon", "coordinates": [[[-111.8352, 33.3855], [-111.8398, 33.3854], [-111.8399, 33.3843], [-111.8352, 33.3843], [-111.8352, 33.3855]]]}, "properties": {"CityName": "UNINCORPORATED MARICOPA COUNTY"}}, {"type": "Feature", "geometry": {"type": "Polygon", "coordinates": [[[-112.5376, 33.3832], [-112.5376, 33.3849], [-112.5386, 33.3849], [-112.5386, 33.383], [-112.5376, 33.3832]]]}, "properties": {"CityName": "UNINCORPORATED MARICOPA COUNTY"}}, {"type": "Feature", "geometry": {"type": "Polygon", "coordinates": [[[-112.5737, 33.3847], [-112.584, 33.3847], [-112.5839, 33.383], [-112.5812, 33.3819], [-112.5795, 33.383], [-112.5819, 33.3813], [-112.5839, 33.3821], [-112.584, 33.3813], [-112.5827, 33.3807], [-112.5832, 33.3803], [-112.5832, 33.3794], [-112.5775, 33.3793], [-112.5759, 33.3789], [-112.5782, 33.3783], [-112.5777, 33.3783], [-112.5777, 33.3776], [-112.5744, 33.3776], [-112.5744, 33.3784], [-112.5736, 33.3782], [-112.5736, 33.3794], [-112.574, 33.3794], [-112.5737, 33.3824], [-112.5756, 33.3824], [-112.5757, 33.3843], [-112.5737, 33.3843], [-112.5737, 33.3838], [-112.5737, 33.3847]]]}, "properties": {"CityName": "UNINCORPORATED MARICOPA COUNTY"}}, {"type": "Feature", "geometry": {"type": "Polygon", "coordinates": [[[-112.3063, 33.3815], [-112.3063, 33.3859], [-112.3084, 33.3808], [-112.3063, 33.3808], [-112.3063, 33.3815]]]}, "properties": {"CityName": "UNINCORPORATED MARICOPA COUNTY"}}, {"type": "Feature", "geometry": {"type": "Polygon", "coordinates": [[[-112.6041, 33.3841], [-112.6041, 33.3848], [-112.6066, 33.3848], [-112.6066, 33.3841], [-112.6077, 33.3841], [-112.6077, 33.3822], [-112.6055, 33.3822], [-112.6056, 33.3812], [-112.6041, 33.3812], [-112.6041, 33.3841]]]}, "properties": {"CityName": "UNINCORPORATED MARICOPA COUNTY"}}, {"type": "Feature", "geometry": {"type": "Polygon", "coordinates": [[[-112.1338, 33.3862], [-112.1338, 33.3871], [-112.138, 33.3871], [-112.138, 33.3862], [-112.1338, 33.3862]]]}, "properties": {"CityName": "UNINCORPORATED MARICOPA COUNTY"}}, {"type": "Feature", "geometry": {"type": "Polygon", "coordinates": [[[-112.5894, 33.3856], [-112.5907, 33.3855], [-112.5906, 33.3848], [-112.5865, 33.3848], [-112.5894, 33.3849], [-112.5894, 33.3856]]]}, "properties": {"CityName": "UNINCORPORATED MARICOPA COUNTY"}}, {"type": "Feature", "geometry": {"type": "Polygon", "coordinates": [[[-112.4615, 33.3777], [-112.4615, 33.3887], [-112.4623, 33.3887], [-112.4623, 33.3774], [-112.4615, 33.3774], [-112.4615, 33.3777]]]}, "properties": {"CityName": "UNINCORPORATED MARICOPA COUNTY"}}, {"type": "Feature", "geometry": {"type": "Polygon", "coordinates": [[[-112.5907, 33.3855], [-112.5908, 33.3884], [-112.5906, 33.3847], [-112.5907, 33.3855]]]}, "properties": {"CityName": "UNINCORPORATED MARICOPA COUNTY"}}, {"type": "Feature", "geometry": {"type": "Polygon", "coordinates": [[[-112.1408, 33.3885], [-112.1401, 33.3885], [-112.1401, 33.3903], [-112.1421, 33.3903], [-112.1422, 33.3885], [-112.1408, 33.3885]]]}, "properties": {"CityName": "UNINCORPORATED MARICOPA COUNTY"}}, {"type": "Feature", "geometry": {"type": "Polygon", "coordinates": [[[-112.5907, 33.3885], [-112.5907, 33.3893], [-112.5908, 33.3893], [-112.5907, 33.3885]]]}, "properties": {"CityName": "UNINCORPORATED MARICOPA COUNTY"}}, {"type": "Feature", "geometry": {"type": "Polygon", "coordinates": [[[-112.133, 33.3915], [-112.133, 33.392], [-112.1334, 33.392], [-112.133, 33.3915]]]}, "properties": {"CityName": "UNINCORPORATED MARICOPA COUNTY"}}, {"type": "Feature", "geometry": {"type": "Polygon", "coordinates": [[[-112.1167, 33.392], [-112.1207, 33.392], [-112.1207, 33.3886], [-112.1165, 33.3886], [-112.1165, 33.3859], [-112.1207, 33.3858], [-112.1207, 33.3849], [-112.1165, 33.385], [-112.1165, 33.3841], [-112.118, 33.384], [-112.1165, 33.3838], [-112.1165, 33.3822], [-112.1185, 33.3822], [-112.1185, 33.3817], [-112.118, 33.3808], [-112.1166, 33.3808], [-112.1166, 33.3791], [-112.1163, 33.3791], [-112.1162, 33.3919], [-112.1167, 33.392]]]}, "properties": {"CityName": "UNINCORPORATED MARICOPA COUNTY"}}, {"type": "Feature", "geometry": {"type": "Polygon", "coordinates": [[[-112.1207, 33.3923], [-112.1207, 33.3928], [-112.1215, 33.3928], [-112.1215, 33.3923], [-112.1207, 33.3923]]]}, "properties": {"CityName": "UNINCORPORATED MARICOPA COUNTY"}}, {"type": "Feature", "geometry": {"type": "Polygon", "coordinates": [[[-112.5566, 33.392], [-112.565, 33.3919], [-112.565, 33.3919], [-112.5566, 33.392]]]}, "properties": {"CityName": "UNINCORPORATED MARICOPA COUNTY"}}, {"type": "Feature", "geometry": {"type": "Polygon", "coordinates": [[[-112.5561, 33.3919], [-112.5562, 33.392], [-112.5562, 33.3919], [-112.5561, 33.3919]]]}, "properties": {"CityName": "UNINCORPORATED MARICOPA COUNTY"}}, {"type": "Feature", "geometry": {"type": "Polygon", "coordinates": [[[-111.5809, 33.3935], [-111.5935, 33.3935], [-111.5935, 33.3877], [-111.5978, 33.3877], [-111.5979, 33.3884], [-111.5982, 33.3791], [-111.5809, 33.379], [-111.5809, 33.3935]]]}, "properties": {"CityName": "UNINCORPORATED MARICOPA COUNTY"}}, {"type": "Feature", "geometry": {"type": "Polygon", "coordinates": [[[-112.4267, 33.3927], [-112.4268, 33.393], [-112.4268, 33.3922], [-112.4267, 33.3927]]]}, "properties": {"CityName": "UNINCORPORATED MARICOPA COUNTY"}}, {"type": "Feature", "geometry": {"type": "Polygon", "coordinates": [[[-112.5908, 33.3936], [-112.5908, 33.3951], [-112.5908, 33.3922], [-112.5908, 33.3936]]]}, "properties": {"CityName": "UNINCORPORATED MARICOPA COUNTY"}}, {"type": "Feature", "geometry": {"type": "Polygon", "coordinates": [[[-112.5952, 33.3956], [-112.6013, 33.3955], [-112.6013, 33.392], [-112.5952, 33.392], [-112.5952, 33.3956]]]}, "properties": {"CityName": "UNINCORPORATED MARICOPA COUNTY"}}, {"type": "Feature", "geometry": {"type": "Polygon", "coordinates": [[[-112.4092, 33.3904], [-112.4093, 33.3992], [-112.4094, 33.3904], [-112.4092, 33.3904]]]}, "properties": {"CityName": "UNINCORPORATED MARICOPA COUNTY"}}, {"type": "Feature", "geometry": {"type": "Polygon", "coordinates": [[[-112.557, 33.3993], [-112.565, 33.3992], [-112.557, 33.3992], [-112.557, 33.3993]]]}, "properties": {"CityName": "UNINCORPORATED MARICOPA COUNTY"}}, {"type": "Feature", "geometry": {"type": "Polygon", "coordinates": [[[-112.5738, 33.3993], [-112.5759, 33.3993], [-112.5759, 33.3975], [-112.5738, 33.3975], [-112.5738, 33.3993]]]}, "properties": {"CityName": "UNINCORPORATED MARICOPA COUNTY"}}, {"type": "Feature", "geometry": {"type": "Polygon", "coordinates": [[[-112.539, 33.3996], [-112.5477, 33.3995], [-112.5477, 33.3925], [-112.5387, 33.3924], [-112.539, 33.3996]]]}, "properties": {"CityName": "UNINCORPORATED MARICOPA COUNTY"}}, {"type": "Feature", "geometry": {"type": "Polygon", "coordinates": [[[-112.5391, 33.4029], [-112.5395, 33.403], [-112.5395, 33.4022], [-112.5391, 33.4022], [-112.5391, 33.4029]]]}, "properties": {"CityName": "UNINCORPORATED MARICOPA COUNTY"}}, {"type": "Feature", "geometry": {"type": "Polygon", "coordinates": [[[-112.565, 33.4011], [-112.565, 33.4029], [-112.5661, 33.4029], [-112.5661, 33.3994], [-112.565, 33.3994], [-112.565, 33.4011]]]}, "properties": {"CityName": "UNINCORPORATED MARICOPA COUNTY"}}, {"type": "Feature", "geometry": {"type": "Polygon", "coordinates": [[[-112.1424, 33.4063], [-112.1507, 33.4034], [-112.1506, 33.4029], [-112.1511, 33.4033], [-112.1681, 33.4031], [-112.1677, 33.4004], [-112.1682, 33.4005], [-112.1681, 33.3957], [-112.166, 33.396], [-112.166, 33.3922], [-112.1646, 33.3922], [-112.1646, 33.3918], [-112.1606, 33.3919], [-112.1606, 33.3902], [-112.1595, 33.3902], [-112.1595, 33.3919], [-112.1585, 33.3919], [-112.1585, 33.3957], [-112.1574, 33.3957], [-112.1574, 33.3919], [-112.1541, 33.3919], [-112.1541, 33.3957], [-112.1531, 33.3957], [-112.1531, 33.3926], [-112.1535, 33.3926], [-112.1535, 33.3922], [-112.1511, 33.3922], [-112.1511, 33.394], [-112.1507, 33.394], [-112.1506, 33.3922], [-112.1465, 33.3922], [-112.1465, 33.3909], [-112.1424, 33.3911], [-112.1424, 33.3946], [-112.1428, 33.3951], [-112.1424, 33.395], [-112.1424, 33.4063]]]}, "properties": {"CityName": "UNINCORPORATED MARICOPA COUNTY"}}, {"type": "Feature", "geometry": {"type": "Polygon", "coordinates": [[[-112.1175, 33.4066], [-112.1196, 33.4066], [-112.1197, 33.4048], [-112.1219, 33.4057], [-112.1208, 33.4066], [-112.1211, 33.4065], [-112.1223, 33.4058], [-112.1267, 33.405], [-112.1293, 33.4038], [-112.1293, 33.4065], [-112.1335, 33.4065], [-112.1335, 33.4025], [-112.1308, 33.4031], [-112.1308, 33.3995], [-112.1333, 33.3994], [-112.1165, 33.3995], [-112.1165, 33.4065], [-112.1175, 33.4066]]]}, "properties": {"CityName": "UNINCORPORATED MARICOPA COUNTY"}}, {"type": "Feature", "geometry": {"type": "Polygon", "coordinates": [[[-112.2837, 33.4055], [-112.2837, 33.4063], [-112.2847, 33.4063], [-112.2847, 33.4054], [-112.2837, 33.4055]]]}, "properties": {"CityName": "UNINCORPORATED MARICOPA COUNTY"}}, {"type": "Feature", "geometry": {"type": "Polygon", "coordinates": [[[-112.2551, 33.4064], [-112.2625, 33.4064], [-112.2624, 33.4034], [-112.2636, 33.4028], [-112.2723, 33.4028], [-112.2723, 33.3996], [-112.2889, 33.3995], [-112.2889, 33.3991], [-112.2723, 33.3992], [-112.2723, 33.3957], [-112.2888, 33.3955], [-112.2887, 33.3918], [-112.2848, 33.3919], [-112.2847, 33.3911], [-112.281, 33.3912], [-112.281, 33.392], [-112.2806, 33.392], [-112.2806, 33.3896], [-112.2794, 33.3899], [-112.2794, 33.3903], [-112.2772, 33.3904], [-112.277, 33.3921], [-112.277, 33.3904], [-112.2721, 33.3905], [-112.272, 33.3892], [-112.2678, 33.3893], [-112.2678, 33.3922], [-112.2719, 33.3923], [-112.272, 33.3957], [-112.2677, 33.3957], [-112.2678, 33.3992], [-112.2541, 33.3992], [-112.2541, 33.4032], [-112.2551, 33.4064]]]}, "properties": {"CityName": "UNINCORPORATED MARICOPA COUNTY"}}, {"type": "Feature", "geometry": {"type": "Polygon", "coordinates": [[[-112.1301, 33.4067], [-112.1283, 33.4068], [-112.1302, 33.4068], [-112.1301, 33.4067]]]}, "properties": {"CityName": "UNINCORPORATED MARICOPA COUNTY"}}, {"type": "Feature", "geometry": {"type": "Polygon", "coordinates": [[[-112.1272, 33.4068], [-112.1277, 33.4068], [-112.1277, 33.4068], [-112.1272, 33.4068]]]}, "properties": {"CityName": "UNINCORPORATED MARICOPA COUNTY"}}, {"type": "Feature", "geometry": {"type": "Polygon", "coordinates": [[[-112.1177, 33.4068], [-112.1177, 33.4068], [-112.118, 33.4068], [-112.1177, 33.4068]]]}, "properties": {"CityName": "UNINCORPORATED MARICOPA COUNTY"}}, {"type": "Feature", "geometry": {"type": "Polygon", "coordinates": [[[-112.3489, 33.4063], [-112.3572, 33.4066], [-112.3572, 33.4064], [-112.3489, 33.4063]]]}, "properties": {"CityName": "UNINCORPORATED MARICOPA COUNTY"}}, {"type": "Feature", "geometry": {"type": "Polygon", "coordinates": [[[-112.2936, 33.4065], [-112.2936, 33.4069], [-112.2943, 33.4069], [-112.2943, 33.4064], [-112.2936, 33.4065]]]}, "properties": {"CityName": "UNINCORPORATED MARICOPA COUNTY"}}, {"type": "Feature", "geometry": {"type": "Polygon", "coordinates": [[[-112.4571, 33.4065], [-112.4614, 33.4065], [-112.4614, 33.4005], [-112.4528, 33.4016], [-112.4528, 33.3992], [-112.4614, 33.3993], [-112.4614, 33.3774], [-112.4442, 33.3774], [-112.4441, 33.4065], [-112.4571, 33.4065]]]}, "properties": {"CityName": "UNINCORPORATED MARICOPA COUNTY"}}, {"type": "Feature", "geometry": {"type": "Polygon", "coordinates": [[[-112.1509, 33.4067], [-112.1685, 33.4078], [-112.1681, 33.4046], [-112.1676, 33.4046], [-112.1675, 33.404], [-112.1682, 33.4039], [-112.1681, 33.4035], [-112.1518, 33.4036], [-112.1424, 33.4067], [-112.1509, 33.4067]]]}, "properties": {"CityName": "UNINCORPORATED MARICOPA COUNTY"}}, {"type": "Feature", "geometry": {"type": "Polygon", "coordinates": [[[-112.6168, 33.4062], [-112.6221, 33.4063], [-112.6168, 33.4062], [-112.6168, 33.4062]]]}, "properties": {"CityName": "UNINCORPORATED MARICOPA COUNTY"}}, {"type": "Feature", "geometry": {"type": "Polygon", "coordinates": [[[-112.6278, 33.4062], [-112.6286, 33.4063], [-112.6286, 33.4062], [-112.6278, 33.4062]]]}, "properties": {"CityName": "UNINCORPORATED MARICOPA COUNTY"}}, {"type": "Feature", "geometry": {"type": "Polygon", "coordinates": [[[-111.6877, 33.4083], [-111.7107, 33.4082], [-111.7108, 33.4034], [-111.7096, 33.3989], [-111.7066, 33.394], [-111.6849, 33.3941], [-111.6848, 33.4037], [-111.6856, 33.4037], [-111.6856, 33.4044], [-111.6863, 33.4044], [-111.6865, 33.4069], [-111.6877, 33.4069], [-111.6877, 33.4083]]]}, "properties": {"CityName": "UNINCORPORATED MARICOPA COUNTY"}}, {"type": "Feature", "geometry": {"type": "Polygon", "coordinates": [[[-112.4051, 33.4068], [-112.4009, 33.4073], [-112.4009, 33.4084], [-112.4181, 33.4066], [-112.4267, 33.4053], [-112.4269, 33.4047], [-112.4269, 33.4053], [-112.4355, 33.4042], [-112.4355, 33.4065], [-112.444, 33.4065], [-112.444, 33.3775], [-112.4355, 33.3774], [-112.4355, 33.3811], [-112.4311, 33.3811], [-112.4311, 33.3848], [-112.4267, 33.3848], [-112.4267, 33.3921], [-112.4398, 33.3921], [-112.4398, 33.3972], [-112.4411, 33.3975], [-112.4383, 33.4002], [-112.4355, 33.402], [-112.4355, 33.4023], [-112.4372, 33.4013], [-112.4394, 33.4012], [-112.4394, 33.4032], [-112.4303, 33.4043], [-112.4348, 33.4026], [-112.4355, 33.402], [-112.4297, 33.4037], [-112.4095, 33.4064], [-112.4093, 33.3993], [-112.4093, 33.4063], [-112.4051, 33.4068]]]}, "properties": {"CityName": "UNINCORPORATED MARICOPA COUNTY"}}, {"type": "Feature", "geometry": {"type": "Polygon", "coordinates": [[[-112.4463, 33.4067], [-112.4463, 33.4084], [-112.4485, 33.4084], [-112.4485, 33.4067], [-112.4463, 33.4067]]]}, "properties": {"CityName": "UNINCORPORATED MARICOPA COUNTY"}}, {"type": "Feature", "geometry": {"type": "Polygon", "coordinates": [[[-112.3921, 33.4087], [-112.3921, 33.4095], [-112.4008, 33.4084], [-112.4008, 33.4073], [-112.3921, 33.4083], [-112.3921, 33.4087]]]}, "properties": {"CityName": "UNINCORPORATED MARICOPA COUNTY"}}, {"type": "Feature", "geometry": {"type": "Polygon", "coordinates": [[[-112.3023, 33.4064], [-112.3023, 33.4098], [-112.3061, 33.4098], [-112.3061, 33.4025], [-112.3104, 33.4025], [-112.3104, 33.3958], [-112.3147, 33.3958], [-112.3147, 33.3954], [-112.3406, 33.3954], [-112.3406, 33.3989], [-112.3572, 33.3991], [-112.3572, 33.3777], [-112.3226, 33.3775], [-112.3229, 33.3845], [-112.319, 33.3845], [-112.3188, 33.3809], [-112.3091, 33.3808], [-112.3063, 33.3872], [-112.3063, 33.3919], [-112.2892, 33.3921], [-112.2893, 33.3955], [-112.3019, 33.3954], [-112.3023, 33.4064]]]}, "properties": {"CityName": "UNINCORPORATED MARICOPA COUNTY"}}, {"type": "Feature", "geometry": {"type": "Polygon", "coordinates": [[[-112.2978, 33.4081], [-112.2978, 33.4099], [-112.3021, 33.4098], [-112.3021, 33.4064], [-112.2971, 33.4065], [-112.2971, 33.4079], [-112.2978, 33.4081]]]}, "properties": {"CityName": "UNINCORPORATED MARICOPA COUNTY"}}, {"type": "Feature", "geometry": {"type": "Polygon", "coordinates": [[[-112.3063, 33.4104], [-112.3069, 33.4104], [-112.3069, 33.4098], [-112.3063, 33.4098], [-112.3063, 33.4104]]]}, "properties": {"CityName": "UNINCORPORATED MARICOPA COUNTY"}}, {"type": "Feature", "geometry": {"type": "Polygon", "coordinates": [[[-111.8962, 33.4112], [-111.9069, 33.4111], [-111.9069, 33.411], [-111.8962, 33.4112]]]}, "properties": {"CityName": "UNINCORPORATED MARICOPA COUNTY"}}, {"type": "Feature", "geometry": {"type": "Polygon", "coordinates": [[[-112.1857, 33.3959], [-112.1771, 33.3958], [-112.1773, 33.3996], [-112.1686, 33.3993], [-112.1688, 33.4025], [-112.1694, 33.4035], [-112.1691, 33.4035], [-112.1697, 33.4097], [-112.1732, 33.4087], [-112.1732, 33.4098], [-112.174, 33.4098], [-112.174, 33.4114], [-112.1756, 33.4115], [-112.1756, 33.4106], [-112.1779, 33.4095], [-112.1779, 33.4079], [-112.1865, 33.4081], [-112.1857, 33.3959]]]}, "properties": {"CityName": "UNINCORPORATED MARICOPA COUNTY"}}, {"type": "Feature", "geometry": {"type": "Polygon", "coordinates": [[[-112.5907, 33.4066], [-112.5908, 33.41], [-112.5908, 33.4066], [-112.5907, 33.4066]]]}, "properties": {"CityName": "UNINCORPORATED MARICOPA COUNTY"}}, {"type": "Feature", "geometry": {"type": "Polygon", "coordinates": [[[-112.5488, 33.4103], [-112.5562, 33.4102], [-112.5563, 33.4067], [-112.5488, 33.4068], [-112.5488, 33.4103]]]}, "properties": {"CityName": "UNINCORPORATED MARICOPA COUNTY"}}, {"type": "Feature", "geometry": {"type": "Polygon", "coordinates": [[[-112.1857, 33.3959], [-112.2034, 33.3965], [-112.2041, 33.4042], [-112.2089, 33.4037], [-112.2089, 33.4085], [-112.2127, 33.4086], [-112.2127, 33.4104], [-112.2127, 33.4086], [-112.2171, 33.4086], [-112.2171, 33.4038], [-112.2197, 33.405], [-112.2211, 33.4052], [-112.2213, 33.4085], [-112.238, 33.4085], [-112.2423, 33.408], [-112.2424, 33.4116], [-112.2531, 33.4104], [-112.253, 33.4069], [-112.2547, 33.4067], [-112.254, 33.403], [-112.254, 33.399], [-112.2456, 33.399], [-112.2456, 33.4027], [-112.2393, 33.4027], [-112.2393, 33.3991], [-112.2369, 33.399], [-112.2372, 33.3877], [-112.24, 33.3847], [-112.242, 33.3838], [-112.2496, 33.3825], [-112.2545, 33.384], [-112.2622, 33.3834], [-112.268, 33.3842], [-112.2717, 33.3832], [-112.2717, 33.3848], [-112.2846, 33.3848], [-112.2846, 33.381], [-112.289, 33.3807], [-112.2891, 33.3921], [-112.3062, 33.3918], [-112.3061, 33.2613], [-112.3493, 33.2614], [-112.3493, 33.2686], [-112.3406, 33.2686], [-112.3406, 33.2759], [-112.3579, 33.2759], [-112.3579, 33.2178], [-112.3752, 33.2178], [-112.3752, 33.2033], [-112.3709, 33.2033], [-112.3709, 33.2069], [-112.3666, 33.2069], [-112.3666, 33.1961], [-112.3687, 33.1961], [-112.3687, 33.1924], [-112.3709, 33.1924], [-112.3709, 33.1961], [-112.3752, 33.1961], [-112.3752, 33.1888], [-112.3666, 33.1888], [-112.3666, 33.1852], [-112.3644, 33.1852], [-112.3644, 33.1888], [-112.3623, 33.1888], [-112.3623, 33.1852], [-112.3579, 33.1852], [-112.358, 33.1888], [-112.3407, 33.1889], [-112.3407, 33.1598], [-112.3493, 33.1598], [-112.3493, 33.1634], [-112.3536, 33.1634], [-112.3536, 33.167], [-112.3579, 33.167], [-112.3579, 33.1598], [-112.3666, 33.1598], [-112.3666, 33.1453], [-112.3504, 33.1453], [-112.3504, 33.1471], [-112.3407, 33.1471], [-112.3407, 33.1416], [-112.345, 33.1416], [-112.345, 33.138], [-112.3321, 33.138], [-112.3321, 33.1525], [-112.2021, 33.1525], [-112.202, 33.2903], [-112.2031, 33.2903], [-112.2032, 33.3103], [-112.2023, 33.3098], [-112.2018, 33.3075], [-112.1979, 33.3028], [-112.1937, 33.2989], [-112.1932, 33.2973], [-112.1933, 33.2964], [-112.1952, 33.2939], [-112.1959, 33.291], [-112.1976, 33.2892], [-112.197, 33.2867], [-112.1958, 33.2847], [-112.1958, 33.2837], [-112.1969, 33.2822], [-112.1976, 33.2783], [-112.1965, 33.2739], [-112.1922, 33.2681], [-112.1915, 33.2646], [-112.1873, 33.2634], [-112.1824, 33.2634], [-112.181, 33.2625], [-112.1745, 33.2636], [-112.1741, 33.2626], [-112.1756, 33.2617], [-112.1758, 33.261], [-112.1749, 33.26], [-112.1743, 33.2582], [-112.1736, 33.2579], [-112.172, 33.2579], [-112.1714, 33.2585], [-112.1713, 33.2595], [-112.1697, 33.2596], [-112.1666, 33.2576], [-112.1667, 33.2573], [-112.1658, 33.2566], [-112.1641, 33.257], [-112.1622, 33.2563], [-112.1616, 33.2546], [-112.1606, 33.254], [-112.1574, 33.2537], [-112.1555, 33.2544], [-112.1531, 33.2544], [-112.1492, 33.2539], [-112.1444, 33.2509], [-112.1425, 33.2484], [-112.1403, 33.2472], [-112.1406, 33.2455], [-112.1397, 33.2437], [-112.1367, 33.243], [-112.1352, 33.2422], [-112.1346, 33.2409], [-112.1348, 33.2382], [-112.1339, 33.236], [-112.133, 33.234], [-112.1313, 33.2329], [-112.1305, 33.2329], [-112.1285, 33.2347], [-112.1264, 33.2356], [-112.1227, 33.2349], [-112.1213, 33.2343], [-112.1197, 33.2316], [-112.1162, 33.2316], [-112.1155, 33.2286], [-112.1134, 33.2275], [-112.1107, 33.2284], [-112.1088, 33.2281], [-112.103, 33.2305], [-112.1001, 33.231], [-112.0955, 33.2302], [-112.0897, 33.2252], [-112.0882, 33.2201], [-112.0896, 33.2167], [-112.0894, 33.2139], [-112.0908, 33.2127], [-112.0922, 33.2094], [-112.0892, 33.2083], [-112.0834, 33.2046], [-111.893, 33.2047], [-111.893, 33.2033], [-111.8584, 33.2038], [-111.8584, 33.2328], [-111.8931, 33.2324], [-111.8936, 33.2914], [-111.9677, 33.2908], [-111.9676, 33.2945], [-111.9717, 33.2945], [-111.9717, 33.3029], [-111.9711, 33.3051], [-111.9713, 33.3061], [-111.9722, 33.3061], [-111.9722, 33.3271], [-111.9727, 33.3271], [-111.9727, 33.309], [-111.9733, 33.3051], [-111.9727, 33.3028], [-111.9722, 33.2907], [-112.1333, 33.2904], [-112.1517, 33.3083], [-112.1517, 33.3195], [-112.1605, 33.3194], [-112.1605, 33.3198], [-112.1648, 33.3222], [-112.1648, 33.323], [-112.1667, 33.323], [-112.1689, 33.3254], [-112.1689, 33.3339], [-112.1458, 33.334], [-112.1437, 33.3351], [-112.1437, 33.3376], [-112.1394, 33.3376], [-112.1394, 33.3411], [-112.1295, 33.3412], [-112.1291, 33.343], [-112.135, 33.343], [-112.135, 33.3485], [-112.1379, 33.3467], [-112.1394, 33.3448], [-112.148, 33.3448], [-112.1481, 33.3485], [-112.1433, 33.3485], [-112.1433, 33.3533], [-112.1448, 33.3533], [-112.1448, 33.3545], [-112.1434, 33.3545], [-112.1434, 33.3558], [-112.1519, 33.3557], [-112.1519, 33.3529], [-112.1561, 33.352], [-112.1549, 33.3517], [-112.1548, 33.3484], [-112.1558, 33.3484], [-112.1558, 33.3411], [-112.169, 33.3411], [-112.1693, 33.3253], [-112.1735, 33.3293], [-112.1735, 33.3303], [-112.1744, 33.3303], [-112.2154, 33.3699], [-112.2201, 33.3698], [-112.2201, 33.3746], [-112.2284, 33.3824], [-112.2284, 33.3846], [-112.2274, 33.3846], [-112.2274, 33.3882], [-112.2263, 33.3882], [-112.2263, 33.3862], [-112.2198, 33.3864], [-112.2198, 33.3871], [-112.2152, 33.3893], [-112.2152, 33.3917], [-112.2114, 33.3917], [-112.2113, 33.3893], [-112.2075, 33.3893], [-112.2075, 33.3918], [-112.2029, 33.3918], [-112.2026, 33.3775], [-112.2068, 33.3775], [-112.2068, 33.3802], [-112.2111, 33.3802], [-112.2111, 33.3772], [-112.1896, 33.3773], [-112.1897, 33.381], [-112.1911, 33.381], [-112.1912, 33.3847], [-112.194, 33.3841], [-112.1941, 33.3918], [-112.1855, 33.3918], [-112.1857, 33.3959]]]}, "properties": {"CityName": "UNINCORPORATED MARICOPA COUNTY"}}, {"type": "Feature", "geometry": {"type": "Polygon", "coordinates": [[[-112.5907, 33.4126], [-112.5907, 33.4127], [-112.5907, 33.4126], [-112.5907, 33.4126]]]}, "properties": {"CityName": "UNINCORPORATED MARICOPA COUNTY"}}, {"type": "Feature", "geometry": {"type": "Polygon", "coordinates": [[[-112.4616, 33.4102], [-112.4616, 33.4139], [-112.4616, 33.4065], [-112.4616, 33.4102]]]}, "properties": {"CityName": "UNINCORPORATED MARICOPA COUNTY"}}, {"type": "Feature", "geometry": {"type": "Polygon", "coordinates": [[[-112.6169, 33.413], [-112.6186, 33.4128], [-112.6254, 33.4101], [-112.6246, 33.4069], [-112.6206, 33.4066], [-112.6208, 33.4083], [-112.622, 33.4113], [-112.6216, 33.4114], [-112.6201, 33.4064], [-112.6168, 33.4064], [-112.6169, 33.413]]]}, "properties": {"CityName": "UNINCORPORATED MARICOPA COUNTY"}}, {"type": "Feature", "geometry": {"type": "Polygon", "coordinates": [[[-111.6761, 33.4142], [-111.6761, 33.4152], [-111.6762, 33.4152], [-111.6761, 33.4142]]]}, "properties": {"CityName": "UNINCORPORATED MARICOPA COUNTY"}}, {"type": "Feature", "geometry": {"type": "Polygon", "coordinates": [[[-112.6117, 33.4137], [-112.6168, 33.413], [-112.6125, 33.4136], [-112.6082, 33.413], [-112.6082, 33.4065], [-112.6081, 33.413], [-112.6021, 33.4122], [-112.591, 33.4126], [-112.6021, 33.4124], [-112.6117, 33.4137]]]}, "properties": {"CityName": "UNINCORPORATED MARICOPA COUNTY"}}, {"type": "Feature", "geometry": {"type": "Polygon", "coordinates": [[[-112.2039, 33.4143], [-112.2039, 33.4156], [-112.2126, 33.4156], [-112.2127, 33.4121], [-112.2077, 33.412], [-112.2077, 33.4125], [-112.2042, 33.4125], [-112.2043, 33.4082], [-112.2038, 33.4083], [-112.204, 33.4096], [-112.2028, 33.4096], [-112.2028, 33.4083], [-112.1955, 33.4082], [-112.1954, 33.4129], [-112.202, 33.413], [-112.2021, 33.4117], [-112.2039, 33.4117], [-112.2039, 33.4131], [-112.2028, 33.413], [-112.2028, 33.4143], [-112.2039, 33.4143]]]}, "properties": {"CityName": "UNINCORPORATED MARICOPA COUNTY"}}, {"type": "Feature", "geometry": {"type": "Polygon", "coordinates": [[[-112.5265, 33.4142], [-112.5265, 33.415], [-112.5276, 33.415], [-112.5276, 33.4142], [-112.5265, 33.4142]]]}, "properties": {"CityName": "UNINCORPORATED MARICOPA COUNTY"}}, {"type": "Feature", "geometry": {"type": "Polygon", "coordinates": [[[-112.5235, 33.4142], [-112.5232, 33.415], [-112.5243, 33.415], [-112.5243, 33.4142], [-112.5235, 33.4142]]]}, "properties": {"CityName": "UNINCORPORATED MARICOPA COUNTY"}}, {"type": "Feature", "geometry": {"type": "Polygon", "coordinates": [[[-111.5836, 33.416], [-111.5836, 33.4164], [-111.5849, 33.4164], [-111.5849, 33.416], [-111.5836, 33.416]]]}, "properties": {"CityName": "UNINCORPORATED MARICOPA COUNTY"}}, {"type": "Feature", "geometry": {"type": "Polygon", "coordinates": [[[-112.4782, 33.4153], [-112.4786, 33.4157], [-112.4786, 33.4139], [-112.4782, 33.4139], [-112.4782, 33.4153]]]}, "properties": {"CityName": "UNINCORPORATED MARICOPA COUNTY"}}, {"type": "Feature", "geometry": {"type": "Polygon", "coordinates": [[[-111.676, 33.4156], [-111.6761, 33.417], [-111.6761, 33.4156], [-111.676, 33.4156]]]}, "properties": {"CityName": "UNINCORPORATED MARICOPA COUNTY"}}, {"type": "Feature", "geometry": {"type": "Polygon", "coordinates": [[[-111.5807, 33.4168], [-111.5816, 33.4169], [-111.5816, 33.4164], [-111.5808, 33.4164], [-111.5808, 33.3789], [-111.5843, 33.379], [-111.584, 33.3499], [-111.5841, 33.3788], [-111.5807, 33.3788], [-111.5807, 33.4168]]]}, "properties": {"CityName": "UNINCORPORATED MARICOPA COUNTY"}}, {"type": "Feature", "geometry": {"type": "Polygon", "coordinates": [[[-112.5564, 33.4151], [-112.5565, 33.4164], [-112.5713, 33.4132], [-112.5907, 33.4124], [-112.5715, 33.4129], [-112.5628, 33.4147], [-112.5628, 33.4138], [-112.5564, 33.4138], [-112.5564, 33.4151]]]}, "properties": {"CityName": "UNINCORPORATED MARICOPA COUNTY"}}, {"type": "Feature", "geometry": {"type": "Polygon", "coordinates": [[[-112.4408, 33.4142], [-112.4406, 33.4161], [-112.4413, 33.4161], [-112.4413, 33.4175], [-112.444, 33.4175], [-112.444, 33.4138], [-112.4409, 33.4138], [-112.4408, 33.4142]]]}, "properties": {"CityName": "UNINCORPORATED MARICOPA COUNTY"}}, {"type": "Feature", "geometry": {"type": "Polygon", "coordinates": [[[-111.9091, 33.4184], [-111.909, 33.419], [-111.9091, 33.419], [-111.9091, 33.4184]]]}, "properties": {"CityName": "UNINCORPORATED MARICOPA COUNTY"}}, {"type": "Feature", "geometry": {"type": "Polygon", "coordinates": [[[-112.5392, 33.4188], [-112.5477, 33.417], [-112.5477, 33.4175], [-112.5511, 33.4175], [-112.5511, 33.4167], [-112.5543, 33.4166], [-112.5543, 33.4174], [-112.5561, 33.4174], [-112.5562, 33.4138], [-112.5553, 33.4139], [-112.5552, 33.4162], [-112.5482, 33.4166], [-112.5392, 33.4188]]]}, "properties": {"CityName": "UNINCORPORATED MARICOPA COUNTY"}}, {"type": "Feature", "geometry": {"type": "Polygon", "coordinates": [[[-112.3014, 33.417], [-112.2902, 33.4173], [-112.2903, 33.4186], [-112.2897, 33.4186], [-112.2898, 33.4208], [-112.3061, 33.4205], [-112.306, 33.4169], [-112.3014, 33.417]]]}, "properties": {"CityName": "UNINCORPORATED MARICOPA COUNTY"}}, {"type": "Feature", "geometry": {"type": "Polygon", "coordinates": [[[-112.3576, 33.4207], [-112.3574, 33.392], [-112.3662, 33.392], [-112.3662, 33.3775], [-112.3666, 33.3775], [-112.3666, 33.3756], [-112.3449, 33.3757], [-112.3449, 33.3775], [-112.3228, 33.3773], [-112.3612, 33.3775], [-112.3612, 33.3919], [-112.3573, 33.3919], [-112.3576, 33.4207]]]}, "properties": {"CityName": "UNINCORPORATED MARICOPA COUNTY"}}, {"type": "Feature", "geometry": {"type": "Polygon", "coordinates": [[[-112.2978, 33.4207], [-112.2897, 33.421], [-112.3024, 33.4207], [-112.2978, 33.4207]]]}, "properties": {"CityName": "UNINCORPORATED MARICOPA COUNTY"}}, {"type": "Feature", "geometry": {"type": "Polygon", "coordinates": [[[-112.3404, 33.4209], [-112.3426, 33.4207], [-112.3257, 33.4205], [-112.3404, 33.4209]]]}, "properties": {"CityName": "UNINCORPORATED MARICOPA COUNTY"}}, {"type": "Feature", "geometry": {"type": "Polygon", "coordinates": [[[-112.444, 33.421], [-112.4442, 33.421], [-112.444, 33.421], [-112.444, 33.421]]]}, "properties": {"CityName": "UNINCORPORATED MARICOPA COUNTY"}}, {"type": "Feature", "geometry": {"type": "Polygon", "coordinates": [[[-111.8813, 33.3858], [-111.8808, 33.3858], [-111.8796, 33.3876], [-111.8799, 33.3932], [-111.886, 33.4024], [-111.8886, 33.4088], [-111.8887, 33.41], [-111.8875, 33.4119], [-111.8819, 33.4173], [-111.8783, 33.4201], [-111.877, 33.4222], [-111.8774, 33.4222], [-111.8786, 33.4202], [-111.8826, 33.4171], [-111.8878, 33.412], [-111.889, 33.4102], [-111.889, 33.4087], [-111.8864, 33.4022], [-111.8802, 33.3931], [-111.8799, 33.388], [-111.8813, 33.3858]]]}, "properties": {"CityName": "UNINCORPORATED MARICOPA COUNTY"}}, {"type": "Feature", "geometry": {"type": "Polygon", "coordinates": [[[-112.4616, 33.4193], [-112.4616, 33.421], [-112.4616, 33.4175], [-112.4616, 33.4193]]]}, "properties": {"CityName": "UNINCORPORATED MARICOPA COUNTY"}}, {"type": "Feature", "geometry": {"type": "Polygon", "coordinates": [[[-112.4616, 33.4193], [-112.4616, 33.421], [-112.4701, 33.421], [-112.4701, 33.4175], [-112.4616, 33.4175], [-112.4616, 33.4193]]]}, "properties": {"CityName": "UNINCORPORATED MARICOPA COUNTY"}}, {"type": "Feature", "geometry": {"type": "Polygon", "coordinates": [[[-112.5392, 33.4212], [-112.5415, 33.4212], [-112.5392, 33.4205], [-112.5392, 33.4212]]]}, "properties": {"CityName": "UNINCORPORATED MARICOPA COUNTY"}}, {"type": "Feature", "geometry": {"type": "Polygon", "coordinates": [[[-112.6271, 33.4209], [-112.6297, 33.4209], [-112.6296, 33.4166], [-112.627, 33.4174], [-112.6271, 33.4209]]]}, "properties": {"CityName": "UNINCORPORATED MARICOPA COUNTY"}}, {"type": "Feature", "geometry": {"type": "Polygon", "coordinates": [[[-112.2108, 33.4228], [-112.2125, 33.4228], [-112.2125, 33.4193], [-112.2041, 33.4197], [-112.2043, 33.4227], [-112.2108, 33.4228]]]}, "properties": {"CityName": "UNINCORPORATED MARICOPA COUNTY"}}, {"type": "Feature", "geometry": {"type": "Polygon", "coordinates": [[[-112.6271, 33.4209], [-112.6254, 33.4212], [-112.6269, 33.4212], [-112.6271, 33.4209]]]}, "properties": {"CityName": "UNINCORPORATED MARICOPA COUNTY"}}, {"type": "Feature", "geometry": {"type": "Polygon", "coordinates": [[[-112.3765, 33.4138], [-112.3622, 33.4221], [-112.3622, 33.4236], [-112.3625, 33.4229], [-112.3836, 33.4109], [-112.392, 33.4095], [-112.392, 33.4087], [-112.3844, 33.4096], [-112.3765, 33.4138]]]}, "properties": {"CityName": "UNINCORPORATED MARICOPA COUNTY"}}, {"type": "Feature", "geometry": {"type": "Polygon", "coordinates": [[[-112.3405, 33.4237], [-112.3408, 33.4232], [-112.3404, 33.421], [-112.3405, 33.4237]]]}, "properties": {"CityName": "UNINCORPORATED MARICOPA COUNTY"}}, {"type": "Feature", "geometry": {"type": "Polygon", "coordinates": [[[-112.5893, 33.4245], [-112.5897, 33.4245], [-112.5898, 33.4236], [-112.5893, 33.4236], [-112.5893, 33.4245]]]}, "properties": {"CityName": "UNINCORPORATED MARICOPA COUNTY"}}, {"type": "Feature", "geometry": {"type": "Polygon", "coordinates": [[[-112.5735, 33.4215], [-112.5735, 33.4246], [-112.5736, 33.4246], [-112.5735, 33.4215]]]}, "properties": {"CityName": "UNINCORPORATED MARICOPA COUNTY"}}, {"type": "Feature", "geometry": {"type": "Polygon", "coordinates": [[[-112.6343, 33.4247], [-112.6386, 33.4247], [-112.6386, 33.4229], [-112.6365, 33.4229], [-112.6365, 33.4212], [-112.6386, 33.4212], [-112.6386, 33.4174], [-112.6343, 33.4174], [-112.6343, 33.4212], [-112.6363, 33.4212], [-112.6363, 33.4229], [-112.6343, 33.4229], [-112.6343, 33.4247]]]}, "properties": {"CityName": "UNINCORPORATED MARICOPA COUNTY"}}, {"type": "Feature", "geometry": {"type": "Polygon", "coordinates": [[[-112.3408, 33.4281], [-112.3431, 33.4281], [-112.3408, 33.428], [-112.3408, 33.4281]]]}, "properties": {"CityName": "UNINCORPORATED MARICOPA COUNTY"}}, {"type": "Feature", "geometry": {"type": "Polygon", "coordinates": [[[-112.4096, 33.4248], [-112.4138, 33.4247], [-112.4138, 33.4284], [-112.4181, 33.4284], [-112.4181, 33.4213], [-112.4265, 33.421], [-112.4225, 33.421], [-112.4225, 33.4138], [-112.4095, 33.4139], [-112.4096, 33.4248]]]}, "properties": {"CityName": "UNINCORPORATED MARICOPA COUNTY"}}, {"type": "Feature", "geometry": {"type": "Polygon", "coordinates": [[[-112.4528, 33.4284], [-112.4613, 33.4284], [-112.4613, 33.4212], [-112.4528, 33.4212], [-112.4528, 33.4284]]]}, "properties": {"CityName": "UNINCORPORATED MARICOPA COUNTY"}}, {"type": "Feature", "geometry": {"type": "Polygon", "coordinates": [[[-112.5829, 33.4281], [-112.5888, 33.428], [-112.5888, 33.4264], [-112.5893, 33.4264], [-112.5893, 33.4272], [-112.5898, 33.4272], [-112.5898, 33.4264], [-112.5907, 33.4262], [-112.5888, 33.4262], [-112.5887, 33.4239], [-112.5877, 33.4237], [-112.583, 33.4254], [-112.5835, 33.4261], [-112.5824, 33.4262], [-112.5828, 33.4264], [-112.5829, 33.4272], [-112.5824, 33.4272], [-112.5824, 33.4281], [-112.5829, 33.4281]], [[-112.5853, 33.4263], [-112.5851, 33.4256], [-112.5856, 33.4255], [-112.5859, 33.4262], [-112.5853, 33.4263]]]}, "properties": {"CityName": "UNINCORPORATED MARICOPA COUNTY"}}, {"type": "Feature", "geometry": {"type": "Polygon", "coordinates": [[[-112.5392, 33.4285], [-112.5561, 33.4284], [-112.5561, 33.4274], [-112.5549, 33.4273], [-112.5552, 33.4265], [-112.5561, 33.4267], [-112.5561, 33.4213], [-112.5393, 33.4214], [-112.5392, 33.4233], [-112.5401, 33.4234], [-112.5401, 33.4238], [-112.5392, 33.4238], [-112.5392, 33.4285]], [[-112.5488, 33.4283], [-112.5483, 33.4283], [-112.5481, 33.4267], [-112.5488, 33.4267], [-112.5488, 33.4283]], [[-112.5495, 33.4256], [-112.5499, 33.4258], [-112.5496, 33.4265], [-112.5491, 33.4265], [-112.5495, 33.4256]], [[-112.5432, 33.4265], [-112.5427, 33.4265], [-112.5427, 33.4257], [-112.5431, 33.4257], [-112.5432, 33.4265]], [[-112.5446, 33.4258], [-112.5441, 33.4257], [-112.5444, 33.4251], [-112.545, 33.4253], [-112.5446, 33.4258]], [[-112.5479, 33.4253], [-112.549, 33.4255], [-112.548, 33.4259], [-112.5479, 33.4253]]]}, "properties": {"CityName": "UNINCORPORATED MARICOPA COUNTY"}}, {"type": "Feature", "geometry": {"type": "Polygon", "coordinates": [[[-112.5855, 33.4291], [-112.5866, 33.4291], [-112.5866, 33.4282], [-112.5855, 33.4282], [-112.5855, 33.4291]]]}, "properties": {"CityName": "UNINCORPORATED MARICOPA COUNTY"}}, {"type": "Feature", "geometry": {"type": "Polygon", "coordinates": [[[-112.6316, 33.4283], [-112.6429, 33.4305], [-112.6429, 33.4283], [-112.6313, 33.4283], [-112.6316, 33.4283]]]}, "properties": {"CityName": "UNINCORPORATED MARICOPA COUNTY"}}, {"type": "Feature", "geometry": {"type": "Polygon", "coordinates": [[[-111.6929, 33.4329], [-111.6958, 33.4323], [-111.6974, 33.4328], [-111.7015, 33.4325], [-111.7015, 33.4301], [-111.7188, 33.4301], [-111.7189, 33.4192], [-111.7159, 33.4192], [-111.7152, 33.4174], [-111.7116, 33.4175], [-111.7116, 33.4179], [-111.7106, 33.4179], [-111.7104, 33.4175], [-111.7104, 33.418], [-111.7063, 33.418], [-111.7063, 33.4163], [-111.7019, 33.4183], [-111.7019, 33.4175], [-111.6955, 33.4179], [-111.6955, 33.4164], [-111.6909, 33.4165], [-111.6909, 33.4169], [-111.6899, 33.4169], [-111.6899, 33.4175], [-111.6909, 33.4175], [-111.6909, 33.4185], [-111.6888, 33.4185], [-111.6888, 33.4228], [-111.6874, 33.4228], [-111.6872, 33.4168], [-111.6847, 33.4168], [-111.6847, 33.418], [-111.6855, 33.4179], [-111.6853, 33.4192], [-111.6847, 33.4194], [-111.6847, 33.4202], [-111.685, 33.4202], [-111.6846, 33.4231], [-111.6872, 33.4231], [-111.6872, 33.4241], [-111.6872, 33.4265], [-111.6853, 33.4265], [-111.6852, 33.4283], [-111.6846, 33.4283], [-111.6846, 33.4287], [-111.6856, 33.4287], [-111.6856, 33.43], [-111.6877, 33.4303], [-111.6846, 33.4303], [-111.6846, 33.4319], [-111.693, 33.4319], [-111.6929, 33.4329]], [[-111.6909, 33.4228], [-111.6899, 33.4228], [-111.6899, 33.422], [-111.6909, 33.422], [-111.6909, 33.4228]], [[-111.7071, 33.4193], [-111.7071, 33.4183], [-111.7104, 33.4182], [-111.7099, 33.4186], [-111.7098, 33.4219], [-111.7103, 33.4219], [-111.7103, 33.4223], [-111.7071, 33.4223], [-111.7071, 33.4193]]]}, "properties": {"CityName": "UNINCORPORATED MARICOPA COUNTY"}}, {"type": "Feature", "geometry": {"type": "Polygon", "coordinates": [[[-112.5735, 33.43], [-112.5735, 33.4318], [-112.5736, 33.4318], [-112.5735, 33.43]]]}, "properties": {"CityName": "UNINCORPORATED MARICOPA COUNTY"}}, {"type": "Feature", "geometry": {"type": "Polygon", "coordinates": [[[-112.3409, 33.4341], [-112.3409, 33.4353], [-112.341, 33.4353], [-112.3409, 33.4341]]]}, "properties": {"CityName": "UNINCORPORATED MARICOPA COUNTY"}}, {"type": "Feature", "geometry": {"type": "Polygon", "coordinates": [[[-112.3621, 33.4293], [-112.3583, 33.4294], [-112.3584, 33.4352], [-112.3625, 33.4353], [-112.3621, 33.4293]]]}, "properties": {"CityName": "UNINCORPORATED MARICOPA COUNTY"}}, {"type": "Feature", "geometry": {"type": "Polygon", "coordinates": [[[-112.3924, 33.4354], [-112.3924, 33.4354], [-112.3926, 33.4354], [-112.3924, 33.4354]]]}, "properties": {"CityName": "UNINCORPORATED MARICOPA COUNTY"}}, {"type": "Feature", "geometry": {"type": "Polygon", "coordinates": [[[-112.3067, 33.4358], [-112.3151, 33.4358], [-112.3151, 33.4354], [-112.3074, 33.4354], [-112.3067, 33.4358]]]}, "properties": {"CityName": "UNINCORPORATED MARICOPA COUNTY"}}, {"type": "Feature", "geometry": {"type": "Polygon", "coordinates": [[[-112.3254, 33.4351], [-112.3239, 33.4353], [-112.3239, 33.4358], [-112.3345, 33.4357], [-112.3345, 33.428], [-112.3323, 33.428], [-112.3324, 33.4345], [-112.3254, 33.4351]]]}, "properties": {"CityName": "UNINCORPORATED MARICOPA COUNTY"}}, {"type": "Feature", "geometry": {"type": "Polygon", "coordinates": [[[-111.9783, 33.4329], [-111.9785, 33.4365], [-111.9784, 33.4329], [-111.9783, 33.4329]]]}, "properties": {"CityName": "UNINCORPORATED MARICOPA COUNTY"}}, {"type": "Feature", "geometry": {"type": "Polygon", "coordinates": [[[-112.3152, 33.4358], [-112.3238, 33.436], [-112.3238, 33.4355], [-112.3152, 33.4354], [-112.3152, 33.4358]]]}, "properties": {"CityName": "UNINCORPORATED MARICOPA COUNTY"}}, {"type": "Feature", "geometry": {"type": "Polygon", "coordinates": [[[-112.4355, 33.4357], [-112.4439, 33.4358], [-112.444, 33.4283], [-112.4355, 33.4283], [-112.4355, 33.4329], [-112.4361, 33.4329], [-112.4361, 33.4356], [-112.4355, 33.4357]]]}, "properties": {"CityName": "UNINCORPORATED MARICOPA COUNTY"}}, {"type": "Feature", "geometry": {"type": "Polygon", "coordinates": [[[-112.2899, 33.4364], [-112.3061, 33.4364], [-112.3062, 33.4358], [-112.2898, 33.4356], [-112.2899, 33.4364]]]}, "properties": {"CityName": "UNINCORPORATED MARICOPA COUNTY"}}, {"type": "Feature", "geometry": {"type": "Polygon", "coordinates": [[[-112.1739, 33.4298], [-112.1779, 33.4299], [-112.1779, 33.4367], [-112.1867, 33.4368], [-112.1866, 33.4298], [-112.1694, 33.4295], [-112.1739, 33.4298]]]}, "properties": {"CityName": "UNINCORPORATED MARICOPA COUNTY"}}, {"type": "Feature", "geometry": {"type": "Polygon", "coordinates": [[[-112.5835, 33.4355], [-112.5858, 33.4346], [-112.5865, 33.4336], [-112.5844, 33.4336], [-112.5844, 33.4351], [-112.5817, 33.4353], [-112.5835, 33.4355]]]}, "properties": {"CityName": "UNINCORPORATED MARICOPA COUNTY"}}, {"type": "Feature", "geometry": {"type": "Polygon", "coordinates": [[[-111.6155, 33.4367], [-111.6155, 33.437], [-111.6241, 33.437], [-111.6241, 33.4297], [-111.6328, 33.4297], [-111.6328, 33.4324], [-111.637, 33.4324], [-111.637, 33.4313], [-111.636, 33.4313], [-111.636, 33.4309], [-111.637, 33.4309], [-111.637, 33.4242], [-111.6349, 33.4242], [-111.635, 33.4259], [-111.6337, 33.4259], [-111.6328, 33.4254], [-111.6328, 33.4242], [-111.6315, 33.4242], [-111.631, 33.4211], [-111.6328, 33.4212], [-111.6329, 33.4187], [-111.6283, 33.4186], [-111.6284, 33.4155], [-111.6329, 33.4155], [-111.6329, 33.417], [-111.6369, 33.417], [-111.637, 33.4222], [-111.6588, 33.4223], [-111.6588, 33.4156], [-111.6631, 33.4156], [-111.6631, 33.4178], [-111.6652, 33.4178], [-111.6652, 33.4187], [-111.6672, 33.4187], [-111.6673, 33.4151], [-111.6605, 33.415], [-111.6605, 33.408], [-111.6536, 33.408], [-111.6536, 33.4084], [-111.653, 33.4084], [-111.653, 33.408], [-111.65, 33.408], [-111.65, 33.411], [-111.6488, 33.411], [-111.6488, 33.4081], [-111.6414, 33.408], [-111.6414, 33.4133], [-111.6408, 33.4133], [-111.6408, 33.415], [-111.6372, 33.415], [-111.6372, 33.4043], [-111.6499, 33.4043], [-111.65, 33.4005], [-111.6481, 33.4005], [-111.6481, 33.3987], [-111.6416, 33.3987], [-111.6416, 33.3932], [-111.633, 33.3932], [-111.633, 33.3861], [-111.6326, 33.3861], [-111.6326, 33.3943], [-111.634, 33.3943], [-111.634, 33.3961], [-111.6326, 33.3961], [-111.6326, 33.3969], [-111.6242, 33.3969], [-111.6242, 33.3932], [-111.6154, 33.3932], [-111.619, 33.3935], [-111.619, 33.3992], [-111.6239, 33.3992], [-111.6239, 33.4005], [-111.6196, 33.4005], [-111.6196, 33.4041], [-111.6156, 33.4041], [-111.6156, 33.4076], [-111.6069, 33.4076], [-111.6068, 33.4149], [-111.6079, 33.4149], [-111.6079, 33.4196], [-111.6088, 33.4196], [-111.6088, 33.4187], [-111.6117, 33.4187], [-111.6116, 33.4193], [-111.611, 33.4192], [-111.611, 33.4214], [-111.6123, 33.4214], [-111.6123, 33.4222], [-111.6155, 33.4222], [-111.6155, 33.426], [-111.6183, 33.4264], [-111.6169, 33.4283], [-111.6169, 33.4295], [-111.6155, 33.4295], [-111.6155, 33.4351], [-111.6175, 33.4351], [-111.6175, 33.4367], [-111.6155, 33.4367]], [[-111.6207, 33.4367], [-111.6198, 33.4367], [-111.6197, 33.4359], [-111.6207, 33.4359], [-111.6207, 33.4367]], [[-111.6218, 33.4358], [-111.6224, 33.4358], [-111.6223, 33.4367], [-111.6218, 33.4367], [-111.6218, 33.4358]], [[-111.6196, 33.4309], [-111.6186, 33.4309], [-111.6186, 33.4305], [-111.6196, 33.4305], [-111.6196, 33.4309]], [[-111.6186, 33.4155], [-111.6186, 33.4179], [-111.6162, 33.417], [-111.6175, 33.4168], [-111.6175, 33.4155], [-111.6186, 33.4155]], [[-111.6218, 33.415], [-111.6208, 33.415], [-111.6208, 33.4133], [-111.6219, 33.4133], [-111.6218, 33.415]], [[-111.6591, 33.4135], [-111.6589, 33.4131], [-111.6591, 33.4131], [-111.6591, 33.4135]], [[-111.6109, 33.4084], [-111.6092, 33.4084], [-111.6092, 33.4079], [-111.6109, 33.4079], [-111.6109, 33.4084]], [[-111.6127, 33.408], [-111.6152, 33.408], [-111.6152, 33.4084], [-111.6129, 33.4084], [-111.6127, 33.408]], [[-111.6397, 33.4005], [-111.6372, 33.4005], [-111.6371, 33.3993], [-111.6361, 33.3991], [-111.6357, 33.3985], [-111.6363, 33.3982], [-111.6361, 33.3971], [-111.6413, 33.3971], [-111.6397, 33.4005]], [[-111.6403, 33.3969], [-111.6387, 33.3969], [-111.6387, 33.3961], [-111.6403, 33.3961], [-111.6403, 33.3969]], [[-111.6408, 33.3961], [-111.6413, 33.3961], [-111.6413, 33.3969], [-111.6408, 33.3969], [-111.6408, 33.3961]], [[-111.6361, 33.3943], [-111.6345, 33.3943], [-111.6345, 33.3935], [-111.6361, 33.3935], [-111.6361, 33.3943]], [[-111.6392, 33.3935], [-111.6413, 33.3935], [-111.6413, 33.3943], [-111.6392, 33.3943], [-111.6392, 33.3935]]]}, "properties": {"CityName": "UNINCORPORATED MARICOPA COUNTY"}}, {"type": "Feature", "geometry": {"type": "Polygon", "coordinates": [[[-112.6772, 33.4352], [-112.6774, 33.421], [-112.6601, 33.421], [-112.6601, 33.4349], [-112.6772, 33.4352]]]}, "properties": {"CityName": "UNINCORPORATED MARICOPA COUNTY"}}, {"type": "Feature", "geometry": {"type": "Polygon", "coordinates": [[[-112.7056, 33.4336], [-112.7056, 33.4353], [-112.7122, 33.4355], [-112.7122, 33.4283], [-112.7034, 33.4281], [-112.7034, 33.4244], [-112.712, 33.4247], [-112.7121, 33.3993], [-112.7133, 33.3993], [-112.7133, 33.3977], [-112.7121, 33.3977], [-112.7121, 33.3966], [-112.7143, 33.3966], [-112.7143, 33.3954], [-112.7121, 33.3954], [-112.7121, 33.3939], [-112.7146, 33.3939], [-112.7146, 33.3945], [-112.7163, 33.3945], [-112.7163, 33.3922], [-112.7249, 33.3922], [-112.7249, 33.3957], [-112.7271, 33.3957], [-112.7271, 33.393], [-112.7292, 33.393], [-112.7293, 33.4003], [-112.7271, 33.4003], [-112.7271, 33.4066], [-112.7337, 33.4066], [-112.7336, 33.4012], [-112.7358, 33.4012], [-112.7358, 33.4003], [-112.738, 33.4002], [-112.738, 33.403], [-112.7423, 33.4029], [-112.7423, 33.4048], [-112.7434, 33.4048], [-112.7434, 33.4066], [-112.7466, 33.4066], [-112.7465, 33.3776], [-112.7358, 33.3636], [-112.7335, 33.3636], [-112.7335, 33.3647], [-112.7274, 33.3658], [-112.7274, 33.3631], [-112.7243, 33.3631], [-112.7183, 33.3643], [-112.7142, 33.3633], [-112.672, 33.3632], [-112.6681, 33.3641], [-112.6681, 33.3718], [-112.6597, 33.3727], [-112.66, 33.3658], [-112.6596, 33.3727], [-112.6273, 33.3759], [-112.6273, 33.3724], [-112.6278, 33.3711], [-112.6253, 33.3711], [-112.625, 33.3775], [-112.628, 33.3775], [-112.625, 33.3775], [-112.6253, 33.3711], [-112.624, 33.3712], [-112.6247, 33.3741], [-112.6246, 33.3759], [-112.6249, 33.3762], [-112.6135, 33.3773], [-112.5908, 33.3771], [-112.5907, 33.3781], [-112.6079, 33.3781], [-112.6079, 33.3776], [-112.608, 33.3779], [-112.6124, 33.3779], [-112.608, 33.3781], [-112.6081, 33.3812], [-112.6167, 33.3812], [-112.6167, 33.3776], [-112.6249, 33.3778], [-112.6252, 33.3884], [-112.6248, 33.3884], [-112.6251, 33.3887], [-112.6242, 33.392], [-112.6167, 33.3921], [-112.6297, 33.3922], [-112.6297, 33.3886], [-112.6274, 33.3885], [-112.6271, 33.378], [-112.6281, 33.378], [-112.628, 33.3764], [-112.6421, 33.375], [-112.642, 33.3775], [-112.6383, 33.3778], [-112.6425, 33.3778], [-112.6425, 33.384], [-112.6415, 33.384], [-112.6415, 33.3849], [-112.6425, 33.3849], [-112.6425, 33.3921], [-112.6383, 33.3923], [-112.6425, 33.3923], [-112.6426, 33.4048], [-112.6343, 33.4063], [-112.6311, 33.4076], [-112.6279, 33.4075], [-112.6278, 33.4065], [-112.6286, 33.4065], [-112.6255, 33.4064], [-112.6255, 33.4085], [-112.629, 33.4085], [-112.6343, 33.4065], [-112.6426, 33.405], [-112.6429, 33.4067], [-112.6429, 33.405], [-112.6476, 33.4046], [-112.6629, 33.4066], [-112.6771, 33.4098], [-112.6771, 33.4136], [-112.6946, 33.4134], [-112.6948, 33.435], [-112.7036, 33.4352], [-112.7036, 33.4335], [-112.7056, 33.4336]], [[-112.6771, 33.4095], [-112.6627, 33.4062], [-112.6476, 33.4044], [-112.6429, 33.4047], [-112.6428, 33.3994], [-112.6638, 33.3994], [-112.6638, 33.3958], [-112.662, 33.3958], [-112.662, 33.3949], [-112.66, 33.3949], [-112.66, 33.3922], [-112.6686, 33.3922], [-112.6686, 33.3993], [-112.6772, 33.3993], [-112.6771, 33.4095]], [[-112.712, 33.3921], [-112.712, 33.3993], [-112.7033, 33.3992], [-112.7033, 33.3956], [-112.6947, 33.3955], [-112.6946, 33.392], [-112.6989, 33.3919], [-112.6989, 33.3884], [-112.6947, 33.3884], [-112.6947, 33.3778], [-112.7075, 33.3777], [-112.7076, 33.3921], [-112.712, 33.3921], [-112.7119, 33.3777], [-112.7227, 33.3778], [-112.7229, 33.3849], [-112.7292, 33.3849], [-112.7292, 33.392], [-112.7249, 33.392], [-112.7249, 33.3885], [-112.7163, 33.3885], [-112.7163, 33.3921], [-112.712, 33.3921]], [[-112.6513, 33.3921], [-112.6427, 33.3921], [-112.6428, 33.3777], [-112.6557, 33.3777], [-112.6556, 33.3849], [-112.6513, 33.3849], [-112.6513, 33.3921]], [[-112.6686, 33.3775], [-112.6422, 33.3775], [-112.6423, 33.375], [-112.6755, 33.3716], [-112.6755, 33.3728], [-112.6768, 33.3728], [-112.6767, 33.3776], [-112.6686, 33.3775]], [[-112.6682, 33.3718], [-112.6683, 33.3703], [-112.6759, 33.3703], [-112.6759, 33.371], [-112.6682, 33.3718]], [[-112.6967, 33.3703], [-112.6943, 33.3703], [-112.6943, 33.3697], [-112.6986, 33.3693], [-112.6986, 33.3703], [-112.6967, 33.3703]], [[-112.7088, 33.3683], [-112.7118, 33.368], [-112.7118, 33.3713], [-112.7073, 33.3713], [-112.7073, 33.3704], [-112.7088, 33.3704], [-112.7088, 33.3683]], [[-112.7173, 33.3708], [-112.7158, 33.3675], [-112.7193, 33.3672], [-112.7205, 33.3704], [-112.7205, 33.3774], [-112.7185, 33.3774], [-112.7185, 33.3757], [-112.7174, 33.3757], [-112.7173, 33.3708]], [[-112.6772, 33.3777], [-112.6772, 33.3885], [-112.6601, 33.3885], [-112.6601, 33.3777], [-112.6772, 33.3777]], [[-112.6942, 33.3776], [-112.6942, 33.374], [-112.7027, 33.374], [-112.7027, 33.3758], [-112.7005, 33.3758], [-112.7016, 33.3775], [-112.6942, 33.3776]], [[-112.6854, 33.3775], [-112.6811, 33.3775], [-112.6812, 33.3731], [-112.6769, 33.3731], [-112.6769, 33.3715], [-112.6856, 33.3706], [-112.6854, 33.3775]], [[-112.6942, 33.3739], [-112.6943, 33.3704], [-112.7027, 33.3704], [-112.7027, 33.3739], [-112.6942, 33.3739]], [[-112.7119, 33.3741], [-112.7142, 33.3741], [-112.7142, 33.3774], [-112.7119, 33.3774], [-112.7119, 33.3741]], [[-112.704, 33.3758], [-112.704, 33.3775], [-112.7028, 33.3775], [-112.7028, 33.3758], [-112.704, 33.3758]]]}, "properties": {"CityName": "UNINCORPORATED MARICOPA COUNTY"}}, {"type": "Feature", "geometry": {"type": "Polygon", "coordinates": [[[-112.7208, 33.4356], [-112.7235, 33.4356], [-112.7208, 33.4355], [-112.7208, 33.4356]]]}, "properties": {"CityName": "UNINCORPORATED MARICOPA COUNTY"}}, {"type": "Feature", "geometry": {"type": "Polygon", "coordinates": [[[-112.2213, 33.4374], [-112.2214, 33.4379], [-112.2214, 33.4374], [-112.2213, 33.4374]]]}, "properties": {"CityName": "UNINCORPORATED MARICOPA COUNTY"}}, {"type": "Feature", "geometry": {"type": "Polygon", "coordinates": [[[-112.6773, 33.4359], [-112.6773, 33.4359], [-112.6773, 33.4356], [-112.6773, 33.4359]]]}, "properties": {"CityName": "UNINCORPORATED MARICOPA COUNTY"}}, {"type": "Feature", "geometry": {"type": "Polygon", "coordinates": [[[-111.9193, 33.4404], [-111.9258, 33.4402], [-111.9258, 33.4396], [-111.9262, 33.4396], [-111.926, 33.4361], [-111.9228, 33.4365], [-111.9228, 33.4356], [-111.9222, 33.4356], [-111.9222, 33.4367], [-111.9205, 33.4367], [-111.9206, 33.4388], [-111.9195, 33.4392], [-111.9193, 33.4404]]]}, "properties": {"CityName": "UNINCORPORATED MARICOPA COUNTY"}}, {"type": "Feature", "geometry": {"type": "Polygon", "coordinates": [[[-112.4571, 33.4365], [-112.4571, 33.4373], [-112.4576, 33.4373], [-112.4576, 33.4393], [-112.4613, 33.4393], [-112.4613, 33.4358], [-112.4571, 33.4358], [-112.4571, 33.4365]]]}, "properties": {"CityName": "UNINCORPORATED MARICOPA COUNTY"}}, {"type": "Feature", "geometry": {"type": "Polygon", "coordinates": [[[-111.6328, 33.4406], [-111.6391, 33.4406], [-111.6391, 33.4387], [-111.637, 33.4387], [-111.637, 33.4382], [-111.6328, 33.4382], [-111.6328, 33.4406]], [[-111.6366, 33.4393], [-111.6363, 33.4393], [-111.6364, 33.4391], [-111.6366, 33.4393]]]}, "properties": {"CityName": "UNINCORPORATED MARICOPA COUNTY"}}, {"type": "Feature", "geometry": {"type": "Polygon", "coordinates": [[[-112.2636, 33.436], [-112.2638, 33.4429], [-112.2638, 33.436], [-112.2636, 33.436]]]}, "properties": {"CityName": "UNINCORPORATED MARICOPA COUNTY"}}, {"type": "Feature", "geometry": {"type": "Polygon", "coordinates": [[[-112.2726, 33.4431], [-112.2779, 33.443], [-112.2801, 33.4424], [-112.2824, 33.4407], [-112.2846, 33.437], [-112.2819, 33.4408], [-112.2801, 33.4421], [-112.2779, 33.4428], [-112.2726, 33.4431]]]}, "properties": {"CityName": "UNINCORPORATED MARICOPA COUNTY"}}, {"type": "Feature", "geometry": {"type": "Polygon", "coordinates": [[[-112.2638, 33.4438], [-112.2723, 33.4437], [-112.2638, 33.4435], [-112.2638, 33.4438]]]}, "properties": {"CityName": "UNINCORPORATED MARICOPA COUNTY"}}, {"type": "Feature", "geometry": {"type": "Polygon", "coordinates": [[[-112.496, 33.4431], [-112.496, 33.4429], [-112.496, 33.4429], [-112.496, 33.4431]]]}, "properties": {"CityName": "UNINCORPORATED MARICOPA COUNTY"}}, {"type": "Feature", "geometry": {"type": "Polygon", "coordinates": [[[-111.8532, 33.4441], [-111.8526, 33.4441], [-111.8526, 33.4447], [-111.8532, 33.4447], [-111.8532, 33.4441]]]}, "properties": {"CityName": "UNINCORPORATED MARICOPA COUNTY"}}, {"type": "Feature", "geometry": {"type": "Polygon", "coordinates": [[[-112.5606, 33.4427], [-112.5566, 33.4436], [-112.5566, 33.4442], [-112.5632, 33.4421], [-112.5606, 33.4427]]]}, "properties": {"CityName": "UNINCORPORATED MARICOPA COUNTY"}}, {"type": "Feature", "geometry": {"type": "Polygon", "coordinates": [[[-112.3324, 33.436], [-112.3302, 33.436], [-112.3303, 33.439], [-112.3308, 33.439], [-112.3308, 33.446], [-112.3325, 33.446], [-112.3324, 33.436]]]}, "properties": {"CityName": "UNINCORPORATED MARICOPA COUNTY"}}, {"type": "Feature", "geometry": {"type": "Polygon", "coordinates": [[[-112.5911, 33.4427], [-112.5912, 33.445], [-112.592, 33.4427], [-112.5911, 33.4427]]]}, "properties": {"CityName": "UNINCORPORATED MARICOPA COUNTY"}}, {"type": "Feature", "geometry": {"type": "Polygon", "coordinates": [[[-112.4616, 33.4429], [-112.4617, 33.4464], [-112.4875, 33.4373], [-112.4875, 33.4284], [-112.4961, 33.4285], [-112.4961, 33.4334], [-112.4907, 33.4356], [-112.4961, 33.4337], [-112.4961, 33.4355], [-112.5005, 33.4355], [-112.5005, 33.4318], [-112.5039, 33.4297], [-112.5096, 33.428], [-112.5176, 33.4243], [-112.5244, 33.4227], [-112.5278, 33.4215], [-112.5389, 33.4214], [-112.5389, 33.4188], [-112.5304, 33.4203], [-112.5303, 33.4174], [-112.5218, 33.4177], [-112.5217, 33.4141], [-112.5231, 33.4141], [-112.5231, 33.4105], [-112.5216, 33.4105], [-112.5215, 33.4068], [-112.5365, 33.4068], [-112.5365, 33.4074], [-112.5389, 33.4074], [-112.5389, 33.4066], [-112.5216, 33.4067], [-112.5216, 33.3924], [-112.53, 33.3924], [-112.5302, 33.3996], [-112.5388, 33.3997], [-112.5346, 33.3995], [-112.5345, 33.3959], [-112.5386, 33.396], [-112.5384, 33.3922], [-112.5214, 33.3922], [-112.5214, 33.4067], [-112.4789, 33.4065], [-112.4789, 33.398], [-112.4713, 33.3988], [-112.4615, 33.3976], [-112.4615, 33.4029], [-112.4701, 33.4029], [-112.4701, 33.4065], [-112.4616, 33.4067], [-112.4766, 33.4067], [-112.4766, 33.4084], [-112.4787, 33.4084], [-112.4787, 33.4211], [-112.4616, 33.421], [-112.4787, 33.4212], [-112.4787, 33.4248], [-112.4616, 33.4247], [-112.4616, 33.4429]], [[-112.5044, 33.4284], [-112.5043, 33.4213], [-112.513, 33.4214], [-112.5129, 33.4261], [-112.5071, 33.4284], [-112.5044, 33.4284]], [[-112.4787, 33.4267], [-112.4787, 33.4283], [-112.4771, 33.4283], [-112.4771, 33.4267], [-112.4787, 33.4267]], [[-112.5314, 33.4212], [-112.5314, 33.4204], [-112.5311, 33.4204], [-112.5336, 33.42], [-112.5336, 33.4212], [-112.5314, 33.4212]], [[-112.513, 33.4212], [-112.5043, 33.4211], [-112.5043, 33.4139], [-112.5129, 33.414], [-112.513, 33.4212]], [[-112.5035, 33.4147], [-112.5041, 33.4147], [-112.5041, 33.4211], [-112.4962, 33.421], [-112.4962, 33.4146], [-112.5035, 33.4147]], [[-112.4935, 33.4152], [-112.494, 33.4152], [-112.494, 33.4157], [-112.4933, 33.4157], [-112.4935, 33.4152]], [[-112.496, 33.4138], [-112.4875, 33.4138], [-112.4875, 33.4102], [-112.4826, 33.4102], [-112.4826, 33.4067], [-112.4918, 33.4067], [-112.4918, 33.4102], [-112.496, 33.4102], [-112.496, 33.4138]]]}, "properties": {"CityName": "UNINCORPORATED MARICOPA COUNTY"}}, {"type": "Feature", "geometry": {"type": "Polygon", "coordinates": [[[-112.591, 33.4451], [-112.591, 33.4464], [-112.5925, 33.4464], [-112.5925, 33.4451], [-112.591, 33.4451]]]}, "properties": {"CityName": "UNINCORPORATED MARICOPA COUNTY"}}, {"type": "Feature", "geometry": {"type": "Polygon", "coordinates": [[[-112.5563, 33.443], [-112.5557, 33.4439], [-112.548, 33.447], [-112.5565, 33.4442], [-112.5563, 33.443]]]}, "properties": {"CityName": "UNINCORPORATED MARICOPA COUNTY"}}, {"type": "Feature", "geometry": {"type": "Polygon", "coordinates": [[[-111.6306, 33.4477], [-111.6301, 33.4495], [-111.6326, 33.4496], [-111.6326, 33.4442], [-111.6315, 33.4442], [-111.6315, 33.445], [-111.6305, 33.445], [-111.6305, 33.4442], [-111.6272, 33.4442], [-111.6272, 33.4477], [-111.6306, 33.4477]]]}, "properties": {"CityName": "UNINCORPORATED MARICOPA COUNTY"}}, {"type": "Feature", "geometry": {"type": "Polygon", "coordinates": [[[-112.2984, 33.4479], [-112.2984, 33.4496], [-112.3063, 33.4495], [-112.3063, 33.4461], [-112.3032, 33.4458], [-112.3013, 33.4468], [-112.3012, 33.4452], [-112.3006, 33.4447], [-112.2983, 33.4447], [-112.2984, 33.4479]]]}, "properties": {"CityName": "UNINCORPORATED MARICOPA COUNTY"}}, {"type": "Feature", "geometry": {"type": "Polygon", "coordinates": [[[-112.2897, 33.4427], [-112.2897, 33.4498], [-112.2897, 33.4146], [-112.289, 33.3865], [-112.2896, 33.4354], [-112.2551, 33.4357], [-112.2383, 33.4371], [-112.2229, 33.437], [-112.2383, 33.4373], [-112.2552, 33.4359], [-112.2848, 33.4356], [-112.2848, 33.4373], [-112.287, 33.4361], [-112.2896, 33.4358], [-112.2897, 33.4427]]]}, "properties": {"CityName": "UNINCORPORATED MARICOPA COUNTY"}}, {"type": "Feature", "geometry": {"type": "Polygon", "coordinates": [[[-112.7207, 33.4485], [-112.7208, 33.4483], [-112.7198, 33.4483], [-112.7207, 33.4485]]]}, "properties": {"CityName": "UNINCORPORATED MARICOPA COUNTY"}}, {"type": "Feature", "geometry": {"type": "Polygon", "coordinates": [[[-111.9352, 33.4511], [-111.9396, 33.4511], [-111.9396, 33.451], [-111.9352, 33.4511]]]}, "properties": {"CityName": "UNINCORPORATED MARICOPA COUNTY"}}, {"type": "Feature", "geometry": {"type": "Polygon", "coordinates": [[[-111.6155, 33.4351], [-111.6155, 33.4332], [-111.611, 33.4332], [-111.611, 33.4295], [-111.6155, 33.4295], [-111.6155, 33.4222], [-111.6079, 33.4222], [-111.6079, 33.4149], [-111.6068, 33.4149], [-111.6068, 33.4077], [-111.6067, 33.4149], [-111.5904, 33.4149], [-111.5904, 33.4115], [-111.5982, 33.4115], [-111.5982, 33.4076], [-111.6024, 33.4076], [-111.6024, 33.4051], [-111.6006, 33.4059], [-111.6002, 33.4046], [-111.6009, 33.4045], [-111.6008, 33.4039], [-111.5978, 33.4041], [-111.5978, 33.4077], [-111.5936, 33.4077], [-111.5936, 33.4043], [-111.5892, 33.4043], [-111.5892, 33.4007], [-111.5849, 33.4007], [-111.5849, 33.397], [-111.5809, 33.397], [-111.5808, 33.4164], [-111.5849, 33.416], [-111.5849, 33.4222], [-111.5809, 33.4222], [-111.5809, 33.4225], [-111.5892, 33.4225], [-111.5892, 33.426], [-111.5937, 33.426], [-111.5937, 33.4225], [-111.5978, 33.4225], [-111.5978, 33.4295], [-111.5892, 33.4295], [-111.5892, 33.4314], [-111.5882, 33.4314], [-111.5882, 33.4367], [-111.5839, 33.4367], [-111.5839, 33.435], [-111.585, 33.435], [-111.585, 33.4332], [-111.5871, 33.4332], [-111.5871, 33.4314], [-111.5817, 33.4314], [-111.5817, 33.4295], [-111.5809, 33.4295], [-111.5809, 33.435], [-111.5817, 33.435], [-111.5817, 33.4367], [-111.5809, 33.4367], [-111.5809, 33.4441], [-111.598, 33.4441], [-111.598, 33.4512], [-111.6154, 33.4512], [-111.6154, 33.446], [-111.616, 33.4435], [-111.6155, 33.4351]], [[-111.6023, 33.4332], [-111.5982, 33.4332], [-111.5982, 33.4297], [-111.6023, 33.4297], [-111.6023, 33.4332]], [[-111.5972, 33.4197], [-111.5978, 33.4197], [-111.5977, 33.4204], [-111.5953, 33.4204], [-111.5953, 33.4196], [-111.5972, 33.4197]], [[-111.6104, 33.437], [-111.6126, 33.437], [-111.6126, 33.4405], [-111.6104, 33.4405], [-111.6104, 33.437]], [[-111.6131, 33.4382], [-111.6131, 33.437], [-111.6151, 33.4371], [-111.6156, 33.4405], [-111.6131, 33.4405], [-111.6131, 33.4382]]]}, "properties": {"CityName": "UNINCORPORATED MARICOPA COUNTY"}}, {"type": "Feature", "geometry": {"type": "Polygon", "coordinates": [[[-112.2468, 33.4511], [-112.2468, 33.4512], [-112.2544, 33.4504], [-112.2468, 33.4511]]]}, "properties": {"CityName": "UNINCORPORATED MARICOPA COUNTY"}}, {"type": "Feature", "geometry": {"type": "Polygon", "coordinates": [[[-111.6241, 33.4514], [-111.6261, 33.4512], [-111.6261, 33.4495], [-111.6239, 33.4495], [-111.6239, 33.4477], [-111.6196, 33.4477], [-111.6196, 33.4512], [-111.6229, 33.4512], [-111.6228, 33.4504], [-111.6234, 33.4504], [-111.6234, 33.4512], [-111.6241, 33.4514]]]}, "properties": {"CityName": "UNINCORPORATED MARICOPA COUNTY"}}, {"type": "Feature", "geometry": {"type": "Polygon", "coordinates": [[[-112.591, 33.4483], [-112.591, 33.4501], [-112.5953, 33.4501], [-112.5953, 33.4482], [-112.591, 33.4483]]]}, "properties": {"CityName": "UNINCORPORATED MARICOPA COUNTY"}}, {"type": "Feature", "geometry": {"type": "Polygon", "coordinates": [[[-112.526, 33.4504], [-112.5376, 33.4503], [-112.526, 33.4503], [-112.526, 33.4504]]]}, "properties": {"CityName": "UNINCORPORATED MARICOPA COUNTY"}}, {"type": "Feature", "geometry": {"type": "Polygon", "coordinates": [[[-112.238, 33.4515], [-112.2381, 33.4408], [-112.234, 33.4408], [-112.234, 33.4438], [-112.2214, 33.4443], [-112.2214, 33.4458], [-112.225, 33.4457], [-112.2251, 33.4468], [-112.2297, 33.4468], [-112.2253, 33.4466], [-112.2252, 33.4445], [-112.234, 33.4441], [-112.234, 33.4468], [-112.2368, 33.4468], [-112.2379, 33.4478], [-112.238, 33.4515]]]}, "properties": {"CityName": "UNINCORPORATED MARICOPA COUNTY"}}, {"type": "Feature", "geometry": {"type": "Polygon", "coordinates": [[[-112.3281, 33.4533], [-112.3282, 33.4533], [-112.3281, 33.4497], [-112.3281, 33.4533]]]}, "properties": {"CityName": "UNINCORPORATED MARICOPA COUNTY"}}, {"type": "Feature", "geometry": {"type": "Polygon", "coordinates": [[[-112.7295, 33.4505], [-112.7339, 33.4515], [-112.7339, 33.4502], [-112.7403, 33.4502], [-112.7403, 33.4429], [-112.7382, 33.4429], [-112.7381, 33.4356], [-112.7295, 33.4357], [-112.7294, 33.4284], [-112.7261, 33.4284], [-112.7262, 33.4338], [-112.7272, 33.4338], [-112.7273, 33.4357], [-112.6785, 33.4351], [-112.6864, 33.4352], [-112.6864, 33.4409], [-112.6927, 33.4423], [-112.6927, 33.4407], [-112.6948, 33.4407], [-112.6949, 33.4352], [-112.7056, 33.4355], [-112.7056, 33.4391], [-112.71, 33.4392], [-112.71, 33.4357], [-112.712, 33.4357], [-112.712, 33.4439], [-112.7117, 33.4439], [-112.7114, 33.4465], [-112.7128, 33.4468], [-112.7121, 33.441], [-112.7143, 33.441], [-112.7143, 33.4392], [-112.7165, 33.4392], [-112.7165, 33.4465], [-112.7186, 33.4465], [-112.7186, 33.4447], [-112.7208, 33.4447], [-112.7208, 33.4429], [-112.7295, 33.4429], [-112.7295, 33.4502], [-112.7282, 33.4502], [-112.7295, 33.4505]]]}, "properties": {"CityName": "UNINCORPORATED MARICOPA COUNTY"}}, {"type": "Feature", "geometry": {"type": "Polygon", "coordinates": [[[-112.4957, 33.4528], [-112.4957, 33.4572], [-112.4961, 33.4572], [-112.4961, 33.4539], [-112.4983, 33.4539], [-112.4983, 33.4502], [-112.4961, 33.4502], [-112.4957, 33.4528]]]}, "properties": {"CityName": "UNINCORPORATED MARICOPA COUNTY"}}, {"type": "Feature", "geometry": {"type": "Polygon", "coordinates": [[[-112.3109, 33.458], [-112.3152, 33.4573], [-112.3151, 33.4569], [-112.3109, 33.4569], [-112.3109, 33.458]]]}, "properties": {"CityName": "UNINCORPORATED MARICOPA COUNTY"}}, {"type": "Feature", "geometry": {"type": "Polygon", "coordinates": [[[-112.4791, 33.4574], [-112.4797, 33.4576], [-112.4801, 33.4543], [-112.479, 33.4544], [-112.4791, 33.4574]]]}, "properties": {"CityName": "UNINCORPORATED MARICOPA COUNTY"}}, {"type": "Feature", "geometry": {"type": "Polygon", "coordinates": [[[-112.5045, 33.4569], [-112.5045, 33.4575], [-112.5045, 33.4563], [-112.5045, 33.4569]]]}, "properties": {"CityName": "UNINCORPORATED MARICOPA COUNTY"}}, {"type": "Feature", "geometry": {"type": "Polygon", "coordinates": [[[-112.2902, 33.4608], [-112.2941, 33.4607], [-112.2902, 33.4605], [-112.2902, 33.4608]]]}, "properties": {"CityName": "UNINCORPORATED MARICOPA COUNTY"}}, {"type": "Feature", "geometry": {"type": "Polygon", "coordinates": [[[-112.4617, 33.4611], [-112.462, 33.4611], [-112.462, 33.461], [-112.4617, 33.4611]]]}, "properties": {"CityName": "UNINCORPORATED MARICOPA COUNTY"}}, {"type": "Feature", "geometry": {"type": "Polygon", "coordinates": [[[-112.458, 33.4604], [-112.458, 33.4611], [-112.4613, 33.4614], [-112.4613, 33.4462], [-112.4528, 33.4497], [-112.4528, 33.4466], [-112.4485, 33.4466], [-112.4485, 33.4284], [-112.444, 33.4284], [-112.4443, 33.4503], [-112.4607, 33.4502], [-112.4607, 33.457], [-112.4603, 33.457], [-112.4603, 33.4575], [-112.4444, 33.4575], [-112.4443, 33.4611], [-112.452, 33.4611], [-112.4518, 33.4603], [-112.4527, 33.4602], [-112.4528, 33.4606], [-112.4538, 33.4605], [-112.4533, 33.4611], [-112.4562, 33.4611], [-112.4562, 33.4604], [-112.458, 33.4604]]]}, "properties": {"CityName": "UNINCORPORATED MARICOPA COUNTY"}}, {"type": "Feature", "geometry": {"type": "Polygon", "coordinates": [[[-112.468, 33.462], [-112.4767, 33.4617], [-112.4767, 33.4593], [-112.4786, 33.4593], [-112.4786, 33.4584], [-112.4767, 33.4588], [-112.4766, 33.4575], [-112.4767, 33.4557], [-112.4771, 33.4557], [-112.4767, 33.4539], [-112.4786, 33.4539], [-112.4786, 33.4502], [-112.4701, 33.4502], [-112.4702, 33.4575], [-112.4657, 33.4575], [-112.4657, 33.461], [-112.4642, 33.461], [-112.4657, 33.4612], [-112.4659, 33.462], [-112.468, 33.462]], [[-112.4703, 33.4606], [-112.4712, 33.4606], [-112.4712, 33.461], [-112.4703, 33.461], [-112.4703, 33.4606]], [[-112.4669, 33.4593], [-112.4669, 33.4602], [-112.4659, 33.4602], [-112.4659, 33.4593], [-112.4669, 33.4593]], [[-112.4712, 33.4592], [-112.4703, 33.4593], [-112.4703, 33.4588], [-112.4712, 33.4588], [-112.4712, 33.4592]]]}, "properties": {"CityName": "UNINCORPORATED MARICOPA COUNTY"}}, {"type": "Feature", "geometry": {"type": "Polygon", "coordinates": [[[-112.4873, 33.4576], [-112.4873, 33.462], [-112.4876, 33.4576], [-112.4957, 33.4575], [-112.4798, 33.4575], [-112.4873, 33.4576]]]}, "properties": {"CityName": "UNINCORPORATED MARICOPA COUNTY"}}, {"type": "Feature", "geometry": {"type": "Polygon", "coordinates": [[[-112.4958, 33.462], [-112.4961, 33.462], [-112.4961, 33.4577], [-112.4958, 33.4577], [-112.4958, 33.462]]]}, "properties": {"CityName": "UNINCORPORATED MARICOPA COUNTY"}}, {"type": "Feature", "geometry": {"type": "Polygon", "coordinates": [[[-112.29, 33.4612], [-112.29, 33.4629], [-112.29, 33.4605], [-112.29, 33.4612]]]}, "properties": {"CityName": "UNINCORPORATED MARICOPA COUNTY"}}, {"type": "Feature", "geometry": {"type": "Polygon", "coordinates": [[[-112.2555, 33.4638], [-112.2589, 33.4631], [-112.269, 33.4626], [-112.2718, 33.4629], [-112.2723, 33.4636], [-112.2723, 33.4607], [-112.2599, 33.4616], [-112.2555, 33.4614], [-112.2555, 33.4638]]]}, "properties": {"CityName": "UNINCORPORATED MARICOPA COUNTY"}}, {"type": "Feature", "geometry": {"type": "Polygon", "coordinates": [[[-112.2985, 33.4641], [-112.2985, 33.4641], [-112.2985, 33.4641], [-112.2985, 33.4641]]]}, "properties": {"CityName": "UNINCORPORATED MARICOPA COUNTY"}}, {"type": "Feature", "geometry": {"type": "Polygon", "coordinates": [[[-112.6795, 33.4629], [-112.6796, 33.4627], [-112.6795, 33.4627], [-112.6795, 33.4629]]]}, "properties": {"CityName": "UNINCORPORATED MARICOPA COUNTY"}}, {"type": "Feature", "geometry": {"type": "Polygon", "coordinates": [[[-112.2382, 33.4651], [-112.2384, 33.4636], [-112.244, 33.4633], [-112.2495, 33.4633], [-112.2508, 33.4638], [-112.2544, 33.464], [-112.2548, 33.4649], [-112.2548, 33.4612], [-112.2509, 33.4613], [-112.2427, 33.455], [-112.2425, 33.4515], [-112.2425, 33.4551], [-112.2506, 33.4616], [-112.2383, 33.4611], [-112.2382, 33.4651]]]}, "properties": {"CityName": "UNINCORPORATED MARICOPA COUNTY"}}, {"type": "Feature", "geometry": {"type": "Polygon", "coordinates": [[[-112.4731, 33.4646], [-112.4786, 33.4645], [-112.4786, 33.4639], [-112.4778, 33.4638], [-112.4778, 33.4633], [-112.4676, 33.4629], [-112.468, 33.4645], [-112.4658, 33.4645], [-112.4731, 33.4646]]]}, "properties": {"CityName": "UNINCORPORATED MARICOPA COUNTY"}}, {"type": "Feature", "geometry": {"type": "Polygon", "coordinates": [[[-112.427, 33.4648], [-112.4439, 33.4648], [-112.4355, 33.4647], [-112.427, 33.4648]]]}, "properties": {"CityName": "UNINCORPORATED MARICOPA COUNTY"}}, {"type": "Feature", "geometry": {"type": "Polygon", "coordinates": [[[-112.4874, 33.4629], [-112.4873, 33.4646], [-112.4876, 33.4646], [-112.4874, 33.4629]]]}, "properties": {"CityName": "UNINCORPORATED MARICOPA COUNTY"}}, {"type": "Feature", "geometry": {"type": "Polygon", "coordinates": [[[-112.4958, 33.4646], [-112.4961, 33.4646], [-112.4961, 33.4629], [-112.4958, 33.4629], [-112.4958, 33.4646]]]}, "properties": {"CityName": "UNINCORPORATED MARICOPA COUNTY"}}, {"type": "Feature", "geometry": {"type": "Polygon", "coordinates": [[[-112.5477, 33.4644], [-112.5521, 33.4645], [-112.5521, 33.461], [-112.5477, 33.461], [-112.5477, 33.4644]]]}, "properties": {"CityName": "UNINCORPORATED MARICOPA COUNTY"}}, {"type": "Feature", "geometry": {"type": "Polygon", "coordinates": [[[-112.5129, 33.4646], [-112.5135, 33.4647], [-112.5135, 33.4646], [-112.5129, 33.4646]]]}, "properties": {"CityName": "UNINCORPORATED MARICOPA COUNTY"}}, {"type": "Feature", "geometry": {"type": "Polygon", "coordinates": [[[-112.5911, 33.4645], [-112.5907, 33.4473], [-112.5866, 33.4472], [-112.5866, 33.4439], [-112.5908, 33.4439], [-112.5909, 33.4346], [-112.5864, 33.4355], [-112.5389, 33.4508], [-112.5387, 33.4643], [-112.5388, 33.4558], [-112.5442, 33.4557], [-112.5442, 33.453], [-112.5478, 33.453], [-112.5477, 33.4575], [-112.5566, 33.4574], [-112.5566, 33.4645], [-112.5911, 33.4645]], [[-112.5824, 33.45], [-112.5824, 33.4573], [-112.5739, 33.4573], [-112.5739, 33.4499], [-112.5567, 33.4502], [-112.5567, 33.4474], [-112.563, 33.4473], [-112.563, 33.4455], [-112.5695, 33.4454], [-112.5695, 33.4464], [-112.5738, 33.4463], [-112.5738, 33.4445], [-112.5802, 33.4427], [-112.5823, 33.4427], [-112.5824, 33.45]], [[-112.5564, 33.452], [-112.5555, 33.452], [-112.5555, 33.4502], [-112.5564, 33.4502], [-112.5564, 33.452]]]}, "properties": {"CityName": "UNINCORPORATED MARICOPA COUNTY"}}, {"type": "Feature", "geometry": {"type": "Polygon", "coordinates": [[[-112.496, 33.4654], [-112.496, 33.4648], [-112.4957, 33.4648], [-112.496, 33.4654]]]}, "properties": {"CityName": "UNINCORPORATED MARICOPA COUNTY"}}, {"type": "Feature", "geometry": {"type": "Polygon", "coordinates": [[[-112.7426, 33.4646], [-112.7469, 33.4648], [-112.7468, 33.4574], [-112.7338, 33.4574], [-112.7339, 33.4524], [-112.6821, 33.4407], [-112.6774, 33.4404], [-112.6731, 33.4387], [-112.6579, 33.4353], [-112.6441, 33.4336], [-112.6335, 33.4296], [-112.6291, 33.4292], [-112.626, 33.43], [-112.6221, 33.4296], [-112.62, 33.4282], [-112.6169, 33.4282], [-112.6169, 33.4309], [-112.6148, 33.431], [-112.6148, 33.4318], [-112.6081, 33.4318], [-112.6081, 33.4287], [-112.5952, 33.4326], [-112.5952, 33.4355], [-112.5985, 33.4355], [-112.5985, 33.4382], [-112.5952, 33.4378], [-112.5953, 33.4427], [-112.6082, 33.4426], [-112.6083, 33.45], [-112.6257, 33.45], [-112.6257, 33.4644], [-112.643, 33.4644], [-112.6429, 33.45], [-112.63, 33.4497], [-112.63, 33.4465], [-112.6343, 33.4465], [-112.6343, 33.4427], [-112.6386, 33.4428], [-112.6386, 33.4474], [-112.6414, 33.4474], [-112.6414, 33.4464], [-112.6408, 33.4464], [-112.6408, 33.4446], [-112.6429, 33.4446], [-112.643, 33.4392], [-112.6387, 33.4392], [-112.6387, 33.4355], [-112.6431, 33.4355], [-112.6431, 33.4365], [-112.6473, 33.4364], [-112.6473, 33.4373], [-112.6537, 33.4372], [-112.6537, 33.439], [-112.6601, 33.4389], [-112.6602, 33.4407], [-112.6667, 33.4408], [-112.6667, 33.4427], [-112.672, 33.4428], [-112.672, 33.4436], [-112.6731, 33.4436], [-112.6731, 33.4445], [-112.6772, 33.4446], [-112.6773, 33.4499], [-112.669, 33.4499], [-112.669, 33.4535], [-112.6774, 33.4535], [-112.6775, 33.4647], [-112.6781, 33.4647], [-112.6777, 33.4498], [-112.6797, 33.4499], [-112.6797, 33.4481], [-112.6786, 33.4481], [-112.6786, 33.4498], [-112.6776, 33.4498], [-112.6777, 33.4463], [-112.6807, 33.4464], [-112.6807, 33.4481], [-112.6829, 33.4481], [-112.6829, 33.4499], [-112.6777, 33.4499], [-112.6797, 33.45], [-112.6797, 33.4517], [-112.6777, 33.4517], [-112.6778, 33.4563], [-112.6788, 33.4563], [-112.6788, 33.4571], [-112.6778, 33.457], [-112.6778, 33.4574], [-112.6788, 33.4573], [-112.6788, 33.4581], [-112.6778, 33.4581], [-112.6778, 33.4609], [-112.6819, 33.4609], [-112.6819, 33.4627], [-112.6798, 33.4627], [-112.6798, 33.4638], [-112.6778, 33.4632], [-112.6778, 33.4636], [-112.6785, 33.4637], [-112.6785, 33.4646], [-112.6797, 33.4646], [-112.6797, 33.4641], [-112.6813, 33.4646], [-112.7426, 33.4646]], [[-112.6907, 33.4609], [-112.6907, 33.4644], [-112.6885, 33.4644], [-112.6885, 33.4609], [-112.6907, 33.4609]], [[-112.6999, 33.4542], [-112.6999, 33.4549], [-112.6987, 33.4549], [-112.6987, 33.4542], [-112.6999, 33.4542]], [[-112.6982, 33.4549], [-112.6976, 33.4549], [-112.6976, 33.4542], [-112.6982, 33.4542], [-112.6982, 33.4549]], [[-112.6788, 33.4545], [-112.6783, 33.4545], [-112.6783, 33.4536], [-112.6788, 33.4536], [-112.6788, 33.4545]], [[-112.6987, 33.4541], [-112.6982, 33.454], [-112.6982, 33.4533], [-112.6993, 33.4533], [-112.6993, 33.4526], [-112.6998, 33.4526], [-112.6998, 33.4541], [-112.6987, 33.4541]], [[-112.6957, 33.4502], [-112.6957, 33.4509], [-112.6951, 33.4509], [-112.6951, 33.4502], [-112.6957, 33.4502]], [[-112.6884, 33.4482], [-112.6895, 33.4482], [-112.6895, 33.4499], [-112.6862, 33.4498], [-112.6862, 33.4481], [-112.6884, 33.4482]], [[-112.6813, 33.4456], [-112.6819, 33.4456], [-112.6819, 33.4463], [-112.6777, 33.4463], [-112.6777, 33.4455], [-112.6813, 33.4456]], [[-112.63, 33.45], [-112.63, 33.4497], [-112.6311, 33.45], [-112.63, 33.45]]]}, "properties": {"CityName": "UNINCORPORATED MARICOPA COUNTY"}}, {"type": "Feature", "geometry": {"type": "Polygon", "coordinates": [[[-112.3068, 33.4663], [-112.3068, 33.4677], [-112.3077, 33.4677], [-112.3076, 33.4663], [-112.3068, 33.4663]]]}, "properties": {"CityName": "UNINCORPORATED MARICOPA COUNTY"}}, {"type": "Feature", "geometry": {"type": "Polygon", "coordinates": [[[-112.3131, 33.4677], [-112.3141, 33.4677], [-112.3141, 33.4642], [-112.314, 33.4656], [-112.312, 33.4656], [-112.312, 33.4677], [-112.3131, 33.4677]]]}, "properties": {"CityName": "UNINCORPORATED MARICOPA COUNTY"}}, {"type": "Feature", "geometry": {"type": "Polygon", "coordinates": [[[-112.4702, 33.4701], [-112.4787, 33.4701], [-112.4787, 33.4649], [-112.47, 33.4646], [-112.4702, 33.4701]]]}, "properties": {"CityName": "UNINCORPORATED MARICOPA COUNTY"}}, {"type": "Feature", "geometry": {"type": "Polygon", "coordinates": [[[-111.7734, 33.4737], [-111.7742, 33.4732], [-111.7737, 33.4732], [-111.7734, 33.4737]]]}, "properties": {"CityName": "UNINCORPORATED MARICOPA COUNTY"}}, {"type": "Feature", "geometry": {"type": "Polygon", "coordinates": [[[-112.2877, 33.4717], [-112.2766, 33.4719], [-112.2766, 33.4748], [-112.2729, 33.4748], [-112.2729, 33.4756], [-112.2856, 33.4754], [-112.2856, 33.4728], [-112.2877, 33.4727], [-112.2877, 33.4717]]]}, "properties": {"CityName": "UNINCORPORATED MARICOPA COUNTY"}}, {"type": "Feature", "geometry": {"type": "Polygon", "coordinates": [[[-111.7597, 33.4733], [-111.7537, 33.4757], [-111.7537, 33.4773], [-111.7617, 33.4773], [-111.7618, 33.4726], [-111.7597, 33.4733]]]}, "properties": {"CityName": "UNINCORPORATED MARICOPA COUNTY"}}, {"type": "Feature", "geometry": {"type": "Polygon", "coordinates": [[[-112.2725, 33.4686], [-112.2724, 33.4794], [-112.2727, 33.4646], [-112.2381, 33.4652], [-112.2381, 33.4655], [-112.2711, 33.4649], [-112.2724, 33.4656], [-112.2725, 33.4686]]]}, "properties": {"CityName": "UNINCORPORATED MARICOPA COUNTY"}}, {"type": "Feature", "geometry": {"type": "Polygon", "coordinates": [[[-112.4853, 33.476], [-112.4853, 33.4791], [-112.4897, 33.4792], [-112.4897, 33.4756], [-112.4918, 33.4756], [-112.4918, 33.4721], [-112.4962, 33.4721], [-112.4961, 33.4656], [-112.4955, 33.4649], [-112.4831, 33.4648], [-112.4831, 33.4684], [-112.481, 33.4683], [-112.481, 33.4719], [-112.4789, 33.472], [-112.481, 33.472], [-112.481, 33.4738], [-112.4821, 33.4738], [-112.4821, 33.4756], [-112.4853, 33.4756], [-112.4853, 33.476]]]}, "properties": {"CityName": "UNINCORPORATED MARICOPA COUNTY"}}, {"type": "Feature", "geometry": {"type": "Polygon", "coordinates": [[[-111.6324, 33.4806], [-111.6423, 33.4806], [-111.6423, 33.4789], [-111.6434, 33.4789], [-111.6369, 33.4788], [-111.6369, 33.477], [-111.65, 33.477], [-111.65, 33.4788], [-111.6542, 33.4789], [-111.6542, 33.4771], [-111.6564, 33.4771], [-111.6564, 33.4789], [-111.6575, 33.4789], [-111.6575, 33.4771], [-111.6585, 33.4771], [-111.6585, 33.4735], [-111.6673, 33.4735], [-111.6673, 33.4652], [-111.6665, 33.4651], [-111.6665, 33.4643], [-111.6693, 33.4643], [-111.6694, 33.4624], [-111.6715, 33.4624], [-111.6715, 33.4586], [-111.6673, 33.4586], [-111.6674, 33.4533], [-111.6651, 33.4532], [-111.6651, 33.4516], [-111.6674, 33.4516], [-111.6629, 33.4516], [-111.6629, 33.4587], [-111.6498, 33.4587], [-111.6498, 33.4595], [-111.6488, 33.4594], [-111.6488, 33.4587], [-111.6434, 33.4586], [-111.6434, 33.4623], [-111.6445, 33.4623], [-111.6445, 33.4642], [-111.6455, 33.4642], [-111.6455, 33.466], [-111.6402, 33.4658], [-111.637, 33.4634], [-111.637, 33.4622], [-111.638, 33.4623], [-111.638, 33.4586], [-111.6325, 33.4586], [-111.6324, 33.4806]], [[-111.6391, 33.4734], [-111.6359, 33.4733], [-111.6359, 33.4729], [-111.6369, 33.4729], [-111.6369, 33.4715], [-111.6391, 33.4715], [-111.6391, 33.4734]], [[-111.6661, 33.4712], [-111.6671, 33.4712], [-111.6671, 33.4717], [-111.6661, 33.4717], [-111.6661, 33.4712]], [[-111.651, 33.4716], [-111.651, 33.4725], [-111.65, 33.4719], [-111.651, 33.4716]], [[-111.667, 33.468], [-111.6671, 33.4699], [-111.6665, 33.4699], [-111.6665, 33.468], [-111.667, 33.468]], [[-111.6497, 33.466], [-111.646, 33.466], [-111.6456, 33.4624], [-111.6477, 33.4624], [-111.6477, 33.4641], [-111.6497, 33.4641], [-111.6497, 33.466]], [[-111.6551, 33.4628], [-111.6551, 33.4624], [-111.6556, 33.4624], [-111.6556, 33.4633], [-111.6551, 33.4633], [-111.6551, 33.4628]], [[-111.6615, 33.4633], [-111.6628, 33.4637], [-111.6628, 33.4642], [-111.6615, 33.4642], [-111.6615, 33.4633]], [[-111.6671, 33.456], [-111.6651, 33.456], [-111.6651, 33.4551], [-111.6671, 33.4551], [-111.6671, 33.456]]]}, "properties": {"CityName": "UNINCORPORATED MARICOPA COUNTY"}}, {"type": "Feature", "geometry": {"type": "Polygon", "coordinates": [[[-112.561, 33.4756], [-112.561, 33.4829], [-112.5697, 33.4829], [-112.5697, 33.472], [-112.5654, 33.472], [-112.5654, 33.4684], [-112.5611, 33.4684], [-112.5611, 33.4646], [-112.5827, 33.4646], [-112.5827, 33.4794], [-112.6, 33.4795], [-112.6, 33.4646], [-112.5222, 33.4645], [-112.5222, 33.4686], [-112.5204, 33.4719], [-112.5181, 33.4739], [-112.521, 33.4764], [-112.5254, 33.4728], [-112.5254, 33.4719], [-112.5287, 33.472], [-112.5287, 33.4682], [-112.5308, 33.4681], [-112.5308, 33.4755], [-112.5373, 33.4755], [-112.5373, 33.4792], [-112.5459, 33.4792], [-112.5459, 33.4756], [-112.561, 33.4756]]]}, "properties": {"CityName": "UNINCORPORATED MARICOPA COUNTY"}}, {"type": "Feature", "geometry": {"type": "Polygon", "coordinates": [[[-112.3581, 33.4862], [-112.3582, 33.4862], [-112.3582, 33.4862], [-112.3581, 33.4862]]]}, "properties": {"CityName": "UNINCORPORATED MARICOPA COUNTY"}}, {"type": "Feature", "geometry": {"type": "Polygon", "coordinates": [[[-112.0564, 33.483], [-112.0564, 33.4872], [-112.0633, 33.4872], [-112.0633, 33.4826], [-112.0611, 33.4826], [-112.0611, 33.4817], [-112.0564, 33.4817], [-112.0564, 33.483]]]}, "properties": {"CityName": "UNINCORPORATED MARICOPA COUNTY"}}, {"type": "Feature", "geometry": {"type": "Polygon", "coordinates": [[[-112.3281, 33.4896], [-112.3281, 33.489], [-112.3297, 33.4883], [-112.3311, 33.486], [-112.3306, 33.486], [-112.3293, 33.4882], [-112.3281, 33.4887], [-112.3281, 33.486], [-112.3281, 33.4896]]]}, "properties": {"CityName": "UNINCORPORATED MARICOPA COUNTY"}}, {"type": "Feature", "geometry": {"type": "Polygon", "coordinates": [[[-112.3494, 33.4899], [-112.3462, 33.4921], [-112.3517, 33.4886], [-112.3573, 33.4864], [-112.3533, 33.4878], [-112.3494, 33.4899]]]}, "properties": {"CityName": "UNINCORPORATED MARICOPA COUNTY"}}, {"type": "Feature", "geometry": {"type": "Polygon", "coordinates": [[[-112.3415, 33.4935], [-112.3435, 33.4933], [-112.3459, 33.4924], [-112.3436, 33.4932], [-112.3411, 33.4935], [-112.3415, 33.4935]]]}, "properties": {"CityName": "UNINCORPORATED MARICOPA COUNTY"}}, {"type": "Feature", "geometry": {"type": "Polygon", "coordinates": [[[-112.2902, 33.4939], [-112.3064, 33.4933], [-112.3229, 33.4934], [-112.3236, 33.4934], [-112.3236, 33.4929], [-112.3086, 33.4928], [-112.2724, 33.4937], [-112.2902, 33.4939]]]}, "properties": {"CityName": "UNINCORPORATED MARICOPA COUNTY"}}, {"type": "Feature", "geometry": {"type": "Polygon", "coordinates": [[[-112.4443, 33.4936], [-112.4613, 33.4938], [-112.4613, 33.4624], [-112.4573, 33.4627], [-112.4572, 33.4632], [-112.4559, 33.4632], [-112.4559, 33.4626], [-112.4547, 33.4626], [-112.4547, 33.4645], [-112.4443, 33.4645], [-112.4443, 33.4648], [-112.4613, 33.4648], [-112.4613, 33.4791], [-112.4443, 33.4791], [-112.4613, 33.4793], [-112.4612, 33.4935], [-112.4443, 33.4936]]]}, "properties": {"CityName": "UNINCORPORATED MARICOPA COUNTY"}}, {"type": "Feature", "geometry": {"type": "Polygon", "coordinates": [[[-112.4806, 33.4917], [-112.4826, 33.4917], [-112.4826, 33.4937], [-112.4962, 33.4937], [-112.4962, 33.4865], [-112.4791, 33.4866], [-112.4791, 33.4937], [-112.4795, 33.4937], [-112.4795, 33.4917], [-112.4806, 33.4917]]]}, "properties": {"CityName": "UNINCORPORATED MARICOPA COUNTY"}}, {"type": "Feature", "geometry": {"type": "Polygon", "coordinates": [[[-112.5309, 33.489], [-112.5309, 33.4937], [-112.5482, 33.4938], [-112.5481, 33.4865], [-112.5309, 33.4865], [-112.5309, 33.489]]]}, "properties": {"CityName": "UNINCORPORATED MARICOPA COUNTY"}}, {"type": "Feature", "geometry": {"type": "Polygon", "coordinates": [[[-111.9368, 33.4989], [-111.9368, 33.4993], [-111.9389, 33.4993], [-111.9389, 33.4985], [-111.9374, 33.4985], [-111.9374, 33.4966], [-111.9353, 33.4967], [-111.9353, 33.4981], [-111.9347, 33.4981], [-111.9347, 33.4985], [-111.9368, 33.4985], [-111.9368, 33.4989]]]}, "properties": {"CityName": "UNINCORPORATED MARICOPA COUNTY"}}, {"type": "Feature", "geometry": {"type": "Polygon", "coordinates": [[[-112.3237, 33.5003], [-112.3239, 33.5039], [-112.3238, 33.4968], [-112.3237, 33.5003]]]}, "properties": {"CityName": "UNINCORPORATED MARICOPA COUNTY"}}, {"type": "Feature", "geometry": {"type": "Polygon", "coordinates": [[[-111.9433, 33.5015], [-111.9433, 33.5054], [-111.9434, 33.5054], [-111.9433, 33.5015]]]}, "properties": {"CityName": "UNINCORPORATED MARICOPA COUNTY"}}, {"type": "Feature", "geometry": {"type": "Polygon", "coordinates": [[[-112.444, 33.5081], [-112.4443, 33.508], [-112.444, 33.508], [-112.444, 33.5081]]]}, "properties": {"CityName": "UNINCORPORATED MARICOPA COUNTY"}}, {"type": "Feature", "geometry": {"type": "Polygon", "coordinates": [[[-111.9397, 33.5087], [-111.9391, 33.5092], [-111.9412, 33.5092], [-111.9407, 33.5079], [-111.9397, 33.5087]]]}, "properties": {"CityName": "UNINCORPORATED MARICOPA COUNTY"}}, {"type": "Feature", "geometry": {"type": "Polygon", "coordinates": [[[-111.9433, 33.5092], [-111.9433, 33.5093], [-111.9434, 33.5093], [-111.9433, 33.5092]]]}, "properties": {"CityName": "UNINCORPORATED MARICOPA COUNTY"}}, {"type": "Feature", "geometry": {"type": "Polygon", "coordinates": [[[-112.2723, 33.5115], [-112.2715, 33.5115], [-112.2715, 33.512], [-112.2723, 33.512], [-112.2723, 33.5115]]]}, "properties": {"CityName": "UNINCORPORATED MARICOPA COUNTY"}}, {"type": "Feature", "geometry": {"type": "Polygon", "coordinates": [[[-111.9175, 33.5122], [-111.9175, 33.5129], [-111.9182, 33.5115], [-111.9175, 33.5115], [-111.9175, 33.5122]]]}, "properties": {"CityName": "UNINCORPORATED MARICOPA COUNTY"}}, {"type": "Feature", "geometry": {"type": "Polygon", "coordinates": [[[-112.3241, 33.5075], [-112.3241, 33.5147], [-112.3324, 33.5149], [-112.3324, 33.5074], [-112.3374, 33.5073], [-112.3371, 33.5055], [-112.3411, 33.5052], [-112.3411, 33.4951], [-112.3388, 33.4952], [-112.3371, 33.4962], [-112.3363, 33.495], [-112.3363, 33.4935], [-112.3411, 33.4935], [-112.3281, 33.4934], [-112.3282, 33.5071], [-112.3241, 33.5075]]]}, "properties": {"CityName": "UNINCORPORATED MARICOPA COUNTY"}}, {"type": "Feature", "geometry": {"type": "Polygon", "coordinates": [[[-112.2726, 33.513], [-112.2725, 33.5154], [-112.2726, 33.5154], [-112.2726, 33.513]]]}, "properties": {"CityName": "UNINCORPORATED MARICOPA COUNTY"}}, {"type": "Feature", "geometry": {"type": "Polygon", "coordinates": [[[-112.0127, 33.5184], [-112.0127, 33.5185], [-112.0128, 33.5185], [-112.0127, 33.5184]]]}, "properties": {"CityName": "UNINCORPORATED MARICOPA COUNTY"}}, {"type": "Feature", "geometry": {"type": "Polygon", "coordinates": [[[-112.2725, 33.5157], [-112.2725, 33.519], [-112.2726, 33.5191], [-112.2725, 33.5157]]]}, "properties": {"CityName": "UNINCORPORATED MARICOPA COUNTY"}}, {"type": "Feature", "geometry": {"type": "Polygon", "coordinates": [[[-112.2552, 33.5161], [-112.2552, 33.5197], [-112.2637, 33.5196], [-112.2638, 33.5158], [-112.2552, 33.5161]]]}, "properties": {"CityName": "UNINCORPORATED MARICOPA COUNTY"}}, {"type": "Feature", "geometry": {"type": "Polygon", "coordinates": [[[-112.3584, 33.5204], [-112.3603, 33.5204], [-112.361, 33.5195], [-112.3583, 33.519], [-112.3584, 33.5204]]]}, "properties": {"CityName": "UNINCORPORATED MARICOPA COUNTY"}}, {"type": "Feature", "geometry": {"type": "Polygon", "coordinates": [[[-112.3068, 33.5147], [-112.3069, 33.5215], [-112.3236, 33.5215], [-112.3239, 33.5075], [-112.3234, 33.4968], [-112.3195, 33.4967], [-112.3195, 33.4936], [-112.3088, 33.4935], [-112.3088, 33.4945], [-112.3028, 33.4947], [-112.3028, 33.5078], [-112.3067, 33.5076], [-112.3068, 33.5147]]]}, "properties": {"CityName": "UNINCORPORATED MARICOPA COUNTY"}}, {"type": "Feature", "geometry": {"type": "Polygon", "coordinates": [[[-112.3069, 33.522], [-112.324, 33.522], [-112.324, 33.5148], [-112.3237, 33.5217], [-112.3069, 33.5216], [-112.3069, 33.522]]]}, "properties": {"CityName": "UNINCORPORATED MARICOPA COUNTY"}}, {"type": "Feature", "geometry": {"type": "Polygon", "coordinates": [[[-112.2801, 33.5224], [-112.2802, 33.5227], [-112.2804, 33.5224], [-112.2801, 33.5224]]]}, "properties": {"CityName": "UNINCORPORATED MARICOPA COUNTY"}}, {"type": "Feature", "geometry": {"type": "Polygon", "coordinates": [[[-112.2725, 33.5198], [-112.2725, 33.5228], [-112.2725, 33.5193], [-112.2725, 33.5198]]]}, "properties": {"CityName": "UNINCORPORATED MARICOPA COUNTY"}}, {"type": "Feature", "geometry": {"type": "Polygon", "coordinates": [[[-112.2726, 33.5228], [-112.2724, 33.5229], [-112.2806, 33.5227], [-112.2726, 33.5228]]]}, "properties": {"CityName": "UNINCORPORATED MARICOPA COUNTY"}}, {"type": "Feature", "geometry": {"type": "Polygon", "coordinates": [[[-112.5309, 33.5154], [-112.5309, 33.5227], [-112.5395, 33.5227], [-112.5395, 33.5083], [-112.5309, 33.5082], [-112.5309, 33.5154]]]}, "properties": {"CityName": "UNINCORPORATED MARICOPA COUNTY"}}, {"type": "Feature", "geometry": {"type": "Polygon", "coordinates": [[[-112.5655, 33.523], [-112.5828, 33.5231], [-112.5827, 33.5086], [-112.5654, 33.5085], [-112.5655, 33.523]]]}, "properties": {"CityName": "UNINCORPORATED MARICOPA COUNTY"}}, {"type": "Feature", "geometry": {"type": "Polygon", "coordinates": [[[-112.3584, 33.5297], [-112.3754, 33.5299], [-112.3754, 33.5229], [-112.3651, 33.5227], [-112.3651, 33.5236], [-112.3658, 33.5236], [-112.3656, 33.5292], [-112.3584, 33.5291], [-112.3584, 33.5297]]]}, "properties": {"CityName": "UNINCORPORATED MARICOPA COUNTY"}}, {"type": "Feature", "geometry": {"type": "Polygon", "coordinates": [[[-112.4093, 33.53], [-112.4095, 33.5298], [-112.4093, 33.5298], [-112.4093, 33.53]]]}, "properties": {"CityName": "UNINCORPORATED MARICOPA COUNTY"}}, {"type": "Feature", "geometry": {"type": "Polygon", "coordinates": [[[-111.9174, 33.5268], [-111.9174, 33.5277], [-111.9205, 33.5277], [-111.9204, 33.5305], [-111.9209, 33.5305], [-111.921, 33.5315], [-111.9215, 33.5315], [-111.9216, 33.5268], [-111.9174, 33.5268]]]}, "properties": {"CityName": "UNINCORPORATED MARICOPA COUNTY"}}, {"type": "Feature", "geometry": {"type": "Polygon", "coordinates": [[[-112.1895, 33.5306], [-112.1895, 33.5312], [-112.1902, 33.5312], [-112.1902, 33.5306], [-112.1895, 33.5306]]]}, "properties": {"CityName": "UNINCORPORATED MARICOPA COUNTY"}}, {"type": "Feature", "geometry": {"type": "Polygon", "coordinates": [[[-111.9953, 33.532], [-112.0129, 33.532], [-112.0129, 33.5188], [-112.0128, 33.5319], [-111.9953, 33.532]]]}, "properties": {"CityName": "UNINCORPORATED MARICOPA COUNTY"}}, {"type": "Feature", "geometry": {"type": "Polygon", "coordinates": [[[-111.9558, 33.5311], [-111.954, 33.5311], [-111.954, 33.5347], [-111.9562, 33.5347], [-111.9562, 33.5311], [-111.9558, 33.5311]]]}, "properties": {"CityName": "UNINCORPORATED MARICOPA COUNTY"}}, {"type": "Feature", "geometry": {"type": "Polygon", "coordinates": [[[-112.4097, 33.5354], [-112.4121, 33.5354], [-112.4121, 33.5336], [-112.4097, 33.5336], [-112.4097, 33.5354]]]}, "properties": {"CityName": "UNINCORPORATED MARICOPA COUNTY"}}, {"type": "Feature", "geometry": {"type": "Polygon", "coordinates": [[[-112.3071, 33.5364], [-112.3119, 33.5363], [-112.3119, 33.5354], [-112.3112, 33.5354], [-112.3112, 33.522], [-112.3068, 33.522], [-112.3071, 33.5364]]]}, "properties": {"CityName": "UNINCORPORATED MARICOPA COUNTY"}}, {"type": "Feature", "geometry": {"type": "Polygon", "coordinates": [[[-112.3449, 33.5336], [-112.3496, 33.5336], [-112.3496, 33.5367], [-112.358, 33.5368], [-112.3579, 33.5154], [-112.3538, 33.5153], [-112.3538, 33.5084], [-112.3325, 33.5078], [-112.3325, 33.515], [-112.324, 33.5148], [-112.324, 33.5221], [-112.3154, 33.522], [-112.3154, 33.5329], [-112.3174, 33.5329], [-112.3165, 33.5333], [-112.3185, 33.5362], [-112.3449, 33.5367], [-112.3449, 33.5336]]]}, "properties": {"CityName": "UNINCORPORATED MARICOPA COUNTY"}}, {"type": "Feature", "geometry": {"type": "Polygon", "coordinates": [[[-112.3567, 33.5374], [-112.3571, 33.5379], [-112.3581, 33.5379], [-112.3581, 33.5376], [-112.3574, 33.5375], [-112.3574, 33.537], [-112.3555, 33.537], [-112.3555, 33.5375], [-112.3567, 33.5374]]]}, "properties": {"CityName": "UNINCORPORATED MARICOPA COUNTY"}}, {"type": "Feature", "geometry": {"type": "Polygon", "coordinates": [[[-112.2334, 33.5413], [-112.2376, 33.5413], [-112.2376, 33.5402], [-112.2334, 33.5403], [-112.2334, 33.5379], [-112.2312, 33.5379], [-112.2312, 33.54], [-112.2323, 33.54], [-112.2323, 33.5406], [-112.2334, 33.5406], [-112.2334, 33.5413]]]}, "properties": {"CityName": "UNINCORPORATED MARICOPA COUNTY"}}, {"type": "Feature", "geometry": {"type": "Polygon", "coordinates": [[[-112.3411, 33.5368], [-112.3415, 33.5437], [-112.3428, 33.5437], [-112.3425, 33.5368], [-112.3411, 33.5368]]]}, "properties": {"CityName": "UNINCORPORATED MARICOPA COUNTY"}}, {"type": "Feature", "geometry": {"type": "Polygon", "coordinates": [[[-112.1928, 33.5443], [-112.1928, 33.5457], [-112.1946, 33.5457], [-112.1928, 33.5443]]]}, "properties": {"CityName": "UNINCORPORATED MARICOPA COUNTY"}}, {"type": "Feature", "geometry": {"type": "Polygon", "coordinates": [[[-112.4229, 33.5479], [-112.423, 33.5479], [-112.423, 33.5478], [-112.4229, 33.5479]]]}, "properties": {"CityName": "UNINCORPORATED MARICOPA COUNTY"}}, {"type": "Feature", "geometry": {"type": "Polygon", "coordinates": [[[-112.2208, 33.5451], [-112.2206, 33.5487], [-112.2313, 33.5486], [-112.2313, 33.5451], [-112.2334, 33.545], [-112.2334, 33.547], [-112.2372, 33.5469], [-112.2372, 33.5476], [-112.2377, 33.5476], [-112.2378, 33.5449], [-112.2342, 33.5449], [-112.2342, 33.5442], [-112.2334, 33.5442], [-112.2334, 33.5449], [-112.2208, 33.5451]]]}, "properties": {"CityName": "UNINCORPORATED MARICOPA COUNTY"}}, {"type": "Feature", "geometry": {"type": "Polygon", "coordinates": [[[-111.9821, 33.5419], [-111.9821, 33.5492], [-111.9952, 33.5492], [-111.9952, 33.5425], [-111.9942, 33.5421], [-111.9933, 33.5404], [-111.9933, 33.5397], [-111.9944, 33.539], [-111.9937, 33.5391], [-111.9937, 33.5383], [-111.9864, 33.5383], [-111.9864, 33.5419], [-111.9821, 33.5419]]]}, "properties": {"CityName": "UNINCORPORATED MARICOPA COUNTY"}}, {"type": "Feature", "geometry": {"type": "Polygon", "coordinates": [[[-112.292, 33.5509], [-112.2984, 33.5508], [-112.2984, 33.5437], [-112.29, 33.5437], [-112.2899, 33.549], [-112.292, 33.549], [-112.292, 33.5509]]]}, "properties": {"CityName": "UNINCORPORATED MARICOPA COUNTY"}}, {"type": "Feature", "geometry": {"type": "Polygon", "coordinates": [[[-112.3157, 33.5508], [-112.3415, 33.5511], [-112.3412, 33.544], [-112.3241, 33.5438], [-112.3241, 33.5433], [-112.3412, 33.5436], [-112.3409, 33.5369], [-112.3185, 33.5367], [-112.3197, 33.5389], [-112.3197, 33.5401], [-112.3155, 33.5401], [-112.3155, 33.5437], [-112.3112, 33.5437], [-112.3113, 33.5508], [-112.3157, 33.5508]]]}, "properties": {"CityName": "UNINCORPORATED MARICOPA COUNTY"}}, {"type": "Feature", "geometry": {"type": "Polygon", "coordinates": [[[-112.3418, 33.5511], [-112.346, 33.5511], [-112.3459, 33.5503], [-112.3418, 33.5503], [-112.3418, 33.5511]]]}, "properties": {"CityName": "UNINCORPORATED MARICOPA COUNTY"}}, {"type": "Feature", "geometry": {"type": "Polygon", "coordinates": [[[-112.2507, 33.5517], [-112.2574, 33.5516], [-112.2572, 33.548], [-112.2585, 33.5479], [-112.2585, 33.5515], [-112.2683, 33.5513], [-112.2712, 33.5479], [-112.2724, 33.5478], [-112.2723, 33.5459], [-112.2715, 33.5475], [-112.272, 33.5438], [-112.2707, 33.5399], [-112.2707, 33.5373], [-112.264, 33.5375], [-112.2638, 33.5445], [-112.2549, 33.5447], [-112.2549, 33.5489], [-112.2507, 33.549], [-112.2507, 33.5517]]]}, "properties": {"CityName": "UNINCORPORATED MARICOPA COUNTY"}}, {"type": "Feature", "geometry": {"type": "Polygon", "coordinates": [[[-112.2463, 33.5518], [-112.2463, 33.5518], [-112.2464, 33.5518], [-112.2463, 33.5518]]]}, "properties": {"CityName": "UNINCORPORATED MARICOPA COUNTY"}}, {"type": "Feature", "geometry": {"type": "Polygon", "coordinates": [[[-112.2421, 33.5489], [-112.2421, 33.5503], [-112.239, 33.5507], [-112.239, 33.5519], [-112.2451, 33.5517], [-112.2451, 33.5484], [-112.2464, 33.5484], [-112.2379, 33.5485], [-112.238, 33.5494], [-112.2392, 33.5494], [-112.2392, 33.5489], [-112.2421, 33.5489]]]}, "properties": {"CityName": "UNINCORPORATED MARICOPA COUNTY"}}, {"type": "Feature", "geometry": {"type": "Polygon", "coordinates": [[[-112.2318, 33.552], [-112.2346, 33.552], [-112.2346, 33.5503], [-112.2377, 33.5503], [-112.2377, 33.5491], [-112.2369, 33.5491], [-112.2369, 33.5495], [-112.2335, 33.5495], [-112.2335, 33.5486], [-112.2318, 33.5486], [-112.2318, 33.552]]]}, "properties": {"CityName": "UNINCORPORATED MARICOPA COUNTY"}}, {"type": "Feature", "geometry": {"type": "Polygon", "coordinates": [[[-112.2284, 33.5517], [-112.2284, 33.5521], [-112.2291, 33.5521], [-112.2291, 33.5516], [-112.2284, 33.5517]]]}, "properties": {"CityName": "UNINCORPORATED MARICOPA COUNTY"}}, {"type": "Feature", "geometry": {"type": "Polygon", "coordinates": [[[-112.4033, 33.5516], [-112.4095, 33.5516], [-112.4095, 33.5373], [-112.4011, 33.5373], [-112.4013, 33.5408], [-112.3944, 33.5409], [-112.3946, 33.5433], [-112.3931, 33.5433], [-112.3932, 33.5445], [-112.3974, 33.5445], [-112.3976, 33.548], [-112.4018, 33.5481], [-112.402, 33.5508], [-112.3991, 33.5508], [-112.3992, 33.5516], [-112.4023, 33.5516], [-112.4023, 33.5505], [-112.4033, 33.5505], [-112.4033, 33.5516]]]}, "properties": {"CityName": "UNINCORPORATED MARICOPA COUNTY"}}, {"type": "Feature", "geometry": {"type": "Polygon", "coordinates": [[[-112.2205, 33.5542], [-112.2225, 33.5542], [-112.2226, 33.5525], [-112.2205, 33.5526], [-112.2205, 33.5542]]]}, "properties": {"CityName": "UNINCORPORATED MARICOPA COUNTY"}}, {"type": "Feature", "geometry": {"type": "Polygon", "coordinates": [[[-112.2116, 33.5561], [-112.2114, 33.5562], [-112.2116, 33.5562], [-112.2116, 33.5561]]]}, "properties": {"CityName": "UNINCORPORATED MARICOPA COUNTY"}}, {"type": "Feature", "geometry": {"type": "Polygon", "coordinates": [[[-112.2377, 33.557], [-112.2379, 33.5565], [-112.2421, 33.5565], [-112.2422, 33.5521], [-112.2398, 33.5545], [-112.2395, 33.5541], [-112.238, 33.5542], [-112.238, 33.5531], [-112.2388, 33.5531], [-112.2388, 33.5522], [-112.2377, 33.5522], [-112.2377, 33.557]]]}, "properties": {"CityName": "UNINCORPORATED MARICOPA COUNTY"}}, {"type": "Feature", "geometry": {"type": "Polygon", "coordinates": [[[-112.2362, 33.5584], [-112.2376, 33.5583], [-112.2376, 33.5574], [-112.2357, 33.5575], [-112.2362, 33.5584]]]}, "properties": {"CityName": "UNINCORPORATED MARICOPA COUNTY"}}, {"type": "Feature", "geometry": {"type": "Polygon", "coordinates": [[[-112.2247, 33.5596], [-112.2205, 33.5597], [-112.2289, 33.5595], [-112.2247, 33.5596]]]}, "properties": {"CityName": "UNINCORPORATED MARICOPA COUNTY"}}, {"type": "Feature", "geometry": {"type": "Polygon", "coordinates": [[[-112.2114, 33.5602], [-112.2114, 33.5634], [-112.2118, 33.5634], [-112.2116, 33.5595], [-112.2114, 33.5602]]]}, "properties": {"CityName": "UNINCORPORATED MARICOPA COUNTY"}}, {"type": "Feature", "geometry": {"type": "Polygon", "coordinates": [[[-112.2724, 33.5586], [-112.2681, 33.5587], [-112.2681, 33.5657], [-112.2725, 33.5656], [-112.2724, 33.5586]]]}, "properties": {"CityName": "UNINCORPORATED MARICOPA COUNTY"}}, {"type": "Feature", "geometry": {"type": "Polygon", "coordinates": [[[-112.2128, 33.5605], [-112.2128, 33.561], [-112.2153, 33.5634], [-112.2196, 33.567], [-112.2203, 33.5669], [-112.2128, 33.5605]]]}, "properties": {"CityName": "UNINCORPORATED MARICOPA COUNTY"}}, {"type": "Feature", "geometry": {"type": "Polygon", "coordinates": [[[-112.2116, 33.5669], [-112.2032, 33.5671], [-112.2118, 33.5669], [-112.2116, 33.5669]]]}, "properties": {"CityName": "UNINCORPORATED MARICOPA COUNTY"}}, {"type": "Feature", "geometry": {"type": "Polygon", "coordinates": [[[-112.3548, 33.5802], [-112.3807, 33.5804], [-112.3418, 33.58], [-112.3548, 33.5802]]]}, "properties": {"CityName": "UNINCORPORATED MARICOPA COUNTY"}}, {"type": "Feature", "geometry": {"type": "Polygon", "coordinates": [[[-112.4615, 33.5805], [-112.4613, 33.5083], [-112.444, 33.5083], [-112.444, 33.5225], [-112.4269, 33.5225], [-112.4266, 33.5241], [-112.4266, 33.5407], [-112.4229, 33.5407], [-112.4229, 33.5445], [-112.4266, 33.5444], [-112.4267, 33.549], [-112.4248, 33.549], [-112.4236, 33.5502], [-112.4236, 33.5515], [-112.4267, 33.5515], [-112.4267, 33.5519], [-112.4196, 33.5517], [-112.4193, 33.5495], [-112.4227, 33.5495], [-112.4227, 33.5478], [-112.4191, 33.5478], [-112.4196, 33.5375], [-112.4192, 33.5278], [-112.42, 33.5229], [-112.4217, 33.5228], [-112.4199, 33.5222], [-112.4195, 33.514], [-112.4199, 33.5136], [-112.4225, 33.5136], [-112.4225, 33.5084], [-112.388, 33.5083], [-112.3881, 33.5155], [-112.371, 33.5155], [-112.371, 33.5191], [-112.365, 33.5191], [-112.3651, 33.5225], [-112.3754, 33.5227], [-112.3893, 33.5226], [-112.3924, 33.5198], [-112.3924, 33.5191], [-112.4038, 33.5191], [-112.4038, 33.5227], [-112.4028, 33.5227], [-112.4011, 33.5242], [-112.401, 33.53], [-112.3968, 33.53], [-112.3968, 33.5327], [-112.4002, 33.5327], [-112.4002, 33.5332], [-112.401, 33.5332], [-112.4011, 33.5371], [-112.4095, 33.5371], [-112.4095, 33.5336], [-112.4013, 33.5336], [-112.4013, 33.5263], [-112.4094, 33.5263], [-112.4098, 33.5154], [-112.418, 33.5154], [-112.4179, 33.5191], [-112.4139, 33.519], [-112.4139, 33.5226], [-112.4167, 33.5224], [-112.4167, 33.5229], [-112.4176, 33.523], [-112.4177, 33.5234], [-112.4176, 33.5299], [-112.4172, 33.5299], [-112.4172, 33.5303], [-112.4176, 33.5303], [-112.4173, 33.5364], [-112.4137, 33.5371], [-112.4172, 33.5375], [-112.4176, 33.5444], [-112.4097, 33.5444], [-112.4097, 33.5516], [-112.4172, 33.5515], [-112.4172, 33.552], [-112.4097, 33.5518], [-112.4097, 33.5571], [-112.4101, 33.559], [-112.4178, 33.559], [-112.4173, 33.5657], [-112.3985, 33.5657], [-112.3938, 33.5652], [-112.3938, 33.5657], [-112.3933, 33.5658], [-112.3875, 33.5659], [-112.3676, 33.5657], [-112.3676, 33.5515], [-112.3587, 33.5515], [-112.3585, 33.5451], [-112.3547, 33.5452], [-112.3546, 33.5441], [-112.3415, 33.5439], [-112.35, 33.5441], [-112.3503, 33.5516], [-112.356, 33.5563], [-112.3581, 33.5568], [-112.3594, 33.5566], [-112.361, 33.5573], [-112.3674, 33.5574], [-112.3674, 33.5584], [-112.367, 33.5585], [-112.3585, 33.5589], [-112.355, 33.5573], [-112.3503, 33.5529], [-112.3504, 33.5585], [-112.3418, 33.5584], [-112.3419, 33.5655], [-112.3504, 33.5656], [-112.3504, 33.5801], [-112.3807, 33.5803], [-112.3807, 33.5731], [-112.3763, 33.5731], [-112.3763, 33.5666], [-112.3806, 33.5667], [-112.3806, 33.5661], [-112.3938, 33.5663], [-112.3939, 33.5804], [-112.4073, 33.5806], [-112.4073, 33.5782], [-112.4094, 33.5782], [-112.4094, 33.5735], [-112.4023, 33.5734], [-112.4023, 33.5665], [-112.4171, 33.5666], [-112.4174, 33.5735], [-112.4178, 33.5735], [-112.4173, 33.5806], [-112.423, 33.5806], [-112.4203, 33.5804], [-112.4203, 33.58], [-112.4194, 33.5804], [-112.4192, 33.5694], [-112.4196, 33.5666], [-112.4254, 33.5666], [-112.4266, 33.5672], [-112.4267, 33.5806], [-112.4615, 33.5805]], [[-112.443, 33.5664], [-112.4441, 33.5664], [-112.444, 33.5761], [-112.4357, 33.5762], [-112.4357, 33.5698], [-112.4399, 33.5698], [-112.4399, 33.5664], [-112.443, 33.5664]], [[-112.4311, 33.5734], [-112.4272, 33.5734], [-112.4272, 33.5717], [-112.4277, 33.5717], [-112.4277, 33.5664], [-112.4311, 33.5665], [-112.4311, 33.5734]], [[-112.4009, 33.5118], [-112.3926, 33.5118], [-112.3926, 33.5084], [-112.4009, 33.5084], [-112.4009, 33.5118]]]}, "properties": {"CityName": "UNINCORPORATED MARICOPA COUNTY"}}, {"type": "Feature", "geometry": {"type": "Polygon", "coordinates": [[[-111.9714, 33.5826], [-111.9777, 33.5825], [-111.9692, 33.5825], [-111.9714, 33.5826]]]}, "properties": {"CityName": "UNINCORPORATED MARICOPA COUNTY"}}, {"type": "Feature", "geometry": {"type": "Polygon", "coordinates": [[[-112.2156, 33.6105], [-112.2156, 33.6106], [-112.2157, 33.6106], [-112.2156, 33.6105]]]}, "properties": {"CityName": "UNINCORPORATED MARICOPA COUNTY"}}, {"type": "Feature", "geometry": {"type": "Polygon", "coordinates": [[[-112.2135, 33.6105], [-112.2135, 33.6106], [-112.214, 33.6106], [-112.2135, 33.6105]]]}, "properties": {"CityName": "UNINCORPORATED MARICOPA COUNTY"}}, {"type": "Feature", "geometry": {"type": "Polygon", "coordinates": [[[-112.2373, 33.6172], [-112.2374, 33.6162], [-112.2373, 33.6162], [-112.2373, 33.6172]]]}, "properties": {"CityName": "UNINCORPORATED MARICOPA COUNTY"}}, {"type": "Feature", "geometry": {"type": "Polygon", "coordinates": [[[-112.4327, 33.617], [-112.4333, 33.617], [-112.4333, 33.6098], [-112.4292, 33.6098], [-112.4292, 33.6106], [-112.4281, 33.6107], [-112.4279, 33.6116], [-112.4269, 33.6117], [-112.4269, 33.617], [-112.4327, 33.617]]]}, "properties": {"CityName": "UNINCORPORATED MARICOPA COUNTY"}}, {"type": "Feature", "geometry": {"type": "Polygon", "coordinates": [[[-112.4442, 33.6097], [-112.4442, 33.617], [-112.4572, 33.6169], [-112.459, 33.6133], [-112.4591, 33.6096], [-112.4529, 33.6096], [-112.4529, 33.6085], [-112.4484, 33.6085], [-112.4484, 33.6097], [-112.4442, 33.6097]]]}, "properties": {"CityName": "UNINCORPORATED MARICOPA COUNTY"}}, {"type": "Feature", "geometry": {"type": "Polygon", "coordinates": [[[-112.2373, 33.6172], [-112.2362, 33.6172], [-112.2362, 33.6162], [-112.2331, 33.6163], [-112.2331, 33.6173], [-112.2201, 33.6175], [-112.2201, 33.6201], [-112.2202, 33.619], [-112.221, 33.619], [-112.221, 33.6201], [-112.2288, 33.6199], [-112.2288, 33.621], [-112.2373, 33.6208], [-112.2373, 33.6172]]]}, "properties": {"CityName": "UNINCORPORATED MARICOPA COUNTY"}}, {"type": "Feature", "geometry": {"type": "Polygon", "coordinates": [[[-112.3118, 33.6096], [-112.3298, 33.6235], [-112.3305, 33.6235], [-112.3133, 33.6101], [-112.3118, 33.6093], [-112.3118, 33.6096]]]}, "properties": {"CityName": "UNINCORPORATED MARICOPA COUNTY"}}, {"type": "Feature", "geometry": {"type": "Polygon", "coordinates": [[[-112.2043, 33.621], [-112.2051, 33.6216], [-112.2102, 33.6233], [-112.2138, 33.6263], [-112.2138, 33.6249], [-112.2156, 33.6249], [-112.2157, 33.6178], [-112.2189, 33.6177], [-112.2189, 33.6194], [-112.2199, 33.6194], [-112.2199, 33.614], [-112.2188, 33.614], [-112.2189, 33.6133], [-112.2183, 33.6133], [-112.2183, 33.614], [-112.2179, 33.614], [-112.2179, 33.6131], [-112.2171, 33.6132], [-112.2171, 33.614], [-112.2179, 33.6146], [-112.2179, 33.6158], [-112.2157, 33.6158], [-112.2157, 33.6146], [-112.2149, 33.6146], [-112.215, 33.614], [-112.2136, 33.614], [-112.2136, 33.6134], [-112.2146, 33.6134], [-112.2146, 33.6129], [-112.2149, 33.6128], [-112.2149, 33.6138], [-112.215, 33.613], [-112.2157, 33.613], [-112.2157, 33.6106], [-112.2156, 33.6122], [-112.2146, 33.6122], [-112.2146, 33.6111], [-112.2135, 33.6106], [-112.2135, 33.6127], [-112.2131, 33.6127], [-112.2135, 33.6127], [-112.2135, 33.6141], [-112.2113, 33.6141], [-112.2113, 33.6166], [-112.2118, 33.6166], [-112.2118, 33.6177], [-112.211, 33.6177], [-112.211, 33.6194], [-112.208, 33.6195], [-112.208, 33.618], [-112.211, 33.6177], [-112.2069, 33.6177], [-112.2069, 33.6141], [-112.2027, 33.6142], [-112.2027, 33.6182], [-112.2043, 33.621]], [[-112.2149, 33.6146], [-112.2135, 33.6146], [-112.2135, 33.6141], [-112.2149, 33.6141], [-112.2149, 33.6146]]]}, "properties": {"CityName": "UNINCORPORATED MARICOPA COUNTY"}}, {"type": "Feature", "geometry": {"type": "Polygon", "coordinates": [[[-112.2155, 33.6285], [-112.2156, 33.6279], [-112.2104, 33.6234], [-112.2046, 33.6214], [-112.2027, 33.6178], [-112.2027, 33.6187], [-112.2042, 33.6217], [-112.2099, 33.6236], [-112.2155, 33.6285]]]}, "properties": {"CityName": "UNINCORPORATED MARICOPA COUNTY"}}, {"type": "Feature", "geometry": {"type": "Polygon", "coordinates": [[[-112.2376, 33.6381], [-112.2376, 33.64], [-112.2378, 33.638], [-112.2367, 33.638], [-112.2376, 33.6381]]]}, "properties": {"CityName": "UNINCORPORATED MARICOPA COUNTY"}}, {"type": "Feature", "geometry": {"type": "Polygon", "coordinates": [[[-112.2377, 33.6421], [-112.2378, 33.6525], [-112.2378, 33.6419], [-112.2377, 33.6421]]]}, "properties": {"CityName": "UNINCORPORATED MARICOPA COUNTY"}}, {"type": "Feature", "geometry": {"type": "Polygon", "coordinates": [[[-111.9256, 33.6533], [-111.9282, 33.6533], [-111.9282, 33.6517], [-111.9277, 33.6517], [-111.9277, 33.6528], [-111.9256, 33.6527], [-111.9256, 33.6533]]]}, "properties": {"CityName": "UNINCORPORATED MARICOPA COUNTY"}}, {"type": "Feature", "geometry": {"type": "Polygon", "coordinates": [[[-111.9303, 33.6525], [-111.9299, 33.6533], [-111.931, 33.6534], [-111.931, 33.6525], [-111.9303, 33.6525]]]}, "properties": {"CityName": "UNINCORPORATED MARICOPA COUNTY"}}, {"type": "Feature", "geometry": {"type": "Polygon", "coordinates": [[[-112.2291, 33.6672], [-112.2334, 33.667], [-112.2291, 33.667], [-112.2291, 33.6672]]]}, "properties": {"CityName": "UNINCORPORATED MARICOPA COUNTY"}}, {"type": "Feature", "geometry": {"type": "Polygon", "coordinates": [[[-112.2724, 33.6527], [-112.2725, 33.667], [-112.2899, 33.667], [-112.2898, 33.6526], [-112.2986, 33.6525], [-112.2985, 33.6453], [-112.301, 33.6453], [-112.3014, 33.6382], [-112.3076, 33.6385], [-112.3076, 33.6307], [-112.3119, 33.6307], [-112.3118, 33.6235], [-112.3032, 33.6235], [-112.3031, 33.6107], [-112.3035, 33.6089], [-112.3074, 33.6089], [-112.3074, 33.6083], [-112.3108, 33.6089], [-112.2988, 33.6051], [-112.2988, 33.5799], [-112.3029, 33.5794], [-112.3029, 33.5763], [-112.3022, 33.5763], [-112.3023, 33.5755], [-112.3031, 33.5755], [-112.3028, 33.5712], [-112.3003, 33.5656], [-112.307, 33.5655], [-112.3071, 33.5663], [-112.3071, 33.5654], [-112.3114, 33.5654], [-112.3115, 33.5836], [-112.3088, 33.5835], [-112.3083, 33.5872], [-112.3159, 33.5872], [-112.3158, 33.5727], [-112.3202, 33.5727], [-112.3201, 33.5654], [-112.3186, 33.5653], [-112.3186, 33.565], [-112.3158, 33.5653], [-112.3157, 33.5508], [-112.3068, 33.5507], [-112.3069, 33.5652], [-112.2725, 33.5656], [-112.2724, 33.5873], [-112.2639, 33.5877], [-112.2637, 33.6095], [-112.2571, 33.6097], [-112.257, 33.624], [-112.2548, 33.6243], [-112.255, 33.6379], [-112.2594, 33.6379], [-112.2594, 33.6526], [-112.2724, 33.6527]]]}, "properties": {"CityName": "UNINCORPORATED MARICOPA COUNTY"}}, {"type": "Feature", "geometry": {"type": "Polygon", "coordinates": [[[-112.4612, 33.6678], [-112.4614, 33.6642], [-112.4875, 33.6642], [-112.4875, 33.6605], [-112.4612, 33.6604], [-112.4612, 33.6678]]]}, "properties": {"CityName": "UNINCORPORATED MARICOPA COUNTY"}}, {"type": "Feature", "geometry": {"type": "Polygon", "coordinates": [[[-112.4613, 33.6823], [-112.4613, 33.6741], [-112.4612, 33.6741], [-112.4613, 33.6823]]]}, "properties": {"CityName": "UNINCORPORATED MARICOPA COUNTY"}}, {"type": "Feature", "geometry": {"type": "Polygon", "coordinates": [[[-112.7038, 33.6751], [-112.7038, 33.6823], [-112.7124, 33.6824], [-112.7124, 33.6678], [-112.7168, 33.6678], [-112.7167, 33.6605], [-112.7212, 33.6605], [-112.7211, 33.6533], [-112.7298, 33.6533], [-112.7298, 33.6243], [-112.7385, 33.6242], [-112.7385, 33.6025], [-112.7343, 33.6025], [-112.7342, 33.5952], [-112.7298, 33.5952], [-112.7298, 33.6097], [-112.7212, 33.6097], [-112.7211, 33.6243], [-112.7125, 33.6243], [-112.7124, 33.6606], [-112.7081, 33.6605], [-112.7082, 33.6642], [-112.7038, 33.6642], [-112.7038, 33.6751]]]}, "properties": {"CityName": "UNINCORPORATED MARICOPA COUNTY"}}, {"type": "Feature", "geometry": {"type": "Polygon", "coordinates": [[[-112.2291, 33.6925], [-112.2375, 33.6926], [-112.2375, 33.6898], [-112.2359, 33.6898], [-112.2359, 33.689], [-112.2291, 33.6891], [-112.2291, 33.6925]]]}, "properties": {"CityName": "UNINCORPORATED MARICOPA COUNTY"}}, {"type": "Feature", "geometry": {"type": "Polygon", "coordinates": [[[-112.2396, 33.6944], [-112.2399, 33.696], [-112.2464, 33.6961], [-112.2464, 33.6926], [-112.2507, 33.6926], [-112.2507, 33.6922], [-112.2497, 33.6922], [-112.2497, 33.6913], [-112.2507, 33.6913], [-112.2507, 33.689], [-112.2549, 33.6889], [-112.2548, 33.682], [-112.2432, 33.6818], [-112.2432, 33.6826], [-112.2422, 33.6825], [-112.2422, 33.6853], [-112.2465, 33.6853], [-112.2465, 33.689], [-112.2379, 33.6889], [-112.2379, 33.696], [-112.2379, 33.6944], [-112.2396, 33.6944]]]}, "properties": {"CityName": "UNINCORPORATED MARICOPA COUNTY"}}, {"type": "Feature", "geometry": {"type": "Polygon", "coordinates": [[[-112.2203, 33.6962], [-112.2205, 33.6963], [-112.2205, 33.689], [-112.2203, 33.6962]]]}, "properties": {"CityName": "UNINCORPORATED MARICOPA COUNTY"}}, {"type": "Feature", "geometry": {"type": "Polygon", "coordinates": [[[-112.2053, 33.6963], [-112.208, 33.6964], [-112.208, 33.6963], [-112.2053, 33.6963]]]}, "properties": {"CityName": "UNINCORPORATED MARICOPA COUNTY"}}, {"type": "Feature", "geometry": {"type": "Polygon", "coordinates": [[[-112.2085, 33.6964], [-112.2096, 33.6963], [-112.2085, 33.6963], [-112.2085, 33.6964]]]}, "properties": {"CityName": "UNINCORPORATED MARICOPA COUNTY"}}, {"type": "Feature", "geometry": {"type": "Polygon", "coordinates": [[[-112.1693, 33.6908], [-112.1697, 33.6978], [-112.1694, 33.6817], [-112.1693, 33.6908]]]}, "properties": {"CityName": "UNINCORPORATED MARICOPA COUNTY"}}, {"type": "Feature", "geometry": {"type": "Polygon", "coordinates": [[[-112.1954, 33.6978], [-112.1788, 33.698], [-112.2029, 33.6978], [-112.1954, 33.6978]]]}, "properties": {"CityName": "UNINCORPORATED MARICOPA COUNTY"}}, {"type": "Feature", "geometry": {"type": "Polygon", "coordinates": [[[-112.0313, 33.7014], [-112.0313, 33.7018], [-112.0335, 33.7019], [-112.0335, 33.7005], [-112.0313, 33.7004], [-112.0313, 33.7014]]]}, "properties": {"CityName": "UNINCORPORATED MARICOPA COUNTY"}}, {"type": "Feature", "geometry": {"type": "Polygon", "coordinates": [[[-112.0745, 33.7001], [-112.0743, 33.702], [-112.0765, 33.702], [-112.0765, 33.7001], [-112.0745, 33.7001]]]}, "properties": {"CityName": "UNINCORPORATED MARICOPA COUNTY"}}, {"type": "Feature", "geometry": {"type": "Polygon", "coordinates": [[[-112.2443, 33.7034], [-112.2506, 33.7035], [-112.2507, 33.7054], [-112.255, 33.7054], [-112.2593, 33.7054], [-112.2594, 33.7036], [-112.2722, 33.7034], [-112.2722, 33.7007], [-112.2718, 33.7007], [-112.2718, 33.6998], [-112.2709, 33.6998], [-112.2709, 33.6989], [-112.2719, 33.6989], [-112.2722, 33.6963], [-112.2554, 33.6964], [-112.2549, 33.6965], [-112.2549, 33.6975], [-112.2535, 33.6975], [-112.2535, 33.6964], [-112.2549, 33.6961], [-112.2379, 33.6961], [-112.2379, 33.6964], [-112.2404, 33.6963], [-112.2404, 33.6971], [-112.2388, 33.6971], [-112.2388, 33.698], [-112.2378, 33.698], [-112.2378, 33.7035], [-112.242, 33.7035], [-112.242, 33.7053], [-112.2428, 33.7053], [-112.2428, 33.705], [-112.2441, 33.705], [-112.2443, 33.7034]]]}, "properties": {"CityName": "UNINCORPORATED MARICOPA COUNTY"}}, {"type": "Feature", "geometry": {"type": "Polygon", "coordinates": [[[-112.0805, 33.7094], [-112.0824, 33.7094], [-112.0824, 33.7076], [-112.0805, 33.7076], [-112.0805, 33.7094]]]}, "properties": {"CityName": "UNINCORPORATED MARICOPA COUNTY"}}, {"type": "Feature", "geometry": {"type": "Polygon", "coordinates": [[[-112.0486, 33.7126], [-112.0572, 33.7124], [-112.0571, 33.6984], [-112.0486, 33.6986], [-112.0486, 33.7126]]]}, "properties": {"CityName": "UNINCORPORATED MARICOPA COUNTY"}}, {"type": "Feature", "geometry": {"type": "Polygon", "coordinates": [[[-112.0837, 33.7129], [-112.0902, 33.7128], [-112.0903, 33.7111], [-112.0892, 33.7111], [-112.0892, 33.71], [-112.0982, 33.7098], [-112.0982, 33.7092], [-112.0957, 33.7092], [-112.0957, 33.7074], [-112.0977, 33.7075], [-112.0977, 33.7083], [-112.0982, 33.7083], [-112.0982, 33.7065], [-112.096, 33.7065], [-112.096, 33.7057], [-112.0949, 33.7057], [-112.0948, 33.7065], [-112.0937, 33.7065], [-112.0937, 33.7093], [-112.0903, 33.7093], [-112.0904, 33.7075], [-112.0881, 33.7075], [-112.0882, 33.7057], [-112.0859, 33.7057], [-112.0859, 33.7068], [-112.0848, 33.7068], [-112.0848, 33.7094], [-112.0837, 33.7094], [-112.0837, 33.7076], [-112.0826, 33.7076], [-112.0828, 33.7129], [-112.0837, 33.7129]]]}, "properties": {"CityName": "UNINCORPORATED MARICOPA COUNTY"}}, {"type": "Feature", "geometry": {"type": "Polygon", "coordinates": [[[-112.0998, 33.7246], [-112.0998, 33.7246], [-112.0998, 33.7245], [-112.0998, 33.7246]]]}, "properties": {"CityName": "UNINCORPORATED MARICOPA COUNTY"}}, {"type": "Feature", "geometry": {"type": "Polygon", "coordinates": [[[-112.2746, 33.7231], [-112.2747, 33.7248], [-112.2779, 33.7248], [-112.2778, 33.723], [-112.2795, 33.723], [-112.2795, 33.7248], [-112.2817, 33.7246], [-112.2814, 33.7143], [-112.2815, 33.7179], [-112.275, 33.7178], [-112.2751, 33.7214], [-112.2746, 33.7214], [-112.2746, 33.7231]]]}, "properties": {"CityName": "UNINCORPORATED MARICOPA COUNTY"}}, {"type": "Feature", "geometry": {"type": "Polygon", "coordinates": [[[-112.0983, 33.7247], [-112.0983, 33.7256], [-112.0996, 33.7256], [-112.0998, 33.7246], [-112.0983, 33.7247]]]}, "properties": {"CityName": "UNINCORPORATED MARICOPA COUNTY"}}, {"type": "Feature", "geometry": {"type": "Polygon", "coordinates": [[[-112.0659, 33.7257], [-112.0831, 33.7257], [-112.0831, 33.7254], [-112.0852, 33.7253], [-112.0853, 33.7257], [-112.0874, 33.7257], [-112.0896, 33.725], [-112.0896, 33.7257], [-112.0956, 33.7256], [-112.0951, 33.7252], [-112.0961, 33.7252], [-112.0961, 33.7256], [-112.0972, 33.7256], [-112.0973, 33.7228], [-112.0998, 33.7228], [-112.0998, 33.721], [-112.0989, 33.721], [-112.0989, 33.7201], [-112.0999, 33.7201], [-112.0998, 33.7183], [-112.0971, 33.7183], [-112.0971, 33.7165], [-112.0959, 33.7165], [-112.0959, 33.7138], [-112.0947, 33.7138], [-112.0947, 33.7147], [-112.0925, 33.7147], [-112.0924, 33.713], [-112.0913, 33.713], [-112.0914, 33.7147], [-112.0901, 33.7148], [-112.0901, 33.7157], [-112.0914, 33.7156], [-112.0915, 33.7184], [-112.0909, 33.7184], [-112.0909, 33.7174], [-112.0898, 33.7174], [-112.0899, 33.7184], [-112.0893, 33.7184], [-112.0893, 33.7175], [-112.0871, 33.7175], [-112.0871, 33.7166], [-112.0892, 33.7166], [-112.0891, 33.713], [-112.0859, 33.7131], [-112.0859, 33.7148], [-112.0848, 33.7148], [-112.0848, 33.7131], [-112.0826, 33.7132], [-112.0829, 33.7203], [-112.0658, 33.7201], [-112.0659, 33.7257]]]}, "properties": {"CityName": "UNINCORPORATED MARICOPA COUNTY"}}, {"type": "Feature", "geometry": {"type": "Polygon", "coordinates": [[[-112.4122, 33.7247], [-112.4122, 33.7388], [-112.4297, 33.7388], [-112.4296, 33.7314], [-112.4244, 33.7314], [-112.4209, 33.727], [-112.4209, 33.7247], [-112.4122, 33.7247]]]}, "properties": {"CityName": "UNINCORPORATED MARICOPA COUNTY"}}, {"type": "Feature", "geometry": {"type": "Polygon", "coordinates": [[[-111.9879, 33.742], [-111.9879, 33.7429], [-111.989, 33.7429], [-111.989, 33.742], [-111.9879, 33.742]]]}, "properties": {"CityName": "UNINCORPORATED MARICOPA COUNTY"}}, {"type": "Feature", "geometry": {"type": "Polygon", "coordinates": [[[-112.3427, 33.7276], [-112.3427, 33.7313], [-112.3513, 33.7313], [-112.3513, 33.7385], [-112.36, 33.7385], [-112.36, 33.753], [-112.41, 33.7531], [-112.3949, 33.7529], [-112.3949, 33.7249], [-112.4091, 33.7249], [-112.4091, 33.7221], [-112.4076, 33.7221], [-112.4076, 33.7184], [-112.4054, 33.7184], [-112.4054, 33.7202], [-112.4033, 33.7203], [-112.4032, 33.7185], [-112.3913, 33.7185], [-112.3913, 33.7166], [-112.3817, 33.7166], [-112.3817, 33.7221], [-112.386, 33.7222], [-112.386, 33.7248], [-112.3802, 33.7248], [-112.3802, 33.7262], [-112.3774, 33.7262], [-112.3773, 33.7248], [-112.3515, 33.7249], [-112.3515, 33.7221], [-112.3601, 33.7221], [-112.3601, 33.7186], [-112.3514, 33.7186], [-112.3514, 33.7146], [-112.3556, 33.7123], [-112.36, 33.7112], [-112.3599, 33.6944], [-112.3633, 33.6957], [-112.375, 33.6954], [-112.3894, 33.6919], [-112.3918, 33.6908], [-112.3944, 33.6886], [-112.3944, 33.6927], [-112.3998, 33.6904], [-112.4003, 33.6909], [-112.3988, 33.692], [-112.3988, 33.6931], [-112.4, 33.6931], [-112.3966, 33.6958], [-112.3966, 33.6967], [-112.4074, 33.6967], [-112.4074, 33.6949], [-112.4063, 33.6949], [-112.4063, 33.6931], [-112.4052, 33.6931], [-112.4052, 33.6949], [-112.3987, 33.6949], [-112.4044, 33.6895], [-112.4074, 33.6895], [-112.4074, 33.6886], [-112.4091, 33.6886], [-112.4092, 33.6849], [-112.3421, 33.6328], [-112.3421, 33.6332], [-112.3569, 33.6448], [-112.3555, 33.646], [-112.3475, 33.6435], [-112.3421, 33.6434], [-112.3398, 33.6403], [-112.3394, 33.6388], [-112.3183, 33.6388], [-112.3183, 33.6423], [-112.312, 33.6423], [-112.3121, 33.6677], [-112.3078, 33.6677], [-112.3078, 33.6525], [-112.3029, 33.6525], [-112.303, 33.667], [-112.2986, 33.6671], [-112.2997, 33.6672], [-112.2994, 33.6743], [-112.2986, 33.6743], [-112.2986, 33.677], [-112.2991, 33.6775], [-112.2996, 33.6762], [-112.3, 33.678], [-112.303, 33.6779], [-112.303, 33.6802], [-112.3016, 33.6816], [-112.2987, 33.6806], [-112.298, 33.6824], [-112.2984, 33.6827], [-112.2979, 33.6827], [-112.2976, 33.684], [-112.2979, 33.6842], [-112.2975, 33.6842], [-112.2967, 33.6871], [-112.2971, 33.6873], [-112.2967, 33.6873], [-112.2942, 33.693], [-112.2942, 33.6926], [-112.2899, 33.6927], [-112.2899, 33.6997], [-112.2896, 33.6982], [-112.2887, 33.6982], [-112.2881, 33.6992], [-112.2872, 33.6992], [-112.2872, 33.6982], [-112.2854, 33.6986], [-112.2853, 33.6963], [-112.2767, 33.6967], [-112.2767, 33.698], [-112.2746, 33.698], [-112.2746, 33.6989], [-112.2741, 33.6989], [-112.2742, 33.7007], [-112.2747, 33.7007], [-112.2746, 33.7035], [-112.2768, 33.7035], [-112.2769, 33.7107], [-112.2783, 33.7107], [-112.2783, 33.712], [-112.2813, 33.713], [-112.2812, 33.7106], [-112.2855, 33.7108], [-112.2855, 33.7072], [-112.2898, 33.7072], [-112.2898, 33.7109], [-112.2943, 33.7108], [-112.2944, 33.7133], [-112.3081, 33.7131], [-112.308, 33.7039], [-112.3166, 33.7039], [-112.3168, 33.7186], [-112.3164, 33.7203], [-112.3168, 33.7204], [-112.3168, 33.7249], [-112.3285, 33.7249], [-112.3299, 33.7235], [-112.3353, 33.7238], [-112.3426, 33.7209], [-112.3427, 33.7276]]]}, "properties": {"CityName": "UNINCORPORATED MARICOPA COUNTY"}}, {"type": "Feature", "geometry": {"type": "Polygon", "coordinates": [[[-112.3948, 33.7639], [-112.3948, 33.7676], [-112.4034, 33.7676], [-112.4034, 33.7663], [-112.3999, 33.7663], [-112.4003, 33.7658], [-112.4034, 33.7653], [-112.4034, 33.7603], [-112.4007, 33.7603], [-112.3994, 33.761], [-112.3993, 33.7603], [-112.3947, 33.7603], [-112.3948, 33.7639]]]}, "properties": {"CityName": "UNINCORPORATED MARICOPA COUNTY"}}, {"type": "Feature", "geometry": {"type": "Polygon", "coordinates": [[[-111.9782, 33.7774], [-111.9782, 33.7762], [-111.9775, 33.7774], [-111.9782, 33.7774]]]}, "properties": {"CityName": "UNINCORPORATED MARICOPA COUNTY"}}, {"type": "Feature", "geometry": {"type": "Polygon", "coordinates": [[[-111.9694, 33.7774], [-111.9771, 33.7774], [-111.9778, 33.7762], [-111.9782, 33.7755], [-111.9782, 33.772], [-111.976, 33.772], [-111.976, 33.7703], [-111.9782, 33.7703], [-111.978, 33.7629], [-111.9694, 33.7629], [-111.9694, 33.7665], [-111.9673, 33.7665], [-111.9673, 33.7647], [-111.9651, 33.7647], [-111.9651, 33.7702], [-111.9749, 33.7703], [-111.9749, 33.772], [-111.9694, 33.772], [-111.9694, 33.7774]]]}, "properties": {"CityName": "UNINCORPORATED MARICOPA COUNTY"}}, {"type": "Feature", "geometry": {"type": "Polygon", "coordinates": [[[-112.2776, 33.7795], [-112.2862, 33.7796], [-112.2863, 33.7724], [-112.2818, 33.7723], [-112.2818, 33.7688], [-112.2861, 33.7689], [-112.2861, 33.7616], [-112.2853, 33.7616], [-112.2852, 33.7602], [-112.2842, 33.759], [-112.2873, 33.7548], [-112.2873, 33.7544], [-112.2861, 33.7544], [-112.2862, 33.7507], [-112.2905, 33.7507], [-112.2905, 33.7471], [-112.2949, 33.747], [-112.2952, 33.7298], [-112.298, 33.7249], [-112.3081, 33.7249], [-112.3081, 33.7141], [-112.2944, 33.7143], [-112.2947, 33.7249], [-112.2908, 33.7249], [-112.2908, 33.7286], [-112.2865, 33.7287], [-112.2865, 33.7397], [-112.2753, 33.7396], [-112.2747, 33.7542], [-112.2774, 33.7542], [-112.2776, 33.7795]]]}, "properties": {"CityName": "UNINCORPORATED MARICOPA COUNTY"}}, {"type": "Feature", "geometry": {"type": "Polygon", "coordinates": [[[-111.9934, 33.7792], [-111.9934, 33.781], [-111.9956, 33.781], [-111.9956, 33.7791], [-111.9934, 33.7792]]]}, "properties": {"CityName": "UNINCORPORATED MARICOPA COUNTY"}}, {"type": "Feature", "geometry": {"type": "Polygon", "coordinates": [[[-111.9782, 33.7774], [-111.9825, 33.7775], [-111.9825, 33.7756], [-111.9836, 33.7756], [-111.9836, 33.776], [-111.9842, 33.776], [-111.9842, 33.7773], [-111.9836, 33.7775], [-111.9869, 33.7775], [-111.9868, 33.781], [-111.9891, 33.781], [-111.9891, 33.7792], [-111.9912, 33.7792], [-111.9912, 33.7774], [-111.9934, 33.7774], [-111.9934, 33.7782], [-111.9956, 33.7782], [-111.9956, 33.7736], [-111.987, 33.7737], [-111.987, 33.7764], [-111.9858, 33.7764], [-111.9858, 33.7737], [-111.987, 33.7737], [-111.987, 33.7701], [-111.9842, 33.7701], [-111.9831, 33.7719], [-111.9808, 33.7719], [-111.9793, 33.7744], [-111.9793, 33.7756], [-111.9804, 33.7756], [-111.9804, 33.7773], [-111.9782, 33.7774]]]}, "properties": {"CityName": "UNINCORPORATED MARICOPA COUNTY"}}, {"type": "Feature", "geometry": {"type": "Polygon", "coordinates": [[[-111.9782, 33.7835], [-111.9782, 33.7847], [-111.9831, 33.7846], [-111.9831, 33.7834], [-111.9847, 33.7834], [-111.9847, 33.7828], [-111.9825, 33.7828], [-111.9825, 33.781], [-111.9771, 33.781], [-111.9771, 33.7829], [-111.9782, 33.7828], [-111.9782, 33.7835]]]}, "properties": {"CityName": "UNINCORPORATED MARICOPA COUNTY"}}, {"type": "Feature", "geometry": {"type": "Polygon", "coordinates": [[[-111.9435, 33.7883], [-111.9455, 33.7883], [-111.9455, 33.792], [-111.9476, 33.792], [-111.9476, 33.7847], [-111.9433, 33.7847], [-111.9433, 33.7702], [-111.9607, 33.7702], [-111.9607, 33.752], [-111.9651, 33.752], [-111.9651, 33.7556], [-111.9694, 33.7556], [-111.9694, 33.7438], [-111.9674, 33.7438], [-111.9674, 33.7412], [-111.987, 33.7411], [-111.987, 33.742], [-111.9874, 33.742], [-111.9874, 33.7412], [-111.9912, 33.7412], [-111.9912, 33.7442], [-111.9901, 33.7442], [-111.9901, 33.7433], [-111.989, 33.7433], [-111.989, 33.7456], [-111.987, 33.7456], [-111.987, 33.7482], [-111.9905, 33.7482], [-111.9901, 33.7465], [-111.9911, 33.7465], [-111.9912, 33.7482], [-111.9912, 33.7465], [-111.9934, 33.7465], [-111.9934, 33.745], [-111.9938, 33.7447], [-111.9956, 33.7447], [-111.9955, 33.7302], [-111.9868, 33.7302], [-111.9868, 33.7284], [-111.9825, 33.7284], [-111.9825, 33.7313], [-111.983, 33.7311], [-111.9831, 33.732], [-111.9825, 33.732], [-111.9825, 33.7374], [-111.9847, 33.7374], [-111.9847, 33.7409], [-111.9782, 33.7409], [-111.9782, 33.7403], [-111.9772, 33.7411], [-111.9346, 33.7413], [-111.9346, 33.7484], [-111.939, 33.7484], [-111.939, 33.7521], [-111.9389, 33.7558], [-111.9346, 33.7558], [-111.9346, 33.7884], [-111.9435, 33.7883]]]}, "properties": {"CityName": "UNINCORPORATED MARICOPA COUNTY"}}, {"type": "Feature", "geometry": {"type": "Polygon", "coordinates": [[[-111.9673, 33.7956], [-111.9695, 33.7956], [-111.9695, 33.7921], [-111.9746, 33.7923], [-111.9743, 33.7954], [-111.978, 33.7951], [-111.9779, 33.7883], [-111.9707, 33.7883], [-111.9695, 33.7903], [-111.9695, 33.7919], [-111.9686, 33.7917], [-111.9672, 33.794], [-111.9673, 33.7956]]]}, "properties": {"CityName": "UNINCORPORATED MARICOPA COUNTY"}}, {"type": "Feature", "geometry": {"type": "Polygon", "coordinates": [[[-111.9598, 33.7919], [-111.9585, 33.792], [-111.9586, 33.7956], [-111.9606, 33.7956], [-111.9606, 33.792], [-111.9598, 33.7919]]]}, "properties": {"CityName": "UNINCORPORATED MARICOPA COUNTY"}}, {"type": "Feature", "geometry": {"type": "Polygon", "coordinates": [[[-111.9538, 33.8137], [-111.9544, 33.8138], [-111.9546, 33.8137], [-111.9538, 33.8137]]]}, "properties": {"CityName": "UNINCORPORATED MARICOPA COUNTY"}}, {"type": "Feature", "geometry": {"type": "Polygon", "coordinates": [[[-112.2356, 33.8272], [-112.2167, 33.8269], [-112.2167, 33.8195], [-112.208, 33.8195], [-112.2081, 33.8231], [-112.2164, 33.8231], [-112.2163, 33.8271], [-112.2356, 33.8272]]]}, "properties": {"CityName": "UNINCORPORATED MARICOPA COUNTY"}}, {"type": "Feature", "geometry": {"type": "Polygon", "coordinates": [[[-112.2036, 33.8748], [-112.2036, 33.8775], [-112.2079, 33.8774], [-112.2079, 33.8741], [-112.221, 33.874], [-112.2036, 33.8739], [-112.2036, 33.8748]]]}, "properties": {"CityName": "UNINCORPORATED MARICOPA COUNTY"}}, {"type": "Feature", "geometry": {"type": "Polygon", "coordinates": [[[-112.1471, 33.8855], [-112.1481, 33.8857], [-112.1481, 33.8847], [-112.1506, 33.8847], [-112.1501, 33.8828], [-112.147, 33.8828], [-112.1471, 33.8855]]]}, "properties": {"CityName": "UNINCORPORATED MARICOPA COUNTY"}}, {"type": "Feature", "geometry": {"type": "Polygon", "coordinates": [[[-112.763, 33.9562], [-112.7652, 33.9562], [-112.763, 33.9562], [-112.763, 33.9562]]]}, "properties": {"CityName": "UNINCORPORATED MARICOPA COUNTY"}}, {"type": "Feature", "geometry": {"type": "Polygon", "coordinates": [[[-112.7804, 33.9563], [-112.7826, 33.9563], [-112.7826, 33.9527], [-112.7804, 33.9527], [-112.7804, 33.9563]]]}, "properties": {"CityName": "UNINCORPORATED MARICOPA COUNTY"}}, {"type": "Feature", "geometry": {"type": "Polygon", "coordinates": [[[-112.7543, 33.9999], [-112.7628, 33.9998], [-112.7578, 33.9979], [-112.7545, 33.9953], [-112.7533, 33.9963], [-112.7517, 33.9957], [-112.753, 33.994], [-112.7502, 33.9924], [-112.7472, 33.9925], [-112.7464, 33.9917], [-112.745, 33.9917], [-112.7454, 33.9906], [-112.743, 33.9894], [-112.7422, 33.9902], [-112.7414, 33.99], [-112.7414, 33.9926], [-112.7437, 33.9998], [-112.7543, 33.9999]]]}, "properties": {"CityName": "UNINCORPORATED MARICOPA COUNTY"}}, {"type": "Feature", "geometry": {"type": "Polygon", "coordinates": [[[-112.4613, 33.6823], [-112.4613, 33.7244], [-112.4688, 33.7243], [-112.4689, 33.7277], [-112.4732, 33.7277], [-112.4732, 33.7313], [-112.4775, 33.7313], [-112.4775, 33.7349], [-112.4796, 33.7349], [-112.4799, 33.7384], [-112.4818, 33.7385], [-112.4818, 33.7532], [-112.4955, 33.7532], [-112.5205, 33.7727], [-112.5205, 33.774], [-112.5162, 33.7741], [-112.5162, 33.7854], [-112.5131, 33.7854], [-112.5131, 33.7859], [-112.5162, 33.7859], [-112.5162, 33.7931], [-112.5205, 33.7931], [-112.5205, 33.7967], [-112.5162, 33.7967], [-112.5162, 33.8149], [-112.51, 33.8148], [-112.5101, 33.8185], [-112.4992, 33.8185], [-112.4992, 33.8112], [-112.4818, 33.8112], [-112.4818, 33.8149], [-112.4796, 33.8149], [-112.4797, 33.8185], [-112.4818, 33.8185], [-112.4818, 33.8257], [-112.4644, 33.8257], [-112.4644, 33.8112], [-112.4557, 33.8112], [-112.4557, 33.7931], [-112.46, 33.7931], [-112.46, 33.7894], [-112.4557, 33.7894], [-112.4557, 33.7749], [-112.4644, 33.7749], [-112.4644, 33.7822], [-112.4818, 33.7822], [-112.4818, 33.7749], [-112.4731, 33.7749], [-112.4731, 33.7677], [-112.4644, 33.7677], [-112.4644, 33.764], [-112.46, 33.764], [-112.4601, 33.7586], [-112.4644, 33.7586], [-112.4644, 33.7532], [-112.447, 33.7386], [-112.4469, 33.753], [-112.4123, 33.753], [-112.4124, 33.7586], [-112.421, 33.7586], [-112.421, 33.7604], [-112.4123, 33.7604], [-112.4123, 33.7821], [-112.4471, 33.7821], [-112.4471, 33.8322], [-112.4297, 33.829], [-112.4297, 33.8838], [-112.3774, 33.8836], [-112.3775, 33.825], [-112.3763, 33.8252], [-112.3719, 33.8265], [-112.3628, 33.8315], [-112.3568, 33.8338], [-112.3496, 33.8355], [-112.3426, 33.8359], [-112.3427, 33.8973], [-112.3417, 33.8974], [-112.3419, 33.899], [-112.7109, 33.9916], [-112.711, 33.9853], [-112.7023, 33.9853], [-112.7023, 33.9835], [-112.7044, 33.9835], [-112.7044, 33.9826], [-112.7023, 33.9826], [-112.7024, 33.9744], [-112.7067, 33.9744], [-112.707, 33.9597], [-112.7092, 33.9597], [-112.7092, 33.9633], [-112.711, 33.9633], [-112.711, 33.9608], [-112.7129, 33.9606], [-112.7115, 33.959], [-112.7124, 33.9585], [-112.7127, 33.959], [-112.714, 33.9586], [-112.7144, 33.9601], [-112.7157, 33.9601], [-112.7158, 33.9562], [-112.718, 33.9562], [-112.7201, 33.9584], [-112.7201, 33.9578], [-112.7131, 33.9495], [-112.7114, 33.9465], [-112.7114, 33.9454], [-112.7104, 33.9454], [-112.707, 33.9424], [-112.707, 33.9417], [-112.7631, 33.9418], [-112.7631, 33.9454], [-112.7652, 33.9454], [-112.7652, 33.9472], [-112.7642, 33.9472], [-112.7641, 33.9479], [-112.7631, 33.9479], [-112.763, 33.9526], [-112.7652, 33.9526], [-112.7652, 33.9521], [-112.7663, 33.9521], [-112.7663, 33.9526], [-112.7674, 33.9526], [-112.7674, 33.9517], [-112.7684, 33.9517], [-112.7685, 33.9503], [-112.7679, 33.9503], [-112.7679, 33.9499], [-112.7685, 33.9499], [-112.7688, 33.9472], [-112.7709, 33.9472], [-112.7716, 33.9473], [-112.7717, 33.9527], [-112.7737, 33.9489], [-112.782, 33.9413], [-112.7839, 33.9384], [-112.7883, 33.9345], [-112.7893, 33.932], [-112.7891, 33.9563], [-112.7993, 33.9563], [-112.7986, 33.9494], [-112.8017, 33.9486], [-112.8043, 33.9461], [-112.8093, 33.9485], [-112.8243, 33.9485], [-112.8243, 33.9563], [-112.8068, 33.9563], [-112.8068, 33.9619], [-112.8087, 33.961], [-112.8104, 33.9636], [-112.8243, 33.9636], [-112.8243, 33.9647], [-112.833, 33.9647], [-112.833, 33.9865], [-112.8243, 33.9865], [-112.8243, 33.9708], [-112.8067, 33.9708], [-112.8068, 33.9853], [-112.7709, 33.9853], [-112.7717, 33.9867], [-112.7718, 33.9889], [-112.7676, 33.9889], [-112.7676, 33.987], [-112.7654, 33.987], [-112.7647, 33.9898], [-112.7656, 33.9912], [-112.7656, 33.9925], [-112.7666, 33.9925], [-112.7683, 33.9951], [-112.7669, 33.9951], [-112.7669, 33.9962], [-112.7718, 33.9962], [-112.7719, 33.9998], [-113.3338, 33.9999], [-113.3337, 32.5052], [-112.8757, 32.505], [-112.7507, 32.5056], [-112.6258, 32.505], [-112.5007, 32.5053], [-112.5007, 32.505], [-112.3013, 32.5066], [-112.2039, 32.5067], [-112.2036, 32.6082], [-112.2039, 32.6665], [-112.2036, 32.6808], [-112.2039, 32.7389], [-112.203, 33.0146], [-112.2116, 33.0146], [-112.2116, 33.0219], [-112.2159, 33.0219], [-112.2159, 33.0291], [-112.2201, 33.0291], [-112.2201, 33.0436], [-112.2244, 33.0436], [-112.2244, 33.0291], [-112.2374, 33.0291], [-112.2375, 33.0145], [-112.2633, 33.0146], [-112.2633, 33.0182], [-112.2719, 33.0182], [-112.2719, 33.0146], [-112.2784, 33.0146], [-112.2784, 33.0182], [-112.2762, 33.0182], [-112.2762, 33.0201], [-112.2805, 33.0201], [-112.2805, 33.0146], [-112.3063, 33.0146], [-112.3063, 33.0436], [-112.3148, 33.0436], [-112.3149, 33.0509], [-112.3063, 33.0509], [-112.3063, 33.0582], [-112.3149, 33.0582], [-112.3149, 33.0654], [-112.302, 33.0654], [-112.302, 33.0582], [-112.2955, 33.0582], [-112.2955, 33.06], [-112.2933, 33.06], [-112.2933, 33.0618], [-112.2976, 33.0618], [-112.2976, 33.0727], [-112.3062, 33.0727], [-112.3062, 33.0859], [-112.3079, 33.0872], [-112.3149, 33.0872], [-112.3149, 33.0923], [-112.3277, 33.1018], [-112.302, 33.1017], [-112.302, 33.0944], [-112.289, 33.0944], [-112.2889, 33.0727], [-112.2734, 33.0728], [-112.2734, 33.0713], [-112.2718, 33.0713], [-112.2718, 33.0649], [-112.2702, 33.0651], [-112.2697, 33.0645], [-112.2674, 33.0648], [-112.2673, 33.0632], [-112.2645, 33.0632], [-112.2645, 33.0626], [-112.2633, 33.0626], [-112.2631, 33.0672], [-112.2545, 33.0672], [-112.2545, 33.0727], [-112.2718, 33.0728], [-112.2719, 33.1017], [-112.2545, 33.1017], [-112.2545, 33.1053], [-112.2663, 33.1053], [-112.2663, 33.1071], [-112.2631, 33.1071], [-112.2631, 33.1081], [-112.2653, 33.1081], [-112.2653, 33.109], [-112.2717, 33.1091], [-112.2718, 33.1035], [-112.2804, 33.1035], [-112.2804, 33.109], [-112.2847, 33.109], [-112.2847, 33.1017], [-112.2977, 33.1017], [-112.2977, 33.1054], [-112.3325, 33.1054], [-112.3472, 33.1162], [-112.3493, 33.1162], [-112.3493, 33.1289], [-112.3536, 33.1289], [-112.3536, 33.1271], [-112.3515, 33.1271], [-112.3515, 33.1235], [-112.3666, 33.1235], [-112.3666, 33.1307], [-112.3709, 33.1307], [-112.3709, 33.134], [-112.3924, 33.15], [-112.3924, 33.1453], [-112.4011, 33.1453], [-112.4011, 33.1525], [-112.3838, 33.1525], [-112.3838, 33.1453], [-112.3752, 33.1453], [-112.3752, 33.1598], [-112.3924, 33.1598], [-112.3924, 33.1888], [-112.3752, 33.1888], [-112.3795, 33.1888], [-112.3795, 33.1961], [-112.3838, 33.1961], [-112.3838, 33.1997], [-112.3881, 33.1997], [-112.3881, 33.2033], [-112.4094, 33.2033], [-112.4094, 33.1887], [-112.4138, 33.1887], [-112.4138, 33.1961], [-112.4224, 33.1961], [-112.4224, 33.2034], [-112.4267, 33.2034], [-112.4267, 33.1888], [-112.4612, 33.1889], [-112.4612, 33.2034], [-112.4526, 33.2034], [-112.4526, 33.2106], [-112.444, 33.2106], [-112.444, 33.2179], [-112.4612, 33.2179], [-112.4612, 33.2469], [-112.4958, 33.247], [-112.4958, 33.2615], [-112.4871, 33.2615], [-112.4871, 33.2542], [-112.4785, 33.2542], [-112.4785, 33.2615], [-112.4612, 33.2615], [-112.4612, 33.2904], [-112.4698, 33.2904], [-112.4698, 33.2977], [-112.487, 33.2976], [-112.4871, 33.3013], [-112.4698, 33.3014], [-112.4699, 33.3195], [-112.4525, 33.3194], [-112.4525, 33.3267], [-112.4482, 33.3267], [-112.4482, 33.3339], [-112.4655, 33.334], [-112.4655, 33.3485], [-112.4699, 33.3485], [-112.4695, 33.3557], [-112.4608, 33.3557], [-112.4604, 33.3629], [-112.4518, 33.3629], [-112.4518, 33.3738], [-112.4432, 33.3737], [-112.4432, 33.3774], [-112.4583, 33.3774], [-112.4583, 33.3738], [-112.4693, 33.3599], [-112.4866, 33.36], [-112.4693, 33.36], [-112.4668, 33.3629], [-112.4583, 33.3738], [-112.4583, 33.3774], [-112.4691, 33.3773], [-112.4691, 33.3757], [-112.4718, 33.3747], [-112.4777, 33.3741], [-112.4776, 33.3774], [-112.4623, 33.3773], [-112.4623, 33.3887], [-112.4615, 33.3887], [-112.4615, 33.3918], [-112.4696, 33.3919], [-112.4696, 33.3884], [-112.4782, 33.3884], [-112.4784, 33.3919], [-112.4781, 33.3812], [-112.4869, 33.3812], [-112.4833, 33.381], [-112.4833, 33.3795], [-112.4844, 33.3795], [-112.4844, 33.3787], [-112.4854, 33.3787], [-112.4854, 33.3776], [-112.487, 33.3776], [-112.4873, 33.3791], [-112.4869, 33.3791], [-112.4869, 33.381], [-112.4885, 33.381], [-112.4885, 33.3776], [-112.491, 33.3776], [-112.4912, 33.3782], [-112.4924, 33.3782], [-112.493, 33.3776], [-112.4999, 33.3776], [-112.4998, 33.3848], [-112.5085, 33.3849], [-112.5085, 33.3836], [-112.5043, 33.3836], [-112.5041, 33.3776], [-112.5085, 33.3777], [-112.5085, 33.3812], [-112.5128, 33.3812], [-112.5128, 33.3777], [-112.5213, 33.3777], [-112.5214, 33.3894], [-112.5142, 33.3903], [-112.5084, 33.3916], [-112.5083, 33.3885], [-112.5043, 33.3885], [-112.5043, 33.3921], [-112.505, 33.3921], [-112.4964, 33.3935], [-112.4912, 33.3959], [-112.4874, 33.394], [-112.485, 33.3936], [-112.4826, 33.3942], [-112.4826, 33.3884], [-112.4784, 33.3884], [-112.4783, 33.3956], [-112.4767, 33.3969], [-112.4768, 33.3949], [-112.4781, 33.3949], [-112.4781, 33.392], [-112.4615, 33.3918], [-112.4615, 33.3974], [-112.4661, 33.3982], [-112.4733, 33.3985], [-112.4789, 33.3979], [-112.4788, 33.3958], [-112.4826, 33.3958], [-112.4826, 33.3945], [-112.4846, 33.3939], [-112.4876, 33.3943], [-112.4899, 33.3959], [-112.4915, 33.3962], [-112.4964, 33.3937], [-112.5214, 33.3896], [-112.5214, 33.3912], [-112.5044, 33.3952], [-112.4998, 33.3959], [-112.4998, 33.3933], [-112.496, 33.3939], [-112.4917, 33.3963], [-112.4917, 33.397], [-112.479, 33.3984], [-112.479, 33.399], [-112.5041, 33.3959], [-112.5214, 33.3918], [-112.5214, 33.3914], [-112.5214, 33.3922], [-112.5387, 33.3922], [-112.5388, 33.3877], [-112.573, 33.3796], [-112.573, 33.3778], [-112.5722, 33.3779], [-112.562, 33.3796], [-112.5576, 33.3812], [-112.5521, 33.3817], [-112.5474, 33.3832], [-112.5474, 33.3851], [-112.5388, 33.3871], [-112.5388, 33.3861], [-112.5385, 33.3871], [-112.5331, 33.3886], [-112.5301, 33.3886], [-112.5228, 33.3896], [-112.5228, 33.391], [-112.5216, 33.3913], [-112.5216, 33.3896], [-112.5282, 33.389], [-112.5353, 33.3871], [-112.552, 33.3816], [-112.5576, 33.3811], [-112.562, 33.3795], [-112.5725, 33.3777], [-112.5714, 33.3771], [-112.5724, 33.3758], [-112.573, 33.3759], [-112.5731, 33.3746], [-112.5721, 33.3745], [-112.572, 33.3758], [-112.5709, 33.3758], [-112.5715, 33.3765], [-112.5692, 33.3774], [-112.5563, 33.3775], [-112.5614, 33.3777], [-112.5614, 33.3795], [-112.5562, 33.3811], [-112.556, 33.3795], [-112.554, 33.3794], [-112.554, 33.3777], [-112.5561, 33.3776], [-112.5529, 33.3776], [-112.5529, 33.3812], [-112.5475, 33.3812], [-112.5475, 33.3828], [-112.5431, 33.3841], [-112.5431, 33.3836], [-112.5402, 33.3836], [-112.5402, 33.3842], [-112.5429, 33.3842], [-112.5388, 33.3857], [-112.539, 33.3777], [-112.5448, 33.3776], [-112.5449, 33.3789], [-112.5455, 33.3789], [-112.5454, 33.3776], [-112.5469, 33.3774], [-112.534, 33.3775], [-112.534, 33.3767], [-112.5349, 33.3767], [-112.5351, 33.3755], [-112.5384, 33.3755], [-112.5385, 33.3702], [-112.5557, 33.3703], [-112.5559, 33.3632], [-112.5387, 33.3631], [-112.5388, 33.3594], [-112.5387, 33.3629], [-112.5323, 33.3629], [-112.5323, 33.3593], [-112.5044, 33.3594], [-112.5044, 33.36], [-112.4867, 33.3599], [-112.5043, 33.36], [-112.5044, 33.3594], [-112.5214, 33.3593], [-112.5778, 33.3596], [-112.5778, 33.3559], [-112.5906, 33.3558], [-112.5909, 33.3487], [-112.5998, 33.3486], [-112.5998, 33.345], [-112.6081, 33.343], [-112.6081, 33.3377], [-112.6208, 33.3376], [-112.6208, 33.334], [-112.6124, 33.334], [-112.6124, 33.3304], [-112.6228, 33.3304], [-112.6231, 33.3395], [-112.6239, 33.3393], [-112.6235, 33.322], [-112.6267, 33.3054], [-112.66, 33.3052], [-112.66, 33.2907], [-112.6676, 33.2907], [-112.6676, 33.2758], [-112.6849, 33.2758], [-112.6849, 33.2613], [-112.6503, 33.2612], [-112.6503, 33.236], [-112.6849, 33.2362], [-112.6849, 33.2289], [-112.7114, 33.229], [-112.7114, 33.2298], [-112.7375, 33.2299], [-112.7374, 33.2333], [-112.7396, 33.2333], [-112.7395, 33.2352], [-112.7438, 33.2353], [-112.7438, 33.2333], [-112.7631, 33.2334], [-112.763, 33.2515], [-112.7497, 33.2514], [-112.7499, 33.2588], [-112.7628, 33.2587], [-112.7631, 33.2692], [-112.759, 33.2692], [-112.7592, 33.2726], [-112.7635, 33.2724], [-112.7637, 33.2758], [-112.7593, 33.2759], [-112.7594, 33.2902], [-112.7637, 33.2902], [-112.7637, 33.3027], [-112.7616, 33.3028], [-112.7616, 33.3046], [-112.7594, 33.3046], [-112.7594, 33.3082], [-112.7507, 33.3082], [-112.7507, 33.312], [-112.7442, 33.312], [-112.7442, 33.3102], [-112.7334, 33.3102], [-112.7334, 33.3084], [-112.7291, 33.3084], [-112.7291, 33.3065], [-112.7247, 33.3067], [-112.7247, 33.3048], [-112.7075, 33.3052], [-112.7074, 33.3088], [-112.6902, 33.3089], [-112.6901, 33.3142], [-112.6858, 33.3142], [-112.6858, 33.3124], [-112.6815, 33.3124], [-112.6815, 33.3159], [-112.6945, 33.316], [-112.6945, 33.3124], [-112.7117, 33.3125], [-112.7117, 33.3195], [-112.7031, 33.3195], [-112.7031, 33.3231], [-112.6728, 33.3231], [-112.6728, 33.3267], [-112.6598, 33.3268], [-112.6598, 33.3303], [-112.6426, 33.3304], [-112.6426, 33.3349], [-112.6772, 33.3267], [-112.6772, 33.3338], [-112.6939, 33.3338], [-112.6939, 33.3334], [-112.6944, 33.3334], [-112.6951, 33.3334], [-112.6951, 33.3338], [-112.715, 33.3339], [-112.7217, 33.3485], [-112.727, 33.3522], [-112.7291, 33.3557], [-112.7353, 33.363], [-112.7465, 33.3776], [-112.7467, 33.4138], [-112.751, 33.4138], [-112.751, 33.4174], [-112.7499, 33.4174], [-112.7499, 33.4193], [-112.751, 33.4193], [-112.7511, 33.4356], [-112.7554, 33.4356], [-112.7555, 33.4564], [-112.7468, 33.4544], [-112.7469, 33.4648], [-112.7436, 33.4648], [-112.7436, 33.4655], [-112.7469, 33.4655], [-112.747, 33.4831], [-112.7427, 33.4818], [-112.7426, 33.4792], [-112.7383, 33.4791], [-112.7383, 33.4855], [-112.7405, 33.4855], [-112.7405, 33.4828], [-112.7427, 33.4828], [-112.7427, 33.4821], [-112.747, 33.4835], [-112.747, 33.4937], [-112.7384, 33.4937], [-112.7384, 33.5009], [-112.7341, 33.5009], [-112.7341, 33.4928], [-112.7362, 33.4928], [-112.7362, 33.4864], [-112.7297, 33.4864], [-112.7296, 33.4648], [-112.7123, 33.4648], [-112.7123, 33.4719], [-112.7123, 33.4792], [-112.721, 33.4791], [-112.721, 33.4864], [-112.7232, 33.4864], [-112.7232, 33.49], [-112.7297, 33.49], [-112.7297, 33.4918], [-112.7232, 33.4919], [-112.7232, 33.4937], [-112.7221, 33.4937], [-112.7221, 33.4946], [-112.7211, 33.4946], [-112.7211, 33.5073], [-112.7223, 33.5073], [-112.7223, 33.5082], [-112.7288, 33.5082], [-112.7288, 33.5072], [-112.7297, 33.5072], [-112.7298, 33.5082], [-112.7385, 33.5082], [-112.7385, 33.5227], [-112.7472, 33.5227], [-112.7472, 33.5372], [-112.7299, 33.5372], [-112.7298, 33.5517], [-112.7125, 33.5518], [-112.7125, 33.5808], [-112.7298, 33.5808], [-112.7299, 33.588], [-112.7472, 33.588], [-112.7472, 33.5953], [-112.7818, 33.5953], [-112.7818, 33.6098], [-112.8192, 33.6099], [-112.8239, 33.6154], [-112.8274, 33.6256], [-112.829, 33.6492], [-112.8282, 33.656], [-112.8291, 33.6608], [-112.8312, 33.6643], [-112.8287, 33.6643], [-112.8287, 33.6679], [-112.8157, 33.6679], [-112.8157, 33.7242], [-112.7471, 33.7242], [-112.7471, 33.7114], [-112.7298, 33.7114], [-112.7298, 33.7242], [-112.7124, 33.7242], [-112.7124, 33.7114], [-112.6951, 33.7114], [-112.6951, 33.7041], [-112.6865, 33.7041], [-112.6865, 33.6968], [-112.6778, 33.6968], [-112.6778, 33.7242], [-112.6813, 33.7242], [-112.6813, 33.7262], [-112.6791, 33.7262], [-112.6791, 33.7287], [-112.6813, 33.7287], [-112.6813, 33.7385], [-112.6552, 33.7385], [-112.6552, 33.7242], [-112.6692, 33.7242], [-112.6692, 33.7113], [-112.6084, 33.7114], [-112.6084, 33.6608], [-112.6275, 33.6607], [-112.6357, 33.6594], [-112.6582, 33.6575], [-112.6684, 33.6588], [-112.6727, 33.6584], [-112.6753, 33.6575], [-112.6778, 33.6557], [-112.6896, 33.6438], [-112.6915, 33.6399], [-112.6913, 33.6359], [-112.6877, 33.6292], [-112.6868, 33.6254], [-112.6865, 33.575], [-112.6854, 33.5715], [-112.6795, 33.5609], [-112.6781, 33.5554], [-112.6779, 33.4647], [-112.6775, 33.4647], [-112.6776, 33.4863], [-112.6772, 33.4936], [-112.6776, 33.5548], [-112.6791, 33.5611], [-112.6849, 33.5716], [-112.6861, 33.5755], [-112.6863, 33.6254], [-112.6873, 33.6294], [-112.6909, 33.6361], [-112.6912, 33.6388], [-112.6907, 33.641], [-112.6889, 33.6439], [-112.6772, 33.6556], [-112.6745, 33.6573], [-112.6719, 33.6582], [-112.6682, 33.6583], [-112.6582, 33.6569], [-112.6352, 33.6589], [-112.6264, 33.6603], [-112.6084, 33.6604], [-112.6084, 33.6533], [-112.6258, 33.6533], [-112.6258, 33.6388], [-112.6431, 33.6388], [-112.6431, 33.6243], [-112.6691, 33.6242], [-112.6692, 33.5519], [-112.6258, 33.5519], [-112.6258, 33.5447], [-112.6084, 33.5446], [-112.6084, 33.5374], [-112.6258, 33.5375], [-112.6256, 33.5229], [-112.5872, 33.5231], [-112.5872, 33.5519], [-112.5481, 33.5516], [-112.5483, 33.5373], [-112.4962, 33.537], [-112.496, 33.5226], [-112.4901, 33.5226], [-112.4858, 33.525], [-112.4858, 33.5268], [-112.484, 33.5278], [-112.4881, 33.5298], [-112.4858, 33.5298], [-112.4858, 33.5307], [-112.4837, 33.5295], [-112.4829, 33.5298], [-112.485, 33.5321], [-112.4828, 33.5321], [-112.4828, 33.5326], [-112.4821, 33.5326], [-112.4821, 33.5331], [-112.4836, 33.5335], [-112.4836, 33.5342], [-112.4822, 33.5337], [-112.4822, 33.5352], [-112.4818, 33.5352], [-112.4813, 33.534], [-112.4801, 33.5344], [-112.4801, 33.5355], [-112.4796, 33.5355], [-112.4796, 33.5371], [-112.4696, 33.5371], [-112.4697, 33.526], [-112.4639, 33.5261], [-112.4623, 33.5228], [-112.4789, 33.5228], [-112.479, 33.5154], [-112.4961, 33.5153], [-112.4961, 33.5009], [-112.4788, 33.5009], [-112.4788, 33.4973], [-112.4756, 33.4973], [-112.4756, 33.495], [-112.474, 33.495], [-112.474, 33.497], [-112.4701, 33.497], [-112.4701, 33.4936], [-112.4756, 33.4936], [-112.4756, 33.4919], [-112.4787, 33.4919], [-112.4787, 33.472], [-112.4702, 33.4719], [-112.4702, 33.4791], [-112.4617, 33.4791], [-112.4617, 33.4755], [-112.4624, 33.4755], [-112.4624, 33.4751], [-112.4616, 33.4751], [-112.4615, 33.4729], [-112.4614, 33.4212], [-112.4615, 33.5806], [-112.4096, 33.5807], [-112.47, 33.5806], [-112.47, 33.5901], [-112.4677, 33.5951], [-112.4616, 33.5951], [-112.4616, 33.6096], [-112.4636, 33.6096], [-112.4624, 33.6171], [-112.4623, 33.6309], [-112.4596, 33.6385], [-112.4792, 33.6383], [-112.4854, 33.6394], [-112.4903, 33.6419], [-112.5032, 33.652], [-112.5076, 33.6548], [-112.5141, 33.6578], [-112.5211, 33.6598], [-112.5303, 33.6607], [-112.6082, 33.6606], [-112.6082, 33.6967], [-112.5821, 33.6967], [-112.5821, 33.724], [-112.5682, 33.724], [-112.5682, 33.7385], [-112.5642, 33.7385], [-112.5642, 33.724], [-112.5423, 33.724], [-112.5423, 33.726], [-112.5336, 33.726], [-112.5336, 33.732], [-112.5279, 33.7287], [-112.5249, 33.731], [-112.5249, 33.7274], [-112.5308, 33.7241], [-112.5131, 33.724], [-112.5132, 33.675], [-112.5047, 33.675], [-112.5047, 33.6678], [-112.4874, 33.6677], [-112.4872, 33.6823], [-112.4613, 33.6823]], [[-112.6553, 33.7714], [-112.6552, 33.7389], [-112.6813, 33.7389], [-112.6813, 33.7532], [-112.6726, 33.7532], [-112.6726, 33.7678], [-112.6639, 33.7677], [-112.664, 33.7859], [-112.6596, 33.7859], [-112.6596, 33.7931], [-112.664, 33.7931], [-112.6639, 33.8113], [-112.6552, 33.8113], [-112.6553, 33.7714]], [[-112.82, 33.6099], [-112.8417, 33.6099], [-112.8417, 33.6244], [-112.859, 33.6244], [-112.8591, 33.6679], [-112.834, 33.6679], [-112.8331, 33.6665], [-112.8331, 33.6643], [-112.8316, 33.6643], [-112.8297, 33.6612], [-112.8286, 33.6563], [-112.8293, 33.6491], [-112.8277, 33.6252], [-112.8252, 33.619], [-112.8246, 33.6159], [-112.8201, 33.6108], [-112.8196, 33.6099], [-112.82, 33.6099]], [[-112.8336, 33.6679], [-112.8331, 33.6679], [-112.8331, 33.6671], [-112.8336, 33.6679]], [[-112.6676, 33.2177], [-112.6676, 33.2325], [-112.6425, 33.2319], [-112.6441, 33.2213], [-112.6438, 33.2213], [-112.6445, 33.2176], [-112.645, 33.2176], [-112.6451, 33.217], [-112.6457, 33.217], [-112.6458, 33.2166], [-112.6453, 33.2165], [-112.6463, 33.2112], [-112.6468, 33.2109], [-112.6464, 33.2109], [-112.6471, 33.2069], [-112.6485, 33.2031], [-112.6503, 33.2003], [-112.6503, 33.1708], [-112.6414, 33.1708], [-112.6415, 33.1744], [-112.6328, 33.1744], [-112.6328, 33.1673], [-112.6502, 33.1672], [-112.6502, 33.16], [-112.6414, 33.16], [-112.6415, 33.1458], [-112.6587, 33.1457], [-112.6587, 33.1419], [-112.6673, 33.1419], [-112.6673, 33.1492], [-112.6778, 33.1491], [-112.6829, 33.1634], [-112.6802, 33.1646], [-112.6812, 33.1661], [-112.6835, 33.1646], [-112.6934, 33.1789], [-112.6933, 33.1889], [-112.676, 33.1897], [-112.6675, 33.1892], [-112.676, 33.1898], [-112.6934, 33.189], [-112.6935, 33.2033], [-112.6848, 33.2033], [-112.6848, 33.2069], [-112.6719, 33.2068], [-112.6719, 33.2177], [-112.6676, 33.2177]], [[-112.6158, 33.2321], [-112.6158, 33.2466], [-112.6376, 33.2468], [-112.6231, 33.316], [-112.6168, 33.316], [-112.6168, 33.3196], [-112.6082, 33.3196], [-112.6082, 33.3232], [-112.6043, 33.3232], [-112.6043, 33.3268], [-112.5955, 33.327], [-112.5955, 33.3305], [-112.5908, 33.3306], [-112.5908, 33.3342], [-112.5822, 33.3342], [-112.5821, 33.3487], [-112.5778, 33.3487], [-112.5778, 33.3523], [-112.5734, 33.3524], [-112.5736, 33.3342], [-112.5562, 33.3341], [-112.5565, 33.3052], [-112.556, 33.2906], [-112.5127, 33.2904], [-112.5127, 33.2398], [-112.5044, 33.2397], [-112.5044, 33.2325], [-112.5086, 33.2325], [-112.5086, 33.2252], [-112.5001, 33.2252], [-112.5001, 33.2325], [-112.4958, 33.2325], [-112.4959, 33.131], [-112.599, 33.1312], [-112.6153, 33.1312], [-112.6152, 33.1305], [-112.6416, 33.1309], [-112.6415, 33.142], [-112.6372, 33.1419], [-112.6371, 33.1528], [-112.6285, 33.1527], [-112.6286, 33.178], [-112.6458, 33.1781], [-112.6459, 33.1852], [-112.6427, 33.1852], [-112.6426, 33.1843], [-112.6416, 33.1843], [-112.6416, 33.1852], [-112.6329, 33.1852], [-112.6329, 33.1887], [-112.6416, 33.1888], [-112.6417, 33.1995], [-112.6467, 33.1995], [-112.6464, 33.2006], [-112.647, 33.2007], [-112.6419, 33.2273], [-112.6158, 33.2273], [-112.6158, 33.2321]], [[-112.633, 33.2285], [-112.633, 33.2277], [-112.6418, 33.2277], [-112.6402, 33.228], [-112.6402, 33.2285], [-112.633, 33.2285]], [[-112.6582, 33.109], [-112.6652, 33.109], [-112.6668, 33.1143], [-112.6667, 33.1164], [-112.6495, 33.1163], [-112.6494, 33.1018], [-112.5989, 33.1016], [-112.5988, 33.0871], [-112.6493, 33.0871], [-112.6486, 33.029], [-112.6529, 33.029], [-112.653, 33.0218], [-112.6562, 33.0218], [-112.6572, 33.0182], [-112.6572, 33.0], [-112.683, 33.0], [-112.6831, 32.9855], [-112.6745, 32.9855], [-112.6745, 32.971], [-112.6486, 32.971], [-112.6487, 32.9565], [-112.6142, 32.9564], [-112.6142, 32.9419], [-112.6126, 32.9419], [-112.6126, 32.8837], [-112.6469, 32.8837], [-112.6471, 32.891], [-112.6558, 32.891], [-112.6557, 32.8836], [-112.673, 32.8837], [-112.6729, 32.8983], [-112.6815, 32.8983], [-112.6815, 32.891], [-112.6902, 32.891], [-112.6901, 32.9128], [-112.6643, 32.9128], [-112.6643, 32.9055], [-112.6558, 32.9055], [-112.6558, 32.9128], [-112.6473, 32.9128], [-112.6471, 32.9419], [-112.6729, 32.942], [-112.6729, 32.9347], [-112.66, 32.9346], [-112.6601, 32.9274], [-112.6901, 32.9274], [-112.6901, 32.9347], [-112.7009, 32.9347], [-112.7009, 32.9322], [-112.703, 32.9326], [-112.703, 32.9347], [-112.712, 32.9346], [-112.7155, 32.9354], [-112.7155, 32.9236], [-112.7285, 32.9236], [-112.7285, 32.9273], [-112.7271, 32.9273], [-112.7242, 32.9325], [-112.7243, 32.9419], [-112.7219, 32.9419], [-112.7219, 32.9456], [-112.7349, 32.9431], [-112.7349, 32.942], [-112.7342, 32.9419], [-112.7341, 32.9413], [-112.7329, 32.9406], [-112.7329, 32.9273], [-112.8019, 32.927], [-112.8019, 32.9332], [-112.8189, 32.9307], [-112.819, 32.9414], [-112.8216, 32.9415], [-112.8217, 32.9561], [-112.8389, 32.9559], [-112.839, 32.9632], [-112.8732, 32.9629], [-112.8737, 32.9702], [-112.9082, 32.97], [-112.9085, 32.9845], [-112.8221, 32.9851], [-112.8221, 32.9998], [-112.8049, 32.9997], [-112.8045, 32.9762], [-112.8003, 32.9762], [-112.8, 32.9562], [-112.787, 32.9563], [-112.7873, 32.9709], [-112.77, 32.9709], [-112.7351, 32.9708], [-112.7367, 32.9632], [-112.7352, 32.959], [-112.7351, 32.9565], [-112.7175, 32.9564], [-112.7175, 32.9711], [-112.7346, 32.9711], [-112.7341, 32.9813], [-112.7331, 32.9818], [-112.7289, 32.9822], [-112.7251, 32.9851], [-112.7035, 32.9854], [-112.7035, 32.9892], [-112.7004, 32.9892], [-112.7003, 32.9856], [-112.7001, 32.9928], [-112.6917, 32.9928], [-112.6916, 33.0], [-112.7002, 33.0], [-112.7002, 33.0146], [-112.6786, 33.0145], [-112.6787, 33.0202], [-112.6759, 33.0202], [-112.6759, 33.0164], [-112.6658, 33.0165], [-112.6656, 33.0144], [-112.6656, 33.0401], [-112.6609, 33.0402], [-112.6616, 33.0725], [-112.6503, 33.0723], [-112.6523, 33.0774], [-112.6567, 33.0803], [-112.6579, 33.0818], [-112.658, 33.087], [-112.6669, 33.0871], [-112.6679, 33.0957], [-112.667, 33.1018], [-112.6581, 33.1017], [-112.6582, 33.109]], [[-112.7264, 32.9566], [-112.7348, 32.9567], [-112.7349, 32.9591], [-112.7365, 32.9632], [-112.7348, 32.9708], [-112.7177, 32.9709], [-112.7177, 32.9674], [-112.7198, 32.9674], [-112.7198, 32.9601], [-112.7177, 32.9601], [-112.7178, 32.9565], [-112.7264, 32.9566]], [[-112.5258, 33.3886], [-112.5258, 33.3778], [-112.5386, 33.3777], [-112.5386, 33.3858], [-112.5287, 33.3886], [-112.5258, 33.3886]], [[-112.5301, 33.3896], [-112.5359, 33.3882], [-112.5359, 33.3888], [-112.5385, 33.3888], [-112.5384, 33.3921], [-112.53, 33.3921], [-112.5301, 33.3896]], [[-112.555, 33.3812], [-112.554, 33.3812], [-112.554, 33.3807], [-112.555, 33.3807], [-112.555, 33.3812]], [[-112.5671, 33.3777], [-112.5679, 33.3777], [-112.5679, 33.3783], [-112.5656, 33.3788], [-112.5656, 33.3777], [-112.5671, 33.3777]]]}, "properties": {"CityName": "UNINCORPORATED MARICOPA COUNTY"}}, {"type": "Feature", "geometry": {"type": "Polygon", "coordinates": [[[-112.1257, 34.044], [-112.1649, 34.0482], [-112.1634, 34.0476], [-112.1627, 34.0467], [-112.1618, 34.0423], [-112.1585, 34.0438], [-112.1554, 34.0426], [-112.1537, 34.0411], [-112.1543, 34.0401], [-112.1587, 34.0401], [-112.1622, 34.0386], [-112.1638, 34.0376], [-112.1648, 34.0358], [-112.1653, 34.0333], [-112.1648, 34.0276], [-112.1621, 34.0198], [-112.1612, 34.0193], [-112.1611, 34.0177], [-112.1641, 34.0136], [-112.1654, 34.0125], [-112.1668, 34.0128], [-112.1697, 34.0169], [-112.1718, 34.0177], [-112.174, 34.017], [-112.1761, 34.0141], [-112.1818, 34.0136], [-112.1832, 34.0126], [-112.1835, 34.0099], [-112.1806, 34.0059], [-112.1806, 34.0037], [-112.1817, 34.0024], [-112.1852, 34.0004], [-112.1862, 33.9973], [-112.1896, 33.9954], [-112.1918, 33.9933], [-112.1932, 33.991], [-112.194, 33.9783], [-112.1949, 33.9763], [-112.1966, 33.9741], [-112.2019, 33.9706], [-112.2088, 33.9696], [-112.2136, 33.9679], [-112.2155, 33.9663], [-112.2144, 33.9645], [-112.2145, 33.9637], [-112.2226, 33.9603], [-112.23, 33.9543], [-112.2319, 33.954], [-112.2331, 33.9559], [-112.2348, 33.9563], [-112.2396, 33.9566], [-112.2411, 33.9561], [-112.2396, 33.9531], [-112.2403, 33.9515], [-112.24, 33.9489], [-112.2378, 33.9486], [-112.2361, 33.9476], [-112.2371, 33.945], [-112.2397, 33.9434], [-112.2412, 33.9413], [-112.2411, 33.9399], [-112.24, 33.9395], [-112.2361, 33.94], [-112.2355, 33.939], [-112.2317, 33.9361], [-112.2317, 33.9347], [-112.2345, 33.9239], [-112.235, 33.9163], [-112.2353, 33.9157], [-112.2369, 33.9149], [-112.2425, 33.9157], [-112.2435, 33.9148], [-112.2435, 33.9131], [-112.241, 33.9098], [-112.2406, 33.908], [-112.2414, 33.9066], [-112.2427, 33.9058], [-112.2476, 33.9046], [-112.2564, 33.9056], [-112.2579, 33.9053], [-112.2612, 33.9029], [-112.2643, 33.8992], [-112.2208, 33.8993], [-112.2207, 33.9136], [-112.2036, 33.9136], [-112.2035, 33.9182], [-112.1522, 33.9183], [-112.1522, 33.9147], [-112.1457, 33.9147], [-112.1457, 33.9111], [-112.1479, 33.9111], [-112.1479, 33.9075], [-112.1522, 33.9075], [-112.1523, 33.9002], [-112.161, 33.9002], [-112.1609, 33.893], [-112.1523, 33.8929], [-112.1468, 33.8929], [-112.1456, 33.9001], [-112.1436, 33.9001], [-112.1435, 33.8857], [-112.1453, 33.8857], [-112.1453, 33.8839], [-112.1431, 33.8839], [-112.1435, 33.8838], [-112.1435, 33.8784], [-112.1465, 33.8784], [-112.1468, 33.8812], [-112.152, 33.8812], [-112.152, 33.8781], [-112.1475, 33.8781], [-112.147, 33.8738], [-112.1476, 33.8706], [-112.1464, 33.8677], [-112.1459, 33.8639], [-112.1522, 33.8639], [-112.1523, 33.8223], [-112.1508, 33.8226], [-112.1485, 33.8213], [-112.1469, 33.821], [-112.1467, 33.8204], [-112.1457, 33.8206], [-112.1462, 33.8277], [-112.1445, 33.8277], [-112.1422, 33.8196], [-112.1394, 33.8128], [-112.1175, 33.813], [-112.1175, 33.8277], [-112.1002, 33.8277], [-112.1002, 33.8055], [-112.0828, 33.8063], [-112.0827, 33.7917], [-112.0782, 33.7918], [-112.0782, 33.7907], [-112.0742, 33.7899], [-112.0742, 33.7882], [-112.0675, 33.7881], [-112.0675, 33.7844], [-112.048, 33.7846], [-112.048, 33.7989], [-111.9956, 33.7989], [-111.9956, 33.7954], [-111.9912, 33.7954], [-111.9913, 33.799], [-111.9782, 33.799], [-111.9782, 33.7993], [-112.0217, 33.7993], [-112.0218, 33.8263], [-112.0228, 33.8263], [-112.0228, 33.8281], [-112.0283, 33.8281], [-112.0283, 33.8272], [-112.0294, 33.8272], [-112.0294, 33.8281], [-112.0305, 33.8281], [-112.0305, 33.9006], [-111.9431, 33.9006], [-111.9432, 33.8897], [-111.9421, 33.8904], [-111.9409, 33.8891], [-111.9433, 33.8876], [-111.9433, 33.8662], [-111.9422, 33.8662], [-111.9422, 33.8644], [-111.9086, 33.8645], [-111.9086, 33.8572], [-111.8912, 33.8572], [-111.8912, 33.9005], [-111.8391, 33.9005], [-111.8391, 33.8758], [-111.8347, 33.8681], [-111.8337, 33.8595], [-111.8312, 33.8598], [-111.8295, 33.8646], [-111.8286, 33.8646], [-111.8281, 33.8662], [-111.8249, 33.8675], [-111.8229, 33.8712], [-111.8194, 33.8699], [-111.8289, 33.855], [-111.8308, 33.8551], [-111.8309, 33.8556], [-111.8313, 33.8545], [-111.8326, 33.8533], [-111.8336, 33.8505], [-111.8346, 33.8493], [-111.8326, 33.8495], [-111.8298, 33.8487], [-111.826, 33.8486], [-111.826, 33.8447], [-111.8282, 33.8447], [-111.8282, 33.8411], [-111.8304, 33.8411], [-111.8304, 33.8338], [-111.8348, 33.8338], [-111.8347, 33.8268], [-111.8391, 33.8268], [-111.8391, 33.8139], [-111.7869, 33.8139], [-111.7868, 33.7417], [-111.7729, 33.7417], [-111.7729, 33.7323], [-111.7826, 33.7323], [-111.7826, 33.7341], [-111.7837, 33.7341], [-111.7837, 33.7378], [-111.7868, 33.7378], [-111.7868, 33.7269], [-111.7872, 33.7269], [-111.7874, 33.6401], [-111.6987, 33.6403], [-111.7088, 33.5679], [-111.7701, 33.5679], [-111.7701, 33.5752], [-111.7744, 33.5752], [-111.7744, 33.5763], [-111.7763, 33.5759], [-111.7766, 33.5751], [-111.7769, 33.5755], [-111.7764, 33.5759], [-111.7753, 33.5761], [-111.7775, 33.5784], [-111.7817, 33.5808], [-111.7847, 33.5816], [-111.7871, 33.5785], [-111.7872, 33.5715], [-111.796, 33.5715], [-111.796, 33.5724], [-111.7981, 33.5724], [-111.7981, 33.5715], [-111.8004, 33.5715], [-111.8004, 33.5686], [-111.7989, 33.5679], [-111.8913, 33.568], [-111.8919, 33.455], [-111.9006, 33.4549], [-111.9006, 33.4513], [-111.9093, 33.4513], [-111.9096, 33.4368], [-111.9053, 33.4368], [-111.9051, 33.4345], [-111.8965, 33.4349], [-111.8941, 33.433], [-111.8919, 33.433], [-111.892, 33.4404], [-111.8746, 33.4404], [-111.8746, 33.4367], [-111.8694, 33.4367], [-111.8674, 33.438], [-111.8652, 33.4404], [-111.8652, 33.4367], [-111.8564, 33.4367], [-111.8565, 33.4429], [-111.8608, 33.4429], [-111.8608, 33.444], [-111.8545, 33.4441], [-111.8545, 33.4456], [-111.8521, 33.4476], [-111.8521, 33.4512], [-111.848, 33.4512], [-111.8483, 33.455], [-111.8363, 33.4551], [-111.8337, 33.4588], [-111.8354, 33.4588], [-111.8354, 33.4625], [-111.8267, 33.4625], [-111.8268, 33.4664], [-111.7873, 33.4663], [-111.7873, 33.4809], [-111.7791, 33.4809], [-111.7792, 33.472], [-111.7752, 33.472], [-111.7748, 33.4728], [-111.7788, 33.473], [-111.7752, 33.4766], [-111.7712, 33.4766], [-111.7727, 33.4747], [-111.7704, 33.4747], [-111.7703, 33.4787], [-111.7719, 33.4807], [-111.7769, 33.4809], [-111.7756, 33.4821], [-111.7711, 33.482], [-111.7659, 33.4837], [-111.7659, 33.4831], [-111.7652, 33.4833], [-111.7652, 33.4828], [-111.7659, 33.4828], [-111.7659, 33.481], [-111.762, 33.481], [-111.7618, 33.4821], [-111.7604, 33.4822], [-111.7604, 33.4845], [-111.7357, 33.4848], [-111.7331, 33.4866], [-111.7325, 33.4878], [-111.7315, 33.4881], [-111.7287, 33.4862], [-111.7279, 33.4861], [-111.7268, 33.4868], [-111.7257, 33.4892], [-111.7237, 33.4905], [-111.724, 33.4918], [-111.7232, 33.4933], [-111.7198, 33.4942], [-111.7197, 33.4964], [-111.7174, 33.4979], [-111.7149, 33.5015], [-111.7103, 33.5052], [-111.7019, 33.508], [-111.6967, 33.5118], [-111.6928, 33.5134], [-111.6894, 33.5101], [-111.6871, 33.5097], [-111.6864, 33.5092], [-111.6863, 33.5066], [-111.6851, 33.5052], [-111.6841, 33.5047], [-111.6841, 33.4953], [-111.6326, 33.4951], [-111.6324, 33.4661], [-111.6239, 33.466], [-111.6241, 33.4512], [-111.598, 33.4512], [-111.598, 33.4441], [-111.5808, 33.4441], [-111.5808, 33.4221], [-111.5849, 33.4221], [-111.5849, 33.4187], [-111.5828, 33.4187], [-111.5828, 33.4213], [-111.5807, 33.4213], [-111.5806, 33.4658], [-111.1257, 33.4659], [-111.1257, 33.4653], [-111.0399, 33.466], [-111.0579, 33.5001], [-111.0586, 33.5001], [-111.1534, 33.6775], [-111.1568, 33.6753], [-111.1586, 33.6734], [-111.1696, 33.6673], [-111.1708, 33.6632], [-111.1715, 33.6616], [-111.1724, 33.6609], [-111.1747, 33.6594], [-111.1805, 33.6598], [-111.1856, 33.6553], [-111.1882, 33.6519], [-111.1948, 33.6465], [-111.1973, 33.6431], [-111.2002, 33.6404], [-111.2064, 33.6373], [-111.2085, 33.6354], [-111.2094, 33.6332], [-111.2084, 33.6306], [-111.2082, 33.6263], [-111.2074, 33.6251], [-111.2075, 33.6206], [-111.2091, 33.6188], [-111.2126, 33.6163], [-111.2156, 33.6135], [-111.2166, 33.612], [-111.2169, 33.6082], [-111.2198, 33.6061], [-111.222, 33.6026], [-111.2226, 33.6025], [-111.2242, 33.6033], [-111.2253, 33.6047], [-111.2263, 33.6052], [-111.2274, 33.607], [-111.2293, 33.6071], [-111.2294, 33.6081], [-111.232, 33.6095], [-111.2321, 33.6115], [-111.2308, 33.6123], [-111.2314, 33.613], [-111.2356, 33.6153], [-111.2374, 33.6154], [-111.2385, 33.6185], [-111.2429, 33.6201], [-111.2441, 33.6213], [-111.2467, 33.6215], [-111.2499, 33.6245], [-111.2507, 33.6245], [-111.2527, 33.6226], [-111.2557, 33.6212], [-111.2575, 33.621], [-111.2628, 33.6232], [-111.2653, 33.6262], [-111.2691, 33.6291], [-111.2705, 33.6334], [-111.2734, 33.6359], [-111.2737, 33.6385], [-111.2761, 33.6391], [-111.2773, 33.6416], [-111.2803, 33.6446], [-111.2799, 33.6459], [-111.2813, 33.6466], [-111.2823, 33.6465], [-111.2837, 33.6495], [-111.2855, 33.6504], [-111.2873, 33.652], [-111.2864, 33.6534], [-111.2867, 33.6546], [-111.2862, 33.6565], [-111.287, 33.6584], [-111.295, 33.6608], [-111.2982, 33.6634], [-111.2997, 33.6639], [-111.3043, 33.6715], [-111.3057, 33.6722], [-111.307, 33.6722], [-111.3081, 33.6736], [-111.3092, 33.6739], [-111.3137, 33.6793], [-111.3138, 33.6804], [-111.3145, 33.6811], [-111.3181, 33.683], [-111.323, 33.6846], [-111.326, 33.6844], [-111.3264, 33.6856], [-111.3275, 33.6859], [-111.3292, 33.6877], [-111.3315, 33.6884], [-111.3316, 33.6895], [-111.3338, 33.6923], [-111.3338, 33.6951], [-111.3347, 33.6976], [-111.3359, 33.6989], [-111.3365, 33.7012], [-111.3383, 33.7028], [-111.337, 33.7091], [-111.3382, 33.7106], [-111.3387, 33.7159], [-111.338, 33.7173], [-111.3381, 33.7187], [-111.3364, 33.7204], [-111.3398, 33.7223], [-111.3406, 33.7236], [-111.3437, 33.7249], [-111.3442, 33.7274], [-111.3451, 33.7274], [-111.347, 33.7298], [-111.3506, 33.7322], [-111.3515, 33.7319], [-111.3524, 33.7324], [-111.3519, 33.7336], [-111.3539, 33.733], [-111.3546, 33.7333], [-111.3559, 33.7356], [-111.3558, 33.7381], [-111.3565, 33.7389], [-111.3588, 33.7408], [-111.362, 33.7414], [-111.3634, 33.7423], [-111.3651, 33.7427], [-111.3658, 33.7424], [-111.3674, 33.7443], [-111.3721, 33.7453], [-111.3731, 33.7463], [-111.3725, 33.7484], [-111.373, 33.7492], [-111.3739, 33.7496], [-111.3752, 33.7499], [-111.3783, 33.7489], [-111.38, 33.7489], [-111.3811, 33.7476], [-111.3868, 33.75], [-111.3862, 33.7531], [-111.3845, 33.7535], [-111.3825, 33.7579], [-111.3827, 33.7602], [-111.3822, 33.7612], [-111.3833, 33.7628], [-111.3872, 33.7634], [-111.3874, 33.7648], [-111.3885, 33.7666], [-111.3884, 33.7684], [-111.3893, 33.7704], [-111.3885, 33.7719], [-111.3866, 33.7733], [-111.3873, 33.7744], [-111.3893, 33.776], [-111.3894, 33.7767], [-111.3879, 33.7798], [-111.3859, 33.7818], [-111.3855, 33.7832], [-111.3831, 33.7838], [-111.3813, 33.7852], [-111.3819, 33.786], [-111.3816, 33.7865], [-111.3828, 33.7881], [-111.379, 33.7919], [-111.3785, 33.7936], [-111.3797, 33.7956], [-111.3837, 33.7989], [-111.3841, 33.8002], [-111.3857, 33.8007], [-111.387, 33.8027], [-111.3879, 33.8031], [-111.3884, 33.8051], [-111.3873, 33.8061], [-111.3868, 33.8076], [-111.3852, 33.8101], [-111.3854, 33.8118], [-111.3842, 33.8148], [-111.384, 33.8167], [-111.3818, 33.8163], [-111.3783, 33.8177], [-111.3761, 33.8171], [-111.373, 33.8178], [-111.3716, 33.8189], [-111.3721, 33.8205], [-111.3719, 33.822], [-111.3726, 33.8243], [-111.3778, 33.8271], [-111.3786, 33.8295], [-111.3837, 33.8336], [-111.3881, 33.8338], [-111.3925, 33.8359], [-111.3902, 33.8377], [-111.3943, 33.8396], [-111.3955, 33.841], [-111.3951, 33.843], [-111.3959, 33.8446], [-111.3939, 33.8479], [-111.3935, 33.8505], [-111.3918, 33.8532], [-111.3919, 33.8543], [-111.3924, 33.8547], [-111.391, 33.8555], [-111.3903, 33.8577], [-111.3872, 33.8603], [-111.3873, 33.8626], [-111.3885, 33.8635], [-111.3921, 33.8649], [-111.3937, 33.8678], [-111.3962, 33.8683], [-111.3964, 33.869], [-111.3958, 33.8697], [-111.3965, 33.8714], [-111.3962, 33.8728], [-111.3976, 33.875], [-111.3964, 33.8759], [-111.3961, 33.8769], [-111.4011, 33.8787], [-111.4056, 33.8795], [-111.406, 33.8806], [-111.4053, 33.8816], [-111.4058, 33.8823], [-111.4076, 33.8828], [-111.4083, 33.8839], [-111.4111, 33.8835], [-111.4129, 33.8859], [-111.4128, 33.8871], [-111.4135, 33.8884], [-111.4115, 33.8915], [-111.4122, 33.8925], [-111.412, 33.8946], [-111.4136, 33.8969], [-111.4138, 33.8984], [-111.4127, 33.9001], [-111.413, 33.9014], [-111.412, 33.9033], [-111.4107, 33.9044], [-111.4082, 33.9051], [-111.4077, 33.9066], [-111.4087, 33.9081], [-111.4083, 33.9108], [-111.4087, 33.9119], [-111.4083, 33.9127], [-111.4073, 33.9128], [-111.4068, 33.9135], [-111.4066, 33.9166], [-111.4054, 33.9178], [-111.4052, 33.9194], [-111.4074, 33.9205], [-111.4112, 33.9209], [-111.4124, 33.9219], [-111.4174, 33.9227], [-111.426, 33.9261], [-111.4309, 33.9238], [-111.433, 33.9203], [-111.4376, 33.9161], [-111.4435, 33.9174], [-111.4469, 33.9192], [-111.4481, 33.9189], [-111.4505, 33.9196], [-111.4518, 33.921], [-111.4511, 33.923], [-111.4516, 33.9247], [-111.4494, 33.9296], [-111.4504, 33.9313], [-111.4522, 33.9323], [-111.4521, 33.9336], [-111.4511, 33.9342], [-111.4471, 33.935], [-111.4482, 33.9383], [-111.4475, 33.9395], [-111.4475, 33.9417], [-111.4493, 33.9432], [-111.4494, 33.9447], [-111.4514, 33.9461], [-111.4523, 33.949], [-111.4513, 33.9527], [-111.4516, 33.9539], [-111.45, 33.955], [-111.4481, 33.9581], [-111.4492, 33.9597], [-111.4506, 33.9606], [-111.4523, 33.9609], [-111.4529, 33.9621], [-111.4519, 33.9645], [-111.4526, 33.9656], [-111.4502, 33.9671], [-111.4491, 33.9686], [-111.4491, 33.971], [-111.4482, 33.9733], [-111.4452, 33.9743], [-111.4418, 33.978], [-111.4383, 33.9788], [-111.4372, 33.9801], [-111.4347, 33.9808], [-111.4332, 33.9843], [-111.4334, 33.9854], [-111.4345, 33.9867], [-111.4358, 33.987], [-111.4374, 33.9868], [-111.4428, 33.9913], [-111.4405, 33.9946], [-111.4404, 33.9964], [-111.4419, 33.998], [-111.4446, 33.9989], [-111.4447, 34.0007], [-111.445, 34.001], [-111.4472, 34.0011], [-111.4494, 34.0001], [-111.4503, 34.0016], [-111.4517, 34.0024], [-111.4541, 34.0048], [-111.4564, 34.0043], [-111.4578, 34.0029], [-111.4595, 34.0026], [-111.4615, 34.0039], [-111.465, 34.005], [-111.4654, 34.0059], [-111.4668, 34.0064], [-111.4694, 34.0044], [-111.4702, 34.0027], [-111.4707, 34.0038], [-111.4722, 34.0049], [-111.4733, 34.0035], [-111.4737, 34.0041], [-111.4757, 34.0037], [-111.4773, 34.0025], [-111.4853, 34.0022], [-111.4903, 34.0014], [-111.4917, 33.9999], [-111.7255, 33.9999], [-112.1257, 34.044]]]}, "properties": {"CityName": "UNINCORPORATED MARICOPA COUNTY"}}, {"type": "Feature", "geometry": {"type": "Polygon", "coordinates": [[[-111.6687, 33.1916], [-111.6687, 33.1961], [-111.6708, 33.1961], [-111.6708, 33.1916], [-111.6687, 33.1916]]]}, "properties": {"CityName": "UNINCORPORATED PINAL COUNTY"}}, {"type": "Feature", "geometry": {"type": "Polygon", "coordinates": [[[-111.6687, 33.2024], [-111.6687, 33.2048], [-111.6708, 33.2048], [-111.6708, 33.2024], [-111.6687, 33.2024]]]}, "properties": {"CityName": "UNINCORPORATED PINAL COUNTY"}}, {"type": "Feature", "geometry": {"type": "Polygon", "coordinates": [[[-111.5722, 33.3654], [-111.5721, 33.369], [-111.5678, 33.369], [-111.5678, 33.3726], [-111.584, 33.3726], [-111.584, 33.3654], [-111.5722, 33.3654]]]}, "properties": {"CityName": "UNINCORPORATED PINAL COUNTY"}}, {"type": "Feature", "geometry": {"type": "Polygon", "coordinates": [[[-111.5352, 33.3825], [-111.5374, 33.3825], [-111.5374, 33.3791], [-111.5331, 33.3791], [-111.5331, 33.3797], [-111.532, 33.3797], [-111.532, 33.3806], [-111.5331, 33.3806], [-111.5331, 33.382], [-111.5352, 33.382], [-111.5352, 33.3825]]]}, "properties": {"CityName": "UNINCORPORATED PINAL COUNTY"}}, {"type": "Feature", "geometry": {"type": "Polygon", "coordinates": [[[-111.5244, 33.3861], [-111.5263, 33.386], [-111.5263, 33.3855], [-111.5272, 33.3853], [-111.5272, 33.3848], [-111.5286, 33.3848], [-111.5286, 33.3861], [-111.5289, 33.3861], [-111.5289, 33.3841], [-111.5331, 33.3841], [-111.533, 33.3825], [-111.5289, 33.3825], [-111.5287, 33.3791], [-111.5287, 33.3825], [-111.5244, 33.3825], [-111.5244, 33.3861]]]}, "properties": {"CityName": "UNINCORPORATED PINAL COUNTY"}}, {"type": "Feature", "geometry": {"type": "Polygon", "coordinates": [[[-111.5114, 33.3861], [-111.5158, 33.3861], [-111.5158, 33.3852], [-111.5114, 33.3852], [-111.5114, 33.3861]]]}, "properties": {"CityName": "UNINCORPORATED PINAL COUNTY"}}, {"type": "Feature", "geometry": {"type": "Polygon", "coordinates": [[[-111.5805, 33.3884], [-111.5807, 33.3788], [-111.5763, 33.3788], [-111.5763, 33.384], [-111.5773, 33.3844], [-111.579, 33.3861], [-111.579, 33.3877], [-111.5804, 33.3877], [-111.5805, 33.3884]]]}, "properties": {"CityName": "UNINCORPORATED PINAL COUNTY"}}, {"type": "Feature", "geometry": {"type": "Polygon", "coordinates": [[[-111.5374, 33.3888], [-111.5374, 33.3906], [-111.5396, 33.3906], [-111.5396, 33.3888], [-111.5374, 33.3888]]]}, "properties": {"CityName": "UNINCORPORATED PINAL COUNTY"}}, {"type": "Feature", "geometry": {"type": "Polygon", "coordinates": [[[-111.5648, 33.3933], [-111.572, 33.3933], [-111.572, 33.3824], [-111.5634, 33.3824], [-111.5634, 33.3898], [-111.5648, 33.3898], [-111.5648, 33.3933]]]}, "properties": {"CityName": "UNINCORPORATED PINAL COUNTY"}}, {"type": "Feature", "geometry": {"type": "Polygon", "coordinates": [[[-111.5289, 33.3877], [-111.5289, 33.3897], [-111.5244, 33.3897], [-111.5244, 33.3934], [-111.5325, 33.3934], [-111.5331, 33.3915], [-111.5331, 33.3876], [-111.5289, 33.3877]]]}, "properties": {"CityName": "UNINCORPORATED PINAL COUNTY"}}, {"type": "Feature", "geometry": {"type": "Polygon", "coordinates": [[[-111.5158, 33.3879], [-111.5158, 33.3934], [-111.5201, 33.3934], [-111.5201, 33.3879], [-111.5158, 33.3879]]]}, "properties": {"CityName": "UNINCORPORATED PINAL COUNTY"}}, {"type": "Feature", "geometry": {"type": "Polygon", "coordinates": [[[-112.8174, 34.0579], [-112.8109, 34.0293], [-112.8094, 34.0268], [-112.8042, 34.0221], [-112.805, 34.0216], [-112.8171, 34.0303], [-112.8114, 34.0071], [-112.7981, 34.0071], [-112.7981, 34.0041], [-112.7927, 34.0072], [-112.7893, 34.012], [-112.7742, 34.0048], [-112.7758, 34.0024], [-112.7744, 34.0012], [-112.7752, 33.9998], [-112.7719, 33.9998], [-112.7718, 33.9962], [-112.7669, 33.9962], [-112.7669, 33.9951], [-112.7683, 33.9951], [-112.7666, 33.9925], [-112.7656, 33.9925], [-112.7656, 33.9912], [-112.7647, 33.9898], [-112.7654, 33.987], [-112.7676, 33.987], [-112.7676, 33.9889], [-112.7718, 33.9889], [-112.7717, 33.9867], [-112.7709, 33.9853], [-112.8068, 33.9853], [-112.8067, 33.9708], [-112.8243, 33.9708], [-112.8243, 33.9865], [-112.833, 33.9865], [-112.833, 33.9647], [-112.8243, 33.9647], [-112.8243, 33.9636], [-112.8104, 33.9636], [-112.8087, 33.961], [-112.8068, 33.9619], [-112.8068, 33.9563], [-112.8243, 33.9563], [-112.8243, 33.9485], [-112.8093, 33.9485], [-112.8043, 33.9461], [-112.8017, 33.9486], [-112.7986, 33.9494], [-112.7993, 33.9563], [-112.7891, 33.9563], [-112.7893, 33.932], [-112.7883, 33.9345], [-112.7839, 33.9384], [-112.782, 33.9413], [-112.7737, 33.9489], [-112.7717, 33.9527], [-112.7716, 33.9473], [-112.7709, 33.9472], [-112.7688, 33.9472], [-112.7685, 33.9499], [-112.7679, 33.9499], [-112.7679, 33.9503], [-112.7685, 33.9503], [-112.7684, 33.9517], [-112.7674, 33.9517], [-112.7674, 33.9526], [-112.7663, 33.9526], [-112.7663, 33.9521], [-112.7652, 33.9521], [-112.7652, 33.9526], [-112.763, 33.9526], [-112.7631, 33.9479], [-112.7641, 33.9479], [-112.7642, 33.9472], [-112.7652, 33.9472], [-112.7652, 33.9454], [-112.7631, 33.9454], [-112.7631, 33.9418], [-112.707, 33.9417], [-112.707, 33.9424], [-112.7104, 33.9454], [-112.7114, 33.9454], [-112.7114, 33.9465], [-112.7131, 33.9495], [-112.7201, 33.9578], [-112.7201, 33.9584], [-112.718, 33.9562], [-112.7158, 33.9562], [-112.7157, 33.9601], [-112.7144, 33.9601], [-112.714, 33.9586], [-112.7127, 33.959], [-112.7124, 33.9585], [-112.7115, 33.959], [-112.7129, 33.9606], [-112.711, 33.9608], [-112.711, 33.9633], [-112.7092, 33.9633], [-112.7092, 33.9597], [-112.707, 33.9597], [-112.7067, 33.9744], [-112.7024, 33.9744], [-112.7023, 33.9826], [-112.7044, 33.9826], [-112.7044, 33.9835], [-112.7023, 33.9835], [-112.7023, 33.9853], [-112.711, 33.9853], [-112.7109, 33.9916], [-112.7152, 33.9927], [-112.7153, 33.996], [-112.7109, 33.9959], [-112.7109, 33.9965], [-112.7128, 33.9986], [-112.711, 33.9993], [-112.7115, 33.9998], [-112.7171, 33.9998], [-112.7156, 33.9981], [-112.7198, 33.9966], [-112.7178, 33.9934], [-112.725, 33.9952], [-112.7251, 33.996], [-112.727, 33.9959], [-112.727, 33.9968], [-112.7239, 33.9971], [-112.7239, 33.9982], [-112.726, 33.9984], [-112.7255, 33.9998], [-112.7327, 33.9998], [-112.7343, 33.9975], [-112.7437, 33.9998], [-112.7414, 33.9926], [-112.7414, 33.99], [-112.7422, 33.9902], [-112.743, 33.9894], [-112.7454, 33.9906], [-112.745, 33.9917], [-112.7464, 33.9917], [-112.7472, 33.9925], [-112.7502, 33.9924], [-112.753, 33.994], [-112.7517, 33.9957], [-112.7533, 33.9963], [-112.7545, 33.9953], [-112.7578, 33.9979], [-112.7628, 33.9998], [-112.7458, 33.9999], [-112.7458, 34.0144], [-112.7433, 34.0144], [-112.7437, 34.0154], [-112.7458, 34.0153], [-112.7458, 34.0175], [-112.748, 34.0162], [-112.748, 34.018], [-112.7466, 34.018], [-112.7459, 34.0199], [-112.7457, 34.0194], [-112.7444, 34.019], [-112.744, 34.0195], [-112.7447, 34.0198], [-112.7444, 34.0206], [-112.7434, 34.0205], [-112.743, 34.0211], [-112.7458, 34.0212], [-112.7458, 34.0252], [-112.7502, 34.0252], [-112.7502, 34.0288], [-112.7435, 34.0289], [-112.7436, 34.0325], [-112.7545, 34.0324], [-112.7545, 34.0252], [-112.7589, 34.0252], [-112.7589, 34.0215], [-112.7632, 34.0215], [-112.7632, 34.0143], [-112.7588, 34.0143], [-112.7587, 34.0107], [-112.7545, 34.0107], [-112.7545, 34.0071], [-112.7719, 34.0072], [-112.7719, 34.0107], [-112.785, 34.0107], [-112.785, 34.0133], [-112.7877, 34.0138], [-112.787, 34.0143], [-112.7934, 34.0143], [-112.7948, 34.0152], [-112.7937, 34.0158], [-112.7947, 34.0168], [-112.7929, 34.018], [-112.7894, 34.018], [-112.7946, 34.0255], [-112.792, 34.0295], [-112.7937, 34.0313], [-112.7925, 34.0339], [-112.7894, 34.0325], [-112.7894, 34.0579], [-112.8174, 34.0579]], [[-112.7826, 33.9527], [-112.7826, 33.9563], [-112.7804, 33.9563], [-112.7804, 33.9527], [-112.7826, 33.9527]], [[-112.7652, 33.9562], [-112.763, 33.9562], [-112.763, 33.9562], [-112.7652, 33.9562]]]}, "properties": {"CityName": "WICKENBURG"}}, {"type": "Feature", "geometry": {"type": "Polygon", "coordinates": [[[-112.2988, 33.5967], [-112.2988, 33.6051], [-112.3045, 33.6067], [-112.3073, 33.5944], [-112.3116, 33.5871], [-112.3083, 33.5872], [-112.3088, 33.5835], [-112.3115, 33.5836], [-112.3114, 33.5654], [-112.3071, 33.5654], [-112.3071, 33.5663], [-112.307, 33.5655], [-112.3003, 33.5656], [-112.3028, 33.5712], [-112.3031, 33.5745], [-112.3031, 33.5755], [-112.3023, 33.5755], [-112.3022, 33.5763], [-112.3029, 33.5763], [-112.3029, 33.5794], [-112.2988, 33.5799], [-112.2988, 33.5967]]]}, "properties": {"CityName": "YOUNGTOWN"}}]}