IEM,DATE,TMAX,TMIN
PHX,2016-01-01,67.0,36.0
PHX,2016-01-02,70.0,47.0
PHX,2016-01-03,72.0,53.0
PHX,2016-01-04,62.0,53.0
PHX,2016-01-05,57.0,52.0
PHX,2016-01-06,60.0,50.0
PHX,2016-01-07,54.0,47.0
PHX,2016-01-08,56.0,45.0
PHX,2016-01-09,59.0,41.0
PHX,2016-01-10,56.0,44.0
PHX,2016-01-11,61.0,40.0
PHX,2016-01-12,66.0,38.0
PHX,2016-01-13,66.0,40.0
PHX,2016-01-14,64.0,41.0
PHX,2016-01-15,60.0,43.0
PHX,2016-01-16,62.0,40.0
PHX,2016-01-17,68.0,44.0
PHX,2016-01-18,68.0,45.0
PHX,2016-01-19,69.0,43.0
PHX,2016-01-20,72.0,47.0
PHX,2016-01-21,71.0,43.0
PHX,2016-01-22,76.0,45.0
PHX,2016-01-23,73.0,51.0
PHX,2016-01-24,67.0,45.0
PHX,2016-01-25,67.0,48.0
PHX,2016-01-26,71.0,42.0
PHX,2016-01-27,70.0,43.0
PHX,2016-01-28,72.0,46.0
PHX,2016-01-29,72.0,45.0
PHX,2016-01-30,74.0,47.0
PHX,2016-01-31,76.0,49.0
PHX,2016-02-01,55.0,45.0
PHX,2016-02-02,55.0,37.0
PHX,2016-02-03,57.0,34.0
PHX,2016-02-04,64.0,38.0
PHX,2016-02-05,69.0,39.0
PHX,2016-02-06,74.0,43.0
PHX,2016-02-07,79.0,47.0
PHX,2016-02-08,85.0,50.0
PHX,2016-02-09,86.0,59.0
PHX,2016-02-10,86.0,54.0
PHX,2016-02-11,85.0,55.0
PHX,2016-02-12,87.0,55.0
PHX,2016-02-13,87.0,53.0
PHX,2016-02-14,82.0,52.0
PHX,2016-02-15,85.0,52.0
PHX,2016-02-16,87.0,55.0
PHX,2016-02-17,90.0,57.0
PHX,2016-02-18,82.0,57.0
PHX,2016-02-19,81.0,59.0
PHX,2016-02-20,86.0,54.0
PHX,2016-02-21,86.0,54.0
PHX,2016-02-22,85.0,53.0
PHX,2016-02-23,74.0,57.0
PHX,2016-02-24,77.0,53.0
PHX,2016-02-25,84.0,52.0
PHX,2016-02-26,88.0,57.0
PHX,2016-02-27,87.0,58.0
PHX,2016-02-28,86.0,57.0
PHX,2016-02-29,88.0,59.0
PHX,2016-03-01,89.0,59.0
PHX,2016-03-02,90.0,58.0
PHX,2016-03-03,91.0,59.0
PHX,2016-03-04,88.0,60.0
PHX,2016-03-05,80.0,57.0
PHX,2016-03-06,80.0,63.0
PHX,2016-03-07,71.0,52.0
PHX,2016-03-08,73.0,52.0
PHX,2016-03-09,80.0,52.0
PHX,2016-03-10,85.0,54.0
PHX,2016-03-11,85.0,58.0
PHX,2016-03-12,72.0,53.0
PHX,2016-03-13,78.0,52.0
PHX,2016-03-14,79.0,54.0
PHX,2016-03-15,85.0,56.0
PHX,2016-03-16,87.0,56.0
PHX,2016-03-17,88.0,57.0
PHX,2016-03-18,89.0,56.0
PHX,2016-03-19,90.0,60.0
PHX,2016-03-20,91.0,61.0
PHX,2016-03-21,92.0,63.0
PHX,2016-03-22,81.0,64.0
PHX,2016-03-23,75.0,59.0
PHX,2016-03-24,80.0,52.0
PHX,2016-03-25,85.0,54.0
PHX,2016-03-26,86.0,57.0
PHX,2016-03-27,87.0,58.0
PHX,2016-03-28,84.0,61.0
PHX,2016-03-29,70.0,56.0
PHX,2016-03-30,69.0,52.0
PHX,2016-03-31,73.0,50.0
PHX,2016-04-01,79.0,52.0
PHX,2016-04-02,83.0,57.0
PHX,2016-04-03,89.0,59.0
PHX,2016-04-04,92.0,59.0
PHX,2016-04-05,92.0,61.0
PHX,2016-04-06,97.0,65.0
PHX,2016-04-07,90.0,67.0
PHX,2016-04-08,82.0,62.0
PHX,2016-04-09,83.0,63.0
PHX,2016-04-10,73.0,56.0
PHX,2016-04-11,77.0,55.0
PHX,2016-04-12,82.0,59.0
PHX,2016-04-13,86.0,62.0
PHX,2016-04-14,89.0,64.0
PHX,2016-04-15,83.0,64.0
PHX,2016-04-16,81.0,57.0
PHX,2016-04-17,82.0,63.0
PHX,2016-04-18,86.0,60.0
PHX,2016-04-19,90.0,63.0
PHX,2016-04-20,94.0,64.0
PHX,2016-04-21,97.0,65.0
PHX,2016-04-22,97.0,69.0
PHX,2016-04-23,88.0,68.0
PHX,2016-04-24,88.0,60.0
PHX,2016-04-25,81.0,67.0
PHX,2016-04-26,77.0,57.0
PHX,2016-04-27,83.0,60.0
PHX,2016-04-28,76.0,64.0
PHX,2016-04-29,82.0,64.0
PHX,2016-04-30,82.0,62.0
PHX,2016-05-01,79.0,59.0
PHX,2016-05-02,88.0,61.0
PHX,2016-05-03,94.0,64.0
PHX,2016-05-04,102.0,69.0
PHX,2016-05-05,97.0,72.0
PHX,2016-05-06,80.0,62.0
PHX,2016-05-07,77.0,58.0
PHX,2016-05-08,81.0,61.0
PHX,2016-05-09,86.0,62.0
PHX,2016-05-10,91.0,67.0
PHX,2016-05-11,95.0,70.0
PHX,2016-05-12,101.0,70.0
PHX,2016-05-13,102.0,72.0
PHX,2016-05-14,101.0,75.0
PHX,2016-05-15,95.0,74.0
PHX,2016-05-16,92.0,70.0
PHX,2016-05-17,91.0,70.0
PHX,2016-05-18,87.0,71.0
PHX,2016-05-19,94.0,70.0
PHX,2016-05-20,99.0,72.0
PHX,2016-05-21,94.0,73.0
PHX,2016-05-22,89.0,68.0
PHX,2016-05-23,89.0,66.0
PHX,2016-05-24,90.0,68.0
PHX,2016-05-25,91.0,66.0
PHX,2016-05-26,85.0,65.0
PHX,2016-05-27,93.0,67.0
PHX,2016-05-28,97.0,69.0
PHX,2016-05-29,98.0,72.0
PHX,2016-05-30,95.0,70.0
PHX,2016-05-31,98.0,70.0
PHX,2016-06-01,101.0,78.0
PHX,2016-06-02,108.0,77.0
PHX,2016-06-03,113.0,79.0
PHX,2016-06-04,115.0,82.0
PHX,2016-06-05,113.0,82.0
PHX,2016-06-06,111.0,82.0
PHX,2016-06-07,107.0,80.0
PHX,2016-06-08,108.0,82.0
PHX,2016-06-09,105.0,83.0
PHX,2016-06-10,99.0,83.0
PHX,2016-06-11,104.0,79.0
PHX,2016-06-12,103.0,75.0
PHX,2016-06-13,100.0,79.0
PHX,2016-06-14,99.0,75.0
PHX,2016-06-15,101.0,74.0
PHX,2016-06-16,101.0,76.0
PHX,2016-06-17,106.0,76.0
PHX,2016-06-18,111.0,76.0
PHX,2016-06-19,118.0,84.0
PHX,2016-06-20,116.0,90.0
PHX,2016-06-21,111.0,89.0
PHX,2016-06-22,112.0,88.0
PHX,2016-06-23,112.0,89.0
PHX,2016-06-24,109.0,87.0
PHX,2016-06-25,108.0,85.0
PHX,2016-06-26,106.0,90.0
PHX,2016-06-27,110.0,90.0
PHX,2016-06-28,113.0,89.0
PHX,2016-06-29,106.0,84.0
PHX,2016-06-30,97.0,81.0
PHX,2016-07-01,98.0,78.0
PHX,2016-07-02,104.0,82.0
PHX,2016-07-03,107.0,86.0
PHX,2016-07-04,110.0,87.0
PHX,2016-07-05,111.0,86.0
PHX,2016-07-06,107.0,85.0
PHX,2016-07-07,106.0,85.0
PHX,2016-07-08,109.0,84.0
PHX,2016-07-09,111.0,87.0
PHX,2016-07-10,111.0,87.0
PHX,2016-07-11,110.0,86.0
PHX,2016-07-12,110.0,81.0
PHX,2016-07-13,109.0,85.0
PHX,2016-07-14,111.0,89.0
PHX,2016-07-15,111.0,88.0
PHX,2016-07-16,108.0,90.0
PHX,2016-07-17,105.0,90.0
PHX,2016-07-18,106.0,81.0
PHX,2016-07-19,107.0,84.0
PHX,2016-07-20,108.0,85.0
PHX,2016-07-21,112.0,88.0
PHX,2016-07-22,112.0,91.0
PHX,2016-07-23,111.0,90.0
PHX,2016-07-24,107.0,90.0
PHX,2016-07-25,107.0,88.0
PHX,2016-07-26,111.0,91.0
PHX,2016-07-27,112.0,91.0
PHX,2016-07-28,110.0,89.0
PHX,2016-07-29,112.0,77.0
PHX,2016-07-30,101.0,80.0
PHX,2016-07-31,102.0,85.0
PHX,2016-08-01,100.0,80.0
PHX,2016-08-02,100.0,77.0
PHX,2016-08-03,98.0,81.0
PHX,2016-08-04,100.0,83.0
PHX,2016-08-05,98.0,76.0
PHX,2016-08-06,106.0,84.0
PHX,2016-08-07,109.0,86.0
PHX,2016-08-08,110.0,88.0
PHX,2016-08-09,97.0,77.0
PHX,2016-08-10,101.0,82.0
PHX,2016-08-11,98.0,78.0
PHX,2016-08-12,105.0,82.0
PHX,2016-08-13,108.0,84.0
PHX,2016-08-14,106.0,86.0
PHX,2016-08-15,110.0,86.0
PHX,2016-08-16,111.0,87.0
PHX,2016-08-17,109.0,84.0
PHX,2016-08-18,104.0,82.0
PHX,2016-08-19,104.0,79.0
PHX,2016-08-20,100.0,80.0
PHX,2016-08-21,101.0,76.0
PHX,2016-08-22,100.0,79.0
PHX,2016-08-23,96.0,74.0
PHX,2016-08-24,103.0,77.0
PHX,2016-08-25,103.0,77.0
PHX,2016-08-26,98.0,80.0
PHX,2016-08-27,97.0,80.0
PHX,2016-08-28,99.0,77.0
PHX,2016-08-29,105.0,79.0
PHX,2016-08-30,107.0,84.0
PHX,2016-08-31,106.0,82.0
PHX,2016-09-01,104.0,87.0
PHX,2016-09-02,105.0,84.0
PHX,2016-09-03,106.0,83.0
PHX,2016-09-04,101.0,76.0
PHX,2016-09-05,103.0,75.0
PHX,2016-09-06,101.0,78.0
PHX,2016-09-07,88.0,77.0
PHX,2016-09-08,96.0,74.0
PHX,2016-09-09,103.0,80.0
PHX,2016-09-10,104.0,82.0
PHX,2016-09-11,105.0,80.0
PHX,2016-09-12,101.0,83.0
PHX,2016-09-13,98.0,78.0
PHX,2016-09-14,98.0,76.0
PHX,2016-09-15,97.0,72.0
PHX,2016-09-16,97.0,70.0
PHX,2016-09-17,100.0,73.0
PHX,2016-09-18,105.0,72.0
PHX,2016-09-19,100.0,76.0
PHX,2016-09-20,89.0,81.0
PHX,2016-09-21,100.0,76.0
PHX,2016-09-22,87.0,73.0
PHX,2016-09-23,88.0,71.0
PHX,2016-09-24,90.0,62.0
PHX,2016-09-25,95.0,67.0
PHX,2016-09-26,91.0,75.0
PHX,2016-09-27,88.0,71.0
PHX,2016-09-28,96.0,70.0
PHX,2016-09-29,93.0,75.0
PHX,2016-09-30,96.0,73.0
PHX,2016-10-01,97.0,73.0
PHX,2016-10-02,86.0,70.0
PHX,2016-10-03,86.0,67.0
PHX,2016-10-04,85.0,59.0
PHX,2016-10-05,90.0,63.0
PHX,2016-10-06,90.0,67.0
PHX,2016-10-07,97.0,65.0
PHX,2016-10-08,97.0,75.0
PHX,2016-10-09,97.0,75.0
PHX,2016-10-10,96.0,73.0
PHX,2016-10-11,97.0,70.0
PHX,2016-10-12,92.0,67.0
PHX,2016-10-13,95.0,67.0
PHX,2016-10-14,96.0,67.0
PHX,2016-10-15,94.0,67.0
PHX,2016-10-16,92.0,66.0
PHX,2016-10-17,91.0,66.0
PHX,2016-10-18,90.0,66.0
PHX,2016-10-19,93.0,65.0
PHX,2016-10-20,97.0,63.0
PHX,2016-10-21,97.0,73.0
PHX,2016-10-22,97.0,71.0
PHX,2016-10-23,96.0,69.0
PHX,2016-10-24,90.0,72.0
PHX,2016-10-25,92.0,69.0
PHX,2016-10-26,96.0,69.0
PHX,2016-10-27,100.0,70.0
PHX,2016-10-28,93.0,76.0
PHX,2016-10-29,96.0,68.0
PHX,2016-10-30,93.0,70.0
PHX,2016-10-31,86.0,68.0
PHX,2016-11-01,82.0,66.0
PHX,2016-11-02,83.0,60.0
PHX,2016-11-03,84.0,62.0
PHX,2016-11-04,79.0,60.0
PHX,2016-11-05,82.0,61.0
PHX,2016-11-06,84.0,61.0
PHX,2016-11-07,86.0,61.0
PHX,2016-11-08,90.0,64.0
PHX,2016-11-09,85.0,68.0
PHX,2016-11-10,82.0,64.0
PHX,2016-11-11,83.0,62.0
PHX,2016-11-12,84.0,62.0
PHX,2016-11-13,85.0,58.0
PHX,2016-11-14,87.0,57.0
PHX,2016-11-15,86.0,59.0
PHX,2016-11-16,79.0,59.0
PHX,2016-11-17,72.0,56.0
PHX,2016-11-18,77.0,47.0
PHX,2016-11-19,83.0,54.0
PHX,2016-11-20,74.0,59.0
PHX,2016-11-21,71.0,56.0
PHX,2016-11-22,71.0,51.0
PHX,2016-11-23,74.0,51.0
PHX,2016-11-24,77.0,49.0
PHX,2016-11-25,81.0,48.0
PHX,2016-11-26,70.0,60.0
PHX,2016-11-27,66.0,49.0
PHX,2016-11-28,57.0,47.0
PHX,2016-11-29,62.0,44.0
PHX,2016-11-30,62.0,41.0
PHX,2016-12-01,62.0,43.0
PHX,2016-12-02,61.0,44.0
PHX,2016-12-03,70.0,43.0
PHX,2016-12-04,70.0,41.0
PHX,2016-12-05,69.0,44.0
PHX,2016-12-06,65.0,46.0
PHX,2016-12-07,67.0,47.0
PHX,2016-12-08,68.0,45.0
PHX,2016-12-09,72.0,47.0
PHX,2016-12-10,72.0,47.0
PHX,2016-12-11,73.0,50.0
PHX,2016-12-12,74.0,51.0
PHX,2016-12-13,75.0,54.0
PHX,2016-12-14,76.0,51.0
PHX,2016-12-15,75.0,53.0
PHX,2016-12-16,74.0,57.0
PHX,2016-12-17,67.0,44.0
PHX,2016-12-18,62.0,38.0
PHX,2016-12-19,70.0,42.0
PHX,2016-12-20,73.0,50.0
PHX,2016-12-21,70.0,59.0
PHX,2016-12-22,66.0,56.0
PHX,2016-12-23,62.0,53.0
PHX,2016-12-24,63.0,45.0
PHX,2016-12-25,55.0,40.0
PHX,2016-12-26,62.0,38.0
PHX,2016-12-27,70.0,42.0
PHX,2016-12-28,64.0,46.0
PHX,2016-12-29,77.0,49.0
PHX,2016-12-30,72.0,51.0
PHX,2016-12-31,63.0,54.0
PHX,2017-01-01,57.0,52.0
PHX,2017-01-02,58.0,47.0
PHX,2017-01-03,61.0,45.0
PHX,2017-01-04,67.0,46.0
PHX,2017-01-05,68.0,47.0
PHX,2017-01-06,66.0,49.0
PHX,2017-01-07,66.0,43.0
PHX,2017-01-08,74.0,50.0
PHX,2017-01-09,67.0,52.0
PHX,2017-01-10,70.0,49.0
PHX,2017-01-11,66.0,50.0
PHX,2017-01-12,69.0,46.0
PHX,2017-01-13,66.0,55.0
PHX,2017-01-14,65.0,54.0
PHX,2017-01-15,60.0,50.0
PHX,2017-01-16,64.0,50.0
PHX,2017-01-17,63.0,45.0
PHX,2017-01-18,67.0,45.0
PHX,2017-01-19,57.0,47.0
PHX,2017-01-20,53.0,48.0
PHX,2017-01-21,60.0,46.0
PHX,2017-01-22,61.0,44.0
PHX,2017-01-23,63.0,49.0
PHX,2017-01-24,58.0,42.0
PHX,2017-01-25,57.0,38.0
PHX,2017-01-26,58.0,37.0
PHX,2017-01-27,59.0,37.0
PHX,2017-01-28,64.0,35.0
PHX,2017-01-29,72.0,40.0
PHX,2017-01-30,76.0,44.0
PHX,2017-01-31,74.0,47.0
PHX,2017-02-01,75.0,46.0
PHX,2017-02-02,73.0,49.0
PHX,2017-02-03,72.0,50.0
PHX,2017-02-04,75.0,47.0
PHX,2017-02-05,76.0,46.0
PHX,2017-02-06,67.0,53.0
PHX,2017-02-07,73.0,51.0
PHX,2017-02-08,77.0,52.0
PHX,2017-02-09,82.0,54.0
PHX,2017-02-10,83.0,54.0
PHX,2017-02-11,79.0,59.0
PHX,2017-02-12,74.0,60.0
PHX,2017-02-13,74.0,59.0
PHX,2017-02-14,74.0,57.0
PHX,2017-02-15,75.0,59.0
PHX,2017-02-16,75.0,52.0
PHX,2017-02-17,75.0,57.0
PHX,2017-02-18,67.0,50.0
PHX,2017-02-19,60.0,50.0
PHX,2017-02-20,69.0,50.0
PHX,2017-02-21,76.0,52.0
PHX,2017-02-22,77.0,54.0
PHX,2017-02-23,63.0,47.0
PHX,2017-02-24,64.0,43.0
PHX,2017-02-25,67.0,42.0
PHX,2017-02-26,70.0,52.0
PHX,2017-02-27,65.0,48.0
PHX,2017-02-28,65.0,52.0
PHX,2017-03-01,70.0,45.0
PHX,2017-03-02,77.0,47.0
PHX,2017-03-03,77.0,53.0
PHX,2017-03-04,79.0,53.0
PHX,2017-03-05,75.0,58.0
PHX,2017-03-06,68.0,52.0
PHX,2017-03-07,75.0,47.0
PHX,2017-03-08,83.0,51.0
PHX,2017-03-09,86.0,55.0
PHX,2017-03-10,88.0,57.0
PHX,2017-03-11,89.0,60.0
PHX,2017-03-12,88.0,58.0
PHX,2017-03-13,92.0,61.0
PHX,2017-03-14,93.0,63.0
PHX,2017-03-15,91.0,64.0
PHX,2017-03-16,93.0,62.0
PHX,2017-03-17,93.0,64.0
PHX,2017-03-18,95.0,64.0
PHX,2017-03-19,96.0,64.0
PHX,2017-03-20,96.0,67.0
PHX,2017-03-21,93.0,66.0
PHX,2017-03-22,82.0,63.0
PHX,2017-03-23,72.0,54.0
PHX,2017-03-24,78.0,52.0
PHX,2017-03-25,83.0,57.0
PHX,2017-03-26,82.0,56.0
PHX,2017-03-27,83.0,59.0
PHX,2017-03-28,79.0,57.0
PHX,2017-03-29,85.0,57.0
PHX,2017-03-30,90.0,58.0
PHX,2017-03-31,70.0,56.0
PHX,2017-04-01,73.0,52.0
PHX,2017-04-02,82.0,53.0
PHX,2017-04-03,85.0,59.0
PHX,2017-04-04,79.0,57.0
PHX,2017-04-05,85.0,57.0
PHX,2017-04-06,91.0,60.0
PHX,2017-04-07,90.0,63.0
PHX,2017-04-08,89.0,61.0
PHX,2017-04-09,80.0,61.0
PHX,2017-04-10,85.0,56.0
PHX,2017-04-11,89.0,58.0
PHX,2017-04-12,92.0,61.0
PHX,2017-04-13,94.0,65.0
PHX,2017-04-14,90.0,62.0
PHX,2017-04-15,88.0,61.0
PHX,2017-04-16,91.0,62.0
PHX,2017-04-17,93.0,62.0
PHX,2017-04-18,95.0,65.0
PHX,2017-04-19,90.0,70.0
PHX,2017-04-20,93.0,64.0
PHX,2017-04-21,95.0,62.0
PHX,2017-04-22,96.0,65.0
PHX,2017-04-23,99.0,68.0
PHX,2017-04-24,93.0,69.0
PHX,2017-04-25,87.0,69.0
PHX,2017-04-26,90.0,64.0
PHX,2017-04-27,90.0,68.0
PHX,2017-04-28,87.0,67.0
PHX,2017-04-29,81.0,58.0
PHX,2017-04-30,87.0,58.0
PHX,2017-05-01,94.0,62.0
PHX,2017-05-02,97.0,67.0
PHX,2017-05-03,100.0,69.0
PHX,2017-05-04,103.0,73.0
PHX,2017-05-05,108.0,76.0
PHX,2017-05-06,98.0,73.0
PHX,2017-05-07,74.0,64.0
PHX,2017-05-08,83.0,60.0
PHX,2017-05-09,76.0,57.0
PHX,2017-05-10,80.0,60.0
PHX,2017-05-11,90.0,64.0
PHX,2017-05-12,97.0,71.0
PHX,2017-05-13,99.0,71.0
PHX,2017-05-14,93.0,70.0
PHX,2017-05-15,88.0,69.0
PHX,2017-05-16,78.0,61.0
PHX,2017-05-17,87.0,62.0
PHX,2017-05-18,86.0,67.0
PHX,2017-05-19,87.0,62.0
PHX,2017-05-20,94.0,68.0
PHX,2017-05-21,101.0,70.0
PHX,2017-05-22,104.0,73.0
PHX,2017-05-23,104.0,77.0
PHX,2017-05-24,108.0,75.0
PHX,2017-05-25,102.0,79.0
PHX,2017-05-26,96.0,74.0
PHX,2017-05-27,96.0,70.0
PHX,2017-05-28,102.0,72.0
PHX,2017-05-29,104.0,73.0
PHX,2017-05-30,101.0,77.0
PHX,2017-05-31,101.0,76.0
PHX,2017-06-01,99.0,78.0
PHX,2017-06-02,102.0,75.0
PHX,2017-06-03,107.0,78.0
PHX,2017-06-04,107.0,82.0
PHX,2017-06-05,107.0,83.0
PHX,2017-06-06,107.0,84.0
PHX,2017-06-07,106.0,82.0
PHX,2017-06-08,105.0,78.0
PHX,2017-06-09,106.0,79.0
PHX,2017-06-10,102.0,78.0
PHX,2017-06-11,101.0,76.0
PHX,2017-06-12,93.0,76.0
PHX,2017-06-13,96.0,69.0
PHX,2017-06-14,103.0,70.0
PHX,2017-06-15,108.0,73.0
PHX,2017-06-16,109.0,76.0
PHX,2017-06-17,110.0,78.0
PHX,2017-06-18,112.0,80.0
PHX,2017-06-19,118.0,84.0
PHX,2017-06-20,119.0,86.0
PHX,2017-06-21,117.0,90.0
PHX,2017-06-22,113.0,91.0
PHX,2017-06-23,112.0,87.0
PHX,2017-06-24,116.0,88.0
PHX,2017-06-25,116.0,93.0
PHX,2017-06-26,112.0,91.0
PHX,2017-06-27,110.0,86.0
PHX,2017-06-28,108.0,84.0
PHX,2017-06-29,108.0,83.0
PHX,2017-06-30,109.0,83.0
PHX,2017-07-01,112.0,80.0
PHX,2017-07-02,110.0,83.0
PHX,2017-07-03,107.0,88.0
PHX,2017-07-04,111.0,88.0
PHX,2017-07-05,112.0,87.0
PHX,2017-07-06,111.0,88.0
PHX,2017-07-07,118.0,91.0
PHX,2017-07-08,113.0,95.0
PHX,2017-07-09,109.0,87.0
PHX,2017-07-10,109.0,88.0
PHX,2017-07-11,104.0,82.0
PHX,2017-07-12,108.0,85.0
PHX,2017-07-13,109.0,87.0
PHX,2017-07-14,108.0,86.0
PHX,2017-07-15,109.0,87.0
PHX,2017-07-16,104.0,74.0
PHX,2017-07-17,99.0,76.0
PHX,2017-07-18,103.0,79.0
PHX,2017-07-19,102.0,82.0
PHX,2017-07-20,103.0,83.0
PHX,2017-07-21,103.0,83.0
PHX,2017-07-22,106.0,83.0
PHX,2017-07-23,103.0,76.0
PHX,2017-07-24,90.0,75.0
PHX,2017-07-25,102.0,80.0
PHX,2017-07-26,106.0,84.0
PHX,2017-07-27,110.0,89.0
PHX,2017-07-28,101.0,85.0
PHX,2017-07-29,103.0,83.0
PHX,2017-07-30,99.0,80.0
PHX,2017-07-31,107.0,85.0
PHX,2017-08-01,101.0,87.0
PHX,2017-08-02,96.0,81.0
PHX,2017-08-03,104.0,74.0
PHX,2017-08-04,103.0,76.0
PHX,2017-08-05,106.0,83.0
PHX,2017-08-06,105.0,84.0
PHX,2017-08-07,107.0,83.0
PHX,2017-08-08,108.0,82.0
PHX,2017-08-09,111.0,85.0
PHX,2017-08-10,105.0,89.0
PHX,2017-08-11,108.0,82.0
PHX,2017-08-12,103.0,80.0
PHX,2017-08-13,99.0,73.0
PHX,2017-08-14,103.0,79.0
PHX,2017-08-15,102.0,83.0
PHX,2017-08-16,103.0,78.0
PHX,2017-08-17,104.0,78.0
PHX,2017-08-18,106.0,79.0
PHX,2017-08-19,105.0,81.0
PHX,2017-08-20,102.0,84.0
PHX,2017-08-21,104.0,85.0
PHX,2017-08-22,108.0,83.0
PHX,2017-08-23,107.0,78.0
PHX,2017-08-24,104.0,79.0
PHX,2017-08-25,108.0,85.0
PHX,2017-08-26,110.0,87.0
PHX,2017-08-27,111.0,89.0
PHX,2017-08-28,110.0,90.0
PHX,2017-08-29,109.0,88.0
PHX,2017-08-30,108.0,89.0
PHX,2017-08-31,108.0,86.0
PHX,2017-09-01,110.0,85.0
PHX,2017-09-02,102.0,84.0
PHX,2017-09-03,103.0,83.0
PHX,2017-09-04,104.0,82.0
PHX,2017-09-05,108.0,85.0
PHX,2017-09-06,109.0,86.0
PHX,2017-09-07,105.0,85.0
PHX,2017-09-08,98.0,81.0
PHX,2017-09-09,97.0,80.0
PHX,2017-09-10,105.0,80.0
PHX,2017-09-11,108.0,88.0
PHX,2017-09-12,110.0,86.0
PHX,2017-09-13,108.0,86.0
PHX,2017-09-14,101.0,85.0
PHX,2017-09-15,98.0,77.0
PHX,2017-09-16,97.0,74.0
PHX,2017-09-17,98.0,77.0
PHX,2017-09-18,99.0,72.0
PHX,2017-09-19,100.0,71.0
PHX,2017-09-20,99.0,72.0
PHX,2017-09-21,98.0,72.0
PHX,2017-09-22,90.0,73.0
PHX,2017-09-23,86.0,66.0
PHX,2017-09-24,86.0,62.0
PHX,2017-09-25,89.0,62.0
PHX,2017-09-26,89.0,63.0
PHX,2017-09-27,92.0,68.0
PHX,2017-09-28,94.0,67.0
PHX,2017-09-29,98.0,69.0
PHX,2017-09-30,98.0,71.0
PHX,2017-10-01,98.0,69.0
PHX,2017-10-02,92.0,69.0
PHX,2017-10-03,97.0,69.0
PHX,2017-10-04,99.0,70.0
PHX,2017-10-05,98.0,75.0
PHX,2017-10-06,97.0,69.0
PHX,2017-10-07,96.0,66.0
PHX,2017-10-08,94.0,65.0
PHX,2017-10-09,89.0,66.0
PHX,2017-10-10,91.0,62.0
PHX,2017-10-11,98.0,71.0
PHX,2017-10-12,94.0,66.0
PHX,2017-10-13,95.0,68.0
PHX,2017-10-14,94.0,67.0
PHX,2017-10-15,97.0,65.0
PHX,2017-10-16,99.0,69.0
PHX,2017-10-17,97.0,72.0
PHX,2017-10-18,96.0,71.0
PHX,2017-10-19,96.0,74.0
PHX,2017-10-20,89.0,68.0
PHX,2017-10-21,85.0,66.0
PHX,2017-10-22,92.0,61.0
PHX,2017-10-23,97.0,63.0
PHX,2017-10-24,99.0,67.0
PHX,2017-10-25,94.0,71.0
PHX,2017-10-26,93.0,66.0
PHX,2017-10-27,92.0,61.0
PHX,2017-10-28,92.0,64.0
PHX,2017-10-29,91.0,65.0
PHX,2017-10-30,86.0,63.0
PHX,2017-10-31,82.0,63.0
PHX,2017-11-01,84.0,63.0
PHX,2017-11-02,82.0,64.0
PHX,2017-11-03,81.0,60.0
PHX,2017-11-04,82.0,68.0
PHX,2017-11-05,79.0,63.0
PHX,2017-11-06,83.0,59.0
PHX,2017-11-07,81.0,65.0
PHX,2017-11-08,83.0,64.0
PHX,2017-11-09,85.0,64.0
PHX,2017-11-10,86.0,61.0
PHX,2017-11-11,85.0,59.0
PHX,2017-11-12,86.0,58.0
PHX,2017-11-13,88.0,64.0
PHX,2017-11-14,87.0,60.0
PHX,2017-11-15,84.0,58.0
PHX,2017-11-16,86.0,60.0
PHX,2017-11-17,80.0,62.0
PHX,2017-11-18,79.0,56.0
PHX,2017-11-19,82.0,52.0
PHX,2017-11-20,79.0,54.0
PHX,2017-11-21,79.0,55.0
PHX,2017-11-22,88.0,55.0
PHX,2017-11-23,87.0,59.0
PHX,2017-11-24,86.0,58.0
PHX,2017-11-25,86.0,58.0
PHX,2017-11-26,89.0,57.0
PHX,2017-11-27,82.0,57.0
PHX,2017-11-28,74.0,53.0
PHX,2017-11-29,77.0,57.0
PHX,2017-11-30,76.0,62.0
PHX,2017-12-01,78.0,61.0
PHX,2017-12-02,84.0,58.0
PHX,2017-12-03,80.0,57.0
PHX,2017-12-04,73.0,53.0
PHX,2017-12-05,66.0,50.0
PHX,2017-12-06,75.0,50.0
PHX,2017-12-07,66.0,49.0
PHX,2017-12-08,66.0,42.0
PHX,2017-12-09,76.0,43.0
PHX,2017-12-10,78.0,60.0
PHX,2017-12-11,76.0,52.0
PHX,2017-12-12,75.0,46.0
PHX,2017-12-13,77.0,46.0
PHX,2017-12-14,74.0,45.0
PHX,2017-12-15,72.0,50.0
PHX,2017-12-16,67.0,49.0
PHX,2017-12-17,61.0,50.0
PHX,2017-12-18,67.0,46.0
PHX,2017-12-19,67.0,44.0
PHX,2017-12-20,68.0,45.0
PHX,2017-12-21,57.0,43.0
PHX,2017-12-22,58.0,36.0
PHX,2017-12-23,61.0,39.0
PHX,2017-12-24,70.0,41.0
PHX,2017-12-25,66.0,43.0
PHX,2017-12-26,70.0,41.0
PHX,2017-12-27,73.0,46.0
PHX,2017-12-28,75.0,43.0
PHX,2017-12-29,77.0,45.0
PHX,2017-12-30,77.0,47.0
PHX,2017-12-31,70.0,45.0
PHX,2018-01-01,73.0,43.0
PHX,2018-01-02,75.0,48.0
PHX,2018-01-03,76.0,47.0
PHX,2018-01-04,79.0,56.0
PHX,2018-01-05,77.0,50.0
PHX,2018-01-06,74.0,51.0
PHX,2018-01-07,75.0,53.0
PHX,2018-01-08,75.0,54.0
PHX,2018-01-09,80.0,54.0
PHX,2018-01-10,65.0,52.0
PHX,2018-01-11,70.0,48.0
PHX,2018-01-12,72.0,48.0
PHX,2018-01-13,78.0,47.0
PHX,2018-01-14,79.0,48.0
PHX,2018-01-15,75.0,49.0
PHX,2018-01-16,74.0,51.0
PHX,2018-01-17,72.0,52.0
PHX,2018-01-18,75.0,46.0
PHX,2018-01-19,77.0,48.0
PHX,2018-01-20,61.0,50.0
PHX,2018-01-21,58.0,41.0
PHX,2018-01-22,61.0,40.0
PHX,2018-01-23,70.0,40.0
PHX,2018-01-24,76.0,49.0
PHX,2018-01-25,77.0,46.0
PHX,2018-01-26,68.0,47.0
PHX,2018-01-27,73.0,43.0
PHX,2018-01-28,80.0,45.0
PHX,2018-01-29,83.0,55.0
PHX,2018-01-30,82.0,51.0
PHX,2018-01-31,81.0,50.0
PHX,2018-02-01,80.0,50.0
PHX,2018-02-02,80.0,50.0
PHX,2018-02-03,78.0,49.0
PHX,2018-02-04,80.0,50.0
PHX,2018-02-05,81.0,52.0
PHX,2018-02-06,80.0,51.0
PHX,2018-02-07,79.0,49.0
PHX,2018-02-08,84.0,48.0
PHX,2018-02-09,82.0,53.0
PHX,2018-02-10,78.0,52.0
PHX,2018-02-11,76.0,58.0
PHX,2018-02-12,66.0,54.0
PHX,2018-02-13,73.0,58.0
PHX,2018-02-14,61.0,54.0
PHX,2018-02-15,66.0,54.0
PHX,2018-02-16,66.0,53.0
PHX,2018-02-17,71.0,50.0
PHX,2018-02-18,74.0,51.0
PHX,2018-02-19,68.0,48.0
PHX,2018-02-20,60.0,43.0
PHX,2018-02-21,60.0,39.0
PHX,2018-02-22,63.0,41.0
PHX,2018-02-23,62.0,41.0
PHX,2018-02-24,60.0,39.0
PHX,2018-02-25,64.0,39.0
PHX,2018-02-26,69.0,41.0
PHX,2018-02-27,69.0,45.0
PHX,2018-02-28,60.0,44.0
PHX,2018-03-01,71.0,44.0
PHX,2018-03-02,77.0,46.0
PHX,2018-03-03,76.0,48.0
PHX,2018-03-04,67.0,53.0
PHX,2018-03-05,72.0,45.0
PHX,2018-03-06,80.0,49.0
PHX,2018-03-07,79.0,51.0
PHX,2018-03-08,81.0,57.0
PHX,2018-03-09,84.0,54.0
PHX,2018-03-10,75.0,62.0
PHX,2018-03-11,76.0,58.0
PHX,2018-03-12,83.0,58.0
PHX,2018-03-13,83.0,60.0
PHX,2018-03-14,85.0,61.0
PHX,2018-03-15,72.0,57.0
PHX,2018-03-16,74.0,53.0
PHX,2018-03-17,73.0,51.0
PHX,2018-03-18,68.0,53.0
PHX,2018-03-19,74.0,50.0
PHX,2018-03-20,80.0,50.0
PHX,2018-03-21,83.0,56.0
PHX,2018-03-22,89.0,62.0
PHX,2018-03-23,84.0,70.0
PHX,2018-03-24,82.0,59.0
PHX,2018-03-25,77.0,55.0
PHX,2018-03-26,75.0,55.0
PHX,2018-03-27,76.0,53.0
PHX,2018-03-28,80.0,53.0
PHX,2018-03-29,86.0,56.0
PHX,2018-03-30,89.0,60.0
PHX,2018-03-31,92.0,62.0
PHX,2018-04-01,93.0,66.0
PHX,2018-04-02,89.0,62.0
PHX,2018-04-03,88.0,62.0
PHX,2018-04-04,90.0,63.0
PHX,2018-04-05,92.0,64.0
PHX,2018-04-06,93.0,67.0
PHX,2018-04-07,94.0,69.0
PHX,2018-04-08,92.0,74.0
PHX,2018-04-09,95.0,65.0
PHX,2018-04-10,100.0,66.0
PHX,2018-04-11,96.0,66.0
PHX,2018-04-12,87.0,66.0
PHX,2018-04-13,79.0,60.0
PHX,2018-04-14,83.0,57.0
PHX,2018-04-15,91.0,58.0
PHX,2018-04-16,84.0,64.0
PHX,2018-04-17,75.0,58.0
PHX,2018-04-18,83.0,54.0
PHX,2018-04-19,85.0,58.0
PHX,2018-04-20,78.0,56.0
PHX,2018-04-21,89.0,59.0
PHX,2018-04-22,94.0,63.0
PHX,2018-04-23,96.0,65.0
PHX,2018-04-24,98.0,68.0
PHX,2018-04-25,99.0,69.0
PHX,2018-04-26,97.0,70.0
PHX,2018-04-27,100.0,71.0
PHX,2018-04-28,98.0,74.0
PHX,2018-04-29,94.0,67.0
PHX,2018-04-30,86.0,67.0
PHX,2018-05-01,77.0,64.0
PHX,2018-05-02,75.0,60.0
PHX,2018-05-03,83.0,58.0
PHX,2018-05-04,96.0,64.0
PHX,2018-05-05,103.0,68.0
PHX,2018-05-06,106.0,73.0
PHX,2018-05-07,101.0,77.0
PHX,2018-05-08,106.0,74.0
PHX,2018-05-09,105.0,74.0
PHX,2018-05-10,106.0,74.0
PHX,2018-05-11,102.0,75.0
PHX,2018-05-12,90.0,72.0
PHX,2018-05-13,90.0,66.0
PHX,2018-05-14,95.0,68.0
PHX,2018-05-15,95.0,69.0
PHX,2018-05-16,99.0,70.0
PHX,2018-05-17,98.0,71.0
PHX,2018-05-18,93.0,69.0
PHX,2018-05-19,97.0,70.0
PHX,2018-05-20,99.0,72.0
PHX,2018-05-21,97.0,72.0
PHX,2018-05-22,95.0,70.0
PHX,2018-05-23,95.0,70.0
PHX,2018-05-24,100.0,72.0
PHX,2018-05-25,100.0,72.0
PHX,2018-05-26,94.0,72.0
PHX,2018-05-27,93.0,69.0
PHX,2018-05-28,98.0,71.0
PHX,2018-05-29,102.0,75.0
PHX,2018-05-30,102.0,80.0
PHX,2018-05-31,101.0,74.0
PHX,2018-06-01,100.0,75.0
PHX,2018-06-02,106.0,74.0
PHX,2018-06-03,108.0,76.0
PHX,2018-06-04,110.0,78.0
PHX,2018-06-05,106.0,79.0
PHX,2018-06-06,105.0,79.0
PHX,2018-06-07,103.0,75.0
PHX,2018-06-08,107.0,78.0
PHX,2018-06-09,108.0,79.0
PHX,2018-06-10,106.0,78.0
PHX,2018-06-11,107.0,77.0
PHX,2018-06-12,109.0,79.0
PHX,2018-06-13,109.0,87.0
PHX,2018-06-14,109.0,90.0
PHX,2018-06-15,95.0,82.0
PHX,2018-06-16,82.0,74.0
PHX,2018-06-17,100.0,74.0
PHX,2018-06-18,101.0,73.0
PHX,2018-06-19,103.0,76.0
PHX,2018-06-20,109.0,79.0
PHX,2018-06-21,110.0,80.0
PHX,2018-06-22,111.0,82.0
PHX,2018-06-23,109.0,83.0
PHX,2018-06-24,105.0,81.0
PHX,2018-06-25,106.0,82.0
PHX,2018-06-26,110.0,80.0
PHX,2018-06-27,110.0,83.0
PHX,2018-06-28,109.0,85.0
PHX,2018-06-29,105.0,82.0
PHX,2018-06-30,104.0,79.0
PHX,2018-07-01,104.0,77.0
PHX,2018-07-02,108.0,79.0
PHX,2018-07-03,110.0,82.0
PHX,2018-07-04,107.0,87.0
PHX,2018-07-05,115.0,88.0
PHX,2018-07-06,111.0,94.0
PHX,2018-07-07,113.0,91.0
PHX,2018-07-08,111.0,90.0
PHX,2018-07-09,107.0,74.0
PHX,2018-07-10,98.0,78.0
PHX,2018-07-11,101.0,79.0
PHX,2018-07-12,102.0,78.0
PHX,2018-07-13,106.0,86.0
PHX,2018-07-14,103.0,87.0
PHX,2018-07-15,100.0,88.0
PHX,2018-07-16,105.0,84.0
PHX,2018-07-17,107.0,84.0
PHX,2018-07-18,103.0,85.0
PHX,2018-07-19,106.0,87.0
PHX,2018-07-20,109.0,91.0
PHX,2018-07-21,102.0,79.0
PHX,2018-07-22,109.0,85.0
PHX,2018-07-23,115.0,89.0
PHX,2018-07-24,116.0,91.0
PHX,2018-07-25,116.0,93.0
PHX,2018-07-26,111.0,94.0
PHX,2018-07-27,110.0,93.0
PHX,2018-07-28,108.0,89.0
PHX,2018-07-29,105.0,84.0
PHX,2018-07-30,109.0,82.0
PHX,2018-07-31,107.0,83.0
PHX,2018-08-01,111.0,91.0
PHX,2018-08-02,111.0,88.0
PHX,2018-08-03,110.0,87.0
PHX,2018-08-04,112.0,91.0
PHX,2018-08-05,113.0,91.0
PHX,2018-08-06,114.0,91.0
PHX,2018-08-07,110.0,83.0
PHX,2018-08-08,103.0,75.0
PHX,2018-08-09,101.0,76.0
PHX,2018-08-10,100.0,72.0
PHX,2018-08-11,101.0,74.0
PHX,2018-08-12,102.0,80.0
PHX,2018-08-13,101.0,80.0
PHX,2018-08-14,103.0,85.0
PHX,2018-08-15,98.0,82.0
PHX,2018-08-16,100.0,86.0
PHX,2018-08-17,103.0,84.0
PHX,2018-08-18,107.0,87.0
PHX,2018-08-19,108.0,89.0
PHX,2018-08-20,108.0,90.0
PHX,2018-08-21,104.0,83.0
PHX,2018-08-22,102.0,82.0
PHX,2018-08-23,103.0,79.0
PHX,2018-08-24,101.0,78.0
PHX,2018-08-25,100.0,79.0
PHX,2018-08-26,103.0,81.0
PHX,2018-08-27,105.0,84.0
PHX,2018-08-28,105.0,79.0
PHX,2018-08-29,106.0,80.0
PHX,2018-08-30,104.0,84.0
PHX,2018-08-31,105.0,85.0
PHX,2018-09-01,103.0,86.0
PHX,2018-09-02,103.0,79.0
PHX,2018-09-03,99.0,74.0
PHX,2018-09-04,101.0,80.0
PHX,2018-09-05,103.0,83.0
PHX,2018-09-06,105.0,82.0
PHX,2018-09-07,105.0,83.0
PHX,2018-09-08,109.0,84.0
PHX,2018-09-09,106.0,85.0
PHX,2018-09-10,107.0,86.0
PHX,2018-09-11,108.0,81.0
PHX,2018-09-12,107.0,80.0
PHX,2018-09-13,106.0,77.0
PHX,2018-09-14,109.0,77.0
PHX,2018-09-15,109.0,81.0
PHX,2018-09-16,105.0,86.0
PHX,2018-09-17,107.0,85.0
PHX,2018-09-18,104.0,85.0
PHX,2018-09-19,92.0,74.0
PHX,2018-09-20,98.0,73.0
PHX,2018-09-21,101.0,78.0
PHX,2018-09-22,102.0,81.0
PHX,2018-09-23,104.0,78.0
PHX,2018-09-24,102.0,82.0
PHX,2018-09-25,100.0,80.0
PHX,2018-09-26,104.0,78.0
PHX,2018-09-27,104.0,78.0
PHX,2018-09-28,105.0,77.0
PHX,2018-09-29,102.0,79.0
PHX,2018-09-30,95.0,74.0
PHX,2018-10-01,78.0,69.0
PHX,2018-10-02,81.0,69.0
PHX,2018-10-03,87.0,74.0
PHX,2018-10-04,87.0,71.0
PHX,2018-10-05,86.0,69.0
PHX,2018-10-06,85.0,67.0
PHX,2018-10-07,77.0,57.0
PHX,2018-10-08,77.0,59.0
PHX,2018-10-09,81.0,59.0
PHX,2018-10-10,84.0,60.0
PHX,2018-10-11,84.0,68.0
PHX,2018-10-12,82.0,66.0
PHX,2018-10-13,73.0,63.0
PHX,2018-10-14,76.0,62.0
PHX,2018-10-15,78.0,64.0
PHX,2018-10-16,69.0,59.0
PHX,2018-10-17,77.0,60.0
PHX,2018-10-18,80.0,59.0
PHX,2018-10-19,85.0,63.0
PHX,2018-10-20,93.0,70.0
PHX,2018-10-21,89.0,72.0
PHX,2018-10-22,89.0,69.0
PHX,2018-10-23,89.0,67.0
PHX,2018-10-24,84.0,61.0
PHX,2018-10-25,86.0,64.0
PHX,2018-10-26,88.0,63.0
PHX,2018-10-27,89.0,63.0
PHX,2018-10-28,90.0,63.0
PHX,2018-10-29,88.0,65.0
PHX,2018-10-30,85.0,66.0
PHX,2018-10-31,77.0,58.0
PHX,2018-11-01,78.0,56.0
PHX,2018-11-02,82.0,56.0
PHX,2018-11-03,82.0,57.0
PHX,2018-11-04,82.0,59.0
PHX,2018-11-05,84.0,59.0
PHX,2018-11-06,84.0,58.0
PHX,2018-11-07,83.0,59.0
PHX,2018-11-08,81.0,59.0
PHX,2018-11-09,78.0,54.0
PHX,2018-11-10,79.0,55.0
PHX,2018-11-11,74.0,52.0
PHX,2018-11-12,67.0,45.0
PHX,2018-11-13,68.0,47.0
PHX,2018-11-14,68.0,51.0
PHX,2018-11-15,76.0,44.0
PHX,2018-11-16,77.0,50.0
PHX,2018-11-17,75.0,48.0
PHX,2018-11-18,74.0,51.0
PHX,2018-11-19,76.0,48.0
PHX,2018-11-20,78.0,53.0
PHX,2018-11-21,75.0,51.0
PHX,2018-11-22,67.0,54.0
PHX,2018-11-23,70.0,51.0
PHX,2018-11-24,72.0,48.0
PHX,2018-11-25,72.0,49.0
PHX,2018-11-26,76.0,48.0
PHX,2018-11-27,76.0,49.0
PHX,2018-11-28,76.0,51.0
PHX,2018-11-29,68.0,52.0
PHX,2018-11-30,65.0,51.0
PHX,2018-12-01,65.0,48.0
PHX,2018-12-02,62.0,49.0
PHX,2018-12-03,63.0,42.0
PHX,2018-12-04,65.0,43.0
PHX,2018-12-05,73.0,44.0
PHX,2018-12-06,59.0,54.0
PHX,2018-12-07,70.0,52.0
PHX,2018-12-08,68.0,49.0
PHX,2018-12-09,70.0,46.0
PHX,2018-12-10,71.0,48.0
PHX,2018-12-11,72.0,53.0
PHX,2018-12-12,68.0,46.0
PHX,2018-12-13,69.0,43.0
PHX,2018-12-14,66.0,42.0
PHX,2018-12-15,70.0,50.0
PHX,2018-12-16,68.0,46.0
PHX,2018-12-17,71.0,46.0
PHX,2018-12-18,70.0,46.0
PHX,2018-12-19,69.0,44.0
PHX,2018-12-20,75.0,43.0
PHX,2018-12-21,69.0,49.0
PHX,2018-12-22,72.0,45.0
PHX,2018-12-23,73.0,45.0
PHX,2018-12-24,72.0,46.0
PHX,2018-12-25,66.0,46.0
PHX,2018-12-26,62.0,45.0
PHX,2018-12-27,61.0,42.0
PHX,2018-12-28,56.0,38.0
PHX,2018-12-29,57.0,34.0
PHX,2018-12-30,57.0,35.0
PHX,2018-12-31,52.0,36.0
PHX,2019-01-01,51.0,38.0
PHX,2019-01-02,52.0,30.0
PHX,2019-01-03,57.0,33.0
PHX,2019-01-04,67.0,37.0
PHX,2019-01-05,67.0,45.0
PHX,2019-01-06,55.0,47.0
PHX,2019-01-07,63.0,43.0
PHX,2019-01-08,72.0,43.0
PHX,2019-01-09,73.0,48.0
PHX,2019-01-10,67.0,50.0
PHX,2019-01-11,66.0,45.0
PHX,2019-01-12,69.0,47.0
PHX,2019-01-13,63.0,47.0
PHX,2019-01-14,70.0,51.0
PHX,2019-01-15,65.0,53.0
PHX,2019-01-16,69.0,50.0
PHX,2019-01-17,69.0,48.0
PHX,2019-01-18,70.0,51.0
PHX,2019-01-19,71.0,44.0
PHX,2019-01-20,74.0,46.0
PHX,2019-01-21,68.0,49.0
PHX,2019-01-22,64.0,43.0
PHX,2019-01-23,62.0,38.0
PHX,2019-01-24,69.0,39.0
PHX,2019-01-25,69.0,40.0
PHX,2019-01-26,72.0,41.0
PHX,2019-01-27,73.0,45.0
PHX,2019-01-28,72.0,47.0
PHX,2019-01-29,71.0,51.0
PHX,2019-01-30,74.0,55.0
PHX,2019-01-31,73.0,51.0
PHX,2019-02-01,75.0,54.0
PHX,2019-02-02,73.0,56.0
PHX,2019-02-03,67.0,56.0
PHX,2019-02-04,66.0,55.0
PHX,2019-02-05,67.0,50.0
PHX,2019-02-06,56.0,42.0
PHX,2019-02-07,57.0,36.0
PHX,2019-02-08,67.0,38.0
PHX,2019-02-09,59.0,44.0
PHX,2019-02-10,66.0,38.0
PHX,2019-02-11,59.0,43.0
PHX,2019-02-12,69.0,38.0
PHX,2019-02-13,67.0,49.0
PHX,2019-02-14,61.0,56.0
PHX,2019-02-15,67.0,52.0
PHX,2019-02-16,63.0,49.0
PHX,2019-02-17,60.0,41.0
PHX,2019-02-18,55.0,43.0
PHX,2019-02-19,57.0,36.0
PHX,2019-02-20,58.0,34.0
PHX,2019-02-21,54.0,40.0
PHX,2019-02-22,47.0,38.0
PHX,2019-02-23,55.0,36.0
PHX,2019-02-24,64.0,37.0
PHX,2019-02-25,67.0,41.0
PHX,2019-02-26,72.0,43.0
PHX,2019-02-27,76.0,54.0
PHX,2019-02-28,77.0,51.0
PHX,2019-03-01,78.0,56.0
PHX,2019-03-02,76.0,57.0
PHX,2019-03-03,75.0,52.0
PHX,2019-03-04,74.0,52.0
PHX,2019-03-05,80.0,53.0
PHX,2019-03-06,85.0,58.0
PHX,2019-03-07,75.0,58.0
PHX,2019-03-08,69.0,54.0
PHX,2019-03-09,66.0,46.0
PHX,2019-03-10,70.0,48.0
PHX,2019-03-11,68.0,52.0
PHX,2019-03-12,59.0,51.0
PHX,2019-03-13,67.0,50.0
PHX,2019-03-14,65.0,44.0
PHX,2019-03-15,75.0,48.0
PHX,2019-03-16,79.0,60.0
PHX,2019-03-17,79.0,59.0
PHX,2019-03-18,83.0,57.0
PHX,2019-03-19,85.0,59.0
PHX,2019-03-20,83.0,60.0
PHX,2019-03-21,70.0,57.0
PHX,2019-03-22,74.0,50.0
PHX,2019-03-23,78.0,54.0
PHX,2019-03-24,81.0,53.0
PHX,2019-03-25,87.0,54.0
PHX,2019-03-26,87.0,58.0
PHX,2019-03-27,82.0,62.0
PHX,2019-03-28,86.0,57.0
PHX,2019-03-29,82.0,57.0
PHX,2019-03-30,83.0,55.0
PHX,2019-03-31,81.0,55.0
PHX,2019-04-01,83.0,58.0
PHX,2019-04-02,88.0,58.0
PHX,2019-04-03,79.0,63.0
PHX,2019-04-04,85.0,60.0
PHX,2019-04-05,82.0,58.0
PHX,2019-04-06,82.0,65.0
PHX,2019-04-07,89.0,61.0
PHX,2019-04-08,97.0,63.0
PHX,2019-04-09,97.0,66.0
PHX,2019-04-10,77.0,60.0
PHX,2019-04-11,78.0,55.0
PHX,2019-04-12,76.0,64.0
PHX,2019-04-13,80.0,55.0
PHX,2019-04-14,86.0,58.0
PHX,2019-04-15,89.0,62.0
PHX,2019-04-16,82.0,61.0
PHX,2019-04-17,79.0,57.0
PHX,2019-04-18,92.0,60.0
PHX,2019-04-19,99.0,65.0
PHX,2019-04-20,94.0,70.0
PHX,2019-04-21,90.0,67.0
PHX,2019-04-22,88.0,62.0
PHX,2019-04-23,86.0,64.0
PHX,2019-04-24,94.0,65.0
PHX,2019-04-25,99.0,68.0
PHX,2019-04-26,100.0,71.0
PHX,2019-04-27,98.0,71.0
PHX,2019-04-28,97.0,69.0
PHX,2019-04-29,87.0,63.0
PHX,2019-04-30,83.0,61.0
PHX,2019-05-01,88.0,65.0
PHX,2019-05-02,88.0,64.0
PHX,2019-05-03,94.0,65.0
PHX,2019-05-04,95.0,66.0
PHX,2019-05-05,94.0,67.0
PHX,2019-05-06,86.0,67.0
PHX,2019-05-07,80.0,60.0
PHX,2019-05-08,88.0,65.0
PHX,2019-05-09,90.0,64.0
PHX,2019-05-10,87.0,66.0
PHX,2019-05-11,87.0,64.0
PHX,2019-05-12,86.0,65.0
PHX,2019-05-13,91.0,65.0
PHX,2019-05-14,98.0,71.0
PHX,2019-05-15,100.0,73.0
PHX,2019-05-16,94.0,73.0
PHX,2019-05-17,81.0,61.0
PHX,2019-05-18,86.0,62.0
PHX,2019-05-19,81.0,68.0
PHX,2019-05-20,77.0,60.0
PHX,2019-05-21,83.0,57.0
PHX,2019-05-22,77.0,60.0
PHX,2019-05-23,76.0,54.0
PHX,2019-05-24,88.0,59.0
PHX,2019-05-25,94.0,63.0
PHX,2019-05-26,85.0,66.0
PHX,2019-05-27,79.0,65.0
PHX,2019-05-28,84.0,61.0
PHX,2019-05-29,91.0,65.0
PHX,2019-05-30,96.0,71.0
PHX,2019-05-31,99.0,72.0
PHX,2019-06-01,98.0,72.0
PHX,2019-06-02,96.0,76.0
PHX,2019-06-03,98.0,74.0
PHX,2019-06-04,98.0,74.0
PHX,2019-06-05,102.0,76.0
PHX,2019-06-06,103.0,77.0
PHX,2019-06-07,102.0,79.0
PHX,2019-06-08,100.0,73.0
PHX,2019-06-09,105.0,75.0
PHX,2019-06-10,109.0,81.0
PHX,2019-06-11,108.0,84.0
PHX,2019-06-12,112.0,80.0
PHX,2019-06-13,107.0,82.0
PHX,2019-06-14,105.0,77.0
PHX,2019-06-15,105.0,77.0
PHX,2019-06-16,107.0,80.0
PHX,2019-06-17,105.0,82.0
PHX,2019-06-18,104.0,79.0
PHX,2019-06-19,104.0,76.0
PHX,2019-06-20,104.0,76.0
PHX,2019-06-21,103.0,77.0
PHX,2019-06-22,99.0,77.0
PHX,2019-06-23,100.0,76.0
PHX,2019-06-24,103.0,75.0
PHX,2019-06-25,105.0,76.0
PHX,2019-06-26,104.0,78.0
PHX,2019-06-27,104.0,79.0
PHX,2019-06-28,110.0,80.0
PHX,2019-06-29,111.0,86.0
PHX,2019-06-30,110.0,89.0
PHX,2019-07-01,110.0,87.0
PHX,2019-07-02,108.0,84.0
PHX,2019-07-03,108.0,82.0
PHX,2019-07-04,107.0,78.0
PHX,2019-07-05,105.0,79.0
PHX,2019-07-06,106.0,81.0
PHX,2019-07-07,109.0,86.0
PHX,2019-07-08,105.0,76.0
PHX,2019-07-09,105.0,76.0
PHX,2019-07-10,111.0,84.0
PHX,2019-07-11,114.0,90.0
PHX,2019-07-12,112.0,91.0
PHX,2019-07-13,110.0,92.0
PHX,2019-07-14,109.0,92.0
PHX,2019-07-15,114.0,89.0
PHX,2019-07-16,115.0,89.0
PHX,2019-07-17,106.0,90.0
PHX,2019-07-18,107.0,86.0
PHX,2019-07-19,108.0,86.0
PHX,2019-07-20,108.0,84.0
PHX,2019-07-21,109.0,86.0
PHX,2019-07-22,104.0,81.0
PHX,2019-07-23,107.0,83.0
PHX,2019-07-24,102.0,80.0
PHX,2019-07-25,108.0,88.0
PHX,2019-07-26,110.0,90.0
PHX,2019-07-27,113.0,93.0
PHX,2019-07-28,111.0,92.0
PHX,2019-07-29,110.0,92.0
PHX,2019-07-30,107.0,76.0
PHX,2019-07-31,97.0,76.0
PHX,2019-08-01,105.0,83.0
PHX,2019-08-02,110.0,90.0
PHX,2019-08-03,114.0,83.0
PHX,2019-08-04,111.0,86.0
PHX,2019-08-05,115.0,89.0
PHX,2019-08-06,102.0,89.0
PHX,2019-08-07,107.0,88.0
PHX,2019-08-08,108.0,86.0
PHX,2019-08-09,101.0,89.0
PHX,2019-08-10,103.0,86.0
PHX,2019-08-11,105.0,83.0
PHX,2019-08-12,106.0,89.0
PHX,2019-08-13,110.0,83.0
PHX,2019-08-14,114.0,83.0
PHX,2019-08-15,114.0,85.0
PHX,2019-08-16,111.0,85.0
PHX,2019-08-17,108.0,86.0
PHX,2019-08-18,105.0,84.0
PHX,2019-08-19,109.0,81.0
PHX,2019-08-20,113.0,83.0
PHX,2019-08-21,114.0,85.0
PHX,2019-08-22,110.0,85.0
PHX,2019-08-23,105.0,86.0
PHX,2019-08-24,102.0,85.0
PHX,2019-08-25,103.0,85.0
PHX,2019-08-26,107.0,88.0
PHX,2019-08-27,111.0,91.0
PHX,2019-08-28,109.0,79.0
PHX,2019-08-29,106.0,80.0
PHX,2019-08-30,109.0,86.0
PHX,2019-08-31,107.0,86.0
PHX,2019-09-01,108.0,86.0
PHX,2019-09-02,106.0,85.0
PHX,2019-09-03,109.0,86.0
PHX,2019-09-04,112.0,88.0
PHX,2019-09-05,110.0,89.0
PHX,2019-09-06,108.0,89.0
PHX,2019-09-07,109.0,90.0
PHX,2019-09-08,103.0,86.0
PHX,2019-09-09,100.0,82.0
PHX,2019-09-10,100.0,83.0
PHX,2019-09-11,98.0,81.0
PHX,2019-09-12,102.0,80.0
PHX,2019-09-13,106.0,79.0
PHX,2019-09-14,104.0,83.0
PHX,2019-09-15,99.0,81.0
PHX,2019-09-16,99.0,77.0
PHX,2019-09-17,98.0,76.0
PHX,2019-09-18,103.0,80.0
PHX,2019-09-19,102.0,79.0
PHX,2019-09-20,97.0,73.0
PHX,2019-09-21,96.0,70.0
PHX,2019-09-22,98.0,72.0
PHX,2019-09-23,90.0,69.0
PHX,2019-09-24,88.0,68.0
PHX,2019-09-25,89.0,73.0
PHX,2019-09-26,89.0,72.0
PHX,2019-09-27,87.0,71.0
PHX,2019-09-28,94.0,71.0
PHX,2019-09-29,91.0,74.0
PHX,2019-09-30,91.0,68.0
PHX,2019-10-01,91.0,65.0
PHX,2019-10-02,91.0,66.0
PHX,2019-10-03,96.0,68.0
PHX,2019-10-04,95.0,73.0
PHX,2019-10-05,95.0,70.0
PHX,2019-10-06,96.0,67.0
PHX,2019-10-07,98.0,67.0
PHX,2019-10-08,97.0,69.0
PHX,2019-10-09,94.0,67.0
PHX,2019-10-10,88.0,67.0
PHX,2019-10-11,87.0,63.0
PHX,2019-10-12,90.0,64.0
PHX,2019-10-13,93.0,64.0
PHX,2019-10-14,89.0,65.0
PHX,2019-10-15,93.0,68.0
PHX,2019-10-16,98.0,67.0
PHX,2019-10-17,96.0,71.0
PHX,2019-10-18,85.0,68.0
PHX,2019-10-19,86.0,60.0
PHX,2019-10-20,87.0,58.0
PHX,2019-10-21,86.0,59.0
PHX,2019-10-22,90.0,59.0
PHX,2019-10-23,91.0,62.0
PHX,2019-10-24,85.0,60.0
PHX,2019-10-25,84.0,66.0
PHX,2019-10-26,85.0,57.0
PHX,2019-10-27,88.0,57.0
PHX,2019-10-28,75.0,56.0
PHX,2019-10-29,75.0,48.0
PHX,2019-10-30,70.0,53.0
PHX,2019-10-31,76.0,43.0
PHX,2019-11-01,81.0,46.0
PHX,2019-11-02,88.0,53.0
PHX,2019-11-03,86.0,60.0
PHX,2019-11-04,86.0,57.0
PHX,2019-11-05,89.0,58.0
PHX,2019-11-06,86.0,64.0
PHX,2019-11-07,87.0,62.0
PHX,2019-11-08,88.0,63.0
PHX,2019-11-09,85.0,61.0
PHX,2019-11-10,87.0,61.0
PHX,2019-11-11,87.0,62.0
PHX,2019-11-12,82.0,62.0
PHX,2019-11-13,79.0,58.0
PHX,2019-11-14,81.0,57.0
PHX,2019-11-15,84.0,58.0
PHX,2019-11-16,81.0,58.0
PHX,2019-11-17,85.0,55.0
PHX,2019-11-18,85.0,56.0
PHX,2019-11-19,76.0,58.0
PHX,2019-11-20,69.0,56.0
PHX,2019-11-21,62.0,53.0
PHX,2019-11-22,66.0,51.0
PHX,2019-11-23,72.0,49.0
PHX,2019-11-24,73.0,50.0
PHX,2019-11-25,68.0,49.0
PHX,2019-11-26,61.0,46.0
PHX,2019-11-27,68.0,44.0
PHX,2019-11-28,70.0,57.0
PHX,2019-11-29,62.0,46.0
PHX,2019-11-30,59.0,43.0
PHX,2019-12-01,68.0,42.0
PHX,2019-12-02,70.0,46.0
PHX,2019-12-03,67.0,47.0
PHX,2019-12-04,75.0,56.0
PHX,2019-12-05,71.0,54.0
PHX,2019-12-06,72.0,53.0
PHX,2019-12-07,71.0,51.0
PHX,2019-12-08,63.0,57.0
PHX,2019-12-09,67.0,52.0
PHX,2019-12-10,69.0,47.0
PHX,2019-12-11,70.0,48.0
PHX,2019-12-12,69.0,47.0
PHX,2019-12-13,69.0,48.0
PHX,2019-12-14,71.0,49.0
PHX,2019-12-15,66.0,48.0
PHX,2019-12-16,62.0,42.0
PHX,2019-12-17,62.0,38.0
PHX,2019-12-18,67.0,49.0
PHX,2019-12-19,65.0,40.0
PHX,2019-12-20,69.0,40.0
PHX,2019-12-21,73.0,45.0
PHX,2019-12-22,72.0,52.0
PHX,2019-12-23,64.0,54.0
PHX,2019-12-24,59.0,52.0
PHX,2019-12-25,57.0,46.0
PHX,2019-12-26,61.0,44.0
PHX,2019-12-27,51.0,46.0
PHX,2019-12-28,55.0,41.0
PHX,2019-12-29,53.0,35.0
PHX,2019-12-30,56.0,39.0
PHX,2019-12-31,59.0,45.0
PHX,2020-01-01,60.0,40.0
PHX,2020-01-02,64.0,41.0
PHX,2020-01-03,64.0,41.0
PHX,2020-01-04,68.0,41.0
PHX,2020-01-05,70.0,42.0
PHX,2020-01-06,71.0,41.0
PHX,2020-01-07,73.0,43.0
PHX,2020-01-08,68.0,45.0
PHX,2020-01-09,64.0,46.0
PHX,2020-01-10,64.0,43.0
PHX,2020-01-11,63.0,40.0
PHX,2020-01-12,65.0,38.0
PHX,2020-01-13,69.0,41.0
PHX,2020-01-14,70.0,42.0
PHX,2020-01-15,69.0,47.0
PHX,2020-01-16,66.0,51.0
PHX,2020-01-17,65.0,45.0
PHX,2020-01-18,70.0,42.0
PHX,2020-01-19,76.0,44.0
PHX,2020-01-20,74.0,55.0
PHX,2020-01-21,64.0,53.0
PHX,2020-01-22,64.0,51.0
PHX,2020-01-23,71.0,47.0
PHX,2020-01-24,73.0,48.0
PHX,2020-01-25,73.0,48.0
PHX,2020-01-26,73.0,49.0
PHX,2020-01-27,74.0,51.0
PHX,2020-01-28,72.0,46.0
PHX,2020-01-29,67.0,47.0
PHX,2020-01-30,70.0,45.0
PHX,2020-01-31,73.0,44.0
PHX,2020-02-01,78.0,46.0
PHX,2020-02-02,79.0,49.0
PHX,2020-02-03,65.0,45.0
PHX,2020-02-04,55.0,35.0
PHX,2020-02-05,55.0,35.0
PHX,2020-02-06,61.0,36.0
PHX,2020-02-07,67.0,41.0
PHX,2020-02-08,72.0,44.0
PHX,2020-02-09,76.0,47.0
PHX,2020-02-10,72.0,52.0
PHX,2020-02-11,60.0,47.0
PHX,2020-02-12,64.0,43.0
PHX,2020-02-13,68.0,43.0
PHX,2020-02-14,72.0,48.0
PHX,2020-02-15,73.0,46.0
PHX,2020-02-16,74.0,46.0
PHX,2020-02-17,76.0,49.0
PHX,2020-02-18,79.0,51.0
PHX,2020-02-19,79.0,53.0
PHX,2020-02-20,82.0,51.0
PHX,2020-02-21,77.0,62.0
PHX,2020-02-22,69.0,56.0
PHX,2020-02-23,64.0,49.0
PHX,2020-02-24,71.0,49.0
PHX,2020-02-25,68.0,47.0
PHX,2020-02-26,67.0,46.0
PHX,2020-02-27,77.0,45.0
PHX,2020-02-28,77.0,51.0
PHX,2020-02-29,79.0,51.0
PHX,2020-03-01,77.0,53.0
PHX,2020-03-02,70.0,50.0
PHX,2020-03-03,76.0,52.0
PHX,2020-03-04,75.0,51.0
PHX,2020-03-05,84.0,54.0
PHX,2020-03-06,86.0,59.0
PHX,2020-03-07,85.0,60.0
PHX,2020-03-08,75.0,61.0
PHX,2020-03-09,79.0,55.0
PHX,2020-03-10,73.0,60.0
PHX,2020-03-11,66.0,61.0
PHX,2020-03-12,71.0,57.0
PHX,2020-03-13,66.0,53.0
PHX,2020-03-14,73.0,50.0
PHX,2020-03-15,77.0,53.0
PHX,2020-03-16,78.0,53.0
PHX,2020-03-17,75.0,58.0
PHX,2020-03-18,69.0,50.0
PHX,2020-03-19,65.0,49.0
PHX,2020-03-20,71.0,48.0
PHX,2020-03-21,75.0,52.0
PHX,2020-03-22,73.0,55.0
PHX,2020-03-23,77.0,59.0
PHX,2020-03-24,77.0,55.0
PHX,2020-03-25,77.0,55.0
PHX,2020-03-26,70.0,59.0
PHX,2020-03-27,66.0,52.0
PHX,2020-03-28,71.0,47.0
PHX,2020-03-29,77.0,53.0
PHX,2020-03-30,77.0,53.0
PHX,2020-03-31,79.0,55.0
PHX,2020-04-01,85.0,60.0
PHX,2020-04-02,85.0,57.0
PHX,2020-04-03,84.0,57.0
PHX,2020-04-04,84.0,57.0
PHX,2020-04-05,86.0,58.0
PHX,2020-04-06,85.0,58.0
PHX,2020-04-07,84.0,56.0
PHX,2020-04-08,83.0,58.0
PHX,2020-04-09,74.0,54.0
PHX,2020-04-10,79.0,53.0
PHX,2020-04-11,71.0,57.0
PHX,2020-04-12,77.0,52.0
PHX,2020-04-13,78.0,59.0
PHX,2020-04-14,80.0,59.0
PHX,2020-04-15,83.0,55.0
PHX,2020-04-16,86.0,56.0
PHX,2020-04-17,89.0,58.0
PHX,2020-04-18,80.0,58.0
PHX,2020-04-19,83.0,59.0
PHX,2020-04-20,87.0,62.0
PHX,2020-04-21,83.0,63.0
PHX,2020-04-22,91.0,61.0
PHX,2020-04-23,97.0,65.0
PHX,2020-04-24,98.0,69.0
PHX,2020-04-25,99.0,70.0
PHX,2020-04-26,102.0,71.0
PHX,2020-04-27,102.0,73.0
PHX,2020-04-28,101.0,69.0
PHX,2020-04-29,104.0,73.0
PHX,2020-04-30,101.0,75.0
PHX,2020-05-01,101.0,69.0
PHX,2020-05-02,99.0,71.0
PHX,2020-05-03,97.0,70.0
PHX,2020-05-04,99.0,69.0
PHX,2020-05-05,103.0,71.0
PHX,2020-05-06,106.0,74.0
PHX,2020-05-07,106.0,72.0
PHX,2020-05-08,104.0,74.0
PHX,2020-05-09,101.0,77.0
PHX,2020-05-10,100.0,81.0
PHX,2020-05-11,100.0,76.0
PHX,2020-05-12,96.0,73.0
PHX,2020-05-13,91.0,70.0
PHX,2020-05-14,91.0,69.0
PHX,2020-05-15,94.0,69.0
PHX,2020-05-16,98.0,71.0
PHX,2020-05-17,102.0,74.0
PHX,2020-05-18,101.0,73.0
PHX,2020-05-19,91.0,72.0
PHX,2020-05-20,86.0,63.0
PHX,2020-05-21,92.0,64.0
PHX,2020-05-22,96.0,66.0
PHX,2020-05-23,95.0,70.0
PHX,2020-05-24,95.0,71.0
PHX,2020-05-25,97.0,70.0
PHX,2020-05-26,103.0,72.0
PHX,2020-05-27,107.0,74.0
PHX,2020-05-28,109.0,79.0
PHX,2020-05-29,112.0,82.0
PHX,2020-05-30,111.0,84.0
PHX,2020-05-31,107.0,83.0
PHX,2020-06-01,105.0,82.0
PHX,2020-06-02,107.0,87.0
PHX,2020-06-03,110.0,85.0
PHX,2020-06-04,112.0,84.0
PHX,2020-06-05,107.0,85.0
PHX,2020-06-06,93.0,74.0
PHX,2020-06-07,97.0,76.0
PHX,2020-06-08,90.0,75.0
PHX,2020-06-09,94.0,74.0
PHX,2020-06-10,105.0,72.0
PHX,2020-06-11,108.0,75.0
PHX,2020-06-12,110.0,80.0
PHX,2020-06-13,106.0,79.0
PHX,2020-06-14,107.0,74.0
PHX,2020-06-15,106.0,77.0
PHX,2020-06-16,106.0,77.0
PHX,2020-06-17,104.0,76.0
PHX,2020-06-18,103.0,76.0
PHX,2020-06-19,102.0,76.0
PHX,2020-06-20,105.0,77.0
PHX,2020-06-21,108.0,81.0
PHX,2020-06-22,109.0,81.0
PHX,2020-06-23,110.0,83.0
PHX,2020-06-24,111.0,81.0
PHX,2020-06-25,110.0,82.0
PHX,2020-06-26,110.0,82.0
PHX,2020-06-27,108.0,84.0
PHX,2020-06-28,105.0,81.0
PHX,2020-06-29,101.0,81.0
PHX,2020-06-30,100.0,76.0
PHX,2020-07-01,105.0,76.0
PHX,2020-07-02,104.0,80.0
PHX,2020-07-03,105.0,85.0
PHX,2020-07-04,110.0,86.0
PHX,2020-07-05,112.0,87.0
PHX,2020-07-06,111.0,83.0
PHX,2020-07-07,111.0,84.0
PHX,2020-07-08,111.0,90.0
PHX,2020-07-09,110.0,90.0
PHX,2020-07-10,111.0,91.0
PHX,2020-07-11,115.0,94.0
PHX,2020-07-12,116.0,93.0
PHX,2020-07-13,114.0,93.0
PHX,2020-07-14,111.0,90.0
PHX,2020-07-15,109.0,89.0
PHX,2020-07-16,111.0,88.0
PHX,2020-07-17,109.0,90.0
PHX,2020-07-18,111.0,91.0
PHX,2020-07-19,108.0,93.0
PHX,2020-07-20,103.0,93.0
PHX,2020-07-21,109.0,89.0
PHX,2020-07-22,107.0,88.0
PHX,2020-07-23,98.0,86.0
PHX,2020-07-24,104.0,79.0
PHX,2020-07-25,105.0,82.0
PHX,2020-07-26,110.0,86.0
PHX,2020-07-27,111.0,90.0
PHX,2020-07-28,115.0,90.0
PHX,2020-07-29,115.0,91.0
PHX,2020-07-30,118.0,91.0
PHX,2020-07-31,116.0,91.0
PHX,2020-08-01,111.0,93.0
PHX,2020-08-02,109.0,93.0
PHX,2020-08-03,114.0,89.0
PHX,2020-08-04,111.0,87.0
PHX,2020-08-05,112.0,90.0
PHX,2020-08-06,109.0,83.0
PHX,2020-08-07,109.0,83.0
PHX,2020-08-08,111.0,88.0
PHX,2020-08-09,112.0,84.0
PHX,2020-08-10,111.0,84.0
PHX,2020-08-11,109.0,89.0
PHX,2020-08-12,111.0,89.0
PHX,2020-08-13,115.0,91.0
PHX,2020-08-14,117.0,89.0
PHX,2020-08-15,114.0,92.0
PHX,2020-08-16,115.0,91.0
PHX,2020-08-17,115.0,90.0
PHX,2020-08-18,115.0,90.0
PHX,2020-08-19,115.0,91.0
PHX,2020-08-20,112.0,79.0
PHX,2020-08-21,100.0,81.0
PHX,2020-08-22,106.0,87.0
PHX,2020-08-23,110.0,89.0
PHX,2020-08-24,115.0,90.0
PHX,2020-08-25,112.0,91.0
PHX,2020-08-26,112.0,89.0
PHX,2020-08-27,113.0,89.0
PHX,2020-08-28,112.0,90.0
PHX,2020-08-29,103.0,83.0
PHX,2020-08-30,103.0,77.0
PHX,2020-08-31,100.0,78.0
PHX,2020-09-01,102.0,84.0
PHX,2020-09-02,102.0,85.0
PHX,2020-09-03,107.0,86.0
PHX,2020-09-04,114.0,84.0
PHX,2020-09-05,115.0,88.0
PHX,2020-09-06,113.0,89.0
PHX,2020-09-07,109.0,85.0
PHX,2020-09-08,99.0,80.0
PHX,2020-09-09,90.0,70.0
PHX,2020-09-10,93.0,69.0
PHX,2020-09-11,93.0,72.0
PHX,2020-09-12,99.0,72.0
PHX,2020-09-13,103.0,74.0
PHX,2020-09-14,105.0,77.0
PHX,2020-09-15,105.0,80.0
PHX,2020-09-16,109.0,78.0
PHX,2020-09-17,109.0,77.0
PHX,2020-09-18,107.0,80.0
PHX,2020-09-19,104.0,82.0
PHX,2020-09-20,106.0,78.0
PHX,2020-09-21,103.0,81.0
PHX,2020-09-22,103.0,84.0
PHX,2020-09-23,105.0,77.0
PHX,2020-09-24,106.0,77.0
PHX,2020-09-25,105.0,78.0
PHX,2020-09-26,103.0,77.0
PHX,2020-09-27,102.0,76.0
PHX,2020-09-28,104.0,74.0
PHX,2020-09-29,102.0,78.0
PHX,2020-09-30,105.0,77.0
PHX,2020-10-01,107.0,76.0
PHX,2020-10-02,106.0,75.0
PHX,2020-10-03,105.0,73.0
PHX,2020-10-04,105.0,71.0
PHX,2020-10-05,105.0,71.0
PHX,2020-10-06,104.0,72.0
PHX,2020-10-07,103.0,73.0
PHX,2020-10-08,102.0,72.0
PHX,2020-10-09,100.0,72.0
PHX,2020-10-10,97.0,70.0
PHX,2020-10-11,94.0,69.0
PHX,2020-10-12,99.0,68.0
PHX,2020-10-13,100.0,69.0
PHX,2020-10-14,100.0,67.0
PHX,2020-10-15,99.0,69.0
PHX,2020-10-16,102.0,68.0
PHX,2020-10-17,97.0,69.0
PHX,2020-10-18,96.0,65.0
PHX,2020-10-19,97.0,66.0
PHX,2020-10-20,97.0,67.0
PHX,2020-10-21,97.0,67.0
PHX,2020-10-22,94.0,67.0
PHX,2020-10-23,94.0,69.0
PHX,2020-10-24,87.0,70.0
PHX,2020-10-25,88.0,69.0
PHX,2020-10-26,73.0,54.0
PHX,2020-10-27,68.0,50.0
PHX,2020-10-28,70.0,48.0
PHX,2020-10-29,85.0,53.0
PHX,2020-10-30,87.0,60.0
PHX,2020-10-31,86.0,61.0
PHX,2020-11-01,96.0,64.0
PHX,2020-11-02,95.0,68.0
PHX,2020-11-03,93.0,68.0
PHX,2020-11-04,93.0,64.0
PHX,2020-11-05,99.0,62.0
PHX,2020-11-06,89.0,72.0
PHX,2020-11-07,81.0,59.0
PHX,2020-11-08,67.0,52.0
PHX,2020-11-09,62.0,50.0
PHX,2020-11-10,67.0,45.0
PHX,2020-11-11,71.0,44.0
PHX,2020-11-12,73.0,49.0
PHX,2020-11-13,77.0,50.0
PHX,2020-11-14,75.0,49.0
PHX,2020-11-15,82.0,50.0
PHX,2020-11-16,92.0,54.0
PHX,2020-11-17,92.0,61.0
PHX,2020-11-18,89.0,61.0
PHX,2020-11-19,87.0,60.0
PHX,2020-11-20,87.0,59.0
PHX,2020-11-21,85.0,61.0
PHX,2020-11-22,84.0,60.0
PHX,2020-11-23,80.0,58.0
PHX,2020-11-24,72.0,53.0
PHX,2020-11-25,72.0,48.0
PHX,2020-11-26,72.0,45.0
PHX,2020-11-27,65.0,47.0
PHX,2020-11-28,71.0,44.0
PHX,2020-11-29,73.0,44.0
PHX,2020-11-30,74.0,49.0
PHX,2020-12-01,71.0,45.0
PHX,2020-12-02,69.0,44.0
PHX,2020-12-03,66.0,48.0
PHX,2020-12-04,68.0,41.0
PHX,2020-12-05,71.0,42.0
PHX,2020-12-06,71.0,42.0
PHX,2020-12-07,80.0,44.0
PHX,2020-12-08,79.0,52.0
PHX,2020-12-09,80.0,53.0
PHX,2020-12-10,61.0,52.0
PHX,2020-12-11,65.0,48.0
PHX,2020-12-12,66.0,47.0
PHX,2020-12-13,61.0,40.0
PHX,2020-12-14,63.0,44.0
PHX,2020-12-15,62.0,39.0
PHX,2020-12-16,64.0,40.0
PHX,2020-12-17,63.0,42.0
PHX,2020-12-18,65.0,40.0
PHX,2020-12-19,68.0,40.0
PHX,2020-12-20,69.0,40.0
PHX,2020-12-21,76.0,43.0
PHX,2020-12-22,70.0,45.0
PHX,2020-12-23,69.0,41.0
PHX,2020-12-24,61.0,38.0
PHX,2020-12-25,71.0,42.0
PHX,2020-12-26,70.0,44.0
PHX,2020-12-27,71.0,43.0
PHX,2020-12-28,68.0,50.0
PHX,2020-12-29,61.0,44.0
PHX,2020-12-30,65.0,40.0
PHX,2020-12-31,60.0,41.0
PHX,2021-01-01,65.0,39.0
PHX,2021-01-02,64.0,40.0
PHX,2021-01-03,64.0,39.0
PHX,2021-01-04,69.0,41.0
PHX,2021-01-05,71.0,43.0
PHX,2021-01-06,70.0,41.0
PHX,2021-01-07,71.0,43.0
PHX,2021-01-08,68.0,43.0
PHX,2021-01-09,68.0,41.0
PHX,2021-01-10,67.0,40.0
PHX,2021-01-11,67.0,44.0
PHX,2021-01-12,67.0,39.0
PHX,2021-01-13,67.0,38.0
PHX,2021-01-14,72.0,42.0
PHX,2021-01-15,79.0,44.0
PHX,2021-01-16,77.0,47.0
PHX,2021-01-17,77.0,44.0
PHX,2021-01-18,71.0,45.0
PHX,2021-01-19,71.0,56.0
PHX,2021-01-20,75.0,61.0
PHX,2021-01-21,73.0,58.0
PHX,2021-01-22,68.0,55.0
PHX,2021-01-23,64.0,52.0
PHX,2021-01-24,56.0,48.0
PHX,2021-01-25,54.0,36.0
PHX,2021-01-26,53.0,42.0
PHX,2021-01-27,61.0,39.0
PHX,2021-01-28,73.0,52.0
PHX,2021-01-29,68.0,47.0
PHX,2021-01-30,62.0,43.0
PHX,2021-01-31,72.0,43.0
PHX,2021-02-01,73.0,52.0
PHX,2021-02-02,82.0,57.0
PHX,2021-02-03,82.0,64.0
PHX,2021-02-04,75.0,57.0
PHX,2021-02-05,70.0,47.0
PHX,2021-02-06,72.0,45.0
PHX,2021-02-07,73.0,45.0
PHX,2021-02-08,77.0,48.0
PHX,2021-02-09,75.0,48.0
PHX,2021-02-10,76.0,54.0
PHX,2021-02-11,76.0,49.0
PHX,2021-02-12,74.0,55.0
PHX,2021-02-13,71.0,49.0
PHX,2021-02-14,67.0,51.0
PHX,2021-02-15,66.0,44.0
PHX,2021-02-16,72.0,52.0
PHX,2021-02-17,67.0,45.0
PHX,2021-02-18,66.0,44.0
PHX,2021-02-19,71.0,44.0
PHX,2021-02-20,79.0,46.0
PHX,2021-02-21,70.0,48.0
PHX,2021-02-22,77.0,45.0
PHX,2021-02-23,79.0,48.0
PHX,2021-02-24,81.0,48.0
PHX,2021-02-25,69.0,49.0
PHX,2021-02-26,70.0,45.0
PHX,2021-02-27,72.0,44.0
PHX,2021-02-28,63.0,46.0
PHX,2021-03-01,71.0,39.0
PHX,2021-03-02,79.0,48.0
PHX,2021-03-03,86.0,49.0
PHX,2021-03-04,71.0,52.0
PHX,2021-03-05,83.0,50.0
PHX,2021-03-06,85.0,58.0
PHX,2021-03-07,89.0,58.0
PHX,2021-03-08,87.0,66.0
PHX,2021-03-09,80.0,59.0
PHX,2021-03-10,70.0,49.0
PHX,2021-03-11,69.0,48.0
PHX,2021-03-12,59.0,46.0
PHX,2021-03-13,61.0,45.0
PHX,2021-03-14,68.0,42.0
PHX,2021-03-15,74.0,50.0
PHX,2021-03-16,61.0,47.0
PHX,2021-03-17,73.0,45.0
PHX,2021-03-18,83.0,51.0
PHX,2021-03-19,85.0,53.0
PHX,2021-03-20,86.0,56.0
PHX,2021-03-21,78.0,58.0
PHX,2021-03-22,72.0,55.0
PHX,2021-03-23,66.0,52.0
PHX,2021-03-24,72.0,48.0
PHX,2021-03-25,72.0,50.0
PHX,2021-03-26,66.0,53.0
PHX,2021-03-27,79.0,48.0
PHX,2021-03-28,86.0,53.0
PHX,2021-03-29,89.0,59.0
PHX,2021-03-30,86.0,56.0
PHX,2021-03-31,88.0,59.0
PHX,2021-04-01,95.0,63.0
PHX,2021-04-02,94.0,69.0
PHX,2021-04-03,97.0,66.0
PHX,2021-04-04,98.0,67.0
PHX,2021-04-05,96.0,65.0
PHX,2021-04-06,91.0,71.0
PHX,2021-04-07,92.0,59.0
PHX,2021-04-08,93.0,64.0
PHX,2021-04-09,94.0,64.0
PHX,2021-04-10,94.0,62.0
PHX,2021-04-11,93.0,64.0
PHX,2021-04-12,92.0,67.0
PHX,2021-04-13,91.0,65.0
PHX,2021-04-14,88.0,64.0
PHX,2021-04-15,82.0,64.0
PHX,2021-04-16,84.0,59.0
PHX,2021-04-17,87.0,58.0
PHX,2021-04-18,83.0,60.0
PHX,2021-04-19,88.0,61.0
PHX,2021-04-20,94.0,61.0
PHX,2021-04-21,93.0,65.0
PHX,2021-04-22,83.0,63.0
PHX,2021-04-23,86.0,62.0
PHX,2021-04-24,92.0,64.0
PHX,2021-04-25,94.0,64.0
PHX,2021-04-26,80.0,65.0
PHX,2021-04-27,75.0,59.0
PHX,2021-04-28,81.0,57.0
PHX,2021-04-29,93.0,60.0
PHX,2021-04-30,97.0,68.0
PHX,2021-05-01,99.0,72.0
PHX,2021-05-02,94.0,71.0
PHX,2021-05-03,90.0,67.0
PHX,2021-05-04,95.0,66.0
PHX,2021-05-05,100.0,70.0
PHX,2021-05-06,100.0,71.0
PHX,2021-05-07,96.0,73.0
PHX,2021-05-08,94.0,69.0
PHX,2021-05-09,96.0,70.0
PHX,2021-05-10,97.0,68.0
PHX,2021-05-11,95.0,67.0
PHX,2021-05-12,101.0,69.0
PHX,2021-05-13,102.0,71.0
PHX,2021-05-14,101.0,72.0
PHX,2021-05-15,99.0,75.0
PHX,2021-05-16,93.0,69.0
PHX,2021-05-17,88.0,69.0
PHX,2021-05-18,95.0,71.0
PHX,2021-05-19,101.0,74.0
PHX,2021-05-20,100.0,76.0
PHX,2021-05-21,87.0,71.0
PHX,2021-05-22,84.0,63.0
PHX,2021-05-23,88.0,59.0
PHX,2021-05-24,94.0,64.0
PHX,2021-05-25,96.0,69.0
PHX,2021-05-26,95.0,72.0
PHX,2021-05-27,99.0,70.0
PHX,2021-05-28,101.0,71.0
PHX,2021-05-29,102.0,74.0
PHX,2021-05-30,100.0,73.0
PHX,2021-05-31,101.0,75.0
PHX,2021-06-01,103.0,78.0
PHX,2021-06-02,106.0,80.0
PHX,2021-06-03,106.0,81.0
PHX,2021-06-04,108.0,81.0
PHX,2021-06-05,108.0,80.0
PHX,2021-06-06,106.0,77.0
PHX,2021-06-07,104.0,74.0
PHX,2021-06-08,99.0,74.0
PHX,2021-06-09,103.0,76.0
PHX,2021-06-10,101.0,76.0
PHX,2021-06-11,104.0,76.0
PHX,2021-06-12,110.0,75.0
PHX,2021-06-13,113.0,79.0
PHX,2021-06-14,113.0,82.0
PHX,2021-06-15,115.0,85.0
PHX,2021-06-16,115.0,90.0
PHX,2021-06-17,118.0,91.0
PHX,2021-06-18,117.0,92.0
PHX,2021-06-19,116.0,91.0
PHX,2021-06-20,115.0,89.0
PHX,2021-06-21,109.0,88.0
PHX,2021-06-22,110.0,87.0
PHX,2021-06-23,95.0,78.0
PHX,2021-06-24,104.0,77.0
PHX,2021-06-25,107.0,83.0
PHX,2021-06-26,108.0,85.0
PHX,2021-06-27,113.0,85.0
PHX,2021-06-28,109.0,89.0
PHX,2021-06-29,105.0,86.0
PHX,2021-06-30,106.0,89.0
PHX,2021-07-01,107.0,85.0
PHX,2021-07-02,105.0,89.0
PHX,2021-07-03,107.0,79.0
PHX,2021-07-04,103.0,80.0
PHX,2021-07-05,107.0,90.0
PHX,2021-07-06,111.0,89.0
PHX,2021-07-07,111.0,88.0
PHX,2021-07-08,112.0,92.0
PHX,2021-07-09,112.0,93.0
PHX,2021-07-10,112.0,85.0
PHX,2021-07-11,111.0,85.0
PHX,2021-07-12,106.0,90.0
PHX,2021-07-13,109.0,86.0
PHX,2021-07-14,99.0,77.0
PHX,2021-07-15,102.0,85.0
PHX,2021-07-16,102.0,83.0
PHX,2021-07-17,102.0,83.0
PHX,2021-07-18,102.0,88.0
PHX,2021-07-19,105.0,88.0
PHX,2021-07-20,109.0,89.0
PHX,2021-07-21,109.0,89.0
PHX,2021-07-22,106.0,78.0
PHX,2021-07-23,83.0,73.0
PHX,2021-07-24,83.0,74.0
PHX,2021-07-25,81.0,73.0
PHX,2021-07-26,98.0,75.0
PHX,2021-07-27,104.0,81.0
PHX,2021-07-28,105.0,83.0
PHX,2021-07-29,106.0,88.0
PHX,2021-07-30,104.0,80.0
PHX,2021-07-31,100.0,77.0
PHX,2021-08-01,105.0,85.0
PHX,2021-08-02,109.0,89.0
PHX,2021-08-03,112.0,89.0
PHX,2021-08-04,115.0,89.0
PHX,2021-08-05,109.0,89.0
PHX,2021-08-06,109.0,91.0
PHX,2021-08-07,108.0,88.0
PHX,2021-08-08,107.0,89.0
PHX,2021-08-09,96.0,84.0
PHX,2021-08-10,94.0,76.0
PHX,2021-08-11,95.0,79.0
PHX,2021-08-12,100.0,77.0
PHX,2021-08-13,99.0,74.0
PHX,2021-08-14,94.0,73.0
PHX,2021-08-15,99.0,80.0
PHX,2021-08-16,101.0,71.0
PHX,2021-08-17,94.0,73.0
PHX,2021-08-18,95.0,76.0
PHX,2021-08-19,97.0,75.0
PHX,2021-08-20,98.0,81.0
PHX,2021-08-21,101.0,79.0
PHX,2021-08-22,104.0,80.0
PHX,2021-08-23,106.0,79.0
PHX,2021-08-24,105.0,80.0
PHX,2021-08-25,109.0,84.0
PHX,2021-08-26,112.0,86.0
PHX,2021-08-27,112.0,87.0
PHX,2021-08-28,105.0,88.0
PHX,2021-08-29,108.0,87.0
PHX,2021-08-30,105.0,87.0
PHX,2021-08-31,97.0,74.0
PHX,2021-09-01,95.0,74.0
PHX,2021-09-02,94.0,74.0
PHX,2021-09-03,100.0,80.0
PHX,2021-09-04,105.0,81.0
PHX,2021-09-05,107.0,83.0
PHX,2021-09-06,105.0,82.0
PHX,2021-09-07,105.0,87.0
PHX,2021-09-08,105.0,84.0
PHX,2021-09-09,111.0,86.0
PHX,2021-09-10,108.0,83.0
PHX,2021-09-11,108.0,85.0
PHX,2021-09-12,109.0,83.0
PHX,2021-09-13,108.0,83.0
PHX,2021-09-14,106.0,81.0
PHX,2021-09-15,107.0,81.0
PHX,2021-09-16,105.0,79.0
PHX,2021-09-17,101.0,82.0
PHX,2021-09-18,98.0,77.0
PHX,2021-09-19,100.0,76.0
PHX,2021-09-20,98.0,74.0
PHX,2021-09-21,102.0,74.0
PHX,2021-09-22,103.0,76.0
PHX,2021-09-23,100.0,78.0
PHX,2021-09-24,91.0,79.0
PHX,2021-09-25,95.0,75.0
PHX,2021-09-26,80.0,69.0
PHX,2021-09-27,86.0,70.0
PHX,2021-09-28,91.0,72.0
PHX,2021-09-29,89.0,73.0
PHX,2021-09-30,90.0,70.0
PHX,2021-10-01,91.0,69.0
PHX,2021-10-02,94.0,67.0
PHX,2021-10-03,96.0,69.0
PHX,2021-10-04,98.0,74.0
PHX,2021-10-05,85.0,68.0
PHX,2021-10-06,90.0,68.0
PHX,2021-10-07,91.0,71.0
PHX,2021-10-08,92.0,72.0
PHX,2021-10-09,85.0,69.0
PHX,2021-10-10,85.0,62.0
PHX,2021-10-11,88.0,61.0
PHX,2021-10-12,71.0,57.0
PHX,2021-10-13,75.0,52.0
PHX,2021-10-14,79.0,55.0
PHX,2021-10-15,84.0,56.0
PHX,2021-10-16,92.0,58.0
PHX,2021-10-17,90.0,67.0
PHX,2021-10-18,86.0,63.0
PHX,2021-10-19,80.0,61.0
PHX,2021-10-20,85.0,59.0
PHX,2021-10-21,89.0,60.0
PHX,2021-10-22,89.0,63.0
PHX,2021-10-23,85.0,60.0
PHX,2021-10-24,87.0,63.0
PHX,2021-10-25,90.0,63.0
PHX,2021-10-26,77.0,60.0
PHX,2021-10-27,79.0,56.0
PHX,2021-10-28,88.0,55.0
PHX,2021-10-29,93.0,64.0
PHX,2021-10-30,89.0,61.0
PHX,2021-10-31,88.0,62.0
PHX,2021-11-01,85.0,62.0
PHX,2021-11-02,84.0,62.0
PHX,2021-11-03,87.0,59.0
PHX,2021-11-04,90.0,61.0
PHX,2021-11-05,91.0,63.0
PHX,2021-11-06,90.0,62.0
PHX,2021-11-07,86.0,60.0
PHX,2021-11-08,88.0,60.0
PHX,2021-11-09,82.0,59.0
PHX,2021-11-10,83.0,56.0
PHX,2021-11-11,85.0,56.0
PHX,2021-11-12,88.0,57.0
PHX,2021-11-13,88.0,57.0
PHX,2021-11-14,87.0,56.0
PHX,2021-11-15,87.0,56.0
PHX,2021-11-16,81.0,55.0
PHX,2021-11-17,81.0,54.0
PHX,2021-11-18,84.0,52.0
PHX,2021-11-19,82.0,60.0
PHX,2021-11-20,80.0,54.0
PHX,2021-11-21,81.0,59.0
PHX,2021-11-22,82.0,56.0
PHX,2021-11-23,79.0,64.0
PHX,2021-11-24,75.0,59.0
PHX,2021-11-25,75.0,52.0
PHX,2021-11-26,77.0,51.0
PHX,2021-11-27,76.0,53.0
PHX,2021-11-28,82.0,49.0
PHX,2021-11-29,82.0,53.0
PHX,2021-11-30,80.0,53.0
PHX,2021-12-01,85.0,52.0
PHX,2021-12-02,84.0,57.0
PHX,2021-12-03,80.0,55.0
PHX,2021-12-04,78.0,53.0
PHX,2021-12-05,77.0,49.0
PHX,2021-12-06,77.0,51.0
PHX,2021-12-07,75.0,53.0
PHX,2021-12-08,72.0,57.0
PHX,2021-12-09,73.0,52.0
PHX,2021-12-10,63.0,52.0
PHX,2021-12-11,66.0,44.0
PHX,2021-12-12,72.0,45.0
PHX,2021-12-13,71.0,49.0
PHX,2021-12-14,73.0,52.0
PHX,2021-12-15,58.0,44.0
PHX,2021-12-16,63.0,40.0
PHX,2021-12-17,63.0,41.0
PHX,2021-12-18,67.0,38.0
PHX,2021-12-19,69.0,43.0
PHX,2021-12-20,72.0,45.0
PHX,2021-12-21,66.0,51.0
PHX,2021-12-22,72.0,48.0
PHX,2021-12-23,75.0,57.0
PHX,2021-12-24,67.0,54.0
PHX,2021-12-25,61.0,53.0
PHX,2021-12-26,66.0,52.0
PHX,2021-12-27,58.0,47.0
PHX,2021-12-28,59.0,44.0
PHX,2021-12-29,61.0,47.0
PHX,2021-12-30,63.0,47.0
PHX,2021-12-31,59.0,53.0
PHX,2022-01-01,56.0,42.0
PHX,2022-01-02,59.0,36.0
PHX,2022-01-03,67.0,39.0
PHX,2022-01-04,66.0,40.0
PHX,2022-01-05,66.0,41.0
PHX,2022-01-06,66.0,43.0
PHX,2022-01-07,72.0,45.0
PHX,2022-01-08,68.0,47.0
PHX,2022-01-09,74.0,44.0
PHX,2022-01-10,73.0,49.0
PHX,2022-01-11,73.0,50.0
PHX,2022-01-12,70.0,49.0
PHX,2022-01-13,72.0,44.0
PHX,2022-01-14,71.0,50.0
PHX,2022-01-15,71.0,49.0
PHX,2022-01-16,74.0,45.0
PHX,2022-01-17,71.0,47.0
PHX,2022-01-18,69.0,53.0
PHX,2022-01-19,70.0,51.0
PHX,2022-01-20,71.0,47.0
PHX,2022-01-21,70.0,47.0
PHX,2022-01-22,70.0,48.0
PHX,2022-01-23,71.0,47.0
PHX,2022-01-24,69.0,46.0
PHX,2022-01-25,70.0,45.0
PHX,2022-01-26,69.0,43.0
PHX,2022-01-27,69.0,42.0
PHX,2022-01-28,71.0,49.0
PHX,2022-01-29,74.0,47.0
PHX,2022-01-30,74.0,52.0
PHX,2022-01-31,70.0,47.0
PHX,2022-02-01,70.0,51.0
PHX,2022-02-02,62.0,50.0
PHX,2022-02-03,58.0,37.0
PHX,2022-02-04,65.0,38.0
PHX,2022-02-05,67.0,47.0
PHX,2022-02-06,73.0,38.0
PHX,2022-02-07,72.0,51.0
PHX,2022-02-08,76.0,45.0
PHX,2022-02-09,79.0,48.0
PHX,2022-02-10,81.0,50.0
PHX,2022-02-11,80.0,50.0
PHX,2022-02-12,82.0,49.0
PHX,2022-02-13,82.0,52.0
PHX,2022-02-14,82.0,49.0
PHX,2022-02-15,79.0,49.0
PHX,2022-02-16,63.0,52.0
PHX,2022-02-17,68.0,48.0
PHX,2022-02-18,71.0,43.0
PHX,2022-02-19,79.0,46.0
PHX,2022-02-20,80.0,51.0
PHX,2022-02-21,72.0,50.0
PHX,2022-02-22,66.0,50.0
PHX,2022-02-23,56.0,42.0
PHX,2022-02-24,57.0,38.0
PHX,2022-02-25,65.0,40.0
PHX,2022-02-26,69.0,43.0
PHX,2022-02-27,73.0,45.0
PHX,2022-02-28,81.0,52.0
PHX,2022-03-01,84.0,51.0
PHX,2022-03-02,87.0,52.0
PHX,2022-03-03,88.0,59.0
PHX,2022-03-04,74.0,57.0
PHX,2022-03-05,71.0,53.0
PHX,2022-03-06,64.0,45.0
PHX,2022-03-07,69.0,45.0
PHX,2022-03-08,66.0,44.0
PHX,2022-03-09,72.0,45.0
PHX,2022-03-10,71.0,47.0
PHX,2022-03-11,71.0,45.0
PHX,2022-03-12,77.0,47.0
PHX,2022-03-13,80.0,49.0
PHX,2022-03-14,82.0,50.0
PHX,2022-03-15,86.0,54.0
PHX,2022-03-16,85.0,58.0
PHX,2022-03-17,80.0,59.0
PHX,2022-03-18,84.0,54.0
PHX,2022-03-19,86.0,55.0
PHX,2022-03-20,75.0,60.0
PHX,2022-03-21,77.0,57.0
PHX,2022-03-22,81.0,53.0
PHX,2022-03-23,81.0,60.0
PHX,2022-03-24,86.0,54.0
PHX,2022-03-25,96.0,60.0
PHX,2022-03-26,93.0,64.0
PHX,2022-03-27,95.0,61.0
PHX,2022-03-28,83.0,65.0
PHX,2022-03-29,71.0,56.0
PHX,2022-03-30,80.0,54.0
PHX,2022-03-31,83.0,58.0
PHX,2022-04-01,87.0,61.0
PHX,2022-04-02,89.0,61.0
PHX,2022-04-03,87.0,62.0
PHX,2022-04-04,88.0,62.0
PHX,2022-04-05,93.0,64.0
PHX,2022-04-06,95.0,65.0
PHX,2022-04-07,94.0,66.0
PHX,2022-04-08,97.0,64.0
PHX,2022-04-09,97.0,65.0
PHX,2022-04-10,90.0,65.0
PHX,2022-04-11,88.0,66.0
PHX,2022-04-12,75.0,58.0
PHX,2022-04-13,76.0,49.0
PHX,2022-04-14,84.0,54.0
PHX,2022-04-15,89.0,57.0
PHX,2022-04-16,91.0,60.0
PHX,2022-04-17,92.0,61.0
PHX,2022-04-18,95.0,65.0
PHX,2022-04-19,99.0,69.0
PHX,2022-04-20,90.0,67.0
PHX,2022-04-21,94.0,65.0
PHX,2022-04-22,80.0,66.0
PHX,2022-04-23,82.0,58.0
PHX,2022-04-24,86.0,59.0
PHX,2022-04-25,92.0,59.0
PHX,2022-04-26,99.0,63.0
PHX,2022-04-27,94.0,68.0
PHX,2022-04-28,93.0,64.0
PHX,2022-04-29,90.0,64.0
PHX,2022-04-30,96.0,63.0
PHX,2022-05-01,97.0,65.0
PHX,2022-05-02,93.0,68.0
PHX,2022-05-03,92.0,68.0
PHX,2022-05-04,93.0,67.0
PHX,2022-05-05,96.0,68.0
PHX,2022-05-06,99.0,68.0
PHX,2022-05-07,102.0,70.0
PHX,2022-05-08,96.0,74.0
PHX,2022-05-09,89.0,68.0
PHX,2022-05-10,90.0,66.0
PHX,2022-05-11,89.0,66.0
PHX,2022-05-12,86.0,59.0
PHX,2022-05-13,96.0,62.0
PHX,2022-05-14,104.0,68.0
PHX,2022-05-15,105.0,71.0
PHX,2022-05-16,105.0,74.0
PHX,2022-05-17,102.0,73.0
PHX,2022-05-18,103.0,75.0
PHX,2022-05-19,101.0,75.0
PHX,2022-05-20,99.0,71.0
PHX,2022-05-21,93.0,70.0
PHX,2022-05-22,97.0,71.0
PHX,2022-05-23,97.0,69.0
PHX,2022-05-24,99.0,73.0
PHX,2022-05-25,103.0,75.0
PHX,2022-05-26,105.0,78.0
PHX,2022-05-27,106.0,79.0
PHX,2022-05-28,102.0,77.0
PHX,2022-05-29,95.0,77.0
PHX,2022-05-30,95.0,73.0
PHX,2022-05-31,97.0,72.0
PHX,2022-06-01,100.0,72.0
PHX,2022-06-02,103.0,73.0
PHX,2022-06-03,103.0,76.0
PHX,2022-06-04,101.0,76.0
PHX,2022-06-05,102.0,78.0
PHX,2022-06-06,105.0,79.0
PHX,2022-06-07,107.0,77.0
PHX,2022-06-08,110.0,84.0
PHX,2022-06-09,109.0,84.0
PHX,2022-06-10,113.0,87.0
PHX,2022-06-11,114.0,90.0
PHX,2022-06-12,113.0,87.0
PHX,2022-06-13,108.0,90.0
PHX,2022-06-14,105.0,82.0
PHX,2022-06-15,107.0,81.0
PHX,2022-06-16,113.0,81.0
PHX,2022-06-17,111.0,90.0
PHX,2022-06-18,98.0,82.0
PHX,2022-06-19,101.0,79.0
PHX,2022-06-20,103.0,75.0
PHX,2022-06-21,108.0,79.0
PHX,2022-06-22,107.0,86.0
PHX,2022-06-23,108.0,84.0
PHX,2022-06-24,108.0,85.0
PHX,2022-06-25,107.0,79.0
PHX,2022-06-26,107.0,80.0
PHX,2022-06-27,103.0,79.0
PHX,2022-06-28,107.0,87.0
PHX,2022-06-29,109.0,89.0
PHX,2022-06-30,105.0,87.0
PHX,2022-07-01,108.0,88.0
PHX,2022-07-02,105.0,88.0
PHX,2022-07-03,109.0,87.0
PHX,2022-07-04,105.0,84.0
PHX,2022-07-05,105.0,87.0
PHX,2022-07-06,107.0,84.0
PHX,2022-07-07,107.0,84.0
PHX,2022-07-08,112.0,87.0
PHX,2022-07-09,112.0,87.0
PHX,2022-07-10,113.0,89.0
PHX,2022-07-11,115.0,91.0
PHX,2022-07-12,112.0,93.0
PHX,2022-07-13,113.0,93.0
PHX,2022-07-14,111.0,88.0
PHX,2022-07-15,112.0,88.0
PHX,2022-07-16,114.0,92.0
PHX,2022-07-17,112.0,81.0
PHX,2022-07-18,108.0,82.0
PHX,2022-07-19,111.0,94.0
PHX,2022-07-20,111.0,91.0
PHX,2022-07-21,110.0,90.0
PHX,2022-07-22,114.0,95.0
PHX,2022-07-23,108.0,84.0
PHX,2022-07-24,100.0,80.0
PHX,2022-07-25,102.0,83.0
PHX,2022-07-26,99.0,77.0
PHX,2022-07-27,98.0,83.0
PHX,2022-07-28,92.0,79.0
PHX,2022-07-29,100.0,78.0
PHX,2022-07-30,104.0,79.0
PHX,2022-07-31,103.0,80.0
PHX,2022-08-01,105.0,85.0
PHX,2022-08-02,107.0,89.0
PHX,2022-08-03,101.0,87.0
PHX,2022-08-04,95.0,75.0
PHX,2022-08-05,102.0,80.0
PHX,2022-08-06,108.0,86.0
PHX,2022-08-07,105.0,88.0
PHX,2022-08-08,104.0,85.0
PHX,2022-08-09,98.0,76.0
PHX,2022-08-10,104.0,84.0
PHX,2022-08-11,105.0,84.0
PHX,2022-08-12,106.0,80.0
PHX,2022-08-13,104.0,81.0
PHX,2022-08-14,101.0,81.0
PHX,2022-08-15,102.0,79.0
PHX,2022-08-16,105.0,85.0
PHX,2022-08-17,106.0,84.0
PHX,2022-08-18,105.0,82.0
PHX,2022-08-19,99.0,78.0
PHX,2022-08-20,97.0,79.0
PHX,2022-08-21,97.0,76.0
PHX,2022-08-22,99.0,77.0
PHX,2022-08-23,105.0,85.0
PHX,2022-08-24,101.0,84.0
PHX,2022-08-25,103.0,84.0
PHX,2022-08-26,106.0,87.0
PHX,2022-08-27,106.0,86.0
PHX,2022-08-28,104.0,85.0
PHX,2022-08-29,108.0,89.0
PHX,2022-08-30,111.0,89.0
PHX,2022-08-31,109.0,89.0
PHX,2022-09-01,108.0,89.0
PHX,2022-09-02,108.0,87.0
PHX,2022-09-03,108.0,87.0
PHX,2022-09-04,109.0,88.0
PHX,2022-09-05,109.0,88.0
PHX,2022-09-06,110.0,87.0
PHX,2022-09-07,108.0,86.0
PHX,2022-09-08,104.0,85.0
PHX,2022-09-09,101.0,75.0
PHX,2022-09-10,95.0,74.0
PHX,2022-09-11,103.0,76.0
PHX,2022-09-12,96.0,76.0
PHX,2022-09-13,97.0,81.0
PHX,2022-09-14,98.0,78.0
PHX,2022-09-15,98.0,79.0
PHX,2022-09-16,98.0,80.0
PHX,2022-09-17,100.0,77.0
PHX,2022-09-18,102.0,74.0
PHX,2022-09-19,104.0,78.0
PHX,2022-09-20,97.0,81.0
PHX,2022-09-21,88.0,79.0
PHX,2022-09-22,93.0,77.0
PHX,2022-09-23,101.0,80.0
PHX,2022-09-24,103.0,78.0
PHX,2022-09-25,104.0,77.0
PHX,2022-09-26,105.0,77.0
PHX,2022-09-27,103.0,85.0
PHX,2022-09-28,102.0,82.0
PHX,2022-09-29,101.0,78.0
PHX,2022-09-30,98.0,76.0
PHX,2022-10-01,97.0,76.0
PHX,2022-10-02,98.0,78.0
PHX,2022-10-03,99.0,78.0
PHX,2022-10-04,93.0,72.0
PHX,2022-10-05,94.0,74.0
PHX,2022-10-06,94.0,76.0
PHX,2022-10-07,93.0,75.0
PHX,2022-10-08,90.0,73.0
PHX,2022-10-09,91.0,69.0
PHX,2022-10-10,91.0,71.0
PHX,2022-10-11,94.0,73.0
PHX,2022-10-12,95.0,71.0
PHX,2022-10-13,97.0,71.0
PHX,2022-10-14,98.0,71.0
PHX,2022-10-15,82.0,65.0
PHX,2022-10-16,78.0,63.0
PHX,2022-10-17,83.0,64.0
PHX,2022-10-18,87.0,69.0
PHX,2022-10-19,88.0,69.0
PHX,2022-10-20,91.0,69.0
PHX,2022-10-21,90.0,68.0
PHX,2022-10-22,90.0,68.0
PHX,2022-10-23,78.0,66.0
PHX,2022-10-24,73.0,57.0
PHX,2022-10-25,77.0,53.0
PHX,2022-10-26,79.0,54.0
PHX,2022-10-27,81.0,54.0
PHX,2022-10-28,81.0,58.0
PHX,2022-10-29,83.0,56.0
PHX,2022-10-30,79.0,55.0
PHX,2022-10-31,83.0,56.0
PHX,2022-11-01,81.0,61.0
PHX,2022-11-02,80.0,59.0
PHX,2022-11-03,68.0,50.0
PHX,2022-11-04,64.0,45.0
PHX,2022-11-05,70.0,48.0
PHX,2022-11-06,79.0,49.0
PHX,2022-11-07,79.0,55.0
PHX,2022-11-08,81.0,54.0
PHX,2022-11-09,72.0,56.0
PHX,2022-11-10,69.0,50.0
PHX,2022-11-11,70.0,47.0
PHX,2022-11-12,74.0,47.0
PHX,2022-11-13,69.0,46.0
PHX,2022-11-14,67.0,45.0
PHX,2022-11-15,71.0,44.0
PHX,2022-11-16,70.0,43.0
PHX,2022-11-17,71.0,45.0
PHX,2022-11-18,72.0,47.0
PHX,2022-11-19,73.0,45.0
PHX,2022-11-20,72.0,54.0
PHX,2022-11-21,74.0,47.0
PHX,2022-11-22,75.0,48.0
PHX,2022-11-23,73.0,45.0
PHX,2022-11-24,71.0,44.0
PHX,2022-11-25,72.0,44.0
PHX,2022-11-26,70.0,44.0
PHX,2022-11-27,69.0,42.0
PHX,2022-11-28,72.0,47.0
PHX,2022-11-29,67.0,46.0
PHX,2022-11-30,73.0,47.0
PHX,2022-12-01,73.0,48.0
PHX,2022-12-02,69.0,51.0
PHX,2022-12-03,61.0,49.0
PHX,2022-12-04,65.0,57.0
PHX,2022-12-05,70.0,57.0
PHX,2022-12-06,68.0,55.0
PHX,2022-12-07,65.0,51.0
PHX,2022-12-08,66.0,45.0
PHX,2022-12-09,66.0,45.0
PHX,2022-12-10,66.0,43.0
PHX,2022-12-11,69.0,42.0
PHX,2022-12-12,61.0,46.0
PHX,2022-12-13,55.0,43.0
PHX,2022-12-14,56.0,37.0
PHX,2022-12-15,56.0,38.0
PHX,2022-12-16,59.0,41.0
PHX,2022-12-17,61.0,36.0
PHX,2022-12-18,61.0,45.0
PHX,2022-12-19,63.0,39.0
PHX,2022-12-20,64.0,43.0
PHX,2022-12-21,66.0,40.0
PHX,2022-12-22,65.0,41.0
PHX,2022-12-23,68.0,46.0
PHX,2022-12-24,71.0,44.0
PHX,2022-12-25,74.0,46.0
PHX,2022-12-26,74.0,46.0
PHX,2022-12-27,72.0,49.0
PHX,2022-12-28,63.0,52.0
PHX,2022-12-29,62.0,48.0
PHX,2022-12-30,60.0,53.0
PHX,2022-12-31,67.0,49.0
PHX,2023-01-01,62.0,48.0
PHX,2023-01-02,57.0,47.0
PHX,2023-01-03,61.0,49.0
PHX,2023-01-04,66.0,50.0
PHX,2023-01-05,64.0,50.0
PHX,2023-01-06,61.0,49.0
PHX,2023-01-07,69.0,43.0
PHX,2023-01-08,70.0,45.0
PHX,2023-01-09,69.0,47.0
PHX,2023-01-10,70.0,50.0
PHX,2023-01-11,65.0,50.0
PHX,2023-01-12,73.0,45.0
PHX,2023-01-13,76.0,51.0
PHX,2023-01-14,65.0,48.0
PHX,2023-01-15,60.0,51.0
PHX,2023-01-16,60.0,51.0
PHX,2023-01-17,58.0,49.0
PHX,2023-01-18,59.0,45.0
PHX,2023-01-19,60.0,42.0
PHX,2023-01-20,58.0,45.0
PHX,2023-01-21,58.0,39.0
PHX,2023-01-22,59.0,39.0
PHX,2023-01-23,50.0,38.0
PHX,2023-01-24,55.0,36.0
PHX,2023-01-25,61.0,37.0
PHX,2023-01-26,62.0,39.0
PHX,2023-01-27,63.0,39.0
PHX,2023-01-28,64.0,39.0
PHX,2023-01-29,68.0,41.0
PHX,2023-01-30,62.0,47.0
PHX,2023-01-31,63.0,46.0
PHX,2023-02-01,67.0,43.0
PHX,2023-02-02,67.0,43.0
PHX,2023-02-03,73.0,46.0
PHX,2023-02-04,75.0,47.0
PHX,2023-02-05,75.0,48.0
PHX,2023-02-06,69.0,50.0
PHX,2023-02-07,68.0,43.0
PHX,2023-02-08,69.0,45.0
PHX,2023-02-09,68.0,44.0
PHX,2023-02-10,71.0,49.0
PHX,2023-02-11,74.0,55.0
PHX,2023-02-12,79.0,49.0
PHX,2023-02-13,58.0,47.0
PHX,2023-02-14,56.0,43.0
PHX,2023-02-15,55.0,41.0
PHX,2023-02-16,58.0,36.0
PHX,2023-02-17,65.0,47.0
PHX,2023-02-18,73.0,53.0
PHX,2023-02-19,74.0,54.0
PHX,2023-02-20,74.0,52.0
PHX,2023-02-21,67.0,57.0
PHX,2023-02-22,59.0,49.0
PHX,2023-02-23,60.0,47.0
PHX,2023-02-24,66.0,44.0
PHX,2023-02-25,76.0,52.0
PHX,2023-02-26,59.0,44.0
PHX,2023-02-27,64.0,42.0
PHX,2023-02-28,65.0,43.0
PHX,2023-03-01,63.0,42.0
PHX,2023-03-02,54.0,41.0
PHX,2023-03-03,62.0,43.0
PHX,2023-03-04,69.0,45.0
PHX,2023-03-05,72.0,47.0
PHX,2023-03-06,73.0,52.0
PHX,2023-03-07,73.0,56.0
PHX,2023-03-08,75.0,48.0
PHX,2023-03-09,73.0,51.0
PHX,2023-03-10,78.0,53.0
PHX,2023-03-11,78.0,62.0
PHX,2023-03-12,81.0,56.0
PHX,2023-03-13,79.0,57.0
PHX,2023-03-14,80.0,55.0
PHX,2023-03-15,66.0,55.0
PHX,2023-03-16,71.0,53.0
PHX,2023-03-17,72.0,53.0
PHX,2023-03-18,73.0,51.0
PHX,2023-03-19,70.0,57.0
PHX,2023-03-20,72.0,57.0
PHX,2023-03-21,65.0,61.0
PHX,2023-03-22,64.0,51.8
PHX,2023-03-23,69.0,48.0
PHX,2023-03-24,69.0,53.0
PHX,2023-03-25,71.0,49.0
PHX,2023-03-26,70.0,50.0
PHX,2023-03-27,72.0,50.0
PHX,2023-03-28,80.0,51.0
PHX,2023-03-29,81.0,53.0
PHX,2023-03-30,65.0,56.0
PHX,2023-03-31,70.0,48.0
PHX,2023-04-01,81.0,53.0
PHX,2023-04-02,82.0,54.0
PHX,2023-04-03,82.0,55.0
PHX,2023-04-04,64.0,48.0
PHX,2023-04-05,68.0,47.0
PHX,2023-04-06,76.0,50.0
PHX,2023-04-07,83.0,55.0
PHX,2023-04-08,84.0,55.0
PHX,2023-04-09,88.0,59.0
PHX,2023-04-10,98.0,63.0
PHX,2023-04-11,99.0,68.0
PHX,2023-04-12,90.0,66.0
PHX,2023-04-13,82.0,64.0
PHX,2023-04-14,78.0,59.0
PHX,2023-04-15,85.0,59.0
PHX,2023-04-16,89.0,62.0
PHX,2023-04-17,90.0,65.0
PHX,2023-04-18,86.0,63.0
PHX,2023-04-19,82.0,64.0
PHX,2023-04-20,84.0,59.0
PHX,2023-04-21,89.0,62.0
PHX,2023-04-22,94.0,65.0
PHX,2023-04-23,94.0,67.0
PHX,2023-04-24,91.0,69.0
PHX,2023-04-25,91.0,65.0
PHX,2023-04-26,88.0,64.0
PHX,2023-04-27,94.0,66.0
PHX,2023-04-28,98.0,68.0
PHX,2023-04-29,98.0,72.0
PHX,2023-04-30,101.0,70.0
PHX,2023-05-01,94.0,73.0
PHX,2023-05-02,92.0,66.0
PHX,2023-05-03,89.0,68.0
PHX,2023-05-04,82.0,64.0
PHX,2023-05-05,80.0,63.0
PHX,2023-05-06,86.0,63.0
PHX,2023-05-07,90.0,64.0
PHX,2023-05-08,91.0,66.0
PHX,2023-05-09,92.0,67.0
PHX,2023-05-10,79.0,66.0
PHX,2023-05-11,88.0,62.0
PHX,2023-05-12,95.0,67.0
PHX,2023-05-13,98.0,72.0
PHX,2023-05-14,100.0,73.0
PHX,2023-05-15,101.0,79.0
PHX,2023-05-16,104.0,83.0
PHX,2023-05-17,100.0,78.0
PHX,2023-05-18,100.0,76.0
PHX,2023-05-19,92.0,73.0
PHX,2023-05-20,98.0,70.0
PHX,2023-05-21,100.0,76.0
PHX,2023-05-22,102.0,78.0
PHX,2023-05-23,102.0,76.0
PHX,2023-05-24,99.0,75.0
PHX,2023-05-25,99.0,74.0
PHX,2023-05-26,99.0,73.0
PHX,2023-05-27,98.0,71.0
PHX,2023-05-28,99.0,72.0
PHX,2023-05-29,100.0,75.0
PHX,2023-05-30,99.0,74.0
PHX,2023-05-31,93.0,71.0
PHX,2023-06-01,91.0,69.0
PHX,2023-06-02,94.0,74.0
PHX,2023-06-03,101.0,76.0
PHX,2023-06-04,105.0,79.0
PHX,2023-06-05,105.0,79.0
PHX,2023-06-06,99.0,73.0
PHX,2023-06-07,97.0,71.0
PHX,2023-06-08,95.0,72.0
PHX,2023-06-09,96.0,73.0
PHX,2023-06-10,100.0,73.0
PHX,2023-06-11,96.0,74.0
PHX,2023-06-12,93.0,72.0
PHX,2023-06-13,96.0,75.0
PHX,2023-06-14,100.0,74.0
PHX,2023-06-15,99.0,77.0
PHX,2023-06-16,102.0,78.0
PHX,2023-06-17,104.0,76.0
PHX,2023-06-18,109.0,79.0
PHX,2023-06-19,104.0,78.0
PHX,2023-06-20,105.0,82.0
PHX,2023-06-21,104.0,78.0
PHX,2023-06-22,105.0,77.0
PHX,2023-06-23,101.0,79.0
PHX,2023-06-24,105.0,73.0
PHX,2023-06-25,109.0,79.0
PHX,2023-06-26,111.0,82.0
PHX,2023-06-27,110.0,81.0
PHX,2023-06-28,107.0,82.0
PHX,2023-06-29,106.0,80.0
PHX,2023-06-30,108.0,80.0
PHX,2023-07-01,113.0,83.0
PHX,2023-07-02,115.0,86.0
PHX,2023-07-03,115.0,89.0
PHX,2023-07-04,112.0,89.0
PHX,2023-07-05,109.0,89.0
PHX,2023-07-06,113.0,86.0
PHX,2023-07-07,111.0,86.0
PHX,2023-07-08,112.0,87.0
PHX,2023-07-09,111.0,89.0
PHX,2023-07-10,108.0,92.0
PHX,2023-07-11,109.0,92.0
PHX,2023-07-12,110.0,95.0
PHX,2023-07-13,114.0,95.0
PHX,2023-07-14,115.0,94.0
PHX,2023-07-15,117.0,93.0
PHX,2023-07-16,113.0,94.0
PHX,2023-07-17,115.0,95.0
PHX,2023-07-18,118.0,94.0
PHX,2023-07-19,118.0,97.0
PHX,2023-07-20,119.0,93.0
PHX,2023-07-21,115.0,93.0
PHX,2023-07-22,116.0,96.0
PHX,2023-07-23,114.0,92.0
PHX,2023-07-24,115.0,94.0
PHX,2023-07-25,117.0,93.0
PHX,2023-07-26,117.0,90.0
PHX,2023-07-27,115.0,89.0
PHX,2023-07-28,115.0,97.0
PHX,2023-07-29,113.0,95.0
PHX,2023-07-30,111.0,93.0
PHX,2023-07-31,107.0,83.0
PHX,2023-08-01,109.0,86.0
PHX,2023-08-02,110.0,93.0
PHX,2023-08-03,110.0,93.0
PHX,2023-08-04,113.0,88.0
PHX,2023-08-05,116.0,91.0
PHX,2023-08-06,112.0,90.0
PHX,2023-08-07,111.0,91.0
PHX,2023-08-08,110.0,84.2
PHX,2023-08-09,109.0,90.0
PHX,2023-08-10,106.0,91.0
PHX,2023-08-11,105.0,89.0
PHX,2023-08-12,108.0,90.0
PHX,2023-08-13,108.0,89.0
PHX,2023-08-14,104.0,90.0
PHX,2023-08-15,111.0,91.0
PHX,2023-08-16,114.0,87.0
PHX,2023-08-17,114.0,93.0
PHX,2023-08-18,105.0,89.0
PHX,2023-08-19,93.0,83.0
PHX,2023-08-20,102.0,83.0
PHX,2023-08-21,90.0,78.0
PHX,2023-08-22,104.0,77.0
PHX,2023-08-23,107.0,85.0
PHX,2023-08-24,105.0,88.0
PHX,2023-08-25,109.0,89.0
PHX,2023-08-26,111.0,93.0
PHX,2023-08-27,112.0,90.0
PHX,2023-08-28,117.0,93.0
PHX,2023-08-29,114.0,93.0
PHX,2023-08-30,110.0,93.0
PHX,2023-08-31,108.0,77.0
PHX,2023-09-01,88.0,78.0
PHX,2023-09-02,98.0,80.0
PHX,2023-09-03,100.0,80.0
PHX,2023-09-04,102.0,86.0
PHX,2023-09-05,104.0,78.0
PHX,2023-09-06,105.0,80.0
PHX,2023-09-07,107.0,81.0
PHX,2023-09-08,109.0,86.0
PHX,2023-09-09,113.0,87.0
PHX,2023-09-10,111.0,91.0
PHX,2023-09-11,106.0,90.0
PHX,2023-09-12,99.0,80.0
PHX,2023-09-13,98.0,76.0
PHX,2023-09-14,101.0,80.0
PHX,2023-09-15,103.0,81.0
PHX,2023-09-16,105.0,80.0
PHX,2023-09-17,106.0,82.0
PHX,2023-09-18,102.0,78.0
PHX,2023-09-19,100.0,76.0
PHX,2023-09-20,100.0,77.0
PHX,2023-09-21,97.0,73.0
PHX,2023-09-22,98.0,75.0
PHX,2023-09-23,95.0,78.0
PHX,2023-09-24,100.0,74.0
PHX,2023-09-25,102.0,76.0
PHX,2023-09-26,103.0,77.0
PHX,2023-09-27,105.0,77.0
PHX,2023-09-28,102.0,76.0
PHX,2023-09-29,101.0,73.0
PHX,2023-09-30,101.0,75.0
PHX,2023-10-01,86.0,71.0
PHX,2023-10-02,87.0,69.0
PHX,2023-10-03,87.0,68.0
PHX,2023-10-04,93.0,68.0
PHX,2023-10-05,99.0,71.0
PHX,2023-10-06,103.0,73.0
PHX,2023-10-07,102.0,83.0
PHX,2023-10-08,100.0,80.0
PHX,2023-10-09,100.0,79.0
PHX,2023-10-10,98.0,75.0
PHX,2023-10-11,93.0,74.0
PHX,2023-10-12,90.0,70.0
PHX,2023-10-13,91.0,66.0
PHX,2023-10-14,92.0,68.0
PHX,2023-10-15,102.0,68.0
PHX,2023-10-16,104.0,73.0
PHX,2023-10-17,100.0,76.0
PHX,2023-10-18,100.0,72.0
PHX,2023-10-19,104.0,72.0
PHX,2023-10-20,103.0,72.0
PHX,2023-10-21,100.0,73.0
PHX,2023-10-22,98.0,70.0
PHX,2023-10-23,87.0,71.0
PHX,2023-10-24,85.0,69.0
PHX,2023-10-25,83.0,67.0
PHX,2023-10-26,83.0,68.0
PHX,2023-10-27,87.0,68.0
PHX,2023-10-28,87.0,65.0
PHX,2023-10-29,80.0,61.0
PHX,2023-10-30,79.0,56.0
PHX,2023-10-31,80.0,61.0
PHX,2023-11-01,82.0,61.0
PHX,2023-11-02,87.0,58.0
PHX,2023-11-03,88.0,59.0
PHX,2023-11-04,88.0,61.0
PHX,2023-11-05,92.0,62.0
PHX,2023-11-06,91.0,64.0
PHX,2023-11-07,89.0,63.0
PHX,2023-11-08,79.0,63.0
PHX,2023-11-09,78.0,56.0
PHX,2023-11-10,78.0,55.0
PHX,2023-11-11,80.0,55.0
PHX,2023-11-12,83.0,62.0
PHX,2023-11-13,87.0,64.0
PHX,2023-11-14,88.0,69.0
PHX,2023-11-15,87.0,68.0
PHX,2023-11-16,78.0,65.0
PHX,2023-11-17,80.0,62.0
PHX,2023-11-18,74.0,63.0
PHX,2023-11-19,74.0,58.0
PHX,2023-11-20,74.0,54.0
PHX,2023-11-21,78.0,57.0
PHX,2023-11-22,77.0,55.0
PHX,2023-11-23,71.0,56.0
PHX,2023-11-24,72.0,52.0
PHX,2023-11-25,70.0,54.0
PHX,2023-11-26,71.0,47.0
PHX,2023-11-27,75.0,53.0
PHX,2023-11-28,77.0,57.0
PHX,2023-11-29,72.0,54.0
PHX,2023-11-30,65.0,53.0
PHX,2023-12-01,64.0,53.0
PHX,2023-12-02,66.0,48.0
PHX,2023-12-03,68.0,47.0
PHX,2023-12-04,68.0,48.0
PHX,2023-12-05,81.0,50.0
PHX,2023-12-06,83.0,57.0
PHX,2023-12-07,77.0,54.0
PHX,2023-12-08,71.0,50.0
PHX,2023-12-09,68.0,47.0
PHX,2023-12-10,73.0,45.0
PHX,2023-12-11,73.0,47.0
PHX,2023-12-12,70.0,51.0
PHX,2023-12-13,69.0,45.0
PHX,2023-12-14,69.0,45.0
PHX,2023-12-15,78.0,46.0
PHX,2023-12-16,79.0,53.0
PHX,2023-12-17,81.0,50.0
PHX,2023-12-18,75.0,54.0
PHX,2023-12-19,76.0,60.0
PHX,2023-12-20,75.0,60.0
PHX,2023-12-21,78.0,57.0
PHX,2023-12-22,63.0,55.0
PHX,2023-12-23,58.0,52.0
PHX,2023-12-24,63.0,47.0
PHX,2023-12-25,63.0,47.0
PHX,2023-12-26,63.0,46.0
PHX,2023-12-27,66.0,43.0
PHX,2023-12-28,68.0,45.0
PHX,2023-12-29,73.0,45.0
PHX,2023-12-30,75.0,53.0
PHX,2023-12-31,64.0,47.0
PHX,2024-01-01,63.0,47.0
PHX,2024-01-02,66.0,46.0
PHX,2024-01-03,64.0,45.0
PHX,2024-01-04,60.0,46.0
PHX,2024-01-05,57.0,43.0
PHX,2024-01-06,61.0,41.0
PHX,2024-01-07,53.0,43.0
PHX,2024-01-08,54.0,37.0
PHX,2024-01-09,56.0,36.0
PHX,2024-01-10,59.0,37.0
PHX,2024-01-11,58.0,40.0
PHX,2024-01-12,57.0,36.0
PHX,2024-01-13,61.0,37.0
PHX,2024-01-14,67.0,42.0
PHX,2024-01-15,68.0,42.0
PHX,2024-01-16,68.0,45.0
PHX,2024-01-17,67.0,46.0
PHX,2024-01-18,75.0,47.0
PHX,2024-01-19,76.0,50.0
PHX,2024-01-20,67.0,54.0
PHX,2024-01-21,61.0,54.0
PHX,2024-01-22,63.0,51.0
PHX,2024-01-23,60.0,54.0
PHX,2024-01-24,62.0,53.0
PHX,2024-01-25,64.0,51.0
PHX,2024-01-26,68.0,49.0
PHX,2024-01-27,74.0,47.0
PHX,2024-01-28,77.0,56.0
PHX,2024-01-29,80.0,55.0
PHX,2024-01-30,80.0,54.0
PHX,2024-01-31,78.0,56.0
PHX,2024-02-01,81.0,55.0
PHX,2024-02-02,63.0,53.0
PHX,2024-02-03,64.0,46.0
PHX,2024-02-04,69.0,49.0
PHX,2024-02-05,74.0,53.0
PHX,2024-02-06,65.0,50.0
PHX,2024-02-07,61.0,49.0
PHX,2024-02-08,58.0,43.0
PHX,2024-02-09,59.0,41.0
PHX,2024-02-10,58.0,45.0
PHX,2024-02-11,61.0,41.0
PHX,2024-02-12,66.0,43.0
PHX,2024-02-13,69.0,45.0
PHX,2024-02-14,70.0,46.0
PHX,2024-02-15,73.0,48.0
PHX,2024-02-16,72.0,49.0
PHX,2024-02-17,74.0,52.0
PHX,2024-02-18,76.0,52.0
PHX,2024-02-19,79.0,54.0
PHX,2024-02-20,80.0,53.0
PHX,2024-02-21,74.0,57.0
PHX,2024-02-22,75.0,54.0
PHX,2024-02-23,79.0,53.0
PHX,2024-02-24,77.0,58.0
PHX,2024-02-25,83.0,59.0
PHX,2024-02-26,75.0,64.0
PHX,2024-02-27,76.0,59.0
PHX,2024-02-28,80.0,56.0
PHX,2024-02-29,76.0,54.0
PHX,2024-03-01,79.0,55.0
PHX,2024-03-02,78.0,53.0
PHX,2024-03-03,73.0,55.0
PHX,2024-03-04,74.0,53.0
PHX,2024-03-05,76.0,53.0
PHX,2024-03-06,74.0,57.0
PHX,2024-03-07,64.0,53.0
PHX,2024-03-08,69.0,53.0
PHX,2024-03-09,74.0,52.0
PHX,2024-03-10,80.0,55.0
PHX,2024-03-11,80.0,57.0
PHX,2024-03-12,77.0,55.0
PHX,2024-03-13,76.0,55.0
PHX,2024-03-14,72.0,54.0
PHX,2024-03-15,62.0,51.0
PHX,2024-03-16,68.0,47.0
PHX,2024-03-17,67.0,53.0
PHX,2024-03-18,80.0,51.0
PHX,2024-03-19,79.0,54.0
PHX,2024-03-20,79.0,55.0
PHX,2024-03-21,82.0,57.0
PHX,2024-03-22,86.0,60.0
PHX,2024-03-23,82.0,62.0
PHX,2024-03-24,65.0,53.0
PHX,2024-03-25,71.0,49.0
PHX,2024-03-26,72.0,55.0
PHX,2024-03-27,76.0,51.0
PHX,2024-03-28,81.0,56.0
PHX,2024-03-29,84.0,57.0
PHX,2024-03-30,85.0,60.0
PHX,2024-03-31,64.0,51.0
PHX,2024-04-01,63.0,49.0
PHX,2024-04-02,75.0,51.8
PHX,2024-04-03,82.0,56.0
PHX,2024-04-04,88.0,59.0
PHX,2024-04-05,71.0,56.0
PHX,2024-04-06,67.0,50.0
PHX,2024-04-07,75.0,51.0
PHX,2024-04-08,75.0,56.0
PHX,2024-04-09,84.0,57.0
PHX,2024-04-10,87.0,58.0
PHX,2024-04-11,93.0,62.0
PHX,2024-04-12,93.0,65.0
PHX,2024-04-13,88.0,64.0
PHX,2024-04-14,82.0,61.0
PHX,2024-04-15,76.0,58.0
PHX,2024-04-16,87.0,59.0
PHX,2024-04-17,92.0,63.0
PHX,2024-04-18,92.0,66.0
PHX,2024-04-19,93.0,68.0
PHX,2024-04-20,95.0,69.0
PHX,2024-04-21,98.0,70.0
PHX,2024-04-22,100.0,71.0
PHX,2024-04-23,97.0,71.0
PHX,2024-04-24,91.0,68.0
PHX,2024-04-25,83.0,68.0
PHX,2024-04-26,81.0,65.0
PHX,2024-04-27,80.0,63.0
PHX,2024-04-28,88.0,63.0
PHX,2024-04-29,94.0,66.0
PHX,2024-04-30,95.0,69.0
PHX,2024-05-01,92.0,70.0
PHX,2024-05-02,92.0,70.0
PHX,2024-05-03,97.0,71.0
PHX,2024-05-04,93.0,71.0
PHX,2024-05-05,84.0,69.0
PHX,2024-05-06,85.0,61.0
PHX,2024-05-07,91.0,63.0
PHX,2024-05-08,91.0,68.0
PHX,2024-05-09,87.0,65.0
PHX,2024-05-10,91.0,65.0
PHX,2024-05-11,93.0,66.0
PHX,2024-05-12,94.0,69.0
PHX,2024-05-13,99.0,71.0
PHX,2024-05-14,99.0,74.0
PHX,2024-05-15,97.0,74.0
PHX,2024-05-16,97.0,77.0
PHX,2024-05-17,102.0,75.0
PHX,2024-05-18,101.0,77.0
PHX,2024-05-19,98.0,75.0
PHX,2024-05-20,90.0,74.0
PHX,2024-05-21,94.0,67.0
PHX,2024-05-22,95.0,69.0
PHX,2024-05-23,98.0,70.0
PHX,2024-05-24,98.0,73.0
PHX,2024-05-25,91.0,75.0
PHX,2024-05-26,96.0,71.0
PHX,2024-05-27,101.0,74.0
PHX,2024-05-28,104.0,76.0
PHX,2024-05-29,102.0,77.0
PHX,2024-05-30,104.0,76.0
PHX,2024-05-31,105.0,77.0
PHX,2024-06-01,105.0,77.0
PHX,2024-06-02,103.0,77.0
PHX,2024-06-03,101.0,78.0
PHX,2024-06-04,101.0,80.0
PHX,2024-06-05,108.0,82.0
PHX,2024-06-06,111.0,86.0
PHX,2024-06-07,111.0,87.0
PHX,2024-06-08,106.0,84.0
PHX,2024-06-09,107.0,83.0
PHX,2024-06-10,106.0,81.0
PHX,2024-06-11,112.0,83.0
PHX,2024-06-12,111.0,83.0
PHX,2024-06-13,107.0,87.0
PHX,2024-06-14,106.0,85.0
PHX,2024-06-15,112.0,83.0
PHX,2024-06-16,111.0,84.0
PHX,2024-06-17,107.0,83.0
PHX,2024-06-18,103.0,81.0
PHX,2024-06-19,103.0,83.0
PHX,2024-06-20,113.0,83.0
PHX,2024-06-21,116.0,93.0
PHX,2024-06-22,107.0,92.0
PHX,2024-06-23,107.0,91.0
PHX,2024-06-24,111.0,90.0
PHX,2024-06-25,106.0,86.0
PHX,2024-06-26,111.0,86.0
PHX,2024-06-27,111.0,95.0
PHX,2024-06-28,110.0,92.0
PHX,2024-06-29,109.0,89.0
PHX,2024-06-30,109.0,90.0
PHX,2024-07-01,107.0,87.0
PHX,2024-07-02,112.0,92.0
PHX,2024-07-03,112.0,93.0
PHX,2024-07-04,112.0,91.0
PHX,2024-07-05,117.0,94.0
PHX,2024-07-06,114.0,92.0
PHX,2024-07-07,113.0,92.0
PHX,2024-07-08,117.0,92.0
PHX,2024-07-09,115.0,91.0
PHX,2024-07-10,115.0,94.0
PHX,2024-07-11,114.0,93.0
PHX,2024-07-12,115.0,92.0
PHX,2024-07-13,111.0,94.0
PHX,2024-07-14,108.0,84.0
PHX,2024-07-15,108.0,87.0
PHX,2024-07-16,109.0,90.0
PHX,2024-07-17,110.0,91.0
PHX,2024-07-18,111.0,94.0
PHX,2024-07-19,112.0,92.0
PHX,2024-07-20,112.0,93.0
PHX,2024-07-21,111.0,90.0
PHX,2024-07-22,109.0,85.0
PHX,2024-07-23,113.0,94.0
PHX,2024-07-24,113.0,93.0
PHX,2024-07-25,111.0,83.0
PHX,2024-07-26,108.0,82.0
PHX,2024-07-27,110.0,89.0
PHX,2024-07-28,111.0,89.0
PHX,2024-07-29,108.0,88.0
PHX,2024-07-30,108.0,89.0
PHX,2024-07-31,110.0,90.0
PHX,2024-08-01,105.0,88.0
PHX,2024-08-02,111.0,93.0
PHX,2024-08-03,113.0,93.0
PHX,2024-08-04,116.0,94.0
PHX,2024-08-05,112.0,93.0
PHX,2024-08-06,110.0,91.0
PHX,2024-08-07,102.0,82.0
PHX,2024-08-08,106.0,88.0
PHX,2024-08-09,108.0,88.0
PHX,2024-08-10,111.0,93.0
PHX,2024-08-11,103.0,88.0
PHX,2024-08-12,106.0,89.0
PHX,2024-08-13,108.0,90.0
PHX,2024-08-14,108.0,92.0
PHX,2024-08-15,111.0,90.0
PHX,2024-08-16,111.0,94.0
PHX,2024-08-17,112.0,94.0
PHX,2024-08-18,100.0,80.0
PHX,2024-08-19,111.0,88.0
PHX,2024-08-20,111.0,92.0
PHX,2024-08-21,103.0,91.0
PHX,2024-08-22,107.0,84.0
PHX,2024-08-23,107.0,84.0
PHX,2024-08-24,105.0,84.0
PHX,2024-08-25,107.0,86.0
PHX,2024-08-26,108.0,84.0
PHX,2024-08-27,108.0,85.0
PHX,2024-08-28,104.0,89.0
PHX,2024-08-29,108.0,85.0
PHX,2024-08-30,108.0,87.0
PHX,2024-08-31,107.0,89.0
PHX,2024-09-01,106.0,87.0
PHX,2024-09-02,107.0,87.0
PHX,2024-09-03,106.0,88.0
PHX,2024-09-04,110.0,88.0
PHX,2024-09-05,114.0,88.0
PHX,2024-09-06,109.0,94.0
PHX,2024-09-07,108.0,91.0
PHX,2024-09-08,109.0,89.0
PHX,2024-09-09,109.0,85.0
PHX,2024-09-10,109.0,85.0
PHX,2024-09-11,108.0,82.0
PHX,2024-09-12,109.0,82.0
PHX,2024-09-13,105.0,79.0
PHX,2024-09-14,103.0,87.0
PHX,2024-09-15,104.0,86.0
PHX,2024-09-16,101.0,84.0
PHX,2024-09-17,93.0,78.0
PHX,2024-09-18,95.0,73.0
PHX,2024-09-19,97.0,74.0
PHX,2024-09-20,96.0,78.0
PHX,2024-09-21,89.0,73.0
PHX,2024-09-22,98.0,74.0
PHX,2024-09-23,105.0,78.0
PHX,2024-09-24,107.0,78.0
PHX,2024-09-25,110.0,81.0
PHX,2024-09-26,109.0,83.0
PHX,2024-09-27,112.0,84.0
PHX,2024-09-28,116.0,86.0
PHX,2024-09-29,112.0,89.0
PHX,2024-09-30,107.0,84.0
PHX,2024-10-01,113.0,85.0
PHX,2024-10-02,108.0,86.0
PHX,2024-10-03,108.0,82.0
PHX,2024-10-04,108.0,81.0
PHX,2024-10-05,109.0,81.0
PHX,2024-10-06,111.0,81.0
PHX,2024-10-07,110.0,82.0
PHX,2024-10-08,107.0,82.0
PHX,2024-10-09,104.0,80.0
PHX,2024-10-10,105.0,78.0
PHX,2024-10-11,103.0,79.0
PHX,2024-10-12,103.0,77.0
PHX,2024-10-13,102.0,75.0
PHX,2024-10-14,101.0,76.0
PHX,2024-10-15,97.0,74.0
PHX,2024-10-16,98.0,71.0
PHX,2024-10-17,89.0,73.0
PHX,2024-10-18,78.0,63.0
PHX,2024-10-19,73.0,60.0
PHX,2024-10-20,81.0,59.0
PHX,2024-10-21,88.0,61.0
PHX,2024-10-22,95.0,63.0
PHX,2024-10-23,98.0,68.0
PHX,2024-10-24,95.0,67.0
PHX,2024-10-25,96.0,65.0
PHX,2024-10-26,99.0,67.0
PHX,2024-10-27,96.0,70.0
PHX,2024-10-28,94.0,64.0
PHX,2024-10-29,79.0,62.0
PHX,2024-10-30,75.0,55.0
PHX,2024-10-31,79.0,55.0
PHX,2024-11-01,81.0,56.0
PHX,2024-11-02,78.0,55.0
PHX,2024-11-03,72.0,58.0
PHX,2024-11-04,72.0,52.0
PHX,2024-11-05,73.0,51.0
PHX,2024-11-06,70.0,50.0
PHX,2024-11-07,65.0,48.0
PHX,2024-11-08,69.0,48.0
PHX,2024-11-09,75.0,48.0
PHX,2024-11-10,83.0,53.0
PHX,2024-11-11,82.0,56.0
PHX,2024-11-12,76.0,53.0
PHX,2024-11-13,78.0,50.0
PHX,2024-11-14,84.0,54.0
PHX,2024-11-15,73.0,52.0
PHX,2024-11-16,63.0,53.0
PHX,2024-11-17,71.0,46.0
PHX,2024-11-18,68.0,48.0
PHX,2024-11-19,70.0,48.0
PHX,2024-11-20,77.0,50.0
PHX,2024-11-21,80.0,50.0
PHX,2024-11-22,85.0,53.0
PHX,2024-11-23,78.0,52.0
PHX,2024-11-24,77.0,51.0
PHX,2024-11-25,78.0,56.0
PHX,2024-11-26,77.0,56.0
PHX,2024-11-27,76.0,60.0
PHX,2024-11-28,73.0,56.0
PHX,2024-11-29,75.0,53.0
PHX,2024-11-30,79.0,54.0
PHX,2024-12-01,78.0,52.0
PHX,2024-12-02,81.0,53.0
PHX,2024-12-03,82.0,56.0
PHX,2024-12-04,78.0,53.0
PHX,2024-12-05,77.0,53.0
PHX,2024-12-06,78.0,57.0
PHX,2024-12-07,77.0,55.0
PHX,2024-12-08,74.0,52.0
PHX,2024-12-09,73.0,51.0
PHX,2024-12-10,68.0,50.0
PHX,2024-12-11,70.0,44.0
PHX,2024-12-12,74.0,53.0
PHX,2024-12-13,68.0,49.0
PHX,2024-12-14,70.0,48.0
PHX,2024-12-15,72.0,46.0
PHX,2024-12-16,71.0,46.0
PHX,2024-12-17,70.0,45.0
PHX,2024-12-18,82.0,46.0
PHX,2024-12-19,83.0,52.0
PHX,2024-12-20,83.0,53.0
PHX,2024-12-21,78.0,51.0
PHX,2024-12-22,75.0,50.0
PHX,2024-12-23,76.0,54.0
PHX,2024-12-24,77.0,51.0
PHX,2024-12-25,69.0,53.0
PHX,2024-12-26,64.0,49.0
PHX,2024-12-27,68.0,45.0
PHX,2024-12-28,70.0,45.0
PHX,2024-12-29,75.0,46.0
PHX,2024-12-30,73.0,47.0
PHX,2024-12-31,72.0,47.0
PHX,2025-01-01,72.0,46.0
PHX,2025-01-02,77.0,48.0
PHX,2025-01-03,79.0,50.0
PHX,2025-01-04,72.0,48.0
PHX,2025-01-05,70.0,45.0
PHX,2025-01-06,71.0,45.0
PHX,2025-01-07,68.0,48.0
PHX,2025-01-08,67.0,51.0
PHX,2025-01-09,65.0,43.0
PHX,2025-01-10,64.0,43.0
PHX,2025-01-11,64.0,40.0
PHX,2025-01-12,64.0,38.0
PHX,2025-01-13,61.0,39.0
PHX,2025-01-14,65.0,38.0
PHX,2025-01-15,72.0,41.0
PHX,2025-01-16,75.0,55.0
PHX,2025-01-17,68.0,49.0
PHX,2025-01-18,66.0,42.0
PHX,2025-01-19,65.0,43.0
PHX,2025-01-20,65.0,40.0
PHX,2025-01-21,60.0,42.0
PHX,2025-01-22,63.0,38.0
PHX,2025-01-23,64.0,41.0
PHX,2025-01-24,69.0,45.0
PHX,2025-01-25,68.0,48.0
PHX,2025-01-26,71.0,44.0
PHX,2025-01-27,62.0,47.0
PHX,2025-01-28,60.0,44.0
PHX,2025-01-29,57.0,46.0
PHX,2025-01-30,62.0,42.0
PHX,2025-01-31,68.0,43.0
PHX,2025-02-01,73.0,47.0
PHX,2025-02-02,82.0,51.0
PHX,2025-02-03,85.0,53.0
PHX,2025-02-04,86.0,56.0
PHX,2025-02-05,80.0,54.0
PHX,2025-02-06,79.0,53.0
PHX,2025-02-07,77.0,54.0
PHX,2025-02-08,78.0,56.0
PHX,2025-02-09,76.0,56.0
PHX,2025-02-10,78.0,55.0
PHX,2025-02-11,70.0,52.0
PHX,2025-02-12,62.0,53.0
PHX,2025-02-13,70.0,50.0
PHX,2025-02-14,71.0,58.0
PHX,2025-02-15,71.0,50.0
PHX,2025-02-16,74.0,52.0
PHX,2025-02-17,76.0,54.0
PHX,2025-02-18,77.0,52.0
PHX,2025-02-19,79.0,53.0
PHX,2025-02-20,78.0,52.0
PHX,2025-02-21,77.0,52.0
PHX,2025-02-22,78.0,52.0
PHX,2025-02-23,81.0,54.0
PHX,2025-02-24,86.0,53.0
PHX,2025-02-25,89.0,57.0
PHX,2025-02-26,89.0,59.0
PHX,2025-02-27,82.0,58.0
PHX,2025-02-28,82.0,57.0
PHX,2025-03-01,84.0,58.0
PHX,2025-03-02,79.0,55.0
PHX,2025-03-03,65.0,52.0
PHX,2025-03-04,71.0,49.0
PHX,2025-03-05,75.0,51.0
PHX,2025-03-06,71.0,62.0
PHX,2025-03-07,61.0,48.0
PHX,2025-03-08,67.0,47.0
PHX,2025-03-09,77.0,50.0
PHX,2025-03-10,84.0,54.0
PHX,2025-03-11,80.0,59.0
PHX,2025-03-12,72.0,57.0
PHX,2025-03-13,73.0,51.0
PHX,2025-03-14,57.0,46.0
PHX,2025-03-15,66.0,47.0
PHX,2025-03-16,74.0,50.0
PHX,2025-03-17,81.0,57.0
PHX,2025-03-18,72.0,57.0
PHX,2025-03-19,73.0,56.0
PHX,2025-03-20,80.0,52.0
PHX,2025-03-21,83.0,56.0
PHX,2025-03-22,86.0,57.0
PHX,2025-03-23,86.0,62.0
PHX,2025-03-24,95.0,66.0
PHX,2025-03-25,98.0,66.0
PHX,2025-03-26,94.0,70.0
PHX,2025-03-27,91.0,66.0
PHX,2025-03-28,83.0,66.0
PHX,2025-03-29,80.0,63.0
PHX,2025-03-30,84.0,60.0
PHX,2025-03-31,81.0,63.0
PHX,2025-04-01,74.0,63.0
PHX,2025-04-02,68.0,56.0
PHX,2025-04-03,68.0,52.0
PHX,2025-04-04,71.0,54.0
PHX,2025-04-05,79.0,54.0
PHX,2025-04-06,80.0,58.0
PHX,2025-04-07,87.0,58.0
PHX,2025-04-08,91.0,63.0
PHX,2025-04-09,97.0,65.0
PHX,2025-04-10,100.0,68.0
PHX,2025-04-11,100.0,70.0
PHX,2025-04-12,98.0,68.0
PHX,2025-04-13,93.0,70.0
PHX,2025-04-14,93.0,69.0
PHX,2025-04-15,92.0,68.0
PHX,2025-04-16,93.0,66.0
PHX,2025-04-17,82.0,65.0
PHX,2025-04-18,79.0,54.0
PHX,2025-04-19,74.0,53.6
PHX,2025-04-20,84.0,59.0
PHX,2025-04-21,90.0,64.0
PHX,2025-04-22,94.0,64.0
PHX,2025-04-23,90.0,67.0
PHX,2025-04-24,92.0,66.0
PHX,2025-04-25,93.0,67.0
PHX,2025-04-26,86.0,66.0
PHX,2025-04-27,79.0,62.0
PHX,2025-04-28,81.0,59.0
PHX,2025-04-29,86.0,63.0
PHX,2025-04-30,91.0,64.0
PHX,2025-05-01,94.0,68.0
PHX,2025-05-02,93.0,71.0
PHX,2025-05-03,97.0,70.0
PHX,2025-05-04,82.0,65.0
PHX,2025-05-05,73.0,59.0
PHX,2025-05-06,76.0,63.0
PHX,2025-05-07,85.0,65.0
PHX,2025-05-08,95.0,68.0
PHX,2025-05-09,103.0,74.0
PHX,2025-05-10,102.0,78.0
PHX,2025-05-11,103.0,78.0
PHX,2025-05-12,100.0,80.0
PHX,2025-05-13,88.0,76.0
PHX,2025-05-14,82.0,67.0
PHX,2025-05-15,87.0,65.0
PHX,2025-05-16,92.0,68.0
PHX,2025-05-17,94.0,71.0
PHX,2025-05-18,86.0,67.0
PHX,2025-05-19,92.0,70.0
PHX,2025-05-20,97.0,70.0
PHX,2025-05-21,100.0,72.0
PHX,2025-05-22,104.0,75.0
PHX,2025-05-23,102.0,75.0
PHX,2025-05-24,98.0,76.0
PHX,2025-05-25,96.0,74.0
PHX,2025-05-26,99.0,74.0
PHX,2025-05-27,100.0,75.0
PHX,2025-05-28,100.0,75.0
PHX,2025-05-29,98.0,80.0
PHX,2025-05-30,102.0,74.0
PHX,2025-05-31,101.0,83.0
PHX,2025-06-01,90.0,70.0
PHX,2025-06-02,88.0,67.0
PHX,2025-06-03,96.0,78.0
PHX,2025-06-04,94.0,76.0
PHX,2025-06-05,100.0,79.0
PHX,2025-06-06,101.0,81.0
PHX,2025-06-07,104.0,82.0
PHX,2025-06-08,106.0,79.0
PHX,2025-06-09,108.0,80.0
PHX,2025-06-10,108.0,82.0
PHX,2025-06-11,107.0,84.0
PHX,2025-06-12,107.0,85.0
PHX,2025-06-13,106.0,82.0
PHX,2025-06-14,108.0,82.0
PHX,2025-06-15,113.0,82.0
PHX,2025-06-16,113.0,84.0
PHX,2025-06-17,109.0,87.0
PHX,2025-06-18,112.0,84.0
PHX,2025-06-19,116.0,87.0
PHX,2025-06-20,109.0,84.0
PHX,2025-06-21,105.0,83.0
PHX,2025-06-22,98.0,80.0
PHX,2025-06-23,102.0,81.0
PHX,2025-06-24,101.0,82.0
PHX,2025-06-25,102.0,81.0
PHX,2025-06-26,104.0,81.0
PHX,2025-06-27,106.0,82.0
PHX,2025-06-28,108.0,87.0
PHX,2025-06-29,112.0,87.0
PHX,2025-06-30,115.0,91.0
PHX,2025-07-01,110.0,93.0
PHX,2025-07-02,108.0,78.0
PHX,2025-07-03,101.0,79.0
PHX,2025-07-04,102.0,82.0
PHX,2025-07-05,105.0,87.0
PHX,2025-07-06,108.0,86.0
PHX,2025-07-07,110.0,91.0
PHX,2025-07-08,111.0,92.0
PHX,2025-07-09,117.0,94.0
PHX,2025-07-10,113.0,95.0
PHX,2025-07-11,109.0,90.0
PHX,2025-07-12,107.0,88.0
PHX,2025-07-13,107.0,90.0
PHX,2025-07-14,106.0,91.0
PHX,2025-07-15,106.0,88.0
PHX,2025-07-16,94.0,84.0
PHX,2025-07-17,100.0,81.0
PHX,2025-07-18,106.0,88.0
PHX,2025-07-19,105.0,88.0
PHX,2025-07-20,96.0,90.0
PHX,2025-07-21,103.0,85.0
PHX,2025-07-22,100.0,85.0
PHX,2025-07-23,102.0,85.0
PHX,2025-07-24,105.0,80.0
PHX,2025-07-25,109.0,81.0
PHX,2025-07-26,106.0,81.0
PHX,2025-07-27,109.0,82.0
PHX,2025-07-28,111.0,86.0
PHX,2025-07-29,109.0,89.0
PHX,2025-07-30,110.0,88.0
PHX,2025-07-31,111.0,89.0
PHX,2025-08-01,112.0,92.0
PHX,2025-08-02,114.0,91.0
PHX,2025-08-03,112.0,85.0
PHX,2025-08-04,110.0,87.0
PHX,2025-08-05,113.0,90.0
PHX,2025-08-06,115.0,92.0
PHX,2025-08-07,118.0,95.0
PHX,2025-08-08,114.0,93.0
PHX,2025-08-09,110.0,92.0
PHX,2025-08-10,108.0,91.0
PHX,2025-08-11,111.0,92.0
PHX,2025-08-12,110.0,91.0
PHX,2025-08-13,108.0,91.0
PHX,2025-08-14,108.0,87.0
PHX,2025-08-15,102.0,77.0
PHX,2025-08-16,104.0,84.0
PHX,2025-08-17,103.0,85.0
PHX,2025-08-18,107.0,86.0
PHX,2025-08-19,107.0,88.0
PHX,2025-08-20,111.0,89.0
PHX,2025-08-21,112.0,89.0
PHX,2025-08-22,110.0,89.0
PHX,2025-08-23,109.0,92.0
PHX,2025-08-24,110.0,92.0
PHX,2025-08-25,103.0,76.0
PHX,2025-08-26,96.0,78.0
PHX,2025-08-27,100.0,79.0
PHX,2025-08-28,105.0,89.0
PHX,2025-08-29,101.0,81.0
PHX,2025-08-30,106.0,86.0
PHX,2025-08-31,107.0,84.0
PHX,2025-09-01,106.0,88.0
PHX,2025-09-02,108.0,86.0
PHX,2025-09-03,104.0,78.0
PHX,2025-09-04,96.0,75.0
PHX,2025-09-05,96.0,81.0
PHX,2025-09-06,100.0,84.0
PHX,2025-09-07,102.0,84.0
PHX,2025-09-08,104.0,88.0
PHX,2025-09-09,105.0,86.0
PHX,2025-09-10,106.0,86.0
PHX,2025-09-11,102.0,83.0
PHX,2025-09-12,100.0,82.0
PHX,2025-09-13,96.0,77.0
PHX,2025-09-14,99.0,76.0
PHX,2025-09-15,102.0,77.0
PHX,2025-09-16,104.0,83.0
PHX,2025-09-17,100.0,86.0
PHX,2025-09-18,100.0,78.8
PHX,2025-09-19,96.0,80.0
PHX,2025-09-20,100.0,81.0
PHX,2025-09-21,98.0,82.0
PHX,2025-09-22,91.0,81.0
PHX,2025-09-23,100.0,79.0
PHX,2025-09-24,105.0,82.0
PHX,2025-09-25,107.0,86.0
PHX,2025-09-26,89.0,67.0
PHX,2025-09-27,86.0,70.0
PHX,2025-09-28,88.0,72.0
PHX,2025-09-29,92.0,72.0
PHX,2025-09-30,97.0,75.0
PHX,2025-10-01,96.0,76.0
PHX,2025-10-02,100.0,76.0
PHX,2025-10-03,102.0,77.0
PHX,2025-10-04,88.0,72.0
PHX,2025-10-05,88.0,67.0
PHX,2025-10-06,94.0,66.0
PHX,2025-10-07,99.0,67.0
PHX,2025-10-08,102.0,73.0
PHX,2025-10-09,92.0,74.0
PHX,2025-10-10,93.0,72.0
PHX,2025-10-11,82.0,69.0
PHX,2025-10-12,80.0,69.0
PHX,2025-10-13,83.0,69.0
PHX,2025-10-14,85.0,68.0
PHX,2025-10-15,79.0,66.0
PHX,2025-10-16,81.0,61.0
PHX,2025-10-17,83.0,61.0
PHX,2025-10-18,86.0,62.0
PHX,2025-10-19,90.0,64.0
PHX,2025-10-20,89.0,63.0
PHX,2025-10-21,90.0,65.0
PHX,2025-10-22,92.0,72.0
PHX,2025-10-23,84.0,64.0
PHX,2025-10-24,85.0,63.0
PHX,2025-10-25,88.0,63.0
PHX,2025-10-26,90.0,62.0
PHX,2025-10-27,90.0,63.0
PHX,2025-10-28,92.0,64.0
PHX,2025-10-29,91.0,63.0
PHX,2025-10-30,90.0,65.0
PHX,2025-10-31,88.0,64.0
PHX,2025-11-01,88.0,62.0
PHX,2025-11-02,91.0,61.0
PHX,2025-11-03,89.0,63.0
PHX,2025-11-04,91.0,62.0
PHX,2025-11-05,88.0,61.0
PHX,2025-11-06,87.0,61.0
PHX,2025-11-07,85.0,60.0
PHX,2025-11-08,86.0,61.0
PHX,2025-11-09,90.0,61.0
PHX,2025-11-10,88.0,66.0
PHX,2025-11-11,88.0,63.0
PHX,2025-11-12,86.0,61.0
PHX,2025-11-13,88.0,64.0
PHX,2025-11-14,89.0,61.0
PHX,2025-11-15,83.0,61.0
PHX,2025-11-16,76.0,63.0
PHX,2025-11-17,76.0,56.0
PHX,2025-11-18,73.0,60.0
PHX,2025-11-19,66.0,55.0
PHX,2025-11-20,66.0,54.0
PHX,2025-11-21,66.0,53.0
PHX,2025-11-22,72.0,55.0
PHX,2025-11-23,65.0,56.0
PHX,2025-11-24,69.0,52.0
PHX,2025-11-25,73.0,52.0
PHX,2025-11-26,75.0,52.0
PHX,2025-11-27,78.0,52.0
PHX,2025-11-28,77.0,53.0
PHX,2025-11-29,74.0,52.0
PHX,2025-11-30,74.0,52.0
PHX,2025-12-01,71.0,52.0
PHX,2025-12-02,71.0,48.0
PHX,2025-12-03,68.0,47.0
PHX,2025-12-04,66.0,47.0
PHX,2025-12-05,67.0,45.0
PHX,2025-12-06,69.0,45.0
PHX,2025-12-07,72.0,46.0
PHX,2025-12-08,73.0,48.0
PHX,2025-12-09,77.0,48.0
PHX,2025-12-10,76.0,48.0
PHX,2025-12-11,79.0,52.0
PHX,2025-12-12,78.0,53.0
PHX,2025-12-13,79.0,53.0
PHX,2025-12-14,82.0,51.0
PHX,2025-12-15,81.0,53.0
PHX,2025-12-16,77.0,52.0
PHX,2025-12-17,76.0,52.0
PHX,2025-12-18,76.0,50.0
PHX,2025-12-19,78.0,53.0
PHX,2025-12-20,76.0,51.0
PHX,2025-12-21,81.0,52.0
PHX,2025-12-22,83.0,54.0
PHX,2025-12-23,80.0,56.0
PHX,2025-12-24,69.0,63.0
PHX,2025-12-25,74.0,62.0
PHX,2025-12-26,74.0,57.0
PHX,2025-12-27,71.0,56.0
PHX,2025-12-28,68.0,48.0
PHX,2025-12-29,76.0,51.0
PHX,2025-12-30,73.0,60.0
PHX,2025-12-31,67.0,55.0
DVT,2016-01-01,65.0,35.0
DVT,2016-01-02,69.0,50.0
DVT,2016-01-03,70.0,51.0
DVT,2016-01-04,64.0,51.0
DVT,2016-01-05,55.0,49.0
DVT,2016-01-06,56.0,48.0
DVT,2016-01-07,50.0,44.0
DVT,2016-01-08,52.0,43.0
DVT,2016-01-09,55.0,39.0
DVT,2016-01-10,55.0,41.0
DVT,2016-01-11,59.0,38.0
DVT,2016-01-12,63.0,36.0
DVT,2016-01-13,63.0,39.0
DVT,2016-01-14,60.0,37.0
DVT,2016-01-15,57.0,41.0
DVT,2016-01-16,58.0,36.0
DVT,2016-01-17,65.0,38.0
DVT,2016-01-18,66.0,43.0
DVT,2016-01-19,66.0,41.0
DVT,2016-01-20,67.0,45.0
DVT,2016-01-21,70.0,47.0
DVT,2016-01-22,72.0,46.0
DVT,2016-01-23,71.0,45.0
DVT,2016-01-24,63.0,41.0
DVT,2016-01-25,65.0,42.0
DVT,2016-01-26,66.0,40.0
DVT,2016-01-27,68.0,42.0
DVT,2016-01-28,69.0,44.0
DVT,2016-01-29,69.0,41.0
DVT,2016-01-30,69.0,43.0
DVT,2016-01-31,72.0,48.0
DVT,2016-02-01,53.0,41.0
DVT,2016-02-02,53.0,33.0
DVT,2016-02-03,54.0,32.0
DVT,2016-02-04,62.0,34.0
DVT,2016-02-05,68.0,40.0
DVT,2016-02-06,72.0,42.0
DVT,2016-02-07,78.0,44.0
DVT,2016-02-08,82.0,52.0
DVT,2016-02-09,83.0,53.0
DVT,2016-02-10,81.0,53.0
DVT,2016-02-11,80.0,50.0
DVT,2016-02-12,82.0,50.0
DVT,2016-02-13,82.0,49.0
DVT,2016-02-14,78.0,47.0
DVT,2016-02-15,83.0,49.0
DVT,2016-02-16,85.0,52.0
DVT,2016-02-17,85.0,51.0
DVT,2016-02-18,79.0,55.0
DVT,2016-02-19,78.0,54.0
DVT,2016-02-20,82.0,50.0
DVT,2016-02-21,81.0,50.0
DVT,2016-02-22,82.0,50.0
DVT,2016-02-23,71.0,54.0
DVT,2016-02-24,74.0,46.0
DVT,2016-02-25,81.0,48.0
DVT,2016-02-26,84.0,55.0
DVT,2016-02-27,83.0,50.0
DVT,2016-02-28,82.0,50.0
DVT,2016-02-29,83.0,53.0
DVT,2016-03-01,84.0,55.0
DVT,2016-03-02,85.0,53.0
DVT,2016-03-03,86.0,56.0
DVT,2016-03-04,86.0,55.0
DVT,2016-03-05,79.0,56.0
DVT,2016-03-06,76.0,61.0
DVT,2016-03-07,67.0,46.0
DVT,2016-03-08,71.0,46.0
DVT,2016-03-09,77.0,47.0
DVT,2016-03-10,83.0,54.0
DVT,2016-03-11,83.0,53.0
DVT,2016-03-12,69.0,50.0
DVT,2016-03-13,74.0,49.0
DVT,2016-03-14,76.0,50.0
DVT,2016-03-15,85.0,53.0
DVT,2016-03-16,85.0,53.0
DVT,2016-03-17,85.0,54.0
DVT,2016-03-18,87.0,51.0
DVT,2016-03-19,87.0,53.0
DVT,2016-03-20,88.0,56.0
DVT,2016-03-21,89.0,58.0
DVT,2016-03-22,79.0,60.0
DVT,2016-03-23,75.0,56.0
DVT,2016-03-24,78.0,47.0
DVT,2016-03-25,83.0,49.0
DVT,2016-03-26,85.0,55.0
DVT,2016-03-27,83.0,56.0
DVT,2016-03-28,79.0,57.0
DVT,2016-03-29,67.0,51.0
DVT,2016-03-30,66.0,46.0
DVT,2016-03-31,72.0,49.0
DVT,2016-04-01,77.0,51.0
DVT,2016-04-02,82.0,54.0
DVT,2016-04-03,87.0,55.0
DVT,2016-04-04,89.0,56.0
DVT,2016-04-05,90.0,57.0
DVT,2016-04-06,95.0,64.0
DVT,2016-04-07,88.0,67.0
DVT,2016-04-08,78.0,60.0
DVT,2016-04-09,79.0,61.0
DVT,2016-04-10,69.0,54.0
DVT,2016-04-11,75.0,52.0
DVT,2016-04-12,80.1,56.0
DVT,2016-04-13,84.0,59.0
DVT,2016-04-14,87.0,60.0
DVT,2016-04-15,82.0,59.0
DVT,2016-04-16,79.0,53.0
DVT,2016-04-17,81.0,60.0
DVT,2016-04-18,84.0,57.0
DVT,2016-04-19,88.0,61.0
DVT,2016-04-20,92.0,60.0
DVT,2016-04-21,94.0,63.0
DVT,2016-04-22,93.0,66.0
DVT,2016-04-23,86.0,66.0
DVT,2016-04-24,85.0,56.0
DVT,2016-04-25,79.0,64.0
DVT,2016-04-26,75.0,54.0
DVT,2016-04-27,80.0,54.0
DVT,2016-04-28,74.0,60.0
DVT,2016-04-29,79.0,62.0
DVT,2016-04-30,77.0,58.0
DVT,2016-05-01,77.0,55.0
DVT,2016-05-02,84.0,60.0
DVT,2016-05-03,92.0,63.0
DVT,2016-05-04,100.0,67.0
DVT,2016-05-05,95.0,66.0
DVT,2016-05-06,76.0,58.0
DVT,2016-05-07,76.0,57.0
DVT,2016-05-08,79.0,59.0
DVT,2016-05-09,83.0,57.0
DVT,2016-05-10,88.0,60.0
DVT,2016-05-11,92.0,64.0
DVT,2016-05-12,99.0,69.0
DVT,2016-05-13,100.0,67.0
DVT,2016-05-14,98.0,71.0
DVT,2016-05-15,91.0,70.0
DVT,2016-05-16,89.0,67.0
DVT,2016-05-17,87.0,67.0
DVT,2016-05-18,85.0,67.0
DVT,2016-05-19,91.0,65.0
DVT,2016-05-20,96.0,68.0
DVT,2016-05-21,89.0,66.0
DVT,2016-05-22,86.0,63.0
DVT,2016-05-23,87.0,57.0
DVT,2016-05-24,88.0,65.0
DVT,2016-05-25,88.0,58.0
DVT,2016-05-26,83.0,61.0
DVT,2016-05-27,90.0,60.0
DVT,2016-05-28,95.0,64.0
DVT,2016-05-29,95.0,66.0
DVT,2016-05-30,91.0,61.0
DVT,2016-05-31,97.0,64.0
DVT,2016-06-01,100.0,69.0
DVT,2016-06-02,106.0,70.0
DVT,2016-06-03,111.0,74.0
DVT,2016-06-04,112.0,77.0
DVT,2016-06-05,111.0,75.0
DVT,2016-06-06,107.0,76.0
DVT,2016-06-07,103.0,80.0
DVT,2016-06-08,104.0,75.0
DVT,2016-06-09,102.0,80.0
DVT,2016-06-10,98.0,78.0
DVT,2016-06-11,97.0,74.0
DVT,2016-06-12,99.0,71.0
DVT,2016-06-13,96.0,74.0
DVT,2016-06-14,97.0,68.0
DVT,2016-06-15,98.0,69.0
DVT,2016-06-16,99.0,73.0
DVT,2016-06-17,102.0,69.0
DVT,2016-06-18,109.0,76.0
DVT,2016-06-19,117.0,77.0
DVT,2016-06-20,113.0,87.0
DVT,2016-06-21,108.0,86.0
DVT,2016-06-22,109.0,86.0
DVT,2016-06-23,109.0,83.0
DVT,2016-06-24,106.0,83.0
DVT,2016-06-25,106.0,79.0
DVT,2016-06-26,103.0,85.0
DVT,2016-06-27,107.0,88.0
DVT,2016-06-28,110.0,86.0
DVT,2016-06-29,105.0,77.0
DVT,2016-06-30,92.0,75.0
DVT,2016-07-01,95.0,79.0
DVT,2016-07-02,101.0,80.0
DVT,2016-07-03,105.0,82.0
DVT,2016-07-04,107.0,81.0
DVT,2016-07-05,107.0,84.0
DVT,2016-07-06,104.0,81.0
DVT,2016-07-07,103.0,80.0
DVT,2016-07-08,106.0,77.0
DVT,2016-07-09,108.0,79.0
DVT,2016-07-10,109.0,83.0
DVT,2016-07-11,106.0,78.0
DVT,2016-07-12,106.0,74.0
DVT,2016-07-13,106.0,78.0
DVT,2016-07-14,109.0,84.0
DVT,2016-07-15,109.0,80.0
DVT,2016-07-16,106.0,87.0
DVT,2016-07-17,102.0,85.0
DVT,2016-07-18,104.0,79.0
DVT,2016-07-19,106.0,86.0
DVT,2016-07-20,105.0,85.0
DVT,2016-07-21,110.0,87.0
DVT,2016-07-22,111.0,90.0
DVT,2016-07-23,110.0,87.0
DVT,2016-07-24,107.0,88.0
DVT,2016-07-25,107.0,86.0
DVT,2016-07-26,109.0,86.0
DVT,2016-07-27,112.0,88.0
DVT,2016-07-28,109.0,89.0
DVT,2016-07-29,110.0,80.0
DVT,2016-07-30,101.0,80.0
DVT,2016-07-31,102.0,82.0
DVT,2016-08-01,98.0,80.0
DVT,2016-08-02,97.0,76.0
DVT,2016-08-03,96.0,79.0
DVT,2016-08-04,99.0,81.0
DVT,2016-08-05,96.0,72.0
DVT,2016-08-06,104.0,79.0
DVT,2016-08-07,106.0,84.0
DVT,2016-08-08,107.0,82.0
DVT,2016-08-09,95.0,79.0
DVT,2016-08-10,99.0,79.0
DVT,2016-08-11,97.0,80.0
DVT,2016-08-12,105.0,84.0
DVT,2016-08-13,106.0,80.0
DVT,2016-08-14,103.0,83.0
DVT,2016-08-15,107.0,87.0
DVT,2016-08-16,110.0,86.0
DVT,2016-08-17,106.0,88.0
DVT,2016-08-18,102.0,80.0
DVT,2016-08-19,102.0,77.0
DVT,2016-08-20,98.0,76.0
DVT,2016-08-21,98.0,77.0
DVT,2016-08-22,98.0,77.0
DVT,2016-08-23,92.0,71.0
DVT,2016-08-24,101.0,74.0
DVT,2016-08-25,100.0,77.0
DVT,2016-08-26,95.0,73.0
DVT,2016-08-27,95.0,73.0
DVT,2016-08-28,97.0,74.0
DVT,2016-08-29,104.0,76.0
DVT,2016-08-30,105.0,81.0
DVT,2016-08-31,103.0,83.0
DVT,2016-09-01,101.0,84.0
DVT,2016-09-02,101.0,82.0
DVT,2016-09-03,102.0,81.0
DVT,2016-09-04,98.0,75.0
DVT,2016-09-05,98.0,70.0
DVT,2016-09-06,97.0,71.0
DVT,2016-09-07,89.0,76.0
DVT,2016-09-08,94.0,74.0
DVT,2016-09-09,101.0,74.0
DVT,2016-09-10,102.0,76.0
DVT,2016-09-11,102.0,77.0
DVT,2016-09-12,97.0,81.0
DVT,2016-09-13,96.0,78.0
DVT,2016-09-14,95.0,72.0
DVT,2016-09-15,94.0,66.0
DVT,2016-09-16,94.0,64.0
DVT,2016-09-17,97.0,67.0
DVT,2016-09-18,102.0,71.0
DVT,2016-09-19,98.0,71.0
DVT,2016-09-20,86.0,79.0
DVT,2016-09-21,95.0,76.0
DVT,2016-09-22,82.0,72.0
DVT,2016-09-23,85.0,65.0
DVT,2016-09-24,88.0,59.0
DVT,2016-09-25,95.0,69.0
DVT,2016-09-26,90.0,77.0
DVT,2016-09-27,87.0,72.0
DVT,2016-09-28,95.0,74.0
DVT,2016-09-29,92.0,76.0
DVT,2016-09-30,94.0,71.0
DVT,2016-10-01,94.0,72.0
DVT,2016-10-02,81.0,69.0
DVT,2016-10-03,83.0,64.0
DVT,2016-10-04,83.0,58.0
DVT,2016-10-05,86.0,58.0
DVT,2016-10-06,87.0,61.0
DVT,2016-10-07,94.0,64.0
DVT,2016-10-08,94.0,74.0
DVT,2016-10-09,94.0,73.0
DVT,2016-10-10,93.0,70.0
DVT,2016-10-11,93.0,66.0
DVT,2016-10-12,91.0,64.0
DVT,2016-10-13,90.0,62.0
DVT,2016-10-14,93.0,63.0
DVT,2016-10-15,92.0,63.0
DVT,2016-10-16,89.0,63.0
DVT,2016-10-17,87.0,63.0
DVT,2016-10-18,87.0,62.0
DVT,2016-10-19,91.0,62.0
DVT,2016-10-20,95.0,67.0
DVT,2016-10-21,94.0,74.0
DVT,2016-10-22,95.0,69.0
DVT,2016-10-23,93.0,65.0
DVT,2016-10-24,88.0,69.0
DVT,2016-10-25,88.0,69.0
DVT,2016-10-26,93.0,66.0
DVT,2016-10-27,96.0,72.0
DVT,2016-10-28,90.0,72.0
DVT,2016-10-29,92.0,67.0
DVT,2016-10-30,89.0,67.0
DVT,2016-10-31,83.0,65.0
DVT,2016-11-01,78.0,60.0
DVT,2016-11-02,82.0,57.0
DVT,2016-11-03,82.0,62.0
DVT,2016-11-04,78.0,58.0
DVT,2016-11-05,79.0,59.0
DVT,2016-11-06,81.0,57.0
DVT,2016-11-07,84.0,59.0
DVT,2016-11-08,88.0,65.0
DVT,2016-11-09,84.0,67.0
DVT,2016-11-10,82.0,32.0
DVT,2016-11-11,81.0,63.0
DVT,2016-11-12,81.0,61.0
DVT,2016-11-13,82.0,60.0
DVT,2016-11-14,83.0,57.0
DVT,2016-11-15,84.0,55.0
DVT,2016-11-16,77.0,57.0
DVT,2016-11-17,71.0,53.0
DVT,2016-11-18,74.0,47.0
DVT,2016-11-19,82.0,57.0
DVT,2016-11-20,75.0,60.0
DVT,2016-11-21,66.0,50.0
DVT,2016-11-22,68.0,46.0
DVT,2016-11-23,73.0,49.0
DVT,2016-11-24,77.0,49.0
DVT,2016-11-25,79.0,51.0
DVT,2016-11-26,71.0,59.0
DVT,2016-11-27,61.0,46.0
DVT,2016-11-28,54.0,44.0
DVT,2016-11-29,58.0,40.0
DVT,2016-11-30,60.0,39.0
DVT,2016-12-01,60.0,37.0
DVT,2016-12-02,59.0,44.0
DVT,2016-12-03,70.0,48.0
DVT,2016-12-04,68.0,45.0
DVT,2016-12-05,64.0,41.0
DVT,2016-12-06,62.0,47.0
DVT,2016-12-07,62.0,45.0
DVT,2016-12-08,66.0,42.0
DVT,2016-12-09,68.0,45.0
DVT,2016-12-10,69.0,47.0
DVT,2016-12-11,70.0,49.0
DVT,2016-12-12,71.0,49.0
DVT,2016-12-13,72.0,52.0
DVT,2016-12-14,74.0,52.0
DVT,2016-12-15,73.0,50.0
DVT,2016-12-16,70.0,55.9
DVT,2016-12-17,64.0,41.0
DVT,2016-12-18,62.0,35.0
DVT,2016-12-19,70.0,43.0
DVT,2016-12-20,71.0,51.0
DVT,2016-12-21,70.0,57.0
DVT,2016-12-22,63.0,54.0
DVT,2016-12-23,59.0,50.0
DVT,2016-12-24,59.0,44.0
DVT,2016-12-25,51.0,39.0
DVT,2016-12-26,61.0,37.0
DVT,2016-12-27,72.0,42.0
DVT,2016-12-28,64.0,46.0
DVT,2016-12-29,76.0,49.0
DVT,2016-12-30,70.0,53.0
DVT,2016-12-31,59.0,52.0
DVT,2017-01-01,56.0,49.0
DVT,2017-01-02,55.0,47.0
DVT,2017-01-03,60.1,44.0
DVT,2017-01-04,64.0,44.0
DVT,2017-01-05,64.0,46.0
DVT,2017-01-06,63.0,47.0
DVT,2017-01-07,65.0,44.0
DVT,2017-01-08,72.0,49.0
DVT,2017-01-09,65.0,50.0
DVT,2017-01-10,67.0,49.0
DVT,2017-01-11,62.0,48.0
DVT,2017-01-12,66.0,46.0
DVT,2017-01-13,68.0,53.0
DVT,2017-01-14,71.0,53.0
DVT,2017-01-15,56.0,49.0
DVT,2017-01-16,60.0,47.0
DVT,2017-01-17,64.0,44.0
DVT,2017-01-18,63.0,42.0
DVT,2017-01-19,53.0,45.0
DVT,2017-01-20,51.0,46.0
DVT,2017-01-21,57.0,43.0
DVT,2017-01-22,58.0,41.0
DVT,2017-01-23,56.0,46.0
DVT,2017-01-24,52.0,39.0
DVT,2017-01-25,55.0,35.0
DVT,2017-01-26,57.0,36.0
DVT,2017-01-27,57.0,38.0
DVT,2017-01-28,64.0,32.0
DVT,2017-01-29,72.0,39.0
DVT,2017-01-30,76.0,47.0
DVT,2017-01-31,72.0,44.0
DVT,2017-02-01,72.0,45.0
DVT,2017-02-02,70.0,46.0
DVT,2017-02-03,71.0,46.0
DVT,2017-02-04,72.0,45.0
DVT,2017-02-05,74.0,47.0
DVT,2017-02-06,64.0,54.0
DVT,2017-02-07,69.0,53.0
DVT,2017-02-08,74.0,53.0
DVT,2017-02-09,81.0,54.0
DVT,2017-02-10,80.0,54.0
DVT,2017-02-11,75.0,59.0
DVT,2017-02-12,74.0,59.0
DVT,2017-02-13,72.0,56.0
DVT,2017-02-14,73.0,52.0
DVT,2017-02-15,73.0,53.0
DVT,2017-02-16,73.0,48.0
DVT,2017-02-17,72.0,55.0
DVT,2017-02-18,66.0,49.0
DVT,2017-02-19,57.0,48.0
DVT,2017-02-20,67.0,49.0
DVT,2017-02-21,74.0,50.0
DVT,2017-02-22,73.0,53.0
DVT,2017-02-23,62.0,45.0
DVT,2017-02-24,60.0,37.0
DVT,2017-02-25,63.0,37.0
DVT,2017-02-26,66.0,50.0
DVT,2017-02-27,59.0,48.0
DVT,2017-02-28,63.0,48.0
DVT,2017-03-01,69.0,44.0
DVT,2017-03-02,77.0,43.0
DVT,2017-03-03,77.0,51.0
DVT,2017-03-04,77.0,52.0
DVT,2017-03-05,72.0,52.0
DVT,2017-03-06,64.0,45.0
DVT,2017-03-07,74.0,44.0
DVT,2017-03-08,82.0,47.0
DVT,2017-03-09,84.0,49.0
DVT,2017-03-10,87.0,50.0
DVT,2017-03-11,87.0,53.0
DVT,2017-03-12,86.0,56.0
DVT,2017-03-13,89.0,58.0
DVT,2017-03-14,91.0,55.0
DVT,2017-03-15,89.0,57.0
DVT,2017-03-16,91.0,58.0
DVT,2017-03-17,90.0,59.0
DVT,2017-03-18,91.0,59.0
DVT,2017-03-19,93.0,60.0
DVT,2017-03-20,92.0,60.0
DVT,2017-03-21,88.0,60.0
DVT,2017-03-22,79.0,57.0
DVT,2017-03-23,68.0,50.0
DVT,2017-03-24,75.0,45.0
DVT,2017-03-25,80.0,51.0
DVT,2017-03-26,79.0,50.0
DVT,2017-03-27,80.0,52.0
DVT,2017-03-28,77.0,50.0
DVT,2017-03-29,84.0,54.0
DVT,2017-03-30,87.0,54.0
DVT,2017-03-31,64.0,51.0
DVT,2017-04-01,71.0,47.0
DVT,2017-04-02,80.0,49.0
DVT,2017-04-03,82.0,52.0
DVT,2017-04-04,78.0,51.0
DVT,2017-04-05,83.0,54.0
DVT,2017-04-06,88.0,55.0
DVT,2017-04-07,87.0,59.0
DVT,2017-04-08,84.0,56.0
DVT,2017-04-09,78.0,49.0
DVT,2017-04-10,82.0,50.0
DVT,2017-04-11,86.0,52.0
DVT,2017-04-12,89.0,56.0
DVT,2017-04-13,90.0,59.0
DVT,2017-04-14,86.0,53.0
DVT,2017-04-15,85.0,54.0
DVT,2017-04-16,88.0,53.0
DVT,2017-04-17,89.0,57.0
DVT,2017-04-18,91.0,59.0
DVT,2017-04-19,87.0,64.0
DVT,2017-04-20,90.0,56.0
DVT,2017-04-21,92.0,58.0
DVT,2017-04-22,93.0,61.0
DVT,2017-04-23,96.0,62.0
DVT,2017-04-24,88.0,66.0
DVT,2017-04-25,87.0,65.0
DVT,2017-04-26,87.0,60.0
DVT,2017-04-27,87.0,62.0
DVT,2017-04-28,87.0,62.0
DVT,2017-04-29,80.0,56.0
DVT,2017-04-30,84.0,55.0
DVT,2017-05-01,91.0,57.0
DVT,2017-05-02,94.0,61.0
DVT,2017-05-03,98.0,64.0
DVT,2017-05-04,101.0,69.0
DVT,2017-05-05,105.0,73.0
DVT,2017-05-06,96.0,70.0
DVT,2017-05-07,71.0,59.0
DVT,2017-05-08,81.0,57.0
DVT,2017-05-09,72.0,55.0
DVT,2017-05-10,78.0,56.0
DVT,2017-05-11,89.0,59.0
DVT,2017-05-12,95.0,65.0
DVT,2017-05-13,96.0,63.0
DVT,2017-05-14,91.0,66.0
DVT,2017-05-15,84.0,62.0
DVT,2017-05-16,76.0,57.0
DVT,2017-05-17,82.0,54.0
DVT,2017-05-18,85.0,63.0
DVT,2017-05-19,85.0,59.0
DVT,2017-05-20,94.0,61.0
DVT,2017-05-21,99.0,66.0
DVT,2017-05-22,103.0,70.0
DVT,2017-05-23,103.0,69.0
DVT,2017-05-24,104.0,69.0
DVT,2017-05-25,98.0,75.0
DVT,2017-05-26,92.0,66.0
DVT,2017-05-27,94.0,65.0
DVT,2017-05-28,99.0,67.0
DVT,2017-05-29,101.0,67.0
DVT,2017-05-30,100.0,70.0
DVT,2017-05-31,99.0,73.0
DVT,2017-06-01,96.0,72.0
DVT,2017-06-02,100.0,69.0
DVT,2017-06-03,105.0,72.0
DVT,2017-06-04,105.0,74.0
DVT,2017-06-05,105.0,73.0
DVT,2017-06-06,104.0,74.0
DVT,2017-06-07,104.0,74.0
DVT,2017-06-08,102.0,72.0
DVT,2017-06-09,103.0,72.0
DVT,2017-06-10,98.0,74.0
DVT,2017-06-11,98.0,71.0
DVT,2017-06-12,90.0,71.0
DVT,2017-06-13,94.0,62.0
DVT,2017-06-14,100.0,63.0
DVT,2017-06-15,104.0,68.0
DVT,2017-06-16,107.0,70.0
DVT,2017-06-17,108.0,70.0
DVT,2017-06-18,111.0,72.0
DVT,2017-06-19,116.0,80.0
DVT,2017-06-20,117.0,83.0
DVT,2017-06-21,116.0,85.0
DVT,2017-06-22,111.0,86.0
DVT,2017-06-23,111.0,83.0
DVT,2017-06-24,113.0,80.0
DVT,2017-06-25,113.0,91.0
DVT,2017-06-26,111.0,86.0
DVT,2017-06-27,108.0,80.0
DVT,2017-06-28,106.0,75.0
DVT,2017-06-29,105.0,77.0
DVT,2017-06-30,107.1,78.0
DVT,2017-07-01,108.0,73.9
DVT,2017-07-02,106.0,77.0
DVT,2017-07-03,106.0,82.0
DVT,2017-07-04,109.0,78.0
DVT,2017-07-05,111.0,78.0
DVT,2017-07-06,110.0,87.0
DVT,2017-07-07,115.0,87.0
DVT,2017-07-08,110.0,94.0
DVT,2017-07-09,107.1,84.9
DVT,2017-07-10,108.0,86.0
DVT,2017-07-11,102.0,84.0
DVT,2017-07-12,107.1,82.9
DVT,2017-07-13,108.0,84.9
DVT,2017-07-14,106.0,84.9
DVT,2017-07-15,107.1,82.9
DVT,2017-07-16,102.0,73.0
DVT,2017-07-17,98.1,75.9
DVT,2017-07-18,101.0,80.0
DVT,2017-07-19,103.0,81.0
DVT,2017-07-20,103.0,82.9
DVT,2017-07-21,103.0,80.0
DVT,2017-07-22,104.0,82.0
DVT,2017-07-23,101.0,80.0
DVT,2017-07-24,89.1,73.9
DVT,2017-07-25,100.0,81.0
DVT,2017-07-26,105.1,80.0
DVT,2017-07-27,108.0,82.0
DVT,2017-07-28,99.0,84.0
DVT,2017-07-29,101.0,82.0
DVT,2017-07-30,98.1,81.0
DVT,2017-07-31,106.0,87.0
DVT,2017-08-01,100.0,86.0
DVT,2017-08-02,97.0,85.0
DVT,2017-08-03,103.0,73.0
DVT,2017-08-04,102.0,77.0
DVT,2017-08-05,102.0,82.0
DVT,2017-08-06,103.0,81.0
DVT,2017-08-07,104.0,78.0
DVT,2017-08-08,106.0,79.0
DVT,2017-08-09,109.0,80.0
DVT,2017-08-10,103.0,83.0
DVT,2017-08-11,106.0,79.0
DVT,2017-08-12,102.0,82.0
DVT,2017-08-13,99.0,74.0
DVT,2017-08-14,101.0,82.0
DVT,2017-08-15,99.0,78.0
DVT,2017-08-16,99.0,72.0
DVT,2017-08-17,101.0,77.0
DVT,2017-08-18,104.0,73.0
DVT,2017-08-19,102.0,75.0
DVT,2017-08-20,99.0,77.0
DVT,2017-08-21,101.0,81.0
DVT,2017-08-22,106.0,80.0
DVT,2017-08-23,104.0,78.0
DVT,2017-08-24,101.0,78.0
DVT,2017-08-25,106.0,82.0
DVT,2017-08-26,110.0,82.0
DVT,2017-08-27,107.0,84.0
DVT,2017-08-28,108.0,87.0
DVT,2017-08-29,106.0,87.0
DVT,2017-08-30,106.0,86.0
DVT,2017-08-31,106.0,83.0
DVT,2017-09-01,107.0,80.0
DVT,2017-09-02,101.0,82.0
DVT,2017-09-03,101.0,81.0
DVT,2017-09-04,102.0,78.0
DVT,2017-09-05,105.0,81.0
DVT,2017-09-06,106.0,83.0
DVT,2017-09-07,102.0,82.0
DVT,2017-09-08,95.0,81.0
DVT,2017-09-09,94.0,79.0
DVT,2017-09-10,103.0,77.0
DVT,2017-09-11,105.0,87.0
DVT,2017-09-12,108.0,83.0
DVT,2017-09-13,105.0,82.0
DVT,2017-09-14,99.0,82.0
DVT,2017-09-15,94.0,74.0
DVT,2017-09-16,93.0,71.0
DVT,2017-09-17,95.0,70.0
DVT,2017-09-18,95.0,68.0
DVT,2017-09-19,96.0,66.0
DVT,2017-09-20,95.0,75.0
DVT,2017-09-21,94.0,70.0
DVT,2017-09-22,85.0,71.0
DVT,2017-09-23,82.0,57.0
DVT,2017-09-24,84.0,56.0
DVT,2017-09-25,87.0,57.0
DVT,2017-09-26,87.0,59.0
DVT,2017-09-27,88.0,63.0
DVT,2017-09-28,92.0,66.0
DVT,2017-09-29,95.0,69.0
DVT,2017-09-30,95.0,67.0
DVT,2017-10-01,93.0,67.0
DVT,2017-10-02,88.0,67.0
DVT,2017-10-03,92.0,65.0
DVT,2017-10-04,95.0,68.0
DVT,2017-10-05,95.0,70.0
DVT,2017-10-06,95.0,62.0
DVT,2017-10-07,94.0,61.0
DVT,2017-10-08,91.0,59.0
DVT,2017-10-09,88.0,64.0
DVT,2017-10-10,89.0,62.0
DVT,2017-10-11,93.0,69.0
DVT,2017-10-12,92.0,61.0
DVT,2017-10-13,92.0,63.0
DVT,2017-10-14,92.0,62.0
DVT,2017-10-15,95.0,66.0
DVT,2017-10-16,96.0,69.0
DVT,2017-10-17,95.0,72.0
DVT,2017-10-18,93.0,68.0
DVT,2017-10-19,93.0,71.0
DVT,2017-10-20,85.0,65.0
DVT,2017-10-21,82.0,59.0
DVT,2017-10-22,91.0,58.0
DVT,2017-10-23,95.0,63.0
DVT,2017-10-24,97.0,68.0
DVT,2017-10-25,92.0,72.0
DVT,2017-10-26,90.0,61.0
DVT,2017-10-27,89.0,62.0
DVT,2017-10-28,89.0,61.0
DVT,2017-10-29,89.0,61.0
DVT,2017-10-30,83.0,63.0
DVT,2017-10-31,78.1,62.0
DVT,2017-11-01,80.0,60.0
DVT,2017-11-02,78.0,58.0
DVT,2017-11-03,78.0,59.0
DVT,2017-11-04,79.0,65.0
DVT,2017-11-05,76.0,56.0
DVT,2017-11-06,78.0,55.0
DVT,2017-11-07,77.0,61.0
DVT,2017-11-08,81.0,58.0
DVT,2017-11-09,83.0,59.0
DVT,2017-11-10,82.0,56.0
DVT,2017-11-11,83.0,54.0
DVT,2017-11-12,84.0,54.0
DVT,2017-11-13,85.0,61.0
DVT,2017-11-14,83.0,56.0
DVT,2017-11-15,81.0,55.0
DVT,2017-11-16,83.0,56.0
DVT,2017-11-17,74.0,58.0
DVT,2017-11-18,78.0,54.0
DVT,2017-11-19,80.0,52.0
DVT,2017-11-20,76.0,52.0
DVT,2017-11-21,78.0,51.0
DVT,2017-11-22,86.0,57.0
DVT,2017-11-23,85.0,55.0
DVT,2017-11-24,83.0,52.0
DVT,2017-11-25,83.0,54.0
DVT,2017-11-26,87.0,54.0
DVT,2017-11-27,79.0,52.0
DVT,2017-11-28,73.0,46.0
DVT,2017-11-29,75.0,55.0
DVT,2017-11-30,74.0,60.0
DVT,2017-12-01,78.0,57.0
DVT,2017-12-02,80.0,55.0
DVT,2017-12-03,78.0,54.0
DVT,2017-12-04,72.0,47.0
DVT,2017-12-05,69.0,45.0
DVT,2017-12-06,75.0,51.0
DVT,2017-12-07,66.0,44.0
DVT,2017-12-08,63.0,38.0
DVT,2017-12-09,76.0,39.0
DVT,2017-12-10,77.0,52.0
DVT,2017-12-11,77.0,52.0
DVT,2017-12-12,77.0,45.0
DVT,2017-12-13,74.0,45.0
DVT,2017-12-14,74.0,41.0
DVT,2017-12-15,70.0,45.0
DVT,2017-12-16,65.0,46.0
DVT,2017-12-17,60.0,47.0
DVT,2017-12-18,65.0,44.0
DVT,2017-12-19,63.0,40.0
DVT,2017-12-20,65.0,42.0
DVT,2017-12-21,57.0,42.0
DVT,2017-12-22,56.0,34.0
DVT,2017-12-23,62.0,35.0
DVT,2017-12-24,68.0,38.0
DVT,2017-12-25,66.0,42.0
DVT,2017-12-26,68.0,39.0
DVT,2017-12-27,72.0,42.0
DVT,2017-12-28,74.0,43.0
DVT,2017-12-29,76.0,42.0
DVT,2017-12-30,74.0,42.0
DVT,2017-12-31,69.0,43.0
DVT,2018-01-01,73.0,40.0
DVT,2018-01-02,75.0,46.0
DVT,2018-01-03,75.0,51.0
DVT,2018-01-04,75.0,53.0
DVT,2018-01-05,75.0,48.0
DVT,2018-01-06,72.0,49.0
DVT,2018-01-07,75.0,52.0
DVT,2018-01-08,74.0,55.0
DVT,2018-01-09,76.0,51.0
DVT,2018-01-10,59.0,49.0
DVT,2018-01-11,67.0,45.0
DVT,2018-01-12,69.0,46.0
DVT,2018-01-13,78.0,46.0
DVT,2018-01-14,76.0,52.0
DVT,2018-01-15,72.0,47.0
DVT,2018-01-16,72.0,50.0
DVT,2018-01-17,69.0,47.0
DVT,2018-01-18,72.0,43.0
DVT,2018-01-19,73.0,46.0
DVT,2018-01-20,59.0,44.0
DVT,2018-01-21,56.0,35.0
DVT,2018-01-22,59.0,36.0
DVT,2018-01-23,72.0,40.0
DVT,2018-01-24,74.0,42.0
DVT,2018-01-25,72.0,46.0
DVT,2018-01-26,66.0,40.0
DVT,2018-01-27,72.0,41.0
DVT,2018-01-28,80.0,44.0
DVT,2018-01-29,81.0,54.0
DVT,2018-01-30,79.0,51.0
DVT,2018-01-31,77.0,48.0
DVT,2018-02-01,77.0,47.0
DVT,2018-02-02,77.0,48.0
DVT,2018-02-03,75.0,46.0
DVT,2018-02-04,77.0,50.0
DVT,2018-02-05,77.0,49.0
DVT,2018-02-06,76.0,49.0
DVT,2018-02-07,76.0,48.0
DVT,2018-02-08,82.0,51.0
DVT,2018-02-09,79.0,49.0
DVT,2018-02-10,75.0,53.0
DVT,2018-02-11,73.0,52.0
DVT,2018-02-12,62.0,51.0
DVT,2018-02-13,70.0,54.0
DVT,2018-02-14,60.0,49.0
DVT,2018-02-15,65.0,52.0
DVT,2018-02-16,66.0,50.0
DVT,2018-02-17,68.0,46.0
DVT,2018-02-18,69.0,47.0
DVT,2018-02-19,63.0,43.0
DVT,2018-02-20,57.0,34.0
DVT,2018-02-21,58.0,35.0
DVT,2018-02-22,58.0,34.0
DVT,2018-02-23,58.0,36.0
DVT,2018-02-24,57.0,37.0
DVT,2018-02-25,62.0,35.0
DVT,2018-02-26,66.0,37.0
DVT,2018-02-27,65.0,40.0
DVT,2018-02-28,57.0,42.0
DVT,2018-03-01,67.0,42.0
DVT,2018-03-02,73.0,43.0
DVT,2018-03-03,72.0,44.0
DVT,2018-03-04,64.0,48.0
DVT,2018-03-05,71.0,46.0
DVT,2018-03-06,77.0,49.0
DVT,2018-03-07,76.0,50.0
DVT,2018-03-08,78.0,53.0
DVT,2018-03-09,80.0,50.0
DVT,2018-03-10,73.0,60.0
DVT,2018-03-11,73.0,56.0
DVT,2018-03-12,81.0,58.0
DVT,2018-03-13,81.0,58.0
DVT,2018-03-14,83.0,56.0
DVT,2018-03-15,70.0,52.0
DVT,2018-03-16,70.0,49.0
DVT,2018-03-17,68.0,45.0
DVT,2018-03-18,66.0,50.0
DVT,2018-03-19,72.0,48.0
DVT,2018-03-20,77.0,48.0
DVT,2018-03-21,80.0,52.0
DVT,2018-03-22,85.0,62.0
DVT,2018-03-23,82.0,61.0
DVT,2018-03-24,78.0,54.0
DVT,2018-03-25,73.0,48.0
DVT,2018-03-26,71.0,46.0
DVT,2018-03-27,74.0,48.0
DVT,2018-03-28,77.0,47.0
DVT,2018-03-29,84.0,52.0
DVT,2018-03-30,86.0,55.0
DVT,2018-03-31,88.0,58.0
DVT,2018-04-01,88.0,64.0
DVT,2018-04-02,86.0,61.0
DVT,2018-04-03,85.0,55.0
DVT,2018-04-04,87.0,60.0
DVT,2018-04-05,89.0,59.0
DVT,2018-04-06,89.0,63.0
DVT,2018-04-07,91.0,66.0
DVT,2018-04-08,89.0,66.0
DVT,2018-04-09,92.0,61.0
DVT,2018-04-10,95.0,65.0
DVT,2018-04-11,93.0,62.0
DVT,2018-04-12,85.0,65.0
DVT,2018-04-13,77.0,56.0
DVT,2018-04-14,81.0,53.0
DVT,2018-04-15,87.0,54.0
DVT,2018-04-16,81.0,64.0
DVT,2018-04-17,72.0,56.0
DVT,2018-04-18,79.0,50.0
DVT,2018-04-19,79.0,53.0
DVT,2018-04-20,77.0,51.0
DVT,2018-04-21,87.0,57.0
DVT,2018-04-22,92.0,62.0
DVT,2018-04-23,93.0,62.0
DVT,2018-04-24,95.0,63.0
DVT,2018-04-25,96.0,63.0
DVT,2018-04-26,93.0,65.0
DVT,2018-04-27,96.0,70.0
DVT,2018-04-28,95.0,68.0
DVT,2018-04-29,90.0,62.0
DVT,2018-04-30,81.0,63.0
DVT,2018-05-01,73.0,60.0
DVT,2018-05-02,72.0,58.0
DVT,2018-05-03,81.0,53.0
DVT,2018-05-04,93.0,63.0
DVT,2018-05-05,99.0,69.0
DVT,2018-05-06,103.0,77.0
DVT,2018-05-07,99.0,73.0
DVT,2018-05-08,101.0,67.0
DVT,2018-05-09,101.0,68.0
DVT,2018-05-10,102.0,68.0
DVT,2018-05-11,98.0,75.0
DVT,2018-05-12,88.0,68.0
DVT,2018-05-13,85.0,62.0
DVT,2018-05-14,90.0,66.0
DVT,2018-05-15,92.0,65.0
DVT,2018-05-16,96.0,66.0
DVT,2018-05-17,94.0,65.0
DVT,2018-05-18,90.0,66.0
DVT,2018-05-19,93.0,63.0
DVT,2018-05-20,94.0,64.0
DVT,2018-05-21,91.0,68.0
DVT,2018-05-22,91.0,65.0
DVT,2018-05-23,92.0,65.0
DVT,2018-05-24,96.0,66.0
DVT,2018-05-25,96.0,65.0
DVT,2018-05-26,90.0,67.0
DVT,2018-05-27,89.0,62.0
DVT,2018-05-28,96.0,66.0
DVT,2018-05-29,100.0,69.0
DVT,2018-05-30,98.0,75.0
DVT,2018-05-31,97.0,67.0
DVT,2018-06-01,97.0,71.0
DVT,2018-06-02,102.0,71.0
DVT,2018-06-03,105.0,70.0
DVT,2018-06-04,106.0,73.0
DVT,2018-06-05,101.0,73.0
DVT,2018-06-06,99.0,72.0
DVT,2018-06-07,101.0,69.0
DVT,2018-06-08,105.0,72.0
DVT,2018-06-09,105.0,73.0
DVT,2018-06-10,102.0,71.0
DVT,2018-06-11,103.0,71.0
DVT,2018-06-12,107.0,73.0
DVT,2018-06-13,107.0,81.0
DVT,2018-06-14,107.0,81.0
DVT,2018-06-15,95.0,82.0
DVT,2018-06-16,83.0,74.0
DVT,2018-06-17,96.0,73.0
DVT,2018-06-18,97.0,66.0
DVT,2018-06-19,100.0,69.0
DVT,2018-06-20,107.0,71.0
DVT,2018-06-21,108.0,73.0
DVT,2018-06-22,109.0,74.0
DVT,2018-06-23,106.0,76.0
DVT,2018-06-24,102.0,77.0
DVT,2018-06-25,103.0,75.0
DVT,2018-06-26,107.0,77.0
DVT,2018-06-27,108.0,74.0
DVT,2018-06-28,105.0,76.0
DVT,2018-06-29,101.0,79.0
DVT,2018-06-30,100.0,78.0
DVT,2018-07-01,101.0,77.0
DVT,2018-07-02,105.0,73.0
DVT,2018-07-03,107.0,76.0
DVT,2018-07-04,105.0,79.0
DVT,2018-07-05,113.0,81.0
DVT,2018-07-06,110.0,92.0
DVT,2018-07-07,111.0,91.0
DVT,2018-07-08,108.0,90.0
DVT,2018-07-09,104.0,71.0
DVT,2018-07-10,94.0,76.0
DVT,2018-07-11,97.0,72.0
DVT,2018-07-12,98.0,75.0
DVT,2018-07-13,103.0,83.0
DVT,2018-07-14,99.0,85.0
DVT,2018-07-15,96.0,84.0
DVT,2018-07-16,102.0,83.0
DVT,2018-07-17,103.0,84.0
DVT,2018-07-18,101.0,82.0
DVT,2018-07-19,104.0,84.0
DVT,2018-07-20,107.0,87.0
DVT,2018-07-21,101.0,78.0
DVT,2018-07-22,107.0,80.0
DVT,2018-07-23,113.0,84.0
DVT,2018-07-24,114.0,86.0
DVT,2018-07-25,115.0,87.0
DVT,2018-07-26,110.0,91.0
DVT,2018-07-27,107.0,89.0
DVT,2018-07-28,106.0,82.0
DVT,2018-07-29,103.0,83.0
DVT,2018-07-30,108.0,74.0
DVT,2018-07-31,103.0,79.0
DVT,2018-08-01,108.0,83.0
DVT,2018-08-02,107.0,84.0
DVT,2018-08-03,108.0,83.0
DVT,2018-08-04,109.0,85.0
DVT,2018-08-05,110.0,84.0
DVT,2018-08-06,113.0,84.0
DVT,2018-08-07,109.0,87.0
DVT,2018-08-08,101.0,76.0
DVT,2018-08-09,99.0,81.0
DVT,2018-08-10,99.0,73.0
DVT,2018-08-11,101.0,73.0
DVT,2018-08-12,100.0,81.0
DVT,2018-08-13,100.0,79.0
DVT,2018-08-14,102.0,81.0
DVT,2018-08-15,95.0,81.0
DVT,2018-08-16,99.0,82.0
DVT,2018-08-17,101.0,82.0
DVT,2018-08-18,105.0,83.0
DVT,2018-08-19,106.0,86.0
DVT,2018-08-20,105.0,87.0
DVT,2018-08-21,100.0,81.0
DVT,2018-08-22,100.0,83.0
DVT,2018-08-23,100.0,80.0
DVT,2018-08-24,99.0,77.0
DVT,2018-08-25,98.0,79.0
DVT,2018-08-26,100.0,80.0
DVT,2018-08-27,103.0,81.0
DVT,2018-08-28,101.0,75.0
DVT,2018-08-29,102.0,76.0
DVT,2018-08-30,102.0,81.0
DVT,2018-08-31,102.0,79.0
DVT,2018-09-01,101.0,84.0
DVT,2018-09-02,99.0,80.0
DVT,2018-09-03,96.0,76.0
DVT,2018-09-04,97.0,77.0
DVT,2018-09-05,101.0,80.0
DVT,2018-09-06,103.0,78.0
DVT,2018-09-07,103.0,79.0
DVT,2018-09-08,105.0,80.0
DVT,2018-09-09,105.0,80.0
DVT,2018-09-10,104.0,81.0
DVT,2018-09-11,104.0,76.0
DVT,2018-09-12,103.0,76.0
DVT,2018-09-13,102.0,72.0
DVT,2018-09-14,105.0,77.0
DVT,2018-09-15,107.0,80.0
DVT,2018-09-16,102.0,81.0
DVT,2018-09-17,105.0,81.0
DVT,2018-09-18,101.0,79.0
DVT,2018-09-19,89.0,73.0
DVT,2018-09-20,96.0,71.0
DVT,2018-09-21,99.0,77.0
DVT,2018-09-22,100.0,77.0
DVT,2018-09-23,100.0,77.0
DVT,2018-09-24,97.0,80.0
DVT,2018-09-25,97.0,72.0
DVT,2018-09-26,100.0,74.0
DVT,2018-09-27,101.0,74.0
DVT,2018-09-28,101.0,71.0
DVT,2018-09-29,100.0,75.0
DVT,2018-09-30,94.0,73.0
DVT,2018-10-01,77.0,70.0
DVT,2018-10-02,78.0,69.0
DVT,2018-10-03,84.0,72.0
DVT,2018-10-04,85.0,70.0
DVT,2018-10-05,84.0,65.0
DVT,2018-10-06,82.0,65.0
DVT,2018-10-07,73.0,54.0
DVT,2018-10-08,73.0,57.0
DVT,2018-10-09,78.0,58.0
DVT,2018-10-10,80.0,59.0
DVT,2018-10-11,80.1,65.0
DVT,2018-10-12,82.0,67.0
DVT,2018-10-13,74.0,61.0
DVT,2018-10-14,73.0,61.0
DVT,2018-10-15,77.0,58.0
DVT,2018-10-16,65.0,57.0
DVT,2018-10-17,75.0,56.0
DVT,2018-10-18,80.0,57.0
DVT,2018-10-19,84.0,57.0
DVT,2018-10-20,89.0,69.0
DVT,2018-10-21,87.0,70.0
DVT,2018-10-22,85.0,69.0
DVT,2018-10-23,87.0,64.0
DVT,2018-10-24,82.0,59.0
DVT,2018-10-25,84.0,61.0
DVT,2018-10-26,86.0,60.0
DVT,2018-10-27,87.0,58.0
DVT,2018-10-28,87.0,58.0
DVT,2018-10-29,84.0,61.0
DVT,2018-10-30,81.0,63.0
DVT,2018-10-31,77.0,54.0
DVT,2018-11-01,75.0,52.0
DVT,2018-11-02,79.0,51.0
DVT,2018-11-03,78.0,52.0
DVT,2018-11-04,78.0,56.0
DVT,2018-11-05,79.0,54.0
DVT,2018-11-06,79.0,55.0
DVT,2018-11-07,79.0,53.0
DVT,2018-11-08,78.0,56.0
DVT,2018-11-09,77.0,55.0
DVT,2018-11-10,76.0,54.0
DVT,2018-11-11,74.0,48.0
DVT,2018-11-12,66.0,45.0
DVT,2018-11-13,64.0,42.0
DVT,2018-11-14,68.0,42.0
DVT,2018-11-15,74.0,45.0
DVT,2018-11-16,74.0,46.0
DVT,2018-11-17,70.0,43.0
DVT,2018-11-18,70.0,46.0
DVT,2018-11-19,73.0,44.0
DVT,2018-11-20,77.0,52.0
DVT,2018-11-21,73.0,48.0
DVT,2018-11-22,65.0,50.0
DVT,2018-11-23,69.0,46.9
DVT,2018-11-24,68.0,46.0
DVT,2018-11-25,71.0,47.0
DVT,2018-11-26,74.0,49.0
DVT,2018-11-27,74.0,48.0
DVT,2018-11-28,80.0,48.0
DVT,2018-11-29,68.0,47.0
DVT,2018-11-30,60.0,49.0
DVT,2018-12-01,62.0,46.0
DVT,2018-12-02,60.0,44.0
DVT,2018-12-03,61.0,41.0
DVT,2018-12-04,65.0,39.0
DVT,2018-12-05,70.0,48.0
DVT,2018-12-06,58.0,51.0
DVT,2018-12-07,68.0,52.0
DVT,2018-12-08,65.0,46.0
DVT,2018-12-09,69.0,44.0
DVT,2018-12-10,71.0,48.0
DVT,2018-12-11,70.0,50.0
DVT,2018-12-12,65.0,43.0
DVT,2018-12-13,68.0,43.0
DVT,2018-12-14,64.0,36.0
DVT,2018-12-15,66.0,50.0
DVT,2018-12-16,69.0,45.0
DVT,2018-12-17,67.0,45.0
DVT,2018-12-18,67.0,44.0
DVT,2018-12-19,67.0,41.0
DVT,2018-12-20,73.0,43.0
DVT,2018-12-21,66.0,46.0
DVT,2018-12-22,70.0,45.0
DVT,2018-12-23,70.0,44.0
DVT,2018-12-24,69.0,45.0
DVT,2018-12-25,61.0,43.0
DVT,2018-12-26,58.0,40.0
DVT,2018-12-27,55.0,40.0
DVT,2018-12-28,52.0,34.0
DVT,2018-12-29,56.0,34.0
DVT,2018-12-30,54.0,31.0
DVT,2018-12-31,47.0,36.0
DVT,2019-01-01,50.0,34.0
DVT,2019-01-02,51.0,32.0
DVT,2019-01-03,54.0,30.0
DVT,2019-01-04,64.0,33.0
DVT,2019-01-05,65.0,39.0
DVT,2019-01-06,51.0,45.0
DVT,2019-01-07,62.0,42.0
DVT,2019-01-08,70.0,41.0
DVT,2019-01-09,72.0,46.0
DVT,2019-01-10,65.0,47.0
DVT,2019-01-11,63.0,43.0
DVT,2019-01-12,66.0,46.0
DVT,2019-01-13,60.0,48.0
DVT,2019-01-14,67.0,50.0
DVT,2019-01-15,63.0,52.0
DVT,2019-01-16,66.0,50.0
DVT,2019-01-17,67.0,44.0
DVT,2019-01-18,69.0,51.0
DVT,2019-01-19,70.0,43.0
DVT,2019-01-20,70.0,46.0
DVT,2019-01-21,65.0,45.0
DVT,2019-01-22,64.0,41.0
DVT,2019-01-23,60.0,37.0
DVT,2019-01-24,68.0,35.0
DVT,2019-01-25,68.0,41.0
DVT,2019-01-26,73.0,44.0
DVT,2019-01-27,71.0,41.0
DVT,2019-01-28,70.0,41.0
DVT,2019-01-29,70.0,51.0
DVT,2019-01-30,72.0,53.0
DVT,2019-01-31,71.0,48.0
DVT,2019-02-01,71.0,53.0
DVT,2019-02-02,69.0,52.0
DVT,2019-02-03,66.0,55.0
DVT,2019-02-04,61.0,51.0
DVT,2019-02-05,63.0,49.0
DVT,2019-02-06,54.0,38.0
DVT,2019-02-07,55.0,32.0
DVT,2019-02-08,65.0,36.0
DVT,2019-02-09,58.0,39.0
DVT,2019-02-10,61.0,35.0
DVT,2019-02-11,57.0,38.0
DVT,2019-02-12,68.0,34.0
DVT,2019-02-13,67.0,46.0
DVT,2019-02-14,58.0,52.0
DVT,2019-02-15,65.0,50.0
DVT,2019-02-16,60.0,43.0
DVT,2019-02-17,57.0,39.0
DVT,2019-02-18,54.0,36.0
DVT,2019-02-19,55.0,33.0
DVT,2019-02-20,54.0,30.0
DVT,2019-02-21,50.0,37.0
DVT,2019-02-22,46.0,35.0
DVT,2019-02-23,54.0,33.0
DVT,2019-02-24,64.0,35.0
DVT,2019-02-25,65.0,38.0
DVT,2019-02-26,70.0,42.0
DVT,2019-02-27,73.0,53.0
DVT,2019-02-28,73.0,47.0
DVT,2019-03-01,74.0,51.0
DVT,2019-03-02,70.0,57.0
DVT,2019-03-03,71.0,52.0
DVT,2019-03-04,72.0,48.0
DVT,2019-03-05,78.0,49.0
DVT,2019-03-06,81.0,56.0
DVT,2019-03-07,72.0,56.0
DVT,2019-03-08,66.0,49.0
DVT,2019-03-09,63.0,42.0
DVT,2019-03-10,68.0,43.0
DVT,2019-03-11,68.0,47.0
DVT,2019-03-12,57.0,49.0
DVT,2019-03-13,65.0,43.0
DVT,2019-03-14,63.0,37.0
DVT,2019-03-15,72.0,45.0
DVT,2019-03-16,77.0,56.0
DVT,2019-03-17,78.0,58.0
DVT,2019-03-18,80.0,56.0
DVT,2019-03-19,81.0,57.0
DVT,2019-03-20,81.0,55.0
DVT,2019-03-21,66.0,51.0
DVT,2019-03-22,70.0,43.0
DVT,2019-03-23,74.0,47.0
DVT,2019-03-24,77.0,48.0
DVT,2019-03-25,84.0,53.0
DVT,2019-03-26,84.0,54.0
DVT,2019-03-27,80.0,57.0
DVT,2019-03-28,82.0,51.0
DVT,2019-03-29,80.0,47.0
DVT,2019-03-30,81.0,51.0
DVT,2019-03-31,79.0,54.0
DVT,2019-04-01,81.0,53.0
DVT,2019-04-02,82.0,54.0
DVT,2019-04-03,75.0,57.0
DVT,2019-04-04,79.0,57.0
DVT,2019-04-05,78.0,52.0
DVT,2019-04-06,78.0,60.0
DVT,2019-04-07,87.0,56.0
DVT,2019-04-08,94.0,60.0
DVT,2019-04-09,93.0,61.0
DVT,2019-04-10,75.0,55.0
DVT,2019-04-11,75.0,50.0
DVT,2019-04-12,73.0,56.0
DVT,2019-04-13,77.0,50.0
DVT,2019-04-14,82.0,52.0
DVT,2019-04-15,84.0,56.0
DVT,2019-04-16,78.0,58.0
DVT,2019-04-17,76.0,52.0
DVT,2019-04-18,90.0,57.0
DVT,2019-04-19,97.0,61.0
DVT,2019-04-20,90.0,68.0
DVT,2019-04-21,85.0,64.0
DVT,2019-04-22,85.0,56.0
DVT,2019-04-23,85.0,60.0
DVT,2019-04-24,91.0,58.0
DVT,2019-04-25,97.0,63.0
DVT,2019-04-26,98.0,66.0
DVT,2019-04-27,94.0,64.0
DVT,2019-04-28,93.0,66.0
DVT,2019-04-29,83.0,59.0
DVT,2019-04-30,80.0,56.0
DVT,2019-05-01,84.0,59.0
DVT,2019-05-02,83.0,57.0
DVT,2019-05-03,90.0,59.0
DVT,2019-05-04,92.0,60.0
DVT,2019-05-05,91.0,61.0
DVT,2019-05-06,83.0,63.0
DVT,2019-05-07,76.0,56.0
DVT,2019-05-08,85.0,60.0
DVT,2019-05-09,85.0,58.0
DVT,2019-05-10,83.0,60.0
DVT,2019-05-11,84.0,62.0
DVT,2019-05-12,82.0,62.0
DVT,2019-05-13,90.0,62.0
DVT,2019-05-14,96.0,65.0
DVT,2019-05-15,96.0,66.0
DVT,2019-05-16,91.0,71.0
DVT,2019-05-17,78.0,57.0
DVT,2019-05-18,83.0,56.0
DVT,2019-05-19,77.0,67.0
DVT,2019-05-20,70.0,56.0
DVT,2019-05-21,79.0,48.0
DVT,2019-05-22,73.0,55.0
DVT,2019-05-23,73.0,50.0
DVT,2019-05-24,84.0,56.0
DVT,2019-05-25,90.0,59.0
DVT,2019-05-26,81.0,56.0
DVT,2019-05-27,77.0,62.0
DVT,2019-05-28,81.0,56.0
DVT,2019-05-29,88.0,60.0
DVT,2019-05-30,93.0,64.0
DVT,2019-05-31,96.0,65.0
DVT,2019-06-01,94.0,65.0
DVT,2019-06-02,92.0,67.0
DVT,2019-06-03,94.0,66.0
DVT,2019-06-04,95.0,71.0
DVT,2019-06-05,100.0,68.0
DVT,2019-06-06,100.0,73.0
DVT,2019-06-07,98.0,71.0
DVT,2019-06-08,82.0,67.0
DVT,2019-06-13,102.9,86.0
DVT,2019-06-14,101.0,76.0
DVT,2019-06-15,100.0,72.0
DVT,2019-06-16,101.0,73.0
DVT,2019-06-17,101.0,78.0
DVT,2019-06-18,100.0,72.0
DVT,2019-06-19,100.0,71.0
DVT,2019-06-20,101.0,68.0
DVT,2019-06-21,100.0,76.0
DVT,2019-06-22,96.0,74.0
DVT,2019-06-23,97.0,71.0
DVT,2019-06-24,100.0,67.0
DVT,2019-06-25,100.0,68.0
DVT,2019-06-26,99.0,71.0
DVT,2019-06-27,101.0,70.0
DVT,2019-06-28,108.0,76.0
DVT,2019-06-29,111.0,80.0
DVT,2019-06-30,108.0,79.0
DVT,2019-07-01,107.0,79.0
DVT,2019-07-02,105.0,79.0
DVT,2019-07-03,104.0,78.0
DVT,2019-07-04,102.0,76.0
DVT,2019-07-05,102.0,71.0
DVT,2019-07-06,102.0,77.0
DVT,2019-07-07,104.0,77.0
DVT,2019-07-08,101.0,72.0
DVT,2019-07-09,102.0,69.0
DVT,2019-07-10,109.0,76.0
DVT,2019-07-11,113.0,82.0
DVT,2019-07-12,110.0,88.0
DVT,2019-07-13,109.0,87.0
DVT,2019-07-14,109.0,90.0
DVT,2019-07-15,111.0,85.0
DVT,2019-07-16,112.0,84.0
DVT,2019-07-17,103.0,87.0
DVT,2019-07-18,106.0,81.0
DVT,2019-07-19,106.0,83.0
DVT,2019-07-20,84.0,80.6
DVT,2019-07-22,102.9,80.1
DVT,2019-07-23,102.9,84.9
DVT,2019-07-24,99.0,78.1
DVT,2019-07-25,105.0,88.0
DVT,2019-07-26,107.1,91.0
DVT,2019-07-29,108.0,91.0
DVT,2019-07-30,105.0,75.0
DVT,2019-07-31,92.0,75.0
DVT,2019-08-01,102.0,83.0
DVT,2019-08-02,108.0,87.0
DVT,2019-08-03,82.4,82.4
DVT,2019-08-05,111.9,89.1
DVT,2019-08-06,98.0,88.0
DVT,2019-08-07,104.0,86.0
DVT,2019-08-08,105.1,84.9
DVT,2019-08-09,97.0,84.0
DVT,2019-08-10,100.0,84.9
DVT,2019-08-13,106.0,82.0
DVT,2019-08-14,109.0,89.1
DVT,2019-08-15,109.9,91.9
DVT,2019-08-16,106.0,86.0
DVT,2019-08-18,91.0,91.0
DVT,2019-08-19,105.1,88.0
DVT,2019-08-20,109.0,88.0
DVT,2019-08-21,109.9,82.4
DVT,2019-08-22,107.0,80.0
DVT,2019-08-23,101.0,81.0
DVT,2019-08-24,100.0,84.0
DVT,2019-08-25,101.0,81.0
DVT,2019-08-26,105.0,85.0
DVT,2019-08-27,109.0,83.0
DVT,2019-08-28,107.0,74.0
DVT,2019-08-29,102.0,77.0
DVT,2019-08-30,108.0,83.0
DVT,2019-08-31,105.0,83.0
DVT,2019-09-01,105.0,83.0
DVT,2019-09-02,104.0,81.0
DVT,2019-09-03,107.0,83.0
DVT,2019-09-04,108.0,86.0
DVT,2019-09-05,107.0,86.0
DVT,2019-09-06,105.0,84.0
DVT,2019-09-07,105.0,86.0
DVT,2019-09-08,100.0,83.0
DVT,2019-09-09,95.0,80.0
DVT,2019-09-10,96.0,79.0
DVT,2019-09-11,93.0,75.0
DVT,2019-09-12,102.0,74.0
DVT,2019-09-13,104.0,76.0
DVT,2019-09-14,100.0,78.0
DVT,2019-09-15,95.0,75.0
DVT,2019-09-16,96.0,77.0
DVT,2019-09-17,94.0,73.0
DVT,2019-09-18,99.0,75.0
DVT,2019-09-19,97.0,72.0
DVT,2019-09-20,93.0,66.0
DVT,2019-09-21,91.0,66.0
DVT,2019-09-22,95.0,63.0
DVT,2019-09-23,83.0,67.0
DVT,2019-09-24,86.0,66.0
DVT,2019-09-25,89.0,69.0
DVT,2019-09-26,85.0,70.0
DVT,2019-09-27,84.0,66.0
DVT,2019-09-28,89.0,67.0
DVT,2019-09-29,86.0,70.0
DVT,2019-09-30,87.0,63.0
DVT,2019-10-01,86.0,59.0
DVT,2019-10-02,89.0,60.0
DVT,2019-10-03,93.0,66.0
DVT,2019-10-04,91.0,68.0
DVT,2019-10-05,92.0,67.0
DVT,2019-10-06,92.0,66.0
DVT,2019-10-07,95.0,67.0
DVT,2019-10-08,93.0,65.0
DVT,2019-10-09,90.0,63.0
DVT,2019-10-10,87.0,66.0
DVT,2019-10-11,86.0,58.0
DVT,2019-10-12,86.0,63.0
DVT,2019-10-13,87.0,58.0
DVT,2019-10-14,86.0,61.0
DVT,2019-10-15,90.0,65.0
DVT,2019-10-16,94.0,65.0
DVT,2019-10-17,92.0,72.0
DVT,2019-10-18,83.0,61.0
DVT,2019-10-19,82.0,58.0
DVT,2019-10-20,84.0,53.0
DVT,2019-10-21,84.0,54.0
DVT,2019-10-22,88.0,60.0
DVT,2019-10-23,87.0,59.0
DVT,2019-10-24,84.0,61.0
DVT,2019-10-25,82.0,60.0
DVT,2019-10-26,81.0,53.0
DVT,2019-10-27,83.0,59.0
DVT,2019-10-28,71.0,50.0
DVT,2019-10-29,70.0,42.0
DVT,2019-10-30,67.0,46.0
DVT,2019-10-31,74.0,44.0
DVT,2019-11-01,77.0,50.0
DVT,2019-11-02,86.0,50.0
DVT,2019-11-03,83.0,58.0
DVT,2019-11-04,83.0,52.0
DVT,2019-11-05,86.0,57.0
DVT,2019-11-06,83.0,61.0
DVT,2019-11-07,84.0,56.0
DVT,2019-11-08,86.0,61.0
DVT,2019-11-09,84.0,58.0
DVT,2019-11-10,84.0,63.0
DVT,2019-11-11,83.0,60.0
DVT,2019-11-12,79.0,59.0
DVT,2019-11-13,75.0,51.0
DVT,2019-11-14,78.0,52.0
DVT,2019-11-15,81.0,56.0
DVT,2019-11-16,79.0,57.0
DVT,2019-11-17,84.0,51.0
DVT,2019-11-18,81.0,53.0
DVT,2019-11-19,78.0,55.0
DVT,2019-11-20,64.0,53.0
DVT,2019-11-21,59.0,50.0
DVT,2019-11-22,64.0,49.0
DVT,2019-11-23,72.0,47.0
DVT,2019-11-24,71.0,50.0
DVT,2019-11-25,65.0,45.0
DVT,2019-11-26,59.0,41.0
DVT,2019-11-27,65.0,40.0
DVT,2019-11-28,66.0,55.0
DVT,2019-11-29,60.0,44.0
DVT,2019-11-30,57.0,39.0
DVT,2019-12-01,67.0,40.0
DVT,2019-12-02,67.0,44.0
DVT,2019-12-03,65.0,45.0
DVT,2019-12-04,71.0,55.0
DVT,2019-12-05,67.0,51.0
DVT,2019-12-06,71.0,53.0
DVT,2019-12-07,68.0,49.0
DVT,2019-12-08,59.0,54.0
DVT,2019-12-09,65.0,50.0
DVT,2019-12-10,65.0,44.0
DVT,2019-12-11,66.0,47.0
DVT,2019-12-12,65.0,44.0
DVT,2019-12-13,67.0,45.0
DVT,2019-12-14,67.0,46.0
DVT,2019-12-15,63.0,45.0
DVT,2019-12-16,61.0,39.0
DVT,2019-12-17,62.0,38.0
DVT,2019-12-18,63.0,45.0
DVT,2019-12-19,63.0,40.0
DVT,2019-12-20,65.0,37.0
DVT,2019-12-21,70.0,45.0
DVT,2019-12-22,71.0,53.0
DVT,2019-12-23,64.0,52.0
DVT,2019-12-24,57.0,50.0
DVT,2019-12-25,54.0,44.0
DVT,2019-12-26,60.0,44.0
DVT,2019-12-27,48.0,45.0
DVT,2019-12-28,54.0,39.0
DVT,2019-12-29,49.0,31.0
DVT,2019-12-30,56.0,37.0
DVT,2019-12-31,60.0,41.0
DVT,2020-01-01,57.0,38.0
DVT,2020-01-02,63.0,38.0
DVT,2020-01-03,62.0,39.0
DVT,2020-01-04,67.0,39.0
DVT,2020-01-05,66.0,42.0
DVT,2020-01-06,68.0,41.0
DVT,2020-01-07,71.0,48.0
DVT,2020-01-08,64.0,41.0
DVT,2020-01-09,59.0,42.0
DVT,2020-01-10,62.0,40.0
DVT,2020-01-11,58.0,38.0
DVT,2020-01-12,62.0,40.0
DVT,2020-01-13,64.0,39.0
DVT,2020-01-14,67.0,39.0
DVT,2020-01-15,64.0,46.0
DVT,2020-01-16,64.0,46.0
DVT,2020-01-17,62.0,44.0
DVT,2020-01-18,69.0,43.0
DVT,2020-01-19,75.0,49.0
DVT,2020-01-20,72.0,59.0
DVT,2020-01-21,60.0,52.0
DVT,2020-01-22,62.0,50.0
DVT,2020-01-23,68.0,44.0
DVT,2020-01-24,69.0,45.0
DVT,2020-01-25,70.0,44.0
DVT,2020-01-26,69.0,45.0
DVT,2020-01-27,71.0,48.0
DVT,2020-01-28,67.0,48.0
DVT,2020-01-29,63.0,46.0
DVT,2020-01-30,67.0,45.0
DVT,2020-01-31,71.0,49.0
DVT,2020-02-01,75.0,44.0
DVT,2020-02-02,74.0,46.0
DVT,2020-02-03,61.0,44.0
DVT,2020-02-04,51.0,34.0
DVT,2020-02-05,51.0,34.0
DVT,2020-02-06,56.0,33.0
DVT,2020-02-07,63.0,37.0
DVT,2020-02-08,68.0,40.0
DVT,2020-02-09,69.0,47.0
DVT,2020-02-10,68.0,50.0
DVT,2020-02-11,59.0,45.0
DVT,2020-02-12,60.0,39.0
DVT,2020-02-13,65.0,43.0
DVT,2020-02-14,67.0,46.0
DVT,2020-02-15,68.0,45.0
DVT,2020-02-16,70.0,44.0
DVT,2020-02-17,71.0,46.0
DVT,2020-02-18,73.0,49.0
DVT,2020-02-19,74.0,51.0
DVT,2020-02-20,79.0,49.0
DVT,2020-02-21,74.0,63.0
DVT,2020-02-22,66.0,55.0
DVT,2020-02-23,61.0,47.0
DVT,2020-02-24,67.0,47.0
DVT,2020-02-25,65.0,47.0
DVT,2020-02-26,66.0,39.0
DVT,2020-02-27,72.0,41.0
DVT,2020-02-28,74.0,49.0
DVT,2020-02-29,74.0,46.0
DVT,2020-03-01,71.0,52.0
DVT,2020-03-02,62.0,44.0
DVT,2020-03-03,75.0,46.0
DVT,2020-03-04,69.0,47.0
DVT,2020-03-05,83.0,50.0
DVT,2020-03-06,82.0,62.0
DVT,2020-03-07,80.0,59.0
DVT,2020-03-08,70.0,52.0
DVT,2020-03-09,72.0,49.0
DVT,2020-03-10,72.0,56.0
DVT,2020-03-11,65.0,59.0
DVT,2020-03-12,69.0,59.0
DVT,2020-03-13,63.0,50.0
DVT,2020-03-14,68.0,48.0
DVT,2020-03-15,73.0,52.0
DVT,2020-03-16,74.0,50.0
DVT,2020-03-17,70.0,53.0
DVT,2020-03-18,64.0,49.0
DVT,2020-03-19,60.0,48.0
DVT,2020-03-20,66.0,45.0
DVT,2020-03-21,70.0,49.0
DVT,2020-03-22,69.0,49.0
DVT,2020-03-23,73.0,51.0
DVT,2020-03-24,73.0,50.0
DVT,2020-03-25,71.0,50.0
DVT,2020-03-26,66.0,55.0
DVT,2020-03-27,63.0,44.0
DVT,2020-03-28,68.0,41.0
DVT,2020-03-29,72.0,47.0
DVT,2020-03-30,74.0,46.0
DVT,2020-03-31,78.0,52.0
DVT,2020-04-01,80.0,58.0
DVT,2020-04-02,80.0,56.0
DVT,2020-04-03,80.0,52.0
DVT,2020-04-04,78.0,54.0
DVT,2020-04-05,78.0,54.0
DVT,2020-04-06,78.0,53.0
DVT,2020-04-07,79.0,51.0
DVT,2020-04-08,78.0,55.0
DVT,2020-04-09,69.0,46.0
DVT,2020-04-10,74.0,50.0
DVT,2020-04-11,67.0,54.0
DVT,2020-04-12,72.0,52.0
DVT,2020-04-13,74.0,57.0
DVT,2020-04-14,77.0,51.0
DVT,2020-04-15,78.0,51.0
DVT,2020-04-16,81.0,50.0
DVT,2020-04-17,84.0,52.0
DVT,2020-04-18,74.0,54.0
DVT,2020-04-19,79.0,54.0
DVT,2020-04-20,83.0,57.0
DVT,2020-04-21,78.0,55.0
DVT,2020-04-22,90.0,57.0
DVT,2020-04-23,95.0,62.0
DVT,2020-04-24,95.0,65.0
DVT,2020-04-25,97.0,66.0
DVT,2020-04-26,98.0,64.0
DVT,2020-04-27,97.0,70.0
DVT,2020-04-28,97.0,68.0
DVT,2020-04-29,100.0,68.0
DVT,2020-04-30,97.0,69.0
DVT,2020-05-01,96.0,66.0
DVT,2020-05-02,95.0,65.0
DVT,2020-05-03,92.0,63.0
DVT,2020-05-04,97.0,64.0
DVT,2020-05-05,99.0,67.0
DVT,2020-05-06,101.0,67.0
DVT,2020-05-07,101.0,65.0
DVT,2020-05-08,98.0,69.0
DVT,2020-05-09,97.0,73.0
DVT,2020-05-10,96.0,72.0
DVT,2020-05-11,95.0,71.0
DVT,2020-05-12,90.0,68.0
DVT,2020-05-13,86.0,66.0
DVT,2020-05-14,86.0,64.0
DVT,2020-05-15,90.0,62.0
DVT,2020-05-16,95.0,64.0
DVT,2020-05-17,95.0,65.0
DVT,2020-05-18,95.0,66.0
DVT,2020-05-19,87.0,65.0
DVT,2020-05-20,83.0,55.0
DVT,2020-05-21,88.0,60.0
DVT,2020-05-22,90.0,60.0
DVT,2020-05-23,88.0,64.0
DVT,2020-05-24,90.0,64.0
DVT,2020-05-25,95.0,67.0
DVT,2020-05-26,99.0,70.0
DVT,2020-05-27,105.0,70.0
DVT,2020-05-28,107.0,73.0
DVT,2020-05-29,107.0,75.0
DVT,2020-05-30,106.0,77.0
DVT,2020-05-31,103.0,76.0
DVT,2020-06-01,102.0,75.0
DVT,2020-06-02,105.0,82.0
DVT,2020-06-03,108.0,82.0
DVT,2020-06-04,107.0,81.0
DVT,2020-06-05,102.0,79.0
DVT,2020-06-06,88.0,70.0
DVT,2020-06-07,91.0,73.0
DVT,2020-06-08,88.0,70.0
DVT,2020-06-09,92.0,65.0
DVT,2020-06-10,100.0,70.0
DVT,2020-06-11,105.0,72.0
DVT,2020-06-12,105.0,73.0
DVT,2020-06-13,101.0,71.0
DVT,2020-06-14,100.0,69.0
DVT,2020-06-15,101.0,71.0
DVT,2020-06-16,101.0,69.0
DVT,2020-06-17,99.0,71.0
DVT,2020-06-18,98.0,75.0
DVT,2020-06-19,98.0,76.0
DVT,2020-06-20,103.0,70.0
DVT,2020-06-21,105.0,74.0
DVT,2020-06-22,105.0,73.0
DVT,2020-06-23,105.0,72.0
DVT,2020-06-24,108.0,73.0
DVT,2020-06-25,103.0,76.0
DVT,2020-06-26,105.0,77.0
DVT,2020-06-27,102.0,79.0
DVT,2020-06-28,101.0,77.0
DVT,2020-06-29,95.0,77.0
DVT,2020-06-30,95.0,72.0
DVT,2020-07-01,101.0,72.0
DVT,2020-07-02,99.0,73.0
DVT,2020-07-03,101.0,83.0
DVT,2020-07-04,107.0,82.0
DVT,2020-07-05,109.0,79.0
DVT,2020-07-06,109.0,77.0
DVT,2020-07-07,107.0,79.0
DVT,2020-07-08,106.0,83.0
DVT,2020-07-09,106.0,84.0
DVT,2020-07-10,110.0,88.0
DVT,2020-07-11,113.0,87.0
DVT,2020-07-12,113.0,89.0
DVT,2020-07-13,109.0,91.0
DVT,2020-07-14,106.0,87.0
DVT,2020-07-15,106.0,86.0
DVT,2020-07-16,107.0,86.0
DVT,2020-07-17,105.0,86.0
DVT,2020-07-18,108.0,84.0
DVT,2020-07-19,104.0,84.0
DVT,2020-07-20,95.0,89.0
DVT,2020-07-21,106.0,86.0
DVT,2020-07-22,103.0,85.0
DVT,2020-07-23,96.0,85.0
DVT,2020-07-24,100.0,80.0
DVT,2020-07-25,102.0,82.0
DVT,2020-07-26,106.0,83.0
DVT,2020-07-27,107.0,84.0
DVT,2020-07-28,111.0,87.0
DVT,2020-07-29,111.0,84.0
DVT,2020-07-30,115.0,83.0
DVT,2020-07-31,114.0,89.0
DVT,2020-08-01,107.0,89.0
DVT,2020-08-02,106.0,90.0
DVT,2020-08-03,109.0,86.0
DVT,2020-08-04,107.0,82.0
DVT,2020-08-05,106.0,83.0
DVT,2020-08-06,105.0,76.0
DVT,2020-08-07,104.0,77.0
DVT,2020-08-08,106.0,79.0
DVT,2020-08-09,108.0,79.0
DVT,2020-08-10,108.0,80.0
DVT,2020-08-11,106.0,80.0
DVT,2020-08-12,108.0,84.0
DVT,2020-08-13,111.0,88.0
DVT,2020-08-14,114.0,87.0
DVT,2020-08-15,110.0,86.0
DVT,2020-08-16,111.0,87.0
DVT,2020-08-17,111.0,86.0
DVT,2020-08-18,109.0,90.0
DVT,2020-08-19,110.0,87.0
DVT,2020-08-20,108.0,81.0
DVT,2020-08-21,99.0,82.0
DVT,2020-08-22,104.0,86.0
DVT,2020-08-23,107.0,86.0
DVT,2020-08-24,110.0,89.0
DVT,2020-08-25,108.0,88.0
DVT,2020-08-26,108.0,87.0
DVT,2020-08-27,110.0,86.0
DVT,2020-08-28,108.0,87.0
DVT,2020-08-29,99.0,79.0
DVT,2020-08-30,98.0,71.0
DVT,2020-08-31,96.0,74.0
DVT,2020-09-01,99.0,83.0
DVT,2020-09-02,99.0,81.0
DVT,2020-09-03,104.0,78.0
DVT,2020-09-04,111.0,80.0
DVT,2020-09-05,111.0,87.0
DVT,2020-09-06,109.0,85.0
DVT,2020-09-07,105.0,81.0
DVT,2020-09-08,97.0,75.0
DVT,2020-09-09,86.0,68.0
DVT,2020-09-10,88.0,67.0
DVT,2020-09-11,89.0,71.0
DVT,2020-09-12,95.0,71.0
DVT,2020-09-13,99.0,75.0
DVT,2020-09-14,101.0,78.0
DVT,2020-09-15,101.0,76.0
DVT,2020-09-16,105.0,75.0
DVT,2020-09-17,104.0,76.0
DVT,2020-09-18,103.0,79.0
DVT,2020-09-19,100.0,81.0
DVT,2020-09-20,103.0,78.0
DVT,2020-09-21,101.0,77.0
DVT,2020-09-22,98.0,80.0
DVT,2020-09-23,101.0,74.0
DVT,2020-09-24,102.0,74.0
DVT,2020-09-25,101.0,73.0
DVT,2020-09-26,98.0,72.0
DVT,2020-09-27,98.0,70.0
DVT,2020-09-28,99.0,71.0
DVT,2020-09-29,98.0,78.0
DVT,2020-09-30,101.0,73.0
DVT,2020-10-01,102.0,72.0
DVT,2020-10-02,102.0,72.0
DVT,2020-10-03,100.0,66.0
DVT,2020-10-04,100.0,65.0
DVT,2020-10-05,100.0,70.0
DVT,2020-10-06,100.0,70.0
DVT,2020-10-07,99.0,69.0
DVT,2020-10-08,96.0,67.0
DVT,2020-10-09,95.0,70.0
DVT,2020-10-10,90.0,71.0
DVT,2020-10-11,90.0,64.0
DVT,2020-10-12,95.0,68.0
DVT,2020-10-13,97.0,66.0
DVT,2020-10-14,97.0,67.0
DVT,2020-10-15,95.0,65.0
DVT,2020-10-16,98.0,73.0
DVT,2020-10-17,93.0,65.0
DVT,2020-10-18,92.0,63.0
DVT,2020-10-19,93.0,65.0
DVT,2020-10-20,93.0,63.0
DVT,2020-10-21,93.0,63.0
DVT,2020-10-22,89.0,63.0
DVT,2020-10-23,88.0,64.0
DVT,2020-10-24,83.0,67.0
DVT,2020-10-25,83.0,67.0
DVT,2020-10-26,67.0,49.0
DVT,2020-10-27,65.0,46.0
DVT,2020-10-28,67.0,44.0
DVT,2020-10-29,81.0,50.0
DVT,2020-10-30,84.0,64.0
DVT,2020-10-31,83.0,64.0
DVT,2020-11-01,92.0,67.0
DVT,2020-11-02,91.0,76.0
DVT,2020-11-03,89.0,70.0
DVT,2020-11-04,89.0,63.0
DVT,2020-11-05,94.0,63.0
DVT,2020-11-06,87.0,74.0
DVT,2020-11-07,79.0,56.0
DVT,2020-11-08,62.0,48.0
DVT,2020-11-09,59.0,45.0
DVT,2020-11-10,64.0,42.0
DVT,2020-11-11,68.0,43.0
DVT,2020-11-12,70.0,46.0
DVT,2020-11-13,73.0,47.0
DVT,2020-11-14,73.0,47.0
DVT,2020-11-15,78.0,49.0
DVT,2020-11-16,89.0,54.0
DVT,2020-11-17,88.0,64.0
DVT,2020-11-18,85.0,59.0
DVT,2020-11-19,83.0,56.0
DVT,2020-11-20,84.0,60.0
DVT,2020-11-21,82.0,60.0
DVT,2020-11-22,79.0,58.0
DVT,2020-11-23,75.0,56.0
DVT,2020-11-24,68.0,44.0
DVT,2020-11-25,68.0,43.0
DVT,2020-11-26,68.0,43.0
DVT,2020-11-27,62.0,39.0
DVT,2020-11-28,68.0,43.0
DVT,2020-11-29,71.0,41.0
DVT,2020-11-30,72.0,48.0
DVT,2020-12-01,68.0,45.0
DVT,2020-12-02,67.0,43.0
DVT,2020-12-03,64.0,47.0
DVT,2020-12-04,63.0,35.0
DVT,2020-12-05,68.0,38.0
DVT,2020-12-06,69.0,40.0
DVT,2020-12-07,77.0,43.0
DVT,2020-12-08,78.0,58.0
DVT,2020-12-09,78.0,56.0
DVT,2020-12-10,60.0,50.0
DVT,2020-12-11,61.0,46.0
DVT,2020-12-12,63.0,44.0
DVT,2020-12-13,61.0,40.0
DVT,2020-12-14,58.0,43.0
DVT,2020-12-15,60.0,41.0
DVT,2020-12-16,62.0,37.0
DVT,2020-12-17,61.0,39.0
DVT,2020-12-18,63.0,38.0
DVT,2020-12-19,64.0,40.0
DVT,2020-12-20,68.0,39.0
DVT,2020-12-21,73.0,42.0
DVT,2020-12-22,68.0,43.0
DVT,2020-12-23,67.0,41.0
DVT,2020-12-24,57.0,42.0
DVT,2020-12-25,69.0,44.0
DVT,2020-12-26,67.0,44.0
DVT,2020-12-27,68.0,42.0
DVT,2020-12-28,63.0,42.0
DVT,2020-12-29,58.0,39.0
DVT,2020-12-30,62.0,42.0
DVT,2020-12-31,57.0,38.0
DVT,2021-01-01,63.0,40.0
DVT,2021-01-02,60.0,36.0
DVT,2021-01-03,60.0,37.0
DVT,2021-01-04,66.0,38.0
DVT,2021-01-05,67.0,41.0
DVT,2021-01-06,67.0,40.0
DVT,2021-01-07,68.0,41.0
DVT,2021-01-08,67.0,41.0
DVT,2021-01-09,66.0,37.0
DVT,2021-01-10,63.0,41.0
DVT,2021-01-11,64.0,43.0
DVT,2021-01-12,63.0,36.0
DVT,2021-01-13,64.0,38.0
DVT,2021-01-14,71.0,40.0
DVT,2021-01-15,77.0,51.0
DVT,2021-01-16,74.0,46.0
DVT,2021-01-17,75.0,47.0
DVT,2021-01-18,70.0,42.0
DVT,2021-01-19,68.0,52.0
DVT,2021-01-20,71.0,59.0
DVT,2021-01-21,69.0,55.0
DVT,2021-01-22,63.0,52.0
DVT,2021-01-23,59.0,49.0
DVT,2021-01-24,51.0,44.0
DVT,2021-01-25,49.0,37.0
DVT,2021-01-26,47.0,40.0
DVT,2021-01-27,57.0,38.0
DVT,2021-01-28,69.0,50.0
DVT,2021-01-29,62.0,44.0
DVT,2021-01-30,59.0,41.0
DVT,2021-01-31,72.0,40.0
DVT,2021-02-01,71.0,59.0
DVT,2021-02-02,80.0,57.0
DVT,2021-02-03,77.0,60.0
DVT,2021-02-04,71.0,49.0
DVT,2021-02-05,66.0,42.0
DVT,2021-02-06,68.0,42.0
DVT,2021-02-07,69.0,41.0
DVT,2021-02-08,73.0,45.0
DVT,2021-02-09,71.0,46.0
DVT,2021-02-10,71.0,50.0
DVT,2021-02-11,72.0,46.0
DVT,2021-02-12,69.0,52.0
DVT,2021-02-13,68.0,48.0
DVT,2021-02-14,63.0,48.0
DVT,2021-02-15,62.0,41.0
DVT,2021-02-16,70.0,51.0
DVT,2021-02-17,65.0,41.0
DVT,2021-02-18,62.0,42.0
DVT,2021-02-19,68.0,44.0
DVT,2021-02-20,73.0,43.0
DVT,2021-02-21,67.0,50.0
DVT,2021-02-22,74.0,45.0
DVT,2021-02-23,75.0,48.0
DVT,2021-02-24,76.0,45.0
DVT,2021-02-25,65.0,46.0
DVT,2021-02-26,67.0,42.0
DVT,2021-02-27,68.0,42.0
DVT,2021-02-28,62.0,45.0
DVT,2021-03-01,68.0,40.0
DVT,2021-03-02,75.0,54.0
DVT,2021-03-03,82.0,51.0
DVT,2021-03-04,69.0,53.0
DVT,2021-03-05,80.0,47.0
DVT,2021-03-06,81.0,60.0
DVT,2021-03-07,83.0,57.0
DVT,2021-03-08,81.0,62.0
DVT,2021-03-09,75.0,56.0
DVT,2021-03-10,65.0,44.0
DVT,2021-03-11,63.0,45.0
DVT,2021-03-12,57.0,45.0
DVT,2021-03-13,57.0,43.0
DVT,2021-03-14,64.0,39.0
DVT,2021-03-15,69.0,49.0
DVT,2021-03-16,58.0,44.0
DVT,2021-03-17,69.0,43.0
DVT,2021-03-18,78.0,48.0
DVT,2021-03-19,81.0,49.0
DVT,2021-03-20,81.0,53.0
DVT,2021-03-21,73.0,49.0
DVT,2021-03-22,69.0,52.0
DVT,2021-03-23,60.0,49.0
DVT,2021-03-24,70.0,47.0
DVT,2021-03-25,69.0,51.0
DVT,2021-03-26,63.0,50.0
DVT,2021-03-27,78.0,45.0
DVT,2021-03-28,83.0,54.0
DVT,2021-03-29,85.0,60.0
DVT,2021-03-30,83.0,57.0
DVT,2021-03-31,86.0,57.0
DVT,2021-04-01,90.0,63.0
DVT,2021-04-02,90.0,70.0
DVT,2021-04-03,93.0,61.0
DVT,2021-04-04,94.0,64.0
DVT,2021-04-05,93.0,64.0
DVT,2021-04-06,89.0,66.0
DVT,2021-04-07,88.0,60.0
DVT,2021-04-08,91.0,63.0
DVT,2021-04-09,92.0,60.0
DVT,2021-04-10,90.0,58.0
DVT,2021-04-11,89.0,62.0
DVT,2021-04-12,87.0,63.0
DVT,2021-04-13,86.0,64.0
DVT,2021-04-14,83.0,61.0
DVT,2021-04-15,80.0,61.0
DVT,2021-04-16,79.0,56.0
DVT,2021-04-17,84.0,56.0
DVT,2021-04-18,78.0,59.0
DVT,2021-04-19,85.0,61.0
DVT,2021-04-20,89.0,58.0
DVT,2021-04-21,88.0,62.0
DVT,2021-04-22,77.0,59.0
DVT,2021-04-23,82.0,61.0
DVT,2021-04-24,86.0,57.0
DVT,2021-04-25,89.0,58.0
DVT,2021-04-26,75.0,63.0
DVT,2021-04-27,71.0,57.0
DVT,2021-04-28,76.0,56.0
DVT,2021-04-29,91.0,56.0
DVT,2021-04-30,93.0,66.0
DVT,2021-05-01,96.0,69.0
DVT,2021-05-02,89.0,70.0
DVT,2021-05-03,86.0,65.0
DVT,2021-05-04,91.0,66.0
DVT,2021-05-05,95.0,65.0
DVT,2021-05-06,97.0,67.0
DVT,2021-05-07,93.0,65.0
DVT,2021-05-08,89.0,63.0
DVT,2021-05-09,90.0,61.0
DVT,2021-05-10,91.0,65.0
DVT,2021-05-11,91.0,62.0
DVT,2021-05-12,96.0,65.0
DVT,2021-05-13,97.0,66.0
DVT,2021-05-14,96.0,66.0
DVT,2021-05-15,93.0,73.0
DVT,2021-05-16,88.0,66.0
DVT,2021-05-17,85.0,65.0
DVT,2021-05-18,92.0,65.0
DVT,2021-05-19,97.0,68.0
DVT,2021-05-20,94.0,73.0
DVT,2021-05-21,82.0,64.0
DVT,2021-05-22,79.0,56.0
DVT,2021-05-23,83.0,53.0
DVT,2021-05-24,91.0,61.0
DVT,2021-05-25,92.0,64.0
DVT,2021-05-26,92.0,70.0
DVT,2021-05-27,95.0,63.0
DVT,2021-05-28,96.0,68.0
DVT,2021-05-29,97.0,65.0
DVT,2021-05-30,96.0,65.0
DVT,2021-05-31,97.0,69.0
DVT,2021-06-01,100.0,75.0
DVT,2021-06-02,103.0,70.0
DVT,2021-06-03,103.0,79.0
DVT,2021-06-04,104.0,78.0
DVT,2021-06-05,105.0,74.0
DVT,2021-06-06,101.0,71.0
DVT,2021-06-07,99.0,70.0
DVT,2021-06-08,94.0,71.0
DVT,2021-06-09,98.0,72.0
DVT,2021-06-10,98.0,71.0
DVT,2021-06-11,100.0,69.0
DVT,2021-06-12,106.0,71.0
DVT,2021-06-13,111.0,75.0
DVT,2021-06-14,113.0,79.0
DVT,2021-06-15,112.0,82.0
DVT,2021-06-16,111.0,90.0
DVT,2021-06-17,113.0,89.0
DVT,2021-06-18,113.0,90.0
DVT,2021-06-19,114.0,89.0
DVT,2021-06-20,112.0,85.0
DVT,2021-06-21,105.0,84.0
DVT,2021-06-22,106.0,79.0
DVT,2021-06-23,92.0,78.0
DVT,2021-06-24,100.0,77.0
DVT,2021-06-25,103.0,79.0
DVT,2021-06-26,105.0,78.0
DVT,2021-06-27,110.0,82.0
DVT,2021-06-28,107.0,88.0
DVT,2021-06-29,103.0,85.0
DVT,2021-06-30,102.2,85.0
DVT,2021-07-01,104.0,82.0
DVT,2021-07-02,100.0,83.0
DVT,2021-07-03,103.0,77.0
DVT,2021-07-04,99.0,78.0
DVT,2021-07-05,104.0,87.0
DVT,2021-07-06,108.0,85.0
DVT,2021-07-07,108.0,87.0
DVT,2021-07-08,109.0,89.0
DVT,2021-07-09,109.0,89.0
DVT,2021-07-10,110.0,85.0
DVT,2021-07-11,106.0,83.0
DVT,2021-07-12,103.0,89.0
DVT,2021-07-13,105.0,85.0
DVT,2021-07-14,95.0,75.0
DVT,2021-07-15,99.0,85.0
DVT,2021-07-16,98.0,77.0
DVT,2021-07-17,97.0,80.0
DVT,2021-07-18,98.0,83.0
DVT,2021-07-19,101.0,86.0
DVT,2021-07-20,104.0,87.0
DVT,2021-07-21,106.0,90.0
DVT,2021-07-22,103.0,77.0
DVT,2021-07-23,81.0,71.6
DVT,2021-07-24,81.0,71.0
DVT,2021-07-25,78.0,71.0
DVT,2021-07-26,94.0,73.0
DVT,2021-07-27,101.0,78.0
DVT,2021-07-28,102.0,81.0
DVT,2021-07-29,103.0,87.0
DVT,2021-07-30,100.0,77.0
DVT,2021-07-31,96.0,75.0
DVT,2021-08-01,102.0,81.0
DVT,2021-08-02,106.0,84.0
DVT,2021-08-03,109.0,85.0
DVT,2021-08-04,112.0,85.0
DVT,2021-08-05,105.0,85.0
DVT,2021-08-06,104.0,88.0
DVT,2021-08-07,104.0,86.0
DVT,2021-08-08,103.0,87.0
DVT,2021-08-09,93.0,83.0
DVT,2021-08-10,91.0,78.0
DVT,2021-08-11,91.0,77.0
DVT,2021-08-12,94.0,75.0
DVT,2021-08-13,96.0,72.0
DVT,2021-08-14,91.0,72.0
DVT,2021-08-15,96.0,80.0
DVT,2021-08-16,98.0,72.0
DVT,2021-08-17,91.0,70.0
DVT,2021-08-18,92.0,73.4
DVT,2021-08-19,92.0,72.0
DVT,2021-08-20,95.0,77.0
DVT,2021-08-21,97.0,75.0
DVT,2021-08-22,99.0,75.0
DVT,2021-08-23,101.0,75.0
DVT,2021-08-24,101.0,74.0
DVT,2021-08-25,105.0,81.0
DVT,2021-08-26,107.0,82.0
DVT,2021-08-27,109.0,84.0
DVT,2021-08-28,103.0,83.0
DVT,2021-08-29,105.0,85.0
DVT,2021-08-30,102.0,84.0
DVT,2021-08-31,95.0,73.0
DVT,2021-09-01,92.0,73.0
DVT,2021-09-02,92.0,75.0
DVT,2021-09-03,100.0,77.0
DVT,2021-09-04,101.0,80.0
DVT,2021-09-05,104.0,79.0
DVT,2021-09-06,100.0,80.0
DVT,2021-09-07,102.0,82.0
DVT,2021-09-08,103.0,81.0
DVT,2021-09-09,107.0,85.0
DVT,2021-09-10,104.0,83.0
DVT,2021-09-11,104.0,81.0
DVT,2021-09-12,105.0,79.0
DVT,2021-09-13,106.0,80.0
DVT,2021-09-14,103.0,77.0
DVT,2021-09-15,102.0,77.0
DVT,2021-09-16,101.0,75.0
DVT,2021-09-17,96.0,79.0
DVT,2021-09-18,94.0,78.0
DVT,2021-09-19,97.0,77.0
DVT,2021-09-20,95.0,69.0
DVT,2021-09-21,99.0,71.0
DVT,2021-09-22,99.0,75.0
DVT,2021-09-23,96.0,74.0
DVT,2021-09-24,88.0,78.0
DVT,2021-09-25,92.0,73.0
DVT,2021-09-26,78.0,66.0
DVT,2021-09-27,81.0,67.0
DVT,2021-09-28,86.0,68.0
DVT,2021-09-29,83.0,69.0
DVT,2021-09-30,86.0,68.0
DVT,2021-10-01,87.0,64.0
DVT,2021-10-02,90.0,66.0
DVT,2021-10-03,93.0,70.0
DVT,2021-10-04,94.0,72.0
DVT,2021-10-05,84.0,69.0
DVT,2021-10-06,86.0,66.0
DVT,2021-10-07,88.0,68.0
DVT,2021-10-08,88.0,69.0
DVT,2021-10-09,82.0,66.0
DVT,2021-10-10,80.0,59.0
DVT,2021-10-11,83.0,58.0
DVT,2021-10-12,66.0,53.0
DVT,2021-10-13,72.0,51.0
DVT,2021-10-14,75.0,51.0
DVT,2021-10-15,82.0,55.0
DVT,2021-10-16,89.0,60.0
DVT,2021-10-17,86.0,65.0
DVT,2021-10-18,82.0,62.0
DVT,2021-10-19,76.0,54.0
DVT,2021-10-20,83.0,59.0
DVT,2021-10-21,87.0,61.0
DVT,2021-10-22,85.0,59.0
DVT,2021-10-23,81.0,59.0
DVT,2021-10-24,83.0,61.0
DVT,2021-10-25,85.0,60.0
DVT,2021-10-26,75.0,58.0
DVT,2021-10-27,75.0,54.0
DVT,2021-10-28,87.0,54.0
DVT,2021-10-29,90.0,61.0
DVT,2021-10-30,85.0,57.0
DVT,2021-10-31,83.0,58.0
DVT,2021-11-01,81.0,61.0
DVT,2021-11-02,82.0,58.0
DVT,2021-11-03,84.0,56.0
DVT,2021-11-04,86.0,61.0
DVT,2021-11-05,86.0,61.0
DVT,2021-11-06,87.0,58.0
DVT,2021-11-07,83.0,56.0
DVT,2021-11-08,83.0,57.0
DVT,2021-11-09,79.0,56.0
DVT,2021-11-10,82.0,55.0
DVT,2021-11-11,85.0,57.0
DVT,2021-11-12,86.0,59.0
DVT,2021-11-13,85.0,61.0
DVT,2021-11-14,84.0,55.0
DVT,2021-11-15,83.0,54.0
DVT,2021-11-16,77.0,54.0
DVT,2021-11-17,77.0,53.0
DVT,2021-11-18,81.0,52.0
DVT,2021-11-19,79.0,59.0
DVT,2021-11-20,76.0,52.0
DVT,2021-11-21,79.0,58.0
DVT,2021-11-22,81.0,56.0
DVT,2021-11-23,76.0,63.0
DVT,2021-11-24,71.0,58.0
DVT,2021-11-25,75.0,56.0
DVT,2021-11-26,75.0,51.0
DVT,2021-11-27,72.0,50.0
DVT,2021-11-28,79.0,47.0
DVT,2021-11-29,79.0,54.0
DVT,2021-11-30,79.0,53.0
DVT,2021-12-01,82.0,54.0
DVT,2021-12-02,80.0,57.0
DVT,2021-12-03,77.0,52.0
DVT,2021-12-04,75.0,49.0
DVT,2021-12-05,73.0,48.0
DVT,2021-12-06,74.0,47.0
DVT,2021-12-07,71.0,54.0
DVT,2021-12-08,69.0,56.0
DVT,2021-12-09,66.0,52.0
DVT,2021-12-10,59.0,49.0
DVT,2021-12-11,64.0,44.0
DVT,2021-12-12,70.0,43.0
DVT,2021-12-13,68.0,46.0
DVT,2021-12-14,69.0,48.0
DVT,2021-12-15,55.0,41.0
DVT,2021-12-16,60.0,38.0
DVT,2021-12-17,60.0,38.0
DVT,2021-12-18,66.0,40.0
DVT,2021-12-19,67.0,43.0
DVT,2021-12-20,68.0,43.0
DVT,2021-12-21,64.0,50.0
DVT,2021-12-22,70.0,46.0
DVT,2021-12-23,71.0,57.0
DVT,2021-12-24,64.0,52.0
DVT,2021-12-25,59.0,51.0
DVT,2021-12-26,62.0,49.0
DVT,2021-12-27,56.0,44.0
DVT,2021-12-28,54.0,41.0
DVT,2021-12-29,56.0,46.0
DVT,2021-12-30,58.0,45.0
DVT,2021-12-31,58.0,51.0
DVT,2022-01-01,53.0,40.0
DVT,2022-01-02,59.0,33.0
DVT,2022-01-03,62.0,38.0
DVT,2022-01-04,62.0,39.0
DVT,2022-01-05,63.0,38.0
DVT,2022-01-06,65.0,42.0
DVT,2022-01-07,68.0,41.0
DVT,2022-01-08,65.0,47.0
DVT,2022-01-09,72.0,45.0
DVT,2022-01-10,72.0,48.0
DVT,2022-01-11,71.0,46.0
DVT,2022-01-12,67.0,45.0
DVT,2022-01-13,68.0,43.0
DVT,2022-01-14,68.0,51.0
DVT,2022-01-15,69.0,49.0
DVT,2022-01-16,70.0,47.0
DVT,2022-01-17,68.0,46.0
DVT,2022-01-18,66.0,50.0
DVT,2022-01-19,66.0,49.0
DVT,2022-01-20,71.0,45.0
DVT,2022-01-21,66.0,42.0
DVT,2022-01-22,66.0,49.0
DVT,2022-01-23,68.0,48.0
DVT,2022-01-24,66.0,43.0
DVT,2022-01-25,65.0,42.0
DVT,2022-01-26,65.0,42.0
DVT,2022-01-27,66.0,37.0
DVT,2022-01-28,68.0,45.0
DVT,2022-01-29,70.0,47.0
DVT,2022-01-30,69.0,46.0
DVT,2022-01-31,66.0,43.0
DVT,2022-02-01,65.0,48.0
DVT,2022-02-02,58.0,41.0
DVT,2022-02-03,55.0,36.0
DVT,2022-02-04,62.0,35.0
DVT,2022-02-05,63.0,40.0
DVT,2022-02-06,73.0,37.0
DVT,2022-02-07,68.0,49.0
DVT,2022-02-08,72.0,47.0
DVT,2022-02-09,77.0,47.0
DVT,2022-02-10,79.0,54.0
DVT,2022-02-11,78.0,48.0
DVT,2022-02-12,79.0,53.0
DVT,2022-02-13,78.0,50.0
DVT,2022-02-14,78.0,48.0
DVT,2022-02-15,73.0,50.0
DVT,2022-02-16,59.0,50.0
DVT,2022-02-17,66.0,44.0
DVT,2022-02-18,68.0,41.0
DVT,2022-02-19,75.0,47.0
DVT,2022-02-20,75.0,46.0
DVT,2022-02-21,67.0,50.0
DVT,2022-02-22,61.0,51.0
DVT,2022-02-23,52.0,40.0
DVT,2022-02-24,53.0,34.0
DVT,2022-02-25,62.0,38.0
DVT,2022-02-26,67.0,39.0
DVT,2022-02-27,69.0,37.0
DVT,2022-02-28,80.0,54.0
DVT,2022-03-01,82.0,54.0
DVT,2022-03-02,84.0,50.0
DVT,2022-03-03,83.0,57.0
DVT,2022-03-04,66.0,56.0
DVT,2022-03-05,66.0,52.0
DVT,2022-03-06,59.0,40.0
DVT,2022-03-07,65.0,42.0
DVT,2022-03-08,63.0,40.0
DVT,2022-03-09,67.0,40.0
DVT,2022-03-10,67.0,43.0
DVT,2022-03-11,67.0,45.0
DVT,2022-03-12,75.0,44.0
DVT,2022-03-13,75.0,42.0
DVT,2022-03-14,78.0,45.0
DVT,2022-03-15,83.0,56.0
DVT,2022-03-16,81.0,58.0
DVT,2022-03-17,78.0,55.0
DVT,2022-03-18,79.0,49.0
DVT,2022-03-19,79.0,54.0
DVT,2022-03-20,72.0,56.0
DVT,2022-03-21,75.0,52.0
DVT,2022-03-22,80.0,55.0
DVT,2022-03-23,78.0,57.0
DVT,2022-03-24,83.0,50.0
DVT,2022-03-25,90.0,55.0
DVT,2022-03-26,89.0,58.0
DVT,2022-03-27,89.0,57.0
DVT,2022-03-28,78.0,61.0
DVT,2022-03-29,67.0,54.0
DVT,2022-03-30,76.0,51.0
DVT,2022-03-31,79.0,57.0
DVT,2022-04-01,82.0,56.0
DVT,2022-04-02,83.0,56.0
DVT,2022-04-03,81.0,55.0
DVT,2022-04-04,86.0,56.0
DVT,2022-04-05,89.0,59.0
DVT,2022-04-06,93.0,61.0
DVT,2022-04-07,93.0,57.0
DVT,2022-04-08,92.0,61.0
DVT,2022-04-09,92.0,57.0
DVT,2022-04-10,86.0,61.0
DVT,2022-04-11,83.0,58.0
DVT,2022-04-12,73.0,54.0
DVT,2022-04-13,71.0,43.0
DVT,2022-04-14,78.0,47.0
DVT,2022-04-15,84.0,52.0
DVT,2022-04-16,87.0,56.0
DVT,2022-04-17,88.0,55.0
DVT,2022-04-18,91.0,57.0
DVT,2022-04-19,95.0,66.0
DVT,2022-04-20,84.0,62.0
DVT,2022-04-21,89.0,63.0
DVT,2022-04-22,77.0,61.0
DVT,2022-04-23,80.0,53.0
DVT,2022-04-24,82.0,62.0
DVT,2022-04-25,90.0,58.0
DVT,2022-04-26,94.0,63.0
DVT,2022-04-27,89.0,67.0
DVT,2022-04-28,88.0,60.0
DVT,2022-04-29,87.0,60.0
DVT,2022-04-30,91.0,59.0
DVT,2022-05-01,93.0,59.0
DVT,2022-05-02,89.0,63.0
DVT,2022-05-03,87.0,64.0
DVT,2022-05-04,88.0,61.0
DVT,2022-05-05,92.0,63.0
DVT,2022-05-06,95.0,64.0
DVT,2022-05-07,97.0,68.0
DVT,2022-05-08,91.0,70.0
DVT,2022-05-09,84.0,65.0
DVT,2022-05-10,86.0,57.0
DVT,2022-05-11,83.0,58.0
DVT,2022-05-12,84.0,55.0
DVT,2022-05-13,94.0,58.0
DVT,2022-05-14,100.0,65.0
DVT,2022-05-15,102.0,67.0
DVT,2022-05-16,100.0,72.0
DVT,2022-05-17,97.0,72.0
DVT,2022-05-18,96.0,69.0
DVT,2022-05-19,95.0,66.0
DVT,2022-05-20,94.0,68.0
DVT,2022-05-21,89.0,67.0
DVT,2022-05-22,92.0,68.0
DVT,2022-05-23,91.0,61.0
DVT,2022-05-24,96.0,68.0
DVT,2022-05-25,99.0,69.0
DVT,2022-05-26,101.0,70.0
DVT,2022-05-27,101.0,74.0
DVT,2022-05-28,97.0,74.0
DVT,2022-05-29,90.0,73.0
DVT,2022-05-30,91.0,71.0
DVT,2022-05-31,93.0,65.0
DVT,2022-06-01,96.0,69.0
DVT,2022-06-02,99.0,69.0
DVT,2022-06-03,99.0,68.0
DVT,2022-06-04,96.0,68.0
DVT,2022-06-05,99.0,74.0
DVT,2022-06-06,100.0,76.0
DVT,2022-06-07,102.0,75.0
DVT,2022-06-08,106.0,78.0
DVT,2022-06-09,107.0,79.0
DVT,2022-06-10,111.0,83.0
DVT,2022-06-11,112.0,80.0
DVT,2022-06-12,108.0,81.0
DVT,2022-06-13,102.0,85.0
DVT,2022-06-14,100.0,80.0
DVT,2022-06-15,103.0,72.0
DVT,2022-06-16,108.0,77.0
DVT,2022-06-17,105.0,84.0
DVT,2022-06-18,94.0,82.0
DVT,2022-06-19,96.0,79.0
DVT,2022-06-20,98.0,72.0
DVT,2022-06-21,104.0,77.0
DVT,2022-06-22,101.0,85.0
DVT,2022-06-23,108.0,82.0
DVT,2022-06-24,103.0,82.0
DVT,2022-06-25,102.0,81.0
DVT,2022-06-26,102.0,83.0
DVT,2022-06-27,99.0,79.0
DVT,2022-06-28,103.0,85.0
DVT,2022-06-29,106.0,86.0
DVT,2022-06-30,101.0,85.0
DVT,2022-07-01,105.0,86.0
DVT,2022-07-02,102.0,86.0
DVT,2022-07-03,103.0,83.0
DVT,2022-07-04,100.0,82.0
DVT,2022-07-05,101.0,86.0
DVT,2022-07-06,101.0,79.0
DVT,2022-07-07,104.0,75.0
DVT,2022-07-08,109.0,79.0
DVT,2022-07-09,109.0,85.0
DVT,2022-07-10,109.0,87.0
DVT,2022-07-11,113.0,88.0
DVT,2022-07-12,108.0,91.0
DVT,2022-07-13,110.0,90.0
DVT,2022-07-14,107.0,85.0
DVT,2022-07-15,108.0,86.0
DVT,2022-07-16,113.0,89.0
DVT,2022-07-17,108.0,80.0
DVT,2022-07-18,103.0,77.0
DVT,2022-07-19,109.0,87.0
DVT,2022-07-20,108.0,89.0
DVT,2022-07-21,107.0,90.0
DVT,2022-07-22,109.0,92.0
DVT,2022-07-23,103.0,85.0
DVT,2022-07-24,96.0,82.0
DVT,2022-07-25,97.0,82.0
DVT,2022-07-26,94.0,74.0
DVT,2022-07-27,92.0,82.4
DVT,2022-07-28,88.0,81.0
DVT,2022-07-29,96.0,76.0
DVT,2022-07-30,100.0,71.0
DVT,2022-07-31,99.0,78.0
DVT,2022-08-01,100.0,83.0
DVT,2022-08-02,103.0,85.0
DVT,2022-08-03,97.0,88.0
DVT,2022-08-04,91.0,73.0
DVT,2022-08-05,99.0,78.0
DVT,2022-08-06,105.0,82.0
DVT,2022-08-07,101.0,85.0
DVT,2022-08-08,100.0,84.0
DVT,2022-08-09,97.0,73.0
DVT,2022-08-10,99.0,83.0
DVT,2022-08-11,101.0,82.0
DVT,2022-08-12,101.0,78.0
DVT,2022-08-13,102.0,77.0
DVT,2022-08-14,94.0,80.0
DVT,2022-08-15,99.0,78.0
DVT,2022-08-16,102.0,83.0
DVT,2022-08-17,102.0,85.0
DVT,2022-08-18,101.0,72.0
DVT,2022-08-19,93.0,74.0
DVT,2022-08-20,93.0,77.0
DVT,2022-08-21,93.0,77.0
DVT,2022-08-22,96.0,75.0
DVT,2022-08-23,101.0,82.0
DVT,2022-08-24,97.0,80.0
DVT,2022-08-25,99.0,83.0
DVT,2022-08-26,102.0,84.0
DVT,2022-08-27,98.0,81.0
DVT,2022-08-28,100.0,80.0
DVT,2022-08-29,105.0,82.0
DVT,2022-08-30,108.0,82.0
DVT,2022-08-31,105.0,85.0
DVT,2022-09-01,102.0,86.0
DVT,2022-09-02,104.0,83.0
DVT,2022-09-03,105.0,82.0
DVT,2022-09-04,106.0,86.0
DVT,2022-09-05,105.0,83.0
DVT,2022-09-06,107.0,85.0
DVT,2022-09-07,103.0,81.0
DVT,2022-09-08,100.0,82.0
DVT,2022-09-09,96.0,73.0
DVT,2022-09-10,90.0,73.0
DVT,2022-09-11,98.0,73.0
DVT,2022-09-12,94.0,74.0
DVT,2022-09-13,91.0,78.0
DVT,2022-09-14,94.0,75.0
DVT,2022-09-15,93.0,79.0
DVT,2022-09-16,94.0,73.0
DVT,2022-09-17,95.0,75.0
DVT,2022-09-18,97.0,69.0
DVT,2022-09-19,99.0,74.0
DVT,2022-09-20,92.0,77.0
DVT,2022-09-21,81.0,75.0
DVT,2022-09-22,89.0,76.0
DVT,2022-09-23,97.0,75.0
DVT,2022-09-24,98.0,74.0
DVT,2022-09-25,101.0,75.0
DVT,2022-09-26,101.0,77.0
DVT,2022-09-27,100.0,83.0
DVT,2022-09-28,99.0,81.0
DVT,2022-09-29,95.0,74.0
DVT,2022-09-30,93.0,72.0
DVT,2022-10-01,93.0,73.0
DVT,2022-10-02,93.0,75.0
DVT,2022-10-03,96.0,69.0
DVT,2022-10-04,90.0,67.0
DVT,2022-10-05,91.0,70.0
DVT,2022-10-06,90.0,73.0
DVT,2022-10-07,89.0,71.0
DVT,2022-10-08,87.0,71.0
DVT,2022-10-09,87.0,69.0
DVT,2022-10-10,87.0,69.0
DVT,2022-10-11,89.0,70.0
DVT,2022-10-12,91.0,67.0
DVT,2022-10-13,93.0,69.0
DVT,2022-10-14,95.0,68.0
DVT,2022-10-15,77.0,63.0
DVT,2022-10-16,75.0,60.0
DVT,2022-10-17,82.0,61.0
DVT,2022-10-18,84.0,66.0
DVT,2022-10-19,85.0,67.0
DVT,2022-10-20,87.0,67.0
DVT,2022-10-21,87.0,65.0
DVT,2022-10-22,84.0,63.0
DVT,2022-10-23,73.0,60.0
DVT,2022-10-24,70.0,51.0
DVT,2022-10-25,73.0,50.0
DVT,2022-10-26,74.0,51.0
DVT,2022-10-27,78.0,52.0
DVT,2022-10-28,77.0,51.0
DVT,2022-10-29,79.0,55.0
DVT,2022-10-30,76.0,52.0
DVT,2022-10-31,79.0,52.0
DVT,2022-11-01,76.0,56.0
DVT,2022-11-02,75.0,61.0
DVT,2022-11-03,64.0,46.0
DVT,2022-11-04,60.0,41.0
DVT,2022-11-05,65.0,44.0
DVT,2022-11-06,75.0,47.0
DVT,2022-11-07,76.0,51.0
DVT,2022-11-08,75.0,51.0
DVT,2022-11-09,65.0,53.0
DVT,2022-11-10,66.0,47.0
DVT,2022-11-11,68.0,47.0
DVT,2022-11-12,70.0,46.0
DVT,2022-11-13,64.0,44.0
DVT,2022-11-14,63.0,42.0
DVT,2022-11-15,68.0,41.0
DVT,2022-11-16,68.0,45.0
DVT,2022-11-17,70.0,47.0
DVT,2022-11-18,67.0,46.0
DVT,2022-11-19,73.0,49.0
DVT,2022-11-20,70.0,48.0
DVT,2022-11-21,70.0,46.0
DVT,2022-11-22,72.0,50.0
DVT,2022-11-23,69.0,48.0
DVT,2022-11-24,69.0,50.0
DVT,2022-11-25,69.0,46.0
DVT,2022-11-26,64.0,39.0
DVT,2022-11-27,65.0,42.0
DVT,2022-11-28,66.0,46.0
DVT,2022-11-29,63.0,45.0
DVT,2022-11-30,69.0,48.0
DVT,2022-12-01,70.0,44.0
DVT,2022-12-02,66.0,52.0
DVT,2022-12-03,59.0,49.0
DVT,2022-12-04,64.0,58.0
DVT,2022-12-05,67.0,55.0
DVT,2022-12-06,66.0,54.0
DVT,2022-12-07,62.0,49.0
DVT,2022-12-08,63.0,44.0
DVT,2022-12-09,63.0,42.0
DVT,2022-12-10,64.0,40.0
DVT,2022-12-11,65.0,41.0
DVT,2022-12-12,56.0,43.0
DVT,2022-12-13,51.0,38.0
DVT,2022-12-14,51.0,34.0
DVT,2022-12-15,54.0,35.0
DVT,2022-12-16,59.0,38.0
DVT,2022-12-17,61.0,34.0
DVT,2022-12-18,56.0,40.0
DVT,2022-12-19,60.0,38.0
DVT,2022-12-20,62.0,41.0
DVT,2022-12-21,63.0,37.0
DVT,2022-12-22,62.0,39.0
DVT,2022-12-23,66.0,44.0
DVT,2022-12-24,68.0,42.0
DVT,2022-12-25,72.0,47.0
DVT,2022-12-26,72.0,49.0
DVT,2022-12-27,69.0,48.0
DVT,2022-12-28,58.0,48.0
DVT,2022-12-29,59.0,47.0
DVT,2022-12-30,57.0,50.0
DVT,2022-12-31,63.0,51.0
DVT,2023-01-01,57.0,46.0
DVT,2023-01-02,55.0,45.0
DVT,2023-01-03,56.0,47.0
DVT,2023-01-04,63.0,48.0
DVT,2023-01-05,64.0,50.0
DVT,2023-01-06,61.0,45.0
DVT,2023-01-07,68.0,44.0
DVT,2023-01-08,70.0,42.0
DVT,2023-01-09,66.0,44.0
DVT,2023-01-10,66.0,48.0
DVT,2023-01-11,62.0,46.0
DVT,2023-01-12,73.0,43.0
DVT,2023-01-13,74.0,49.0
DVT,2023-01-14,64.0,45.0
DVT,2023-01-15,56.0,48.0
DVT,2023-01-16,56.0,48.0
DVT,2023-01-17,55.0,46.0
DVT,2023-01-18,56.0,42.0
DVT,2023-01-19,56.0,41.0
DVT,2023-01-20,54.0,42.0
DVT,2023-01-21,56.0,35.0
DVT,2023-01-22,55.0,34.0
DVT,2023-01-23,46.0,33.0
DVT,2023-01-24,52.0,32.0
DVT,2023-01-25,57.0,33.0
DVT,2023-01-26,62.0,35.0
DVT,2023-01-27,59.0,37.0
DVT,2023-01-28,61.0,35.0
DVT,2023-01-29,64.0,37.0
DVT,2023-01-30,57.0,47.0
DVT,2023-01-31,60.0,45.0
DVT,2023-02-01,66.0,42.0
DVT,2023-02-02,66.0,38.0
DVT,2023-02-03,72.0,47.0
DVT,2023-02-04,72.0,46.0
DVT,2023-02-05,70.0,44.0
DVT,2023-02-06,67.0,42.0
DVT,2023-02-07,65.0,45.0
DVT,2023-02-08,65.0,42.0
DVT,2023-02-09,66.0,39.0
DVT,2023-02-10,70.0,45.0
DVT,2023-02-11,71.0,55.0
DVT,2023-02-12,74.0,50.0
DVT,2023-02-13,55.0,45.0
DVT,2023-02-14,52.0,41.0
DVT,2023-02-15,51.0,34.0
DVT,2023-02-16,57.0,32.0
DVT,2023-02-17,63.0,41.0
DVT,2023-02-18,69.0,50.0
DVT,2023-02-19,72.0,49.0
DVT,2023-02-20,72.0,52.0
DVT,2023-02-21,63.0,50.0
DVT,2023-02-22,56.0,46.0
DVT,2023-02-23,55.0,42.0
DVT,2023-02-24,63.0,44.0
DVT,2023-02-25,72.0,49.0
DVT,2023-02-26,56.0,41.0
DVT,2023-02-27,59.0,39.0
DVT,2023-02-28,60.0,42.0
DVT,2023-03-01,59.0,40.0
DVT,2023-03-02,52.0,37.0
DVT,2023-03-03,59.0,40.0
DVT,2023-03-04,64.0,41.0
DVT,2023-03-05,68.0,43.0
DVT,2023-03-06,69.0,49.0
DVT,2023-03-07,69.0,52.0
DVT,2023-03-08,71.0,48.0
DVT,2023-03-09,71.0,49.0
DVT,2023-03-10,74.0,48.0
DVT,2023-03-11,75.0,56.0
DVT,2023-03-12,78.0,50.0
DVT,2023-03-13,75.0,52.0
DVT,2023-03-14,76.0,51.0
DVT,2023-03-15,65.0,52.0
DVT,2023-03-16,66.0,49.0
DVT,2023-03-17,70.0,48.0
DVT,2023-03-18,71.0,48.0
DVT,2023-03-19,68.0,51.0
DVT,2023-03-20,67.0,56.0
DVT,2023-03-21,62.0,57.0
DVT,2023-03-22,60.0,48.0
DVT,2023-03-23,65.0,44.0
DVT,2023-03-24,66.0,48.0
DVT,2023-03-25,67.0,42.0
DVT,2023-03-26,65.0,41.0
DVT,2023-03-27,70.0,43.0
DVT,2023-03-28,77.0,46.0
DVT,2023-03-29,78.0,47.0
DVT,2023-03-30,64.0,49.0
DVT,2023-03-31,67.0,42.0
DVT,2023-04-01,79.0,49.0
DVT,2023-04-02,77.0,47.0
DVT,2023-04-03,78.0,50.0
DVT,2023-04-04,60.0,44.0
DVT,2023-04-05,66.0,41.0
DVT,2023-04-06,77.0,46.0
DVT,2023-04-07,79.0,47.0
DVT,2023-04-08,81.0,50.0
DVT,2023-04-09,87.0,56.0
DVT,2023-04-10,95.0,65.0
DVT,2023-04-11,95.0,64.0
DVT,2023-04-12,88.0,62.0
DVT,2023-04-13,78.0,61.0
DVT,2023-04-14,74.0,57.0
DVT,2023-04-15,82.0,55.0
DVT,2023-04-16,87.0,58.0
DVT,2023-04-17,88.0,59.0
DVT,2023-04-18,82.0,63.0
DVT,2023-04-19,78.0,60.0
DVT,2023-04-20,82.0,55.0
DVT,2023-04-21,86.0,57.0
DVT,2023-04-22,90.0,61.0
DVT,2023-04-23,91.0,61.0
DVT,2023-04-24,88.0,66.0
DVT,2023-04-25,88.0,66.0
DVT,2023-04-26,88.0,65.0
DVT,2023-04-27,92.0,62.0
DVT,2023-04-28,96.0,62.0
DVT,2023-04-29,95.0,68.0
DVT,2023-04-30,98.0,63.0
DVT,2023-05-01,93.0,66.0
DVT,2023-05-02,86.0,58.0
DVT,2023-05-03,86.0,64.0
DVT,2023-05-04,77.0,56.0
DVT,2023-05-05,77.0,54.0
DVT,2023-05-06,81.0,54.0
DVT,2023-05-07,85.0,55.0
DVT,2023-05-08,88.0,58.0
DVT,2023-05-09,89.0,58.0
DVT,2023-05-10,75.0,63.0
DVT,2023-05-11,86.0,56.0
DVT,2023-05-12,93.0,61.0
DVT,2023-05-13,94.0,65.0
DVT,2023-05-14,96.0,73.0
DVT,2023-05-15,97.0,77.0
DVT,2023-05-16,99.0,79.0
DVT,2023-05-17,96.0,73.0
DVT,2023-05-18,95.0,71.0
DVT,2023-05-19,88.0,71.0
DVT,2023-05-20,94.0,67.0
DVT,2023-05-21,97.0,71.0
DVT,2023-05-22,96.0,71.0
DVT,2023-05-23,96.0,70.0
DVT,2023-05-24,93.0,68.0
DVT,2023-05-25,93.0,68.0
DVT,2023-05-26,92.0,67.0
DVT,2023-05-27,92.0,67.0
DVT,2023-05-28,93.0,68.0
DVT,2023-05-29,95.0,64.0
DVT,2023-05-30,95.0,64.0
DVT,2023-05-31,88.0,62.0
DVT,2023-06-01,87.0,66.0
DVT,2023-06-02,91.0,67.0
DVT,2023-06-03,96.0,67.0
DVT,2023-06-04,100.0,70.0
DVT,2023-06-05,101.0,72.0
DVT,2023-06-06,94.0,66.0
DVT,2023-06-07,91.0,62.0
DVT,2023-06-08,91.0,63.0
DVT,2023-06-09,91.0,64.0
DVT,2023-06-10,95.0,65.0
DVT,2023-06-11,89.0,63.0
DVT,2023-06-12,87.0,68.0
DVT,2023-06-13,90.0,67.0
DVT,2023-06-14,95.0,67.0
DVT,2023-06-15,94.0,71.0
DVT,2023-06-16,96.0,69.0
DVT,2023-06-17,99.0,73.0
DVT,2023-06-18,102.0,71.0
DVT,2023-06-19,99.0,72.0
DVT,2023-06-20,98.0,73.0
DVT,2023-06-21,101.0,73.0
DVT,2023-06-22,99.0,67.0
DVT,2023-06-23,94.0,71.0
DVT,2023-06-24,98.0,62.0
DVT,2023-06-25,105.0,71.0
DVT,2023-06-26,104.0,75.0
DVT,2023-06-27,102.0,73.0
DVT,2023-06-28,102.0,73.0
DVT,2023-06-29,100.0,73.0
DVT,2023-06-30,103.0,73.0
DVT,2023-07-01,108.0,77.0
DVT,2023-07-02,110.0,78.0
DVT,2023-07-03,112.0,79.0
DVT,2023-07-04,107.0,84.0
DVT,2023-07-05,105.0,76.0
DVT,2023-07-06,109.0,81.0
DVT,2023-07-07,106.0,81.0
DVT,2023-07-08,105.0,79.0
DVT,2023-07-09,106.0,81.0
DVT,2023-07-10,105.0,86.0
DVT,2023-07-11,105.0,88.0
DVT,2023-07-12,106.0,89.0
DVT,2023-07-13,109.0,89.0
DVT,2023-07-14,112.0,90.0
DVT,2023-07-15,114.0,86.0
DVT,2023-07-16,109.0,91.0
DVT,2023-07-17,113.0,91.0
DVT,2023-07-18,112.0,90.0
DVT,2023-07-19,113.0,85.0
DVT,2023-07-20,115.0,89.0
DVT,2023-07-21,111.0,86.0
DVT,2023-07-22,112.0,90.0
DVT,2023-07-23,107.0,87.0
DVT,2023-07-24,111.0,89.0
DVT,2023-07-25,112.0,90.0
DVT,2023-07-26,113.0,82.0
DVT,2023-07-27,111.0,87.0
DVT,2023-07-28,110.0,90.0
DVT,2023-07-29,110.0,89.0
DVT,2023-07-30,107.0,89.6
DVT,2023-07-31,102.0,81.0
DVT,2023-08-01,103.0,84.0
DVT,2023-08-02,105.0,89.0
DVT,2023-08-03,107.0,83.0
DVT,2023-08-04,109.0,81.0
DVT,2023-08-05,110.0,81.0
DVT,2023-08-06,108.0,80.0
DVT,2023-08-07,106.0,88.0
DVT,2023-08-08,103.0,79.0
DVT,2023-08-09,103.0,87.0
DVT,2023-08-10,102.0,87.0
DVT,2023-08-11,100.0,85.0
DVT,2023-08-12,101.0,84.0
DVT,2023-08-13,104.0,83.0
DVT,2023-08-14,101.0,82.0
DVT,2023-08-15,107.0,87.0
DVT,2023-08-16,107.0,82.0
DVT,2023-08-17,110.0,85.0
DVT,2023-08-18,101.0,83.0
DVT,2023-08-19,91.0,81.0
DVT,2023-08-20,98.0,80.0
DVT,2023-08-21,90.0,76.0
DVT,2023-08-22,99.0,74.0
DVT,2023-08-23,103.0,82.0
DVT,2023-08-24,100.0,85.0
DVT,2023-08-25,107.0,85.0
DVT,2023-08-26,108.0,87.0
DVT,2023-08-27,108.0,86.0
DVT,2023-08-28,111.0,88.0
DVT,2023-08-29,110.0,89.0
DVT,2023-08-30,107.0,90.0
DVT,2023-08-31,105.0,74.0
DVT,2023-09-01,84.0,73.0
DVT,2023-09-02,94.0,76.0
DVT,2023-09-03,97.0,76.0
DVT,2023-09-04,96.0,79.0
DVT,2023-09-05,98.0,73.0
DVT,2023-09-06,101.0,73.0
DVT,2023-09-07,104.0,76.0
DVT,2023-09-08,106.0,79.0
DVT,2023-09-09,109.0,82.0
DVT,2023-09-10,108.0,86.0
DVT,2023-09-11,101.0,83.0
DVT,2023-09-12,95.0,75.0
DVT,2023-09-13,93.0,76.0
DVT,2023-09-14,96.0,76.0
DVT,2023-09-15,98.0,75.0
DVT,2023-09-16,100.0,76.0
DVT,2023-09-17,100.0,73.0
DVT,2023-09-18,96.0,73.0
DVT,2023-09-19,94.0,68.0
DVT,2023-09-20,94.0,70.0
DVT,2023-09-21,92.0,67.0
DVT,2023-09-22,93.0,70.0
DVT,2023-09-23,91.0,73.0
DVT,2023-09-24,95.0,69.0
DVT,2023-09-25,98.0,70.0
DVT,2023-09-26,100.0,72.0
DVT,2023-09-27,100.0,73.0
DVT,2023-09-28,97.0,73.0
DVT,2023-09-29,95.0,66.0
DVT,2023-09-30,94.0,71.0
DVT,2023-10-01,82.0,66.0
DVT,2023-10-02,82.0,63.0
DVT,2023-10-03,84.0,61.0
DVT,2023-10-04,90.0,63.0
DVT,2023-10-05,96.0,69.0
DVT,2023-10-06,101.0,72.0
DVT,2023-10-07,97.0,83.0
DVT,2023-10-08,97.0,77.0
DVT,2023-10-09,96.0,74.0
DVT,2023-10-10,93.0,70.0
DVT,2023-10-11,89.0,69.0
DVT,2023-10-12,85.0,61.0
DVT,2023-10-13,86.0,62.0
DVT,2023-10-14,88.0,63.0
DVT,2023-10-15,96.0,65.0
DVT,2023-10-16,99.0,72.0
DVT,2023-10-17,96.0,71.0
DVT,2023-10-18,96.0,68.0
DVT,2023-10-19,100.0,67.0
DVT,2023-10-20,99.0,67.0
DVT,2023-10-21,96.0,66.0
DVT,2023-10-22,92.0,68.0
DVT,2023-10-23,83.0,64.0
DVT,2023-10-24,81.0,66.0
DVT,2023-10-25,79.0,61.0
DVT,2023-10-26,80.0,62.0
DVT,2023-10-27,83.0,61.0
DVT,2023-10-28,80.0,60.0
DVT,2023-10-29,75.0,54.0
DVT,2023-10-30,78.0,56.0
DVT,2023-10-31,78.0,50.0
DVT,2023-11-01,79.0,60.0
DVT,2023-11-02,82.0,57.0
DVT,2023-11-03,83.0,53.0
DVT,2023-11-04,85.0,55.0
DVT,2023-11-05,89.0,57.0
DVT,2023-11-06,88.0,59.0
DVT,2023-11-07,84.0,60.0
DVT,2023-11-08,75.0,51.0
DVT,2023-11-09,76.0,53.0
DVT,2023-11-10,73.0,51.0
DVT,2023-11-11,78.0,54.0
DVT,2023-11-12,80.0,55.0
DVT,2023-11-13,82.0,63.0
DVT,2023-11-14,83.0,67.0
DVT,2023-11-15,83.0,67.0
DVT,2023-11-16,75.0,64.0
DVT,2023-11-17,77.0,59.0
DVT,2023-11-18,71.0,59.0
DVT,2023-11-19,71.0,56.0
DVT,2023-11-20,74.0,52.0
DVT,2023-11-21,75.0,57.0
DVT,2023-11-22,74.0,53.0
DVT,2023-11-23,68.0,51.0
DVT,2023-11-24,67.0,50.0
DVT,2023-11-25,64.0,49.0
DVT,2023-11-26,68.0,45.0
DVT,2023-11-27,71.0,53.0
DVT,2023-11-28,74.0,53.0
DVT,2023-11-29,67.0,50.0
DVT,2023-11-30,60.0,48.0
DVT,2023-12-01,61.0,47.0
DVT,2023-12-02,62.0,43.0
DVT,2023-12-03,64.0,44.0
DVT,2023-12-04,63.0,44.0
DVT,2023-12-05,80.0,47.0
DVT,2023-12-06,81.0,54.0
DVT,2023-12-07,72.0,49.0
DVT,2023-12-08,67.0,45.0
DVT,2023-12-09,65.0,48.0
DVT,2023-12-10,69.0,42.0
DVT,2023-12-11,69.0,44.0
DVT,2023-12-12,68.0,45.0
DVT,2023-12-13,65.0,40.0
DVT,2023-12-14,65.0,39.0
DVT,2023-12-15,73.0,44.0
DVT,2023-12-16,77.0,51.0
DVT,2023-12-17,100.0,53.0
DVT,2023-12-18,71.0,56.0
DVT,2023-12-19,72.0,57.0
DVT,2023-12-20,73.0,58.0
DVT,2023-12-21,74.0,53.0
DVT,2023-12-22,59.0,51.0
DVT,2023-12-23,55.0,49.0
DVT,2023-12-24,58.0,44.0
DVT,2023-12-25,59.0,43.0
DVT,2023-12-26,60.0,40.0
DVT,2023-12-27,62.0,39.0
DVT,2023-12-28,65.0,42.0
DVT,2023-12-29,70.0,45.0
DVT,2023-12-30,70.0,47.0
DVT,2023-12-31,59.0,44.0
DVT,2024-01-01,60.0,43.0
DVT,2024-01-02,61.0,38.0
DVT,2024-01-03,59.0,43.0
DVT,2024-01-04,55.0,37.0
DVT,2024-01-05,54.0,39.0
DVT,2024-01-06,57.0,34.0
DVT,2024-01-07,49.0,36.0
DVT,2024-01-08,50.0,30.0
DVT,2024-01-09,53.0,31.0
DVT,2024-01-10,54.0,33.0
DVT,2024-01-11,56.0,35.0
DVT,2024-01-12,53.0,31.0
DVT,2024-01-13,58.0,36.0
DVT,2024-01-14,62.0,38.0
DVT,2024-01-15,63.0,38.0
DVT,2024-01-16,65.0,40.0
DVT,2024-01-17,64.0,42.0
DVT,2024-01-18,71.0,47.0
DVT,2024-01-19,73.0,49.0
DVT,2024-01-20,67.0,50.0
DVT,2024-01-21,56.0,51.0
DVT,2024-01-22,59.0,47.0
DVT,2024-01-23,56.0,50.0
DVT,2024-01-24,59.0,48.0
DVT,2024-01-25,61.0,49.0
DVT,2024-01-26,66.0,43.0
DVT,2024-01-27,73.0,46.0
DVT,2024-01-28,75.0,51.0
DVT,2024-01-29,77.0,53.0
DVT,2024-01-30,77.0,54.0
DVT,2024-01-31,75.0,51.0
DVT,2024-02-01,73.0,52.0
DVT,2024-02-02,61.0,49.0
DVT,2024-02-03,59.0,41.0
DVT,2024-02-04,65.0,45.0
DVT,2024-02-05,71.0,52.0
DVT,2024-02-06,65.0,48.0
DVT,2024-02-07,57.0,47.0
DVT,2024-02-08,53.0,40.0
DVT,2024-02-09,54.0,39.0
DVT,2024-02-10,55.0,42.0
DVT,2024-02-11,58.0,35.0
DVT,2024-02-12,63.0,39.0
DVT,2024-02-13,67.0,41.0
DVT,2024-02-14,66.0,41.0
DVT,2024-02-15,69.0,45.0
DVT,2024-02-16,68.0,43.0
DVT,2024-02-17,71.0,46.0
DVT,2024-02-18,71.0,46.0
DVT,2024-02-19,73.0,52.0
DVT,2024-02-20,75.0,50.0
DVT,2024-02-21,69.0,53.0
DVT,2024-02-22,71.0,50.0
DVT,2024-02-23,77.0,50.0
DVT,2024-02-24,75.0,54.0
DVT,2024-02-25,78.0,55.0
DVT,2024-02-26,71.0,58.0
DVT,2024-02-27,70.0,53.0
DVT,2024-02-28,74.0,52.0
DVT,2024-02-29,71.0,50.0
DVT,2024-03-01,74.0,50.0
DVT,2024-03-02,72.0,50.0
DVT,2024-03-03,67.0,52.0
DVT,2024-03-04,67.0,49.0
DVT,2024-03-05,70.0,48.0
DVT,2024-03-06,70.0,52.0
DVT,2024-03-07,59.0,49.0
DVT,2024-03-08,65.0,49.0
DVT,2024-03-09,72.0,48.0
DVT,2024-03-10,75.0,52.0
DVT,2024-03-11,75.0,51.0
DVT,2024-03-12,73.0,51.0
DVT,2024-03-13,73.0,50.0
DVT,2024-03-14,69.0,47.0
DVT,2024-03-15,58.0,46.0
DVT,2024-03-16,63.0,45.0
DVT,2024-03-17,65.0,48.0
DVT,2024-03-18,71.0,47.0
DVT,2024-03-19,72.0,50.0
DVT,2024-03-20,74.0,50.0
DVT,2024-03-21,80.0,51.0
DVT,2024-03-22,80.0,53.0
DVT,2024-03-23,77.0,56.0
DVT,2024-03-24,59.0,49.0
DVT,2024-03-25,67.0,46.0
DVT,2024-03-26,68.0,50.0
DVT,2024-03-27,71.0,46.0
DVT,2024-03-28,76.0,53.0
DVT,2024-03-29,78.0,53.0
DVT,2024-03-30,82.0,56.0
DVT,2024-03-31,60.0,48.0
DVT,2024-04-01,60.0,46.0
DVT,2024-04-02,72.0,47.0
DVT,2024-04-03,78.0,51.0
DVT,2024-04-04,82.0,57.0
DVT,2024-04-05,66.0,53.0
DVT,2024-04-06,63.0,45.0
DVT,2024-04-07,70.0,45.0
DVT,2024-04-08,71.0,51.0
DVT,2024-04-09,81.0,49.0
DVT,2024-04-10,82.0,52.0
DVT,2024-04-11,89.0,60.0
DVT,2024-04-12,89.0,59.0
DVT,2024-04-13,83.0,61.0
DVT,2024-04-14,78.0,53.0
DVT,2024-04-15,74.0,52.0
DVT,2024-04-16,85.0,55.0
DVT,2024-04-17,87.0,58.0
DVT,2024-04-18,87.0,60.0
DVT,2024-04-19,89.0,59.0
DVT,2024-04-20,89.0,66.0
DVT,2024-04-21,94.0,63.0
DVT,2024-04-22,96.0,66.0
DVT,2024-04-23,91.0,66.0
DVT,2024-04-24,87.0,58.0
DVT,2024-04-25,79.0,64.0
DVT,2024-04-26,77.0,56.0
DVT,2024-04-27,76.0,56.0
DVT,2024-04-28,84.0,55.0
DVT,2024-04-29,87.0,62.0
DVT,2024-04-30,90.0,60.0
DVT,2024-05-01,87.0,63.0
DVT,2024-05-02,88.0,64.0
DVT,2024-05-03,89.0,64.0
DVT,2024-05-04,89.0,60.0
DVT,2024-05-05,81.0,63.0
DVT,2024-05-06,84.0,54.0
DVT,2024-05-07,86.0,55.0
DVT,2024-05-08,86.0,59.0
DVT,2024-05-09,82.0,52.0
DVT,2024-05-10,87.0,57.0
DVT,2024-05-11,87.0,58.0
DVT,2024-05-12,91.0,61.0
DVT,2024-05-13,95.0,65.0
DVT,2024-05-14,95.0,71.0
DVT,2024-05-15,92.0,68.0
DVT,2024-05-16,93.0,71.0
DVT,2024-05-17,97.0,66.0
DVT,2024-05-18,97.0,68.0
DVT,2024-05-19,94.0,64.0
DVT,2024-05-20,84.0,67.0
DVT,2024-05-21,89.0,58.0
DVT,2024-05-22,92.0,60.0
DVT,2024-05-23,91.0,65.0
DVT,2024-05-24,94.0,67.0
DVT,2024-05-25,86.0,71.0
DVT,2024-05-26,92.0,63.0
DVT,2024-05-27,97.0,67.0
DVT,2024-05-28,93.0,69.0
DVT,2024-05-29,91.0,71.0
DVT,2024-05-30,99.0,71.0
DVT,2024-05-31,101.0,66.0
DVT,2024-06-01,100.0,68.0
DVT,2024-06-02,99.0,72.0
DVT,2024-06-03,98.0,71.0
DVT,2024-06-04,99.0,73.0
DVT,2024-06-05,105.0,75.0
DVT,2024-06-06,109.0,76.0
DVT,2024-06-07,106.0,86.0
DVT,2024-06-08,101.0,81.0
DVT,2024-06-09,101.0,77.0
DVT,2024-06-10,101.0,71.0
DVT,2024-06-11,106.0,75.0
DVT,2024-06-12,107.0,75.0
DVT,2024-06-13,103.0,80.0
DVT,2024-06-14,103.0,74.0
DVT,2024-06-15,108.0,76.0
DVT,2024-06-16,106.0,76.0
DVT,2024-06-17,102.0,77.0
DVT,2024-06-18,99.0,74.0
DVT,2024-06-19,100.0,77.0
DVT,2024-06-20,110.0,78.0
DVT,2024-06-21,112.0,91.0
DVT,2024-06-22,104.0,88.0
DVT,2024-06-23,104.0,87.0
DVT,2024-06-24,108.0,85.0
DVT,2024-06-25,104.0,80.0
DVT,2024-06-26,108.0,80.0
DVT,2024-06-27,107.0,88.0
DVT,2024-06-28,107.0,88.0
DVT,2024-06-29,105.0,85.0
DVT,2024-06-30,106.0,89.0
DVT,2024-07-01,102.0,77.0
DVT,2024-07-02,109.0,85.0
DVT,2024-07-03,109.0,90.0
DVT,2024-07-04,110.0,86.0
DVT,2024-07-05,114.0,87.0
DVT,2024-07-06,110.0,88.0
DVT,2024-07-07,110.0,87.0
DVT,2024-07-08,113.0,85.0
DVT,2024-07-09,112.0,87.0
DVT,2024-07-10,111.0,90.0
DVT,2024-07-11,111.0,89.0
DVT,2024-07-12,109.0,87.0
DVT,2024-07-13,108.0,88.0
DVT,2024-07-14,106.0,76.0
DVT,2024-07-15,105.0,82.0
DVT,2024-07-16,106.0,86.0
DVT,2024-07-17,108.0,88.0
DVT,2024-07-18,107.0,86.0
DVT,2024-07-19,110.0,89.0
DVT,2024-07-20,110.0,89.0
DVT,2024-07-21,105.0,81.0
DVT,2024-07-22,105.0,80.0
DVT,2024-07-23,107.0,88.0
DVT,2024-07-24,110.0,90.0
DVT,2024-07-25,107.0,79.0
DVT,2024-07-26,92.0,80.0
DVT,2024-07-27,107.0,86.0
DVT,2024-07-28,105.0,85.0
DVT,2024-07-29,106.0,85.0
DVT,2024-07-30,105.0,87.0
DVT,2024-07-31,106.0,84.0
DVT,2024-08-01,102.0,86.0
DVT,2024-08-02,107.0,88.0
DVT,2024-08-03,110.0,88.0
DVT,2024-08-04,112.0,90.0
DVT,2024-08-05,108.0,89.0
DVT,2024-08-06,106.0,89.0
DVT,2024-08-07,100.0,81.0
DVT,2024-08-08,104.0,80.0
DVT,2024-08-09,103.0,81.0
DVT,2024-08-10,107.0,87.0
DVT,2024-08-11,100.0,84.0
DVT,2024-08-12,102.0,83.0
DVT,2024-08-13,103.0,87.0
DVT,2024-08-14,104.0,87.0
DVT,2024-08-15,106.0,82.0
DVT,2024-08-16,107.0,84.0
DVT,2024-08-17,107.0,88.0
DVT,2024-08-18,96.8,75.0
DVT,2024-08-19,107.0,83.0
DVT,2024-08-20,108.0,86.0
DVT,2024-08-21,100.0,87.0
DVT,2024-08-22,101.0,85.0
DVT,2024-08-23,103.0,84.0
DVT,2024-08-24,86.0,82.0
DVT,2024-08-25,102.0,80.0
DVT,2024-08-26,105.0,76.0
DVT,2024-08-27,104.0,93.0
DVT,2024-08-28,99.0,86.0
DVT,2024-08-29,105.0,83.0
DVT,2024-08-30,104.0,81.0
DVT,2024-08-31,104.0,85.0
DVT,2024-09-01,104.0,82.0
DVT,2024-09-02,103.0,83.0
DVT,2024-09-03,103.0,81.0
DVT,2024-09-04,106.0,83.0
DVT,2024-09-05,110.0,84.0
DVT,2024-09-06,105.0,90.0
DVT,2024-09-07,104.0,87.0
DVT,2024-09-08,105.0,87.0
DVT,2024-09-09,104.0,81.0
DVT,2024-09-10,105.0,81.0
DVT,2024-09-11,103.0,77.0
DVT,2024-09-12,103.0,80.0
DVT,2024-09-13,81.0,71.0
DVT,2024-09-14,90.0,83.0
DVT,2024-09-15,99.0,77.0
DVT,2024-09-16,95.0,76.0
DVT,2024-09-17,80.0,73.0
DVT,2024-09-18,90.0,68.0
DVT,2024-09-19,93.0,66.0
DVT,2024-09-20,90.0,71.0
DVT,2024-09-21,83.0,73.0
DVT,2024-09-22,95.0,69.0
DVT,2024-09-23,100.0,73.0
DVT,2024-09-24,102.0,77.0
DVT,2024-09-25,106.0,76.0
DVT,2024-09-26,105.0,83.0
DVT,2024-09-27,108.0,79.0
DVT,2024-09-28,111.0,84.0
DVT,2024-09-29,107.0,84.0
DVT,2024-09-30,104.0,80.0
DVT,2024-10-01,107.0,79.0
DVT,2024-10-02,101.0,82.0
DVT,2024-10-03,104.0,76.0
DVT,2024-10-04,106.0,76.0
DVT,2024-10-05,104.0,76.0
DVT,2024-10-06,106.0,76.0
DVT,2024-10-07,103.0,79.0
DVT,2024-10-08,84.0,78.0
DVT,2024-10-09,89.0,82.0
DVT,2024-10-10,83.0,77.0
DVT,2024-10-11,101.0,72.0
DVT,2024-10-12,101.0,68.0
DVT,2024-10-13,99.0,70.0
DVT,2024-10-14,97.0,71.0
DVT,2024-10-15,83.0,73.0
DVT,2024-10-16,94.0,66.0
DVT,2024-10-17,84.0,65.0
DVT,2024-10-18,73.0,56.0
DVT,2024-10-19,69.0,55.0
DVT,2024-10-20,77.0,57.0
DVT,2024-10-21,84.0,58.0
DVT,2024-10-22,92.0,59.0
DVT,2024-10-23,93.0,66.0
DVT,2024-10-24,91.0,62.0
DVT,2024-10-25,92.0,61.0
DVT,2024-10-26,94.0,61.0
DVT,2024-10-27,92.0,66.0
DVT,2024-10-28,87.0,59.0
DVT,2024-10-29,70.0,56.0
DVT,2024-10-30,72.0,50.0
DVT,2024-10-31,76.0,50.0
DVT,2024-11-01,78.0,53.0
DVT,2024-11-02,75.0,50.0
DVT,2024-11-03,68.0,53.0
DVT,2024-11-04,70.0,51.0
DVT,2024-11-05,69.0,48.0
DVT,2024-11-06,67.0,49.0
DVT,2024-11-07,64.0,48.0
DVT,2024-11-08,65.0,43.0
DVT,2024-11-09,72.0,46.0
DVT,2024-11-10,80.0,49.0
DVT,2024-11-11,78.0,50.0
DVT,2024-11-12,72.0,51.0
DVT,2024-11-13,76.0,49.0
DVT,2024-11-14,81.0,51.0
DVT,2024-11-16,59.0,46.0
DVT,2024-11-17,68.0,42.0
DVT,2024-11-18,64.0,44.0
DVT,2024-11-19,68.0,45.0
DVT,2024-11-20,75.0,48.0
DVT,2024-11-21,80.0,51.0
DVT,2024-11-22,79.0,49.0
DVT,2024-11-23,75.0,49.0
DVT,2024-11-24,72.0,48.0
DVT,2024-11-25,73.0,52.0
DVT,2024-11-26,75.0,53.0
DVT,2024-11-27,73.0,53.0
DVT,2024-11-28,70.0,51.0
DVT,2024-11-29,73.0,52.0
DVT,2024-11-30,76.0,51.0
DVT,2024-12-01,75.0,47.0
DVT,2024-12-02,78.0,50.0
DVT,2024-12-03,79.0,53.0
DVT,2024-12-04,73.0,49.0
DVT,2024-12-05,75.0,51.0
DVT,2024-12-06,77.0,54.0
DVT,2024-12-07,73.0,52.0
DVT,2024-12-08,70.0,46.0
DVT,2024-12-09,69.0,46.0
DVT,2024-12-10,63.0,44.0
DVT,2024-12-11,68.0,42.0
DVT,2024-12-12,70.0,48.0
DVT,2024-12-13,64.0,44.0
DVT,2024-12-14,67.0,44.0
DVT,2024-12-15,69.0,40.0
DVT,2024-12-16,71.0,41.0
DVT,2024-12-17,70.0,42.0
DVT,2024-12-18,81.0,48.0
DVT,2024-12-19,79.0,54.0
DVT,2024-12-20,80.0,53.0
DVT,2024-12-21,75.0,46.0
DVT,2024-12-22,72.0,44.0
DVT,2024-12-23,73.0,50.0
DVT,2024-12-24,74.0,47.0
DVT,2024-12-25,65.0,44.0
DVT,2024-12-26,61.0,45.0
DVT,2024-12-27,64.0,43.0
DVT,2024-12-28,66.0,45.0
DVT,2024-12-29,72.0,45.0
DVT,2024-12-30,70.0,47.0
DVT,2024-12-31,68.0,43.0
DVT,2025-01-01,68.0,42.0
DVT,2025-01-02,73.0,44.0
DVT,2025-01-03,75.0,49.0
DVT,2025-01-04,68.0,44.0
DVT,2025-01-05,66.0,40.0
DVT,2025-01-06,67.0,43.0
DVT,2025-01-07,68.0,43.0
DVT,2025-01-08,65.0,44.0
DVT,2025-01-09,62.0,37.0
DVT,2025-01-10,61.0,42.0
DVT,2025-01-11,59.0,35.0
DVT,2025-01-12,60.0,38.0
DVT,2025-01-13,58.0,34.0
DVT,2025-01-14,64.0,33.0
DVT,2025-01-15,71.0,41.0
DVT,2025-01-16,71.0,48.0
DVT,2025-01-17,62.0,43.0
DVT,2025-01-18,62.0,36.0
DVT,2025-01-19,61.0,40.0
DVT,2025-01-20,63.0,36.0
DVT,2025-01-21,57.0,33.0
DVT,2025-01-22,59.0,35.0
DVT,2025-01-23,61.0,42.0
DVT,2025-01-24,65.0,40.0
DVT,2025-01-25,64.0,41.0
DVT,2025-01-26,65.0,40.0
DVT,2025-01-27,57.0,44.0
DVT,2025-01-28,57.0,41.0
DVT,2025-01-29,53.0,41.0
DVT,2025-01-30,58.0,37.0
DVT,2025-01-31,64.0,39.0
DVT,2025-02-01,70.0,43.0
DVT,2025-02-02,76.0,51.0
DVT,2025-02-03,82.0,52.0
DVT,2025-02-04,81.0,55.0
DVT,2025-02-05,75.0,55.0
DVT,2025-02-06,74.0,50.0
DVT,2025-02-07,73.0,50.0
DVT,2025-02-08,73.0,52.0
DVT,2025-02-09,72.0,49.0
DVT,2025-02-10,74.0,50.0
DVT,2025-02-11,64.0,47.0
DVT,2025-02-12,58.0,47.0
DVT,2025-02-13,65.0,46.0
DVT,2025-02-14,68.0,53.0
DVT,2025-02-15,67.0,43.0
DVT,2025-02-16,71.0,48.0
DVT,2025-02-17,72.0,49.0
DVT,2025-02-18,73.0,47.0
DVT,2025-02-19,74.0,49.0
DVT,2025-02-20,74.0,48.0
DVT,2025-02-21,73.0,51.0
DVT,2025-02-22,76.0,49.0
DVT,2025-02-23,77.0,49.0
DVT,2025-02-24,82.0,49.0
DVT,2025-02-25,85.0,53.0
DVT,2025-02-26,85.0,55.0
DVT,2025-02-27,80.0,60.0
DVT,2025-02-28,79.0,57.0
DVT,2025-03-01,80.0,53.0
DVT,2025-03-02,75.0,51.0
DVT,2025-03-03,60.0,48.0
DVT,2025-03-04,67.0,42.0
DVT,2025-03-05,71.0,49.0
DVT,2025-03-06,67.0,57.0
DVT,2025-03-07,57.0,44.0
DVT,2025-03-08,64.0,43.0
DVT,2025-03-09,73.0,46.0
DVT,2025-03-10,79.0,53.0
DVT,2025-03-11,76.0,56.0
DVT,2025-03-12,68.0,53.0
DVT,2025-03-13,67.0,47.0
DVT,2025-03-14,52.0,41.0
DVT,2025-03-15,64.0,44.0
DVT,2025-03-16,70.0,46.0
DVT,2025-03-17,77.0,54.0
DVT,2025-03-18,68.0,53.0
DVT,2025-03-19,70.0,50.0
DVT,2025-03-20,76.0,48.0
DVT,2025-03-21,78.0,51.0
DVT,2025-03-22,82.0,53.0
DVT,2025-03-23,82.0,56.0
DVT,2025-03-24,90.0,62.0
DVT,2025-03-25,95.0,65.0
DVT,2025-03-26,88.0,66.0
DVT,2025-03-27,87.0,61.0
DVT,2025-03-28,77.0,59.0
DVT,2025-03-29,76.0,58.0
DVT,2025-03-30,78.0,54.0
DVT,2025-03-31,77.0,59.0
DVT,2025-04-01,71.0,55.0
DVT,2025-04-02,62.0,48.0
DVT,2025-04-03,65.0,47.0
DVT,2025-04-04,67.0,49.0
DVT,2025-04-05,75.0,48.0
DVT,2025-04-06,77.0,52.0
DVT,2025-04-07,82.0,53.0
DVT,2025-04-08,87.0,60.0
DVT,2025-04-09,91.0,61.0
DVT,2025-04-10,94.0,64.0
DVT,2025-04-11,97.0,66.0
DVT,2025-04-12,94.0,62.0
DVT,2025-04-13,88.0,66.0
DVT,2025-04-14,87.0,66.0
DVT,2025-04-15,88.0,66.0
DVT,2025-04-16,87.0,64.0
DVT,2025-04-17,75.0,60.0
DVT,2025-04-18,72.0,50.0
DVT,2025-04-19,70.0,47.0
DVT,2025-04-20,80.0,53.0
DVT,2025-04-21,85.0,57.0
DVT,2025-04-22,87.0,59.0
DVT,2025-04-23,85.0,60.0
DVT,2025-04-24,85.0,59.0
DVT,2025-04-25,87.0,62.0
DVT,2025-04-26,78.0,55.0
DVT,2025-04-27,73.0,56.0
DVT,2025-04-28,75.0,52.0
DVT,2025-04-29,82.0,56.0
DVT,2025-04-30,86.0,59.0
DVT,2025-05-01,88.0,60.0
DVT,2025-05-02,89.0,62.0
DVT,2025-05-03,91.0,66.0
DVT,2025-05-04,79.0,61.0
DVT,2025-05-05,67.0,55.0
DVT,2025-05-06,70.0,57.2
DVT,2025-05-07,80.0,61.0
DVT,2025-05-08,91.0,62.0
DVT,2025-05-09,98.0,70.0
DVT,2025-05-10,99.0,75.0
DVT,2025-05-11,97.0,74.0
DVT,2025-05-12,96.0,75.0
DVT,2025-05-13,85.0,70.0
DVT,2025-05-14,80.0,60.0
DVT,2025-05-15,86.0,59.0
DVT,2025-05-16,89.0,61.0
DVT,2025-05-17,88.0,64.0
DVT,2025-05-18,82.0,62.0
DVT,2025-05-19,91.0,63.0
DVT,2025-05-20,95.0,66.0
DVT,2025-05-21,98.0,68.0
DVT,2025-05-22,100.0,70.0
DVT,2025-05-23,98.0,70.0
DVT,2025-05-24,95.0,71.0
DVT,2025-05-25,92.0,68.0
DVT,2025-05-26,94.0,65.0
DVT,2025-05-27,96.0,66.0
DVT,2025-05-28,98.0,65.0
DVT,2025-05-29,94.0,69.0
DVT,2025-05-30,100.0,67.0
DVT,2025-05-31,99.0,78.0
DVT,2025-06-01,86.0,68.0
DVT,2025-06-02,85.0,63.0
DVT,2025-06-03,91.0,72.0
DVT,2025-06-04,92.0,71.0
DVT,2025-06-05,95.0,74.0
DVT,2025-06-06,98.0,74.0
DVT,2025-06-07,100.0,70.0
DVT,2025-06-08,104.0,70.0
DVT,2025-06-09,104.0,73.0
DVT,2025-06-10,103.0,75.0
DVT,2025-06-11,105.0,76.0
DVT,2025-06-12,103.0,75.0
DVT,2025-06-13,101.0,75.0
DVT,2025-06-14,104.0,74.0
DVT,2025-06-15,110.0,76.0
DVT,2025-06-16,110.0,77.0
DVT,2025-06-17,106.0,79.0
DVT,2025-06-18,108.0,75.0
DVT,2025-06-19,110.0,77.0
DVT,2025-06-20,105.0,76.0
DVT,2025-06-21,101.0,80.0
DVT,2025-06-22,94.0,71.0
DVT,2025-06-23,97.0,74.0
DVT,2025-06-24,98.0,70.0
DVT,2025-06-25,99.0,71.0
DVT,2025-06-26,101.0,73.0
DVT,2025-06-27,103.0,74.0
DVT,2025-06-28,106.0,77.0
DVT,2025-06-29,111.0,78.0
DVT,2025-06-30,113.0,83.0
DVT,2025-07-01,107.0,89.0
DVT,2025-07-02,105.0,75.0
DVT,2025-07-03,99.0,75.0
DVT,2025-07-04,99.0,76.0
DVT,2025-07-05,102.0,81.0
DVT,2025-07-06,107.0,79.0
DVT,2025-07-07,107.0,84.0
DVT,2025-07-08,109.0,87.0
DVT,2025-07-09,115.0,84.0
DVT,2025-07-10,110.0,83.0
DVT,2025-07-11,106.0,87.0
DVT,2025-07-12,104.0,84.0
DVT,2025-07-13,104.0,86.0
DVT,2025-07-14,103.0,85.0
DVT,2025-07-15,103.0,85.0
DVT,2025-07-16,95.0,76.0
DVT,2025-07-17,97.0,80.0
DVT,2025-07-18,103.0,82.0
DVT,2025-07-19,104.0,82.0
DVT,2025-07-20,92.0,86.0
DVT,2025-07-21,99.0,82.0
DVT,2025-07-22,96.0,83.0
DVT,2025-07-23,100.0,83.0
DVT,2025-07-24,103.0,74.0
DVT,2025-07-25,104.0,76.0
DVT,2025-07-26,103.0,73.0
DVT,2025-07-27,105.0,75.0
DVT,2025-07-28,109.0,79.0
DVT,2025-07-29,107.0,84.0
DVT,2025-07-30,107.0,81.0
DVT,2025-07-31,106.0,86.0
DVT,2025-08-01,107.0,88.0
DVT,2025-08-02,110.0,85.0
DVT,2025-08-03,108.0,75.0
DVT,2025-08-04,107.0,80.0
DVT,2025-08-05,110.0,84.0
DVT,2025-08-06,112.0,85.0
DVT,2025-08-07,114.0,89.0
DVT,2025-08-08,111.0,84.0
DVT,2025-08-09,108.0,88.0
DVT,2025-08-10,104.0,87.0
DVT,2025-08-11,109.0,88.0
DVT,2025-08-12,108.0,88.0
DVT,2025-08-13,106.0,85.0
DVT,2025-08-14,104.0,75.0
DVT,2025-08-15,97.0,73.0
DVT,2025-08-16,100.0,79.0
DVT,2025-08-17,101.0,77.0
DVT,2025-08-18,105.0,78.0
DVT,2025-08-19,105.0,81.0
DVT,2025-08-20,108.0,85.0
DVT,2025-08-21,109.0,91.0
DVT,2025-08-22,108.0,89.0
DVT,2025-08-23,107.0,90.0
DVT,2025-08-24,106.0,88.0
DVT,2025-08-25,100.0,76.0
DVT,2025-08-26,94.0,73.0
DVT,2025-08-27,98.0,76.0
DVT,2025-08-28,102.0,82.0
DVT,2025-08-29,100.0,78.0
DVT,2025-08-30,102.0,81.0
DVT,2025-08-31,107.0,82.0
DVT,2025-09-01,103.0,84.0
DVT,2025-09-02,104.0,88.0
DVT,2025-09-03,102.0,73.0
DVT,2025-09-04,91.0,76.0
DVT,2025-09-05,94.0,76.0
DVT,2025-09-06,97.0,80.0
DVT,2025-09-07,99.0,81.0
DVT,2025-09-08,101.0,80.0
DVT,2025-09-09,102.0,81.0
DVT,2025-09-10,103.0,81.0
DVT,2025-09-11,97.0,76.0
DVT,2025-09-12,96.0,75.0
DVT,2025-09-13,93.0,72.0
DVT,2025-09-14,96.0,69.0
DVT,2025-09-15,100.0,75.0
DVT,2025-09-16,103.0,77.0
DVT,2025-09-17,97.0,82.0
DVT,2025-09-18,95.0,74.0
DVT,2025-09-19,91.0,72.0
DVT,2025-09-20,97.0,75.0
DVT,2025-09-21,95.0,78.0
DVT,2025-09-22,87.0,75.0
DVT,2025-09-23,98.0,74.0
DVT,2025-09-24,102.0,80.0
DVT,2025-09-25,102.0,84.0
DVT,2025-09-26,87.8,68.0
DVT,2025-09-27,84.0,66.0
DVT,2025-09-28,86.0,68.0
DVT,2025-09-29,88.0,68.0
DVT,2025-09-30,91.0,71.0
DVT,2025-10-01,92.0,72.0
DVT,2025-10-02,97.0,70.0
DVT,2025-10-03,96.0,72.0
DVT,2025-10-04,84.0,67.0
DVT,2025-10-05,85.0,62.0
DVT,2025-10-06,91.0,65.0
DVT,2025-10-07,95.0,63.0
DVT,2025-10-08,97.0,66.0
DVT,2025-10-09,90.0,71.0
DVT,2025-10-10,86.0,71.0
DVT,2025-10-11,80.0,68.0
DVT,2025-10-12,80.0,68.0
DVT,2025-10-13,82.0,69.0
DVT,2025-10-14,83.0,64.0
DVT,2025-10-15,77.0,62.0
DVT,2025-10-16,78.0,57.0
DVT,2025-10-17,80.0,56.0
DVT,2025-10-18,83.0,57.0
DVT,2025-10-19,87.0,58.0
DVT,2025-10-20,85.0,61.0
DVT,2025-10-21,88.0,60.0
DVT,2025-10-22,87.0,67.0
DVT,2025-10-23,81.0,58.0
DVT,2025-10-24,82.0,58.0
DVT,2025-10-25,84.0,60.0
DVT,2025-10-26,85.0,60.0
DVT,2025-10-27,86.0,59.0
DVT,2025-10-28,91.0,60.0
DVT,2025-10-29,89.0,64.0
DVT,2025-10-30,86.0,65.0
DVT,2025-10-31,85.0,58.0
DVT,2025-11-01,85.0,56.0
DVT,2025-11-02,87.0,56.0
DVT,2025-11-03,86.0,59.0
DVT,2025-11-04,87.0,57.0
DVT,2025-11-05,86.0,56.0
DVT,2025-11-06,83.0,56.0
DVT,2025-11-07,83.0,57.0
DVT,2025-11-08,83.0,56.0
DVT,2025-11-09,89.0,58.0
DVT,2025-11-10,86.0,61.0
DVT,2025-11-11,84.0,58.0
DVT,2025-11-12,83.0,58.0
DVT,2025-11-13,85.0,60.0
DVT,2025-11-14,86.0,57.0
DVT,2025-11-15,81.0,55.0
DVT,2025-11-16,71.0,53.0
DVT,2025-11-17,71.0,50.0
DVT,2025-11-18,66.0,58.0
DVT,2025-11-19,63.0,51.0
DVT,2025-11-20,63.0,52.0
DVT,2025-11-21,65.0,52.0
DVT,2025-11-22,71.0,55.0
DVT,2025-11-23,62.0,52.0
DVT,2025-11-24,66.0,49.0
DVT,2025-11-25,71.0,48.0
DVT,2025-11-26,75.0,51.0
DVT,2025-11-27,77.0,51.0
DVT,2025-11-28,74.0,50.0
DVT,2025-11-29,71.0,47.0
DVT,2025-11-30,70.0,46.0
DVT,2025-12-01,69.0,49.0
DVT,2025-12-02,67.0,46.0
DVT,2025-12-03,64.0,43.0
DVT,2025-12-04,64.0,42.0
DVT,2025-12-05,64.0,40.0
DVT,2025-12-06,66.0,40.0
DVT,2025-12-07,69.0,42.0
DVT,2025-12-08,72.0,46.0
DVT,2025-12-09,74.0,46.0
DVT,2025-12-10,73.0,46.0
DVT,2025-12-11,77.0,50.0
DVT,2025-12-12,77.0,48.0
DVT,2025-12-13,76.0,48.0
DVT,2025-12-14,82.0,49.0
DVT,2025-12-15,81.0,53.0
DVT,2025-12-16,74.0,47.0
DVT,2025-12-17,73.0,48.0
DVT,2025-12-18,73.0,48.0
DVT,2025-12-19,76.0,50.0
DVT,2025-12-20,75.0,48.0
DVT,2025-12-21,79.0,48.0
DVT,2025-12-22,79.0,50.0
DVT,2025-12-23,78.0,51.0
DVT,2025-12-24,70.0,59.0
DVT,2025-12-25,71.0,59.0
DVT,2025-12-26,69.0,54.0
DVT,2025-12-27,68.0,50.0
DVT,2025-12-28,67.0,45.0
DVT,2025-12-29,75.0,48.0
DVT,2025-12-30,74.0,49.0
DVT,2025-12-31,66.0,54.0
SDL,2016-01-01,66.0,35.0
SDL,2016-01-02,69.0,43.0
SDL,2016-01-03,69.0,46.0
SDL,2016-01-04,65.0,51.0
SDL,2016-01-05,55.0,51.0
SDL,2016-01-06,57.0,48.0
SDL,2016-01-07,50.0,45.0
SDL,2016-01-08,53.0,44.0
SDL,2016-01-09,56.0,37.0
SDL,2016-01-10,55.0,40.0
SDL,2016-01-11,59.0,36.0
SDL,2016-01-12,65.0,34.0
SDL,2016-01-13,65.0,37.0
SDL,2016-01-14,61.0,37.0
SDL,2016-01-15,57.0,41.0
SDL,2016-01-16,60.0,36.0
SDL,2016-01-17,66.0,37.0
SDL,2016-01-18,68.0,41.0
SDL,2016-01-19,67.0,41.0
SDL,2016-01-20,68.0,44.0
SDL,2016-01-21,69.0,47.0
SDL,2016-01-22,73.0,43.0
SDL,2016-01-23,72.0,45.0
SDL,2016-01-24,64.0,43.0
SDL,2016-01-25,65.0,44.0
SDL,2016-01-26,67.0,50.0
SDL,2016-01-27,69.0,45.0
SDL,2016-01-28,71.0,42.0
SDL,2016-01-29,70.0,43.0
SDL,2016-01-30,71.0,44.0
SDL,2016-01-31,71.0,48.0
SDL,2016-02-01,54.0,42.0
SDL,2016-02-02,52.0,35.0
SDL,2016-02-03,55.0,31.0
SDL,2016-02-04,62.0,32.0
SDL,2016-02-05,68.0,41.0
SDL,2016-02-06,73.0,39.0
SDL,2016-02-07,78.0,42.0
SDL,2016-02-08,82.0,51.0
SDL,2016-02-09,83.0,58.0
SDL,2016-02-10,82.0,50.0
SDL,2016-02-11,82.0,50.0
SDL,2016-02-12,84.0,49.0
SDL,2016-02-13,83.0,50.0
SDL,2016-02-14,79.0,47.0
SDL,2016-02-15,83.0,49.0
SDL,2016-02-16,84.0,52.0
SDL,2016-02-17,85.0,52.0
SDL,2016-02-18,80.0,56.0
SDL,2016-02-19,79.0,55.0
SDL,2016-02-20,83.0,49.0
SDL,2016-02-21,82.0,50.0
SDL,2016-02-22,81.0,50.0
SDL,2016-02-23,71.0,53.0
SDL,2016-02-24,74.0,48.0
SDL,2016-02-25,82.0,47.0
SDL,2016-02-26,86.0,52.0
SDL,2016-02-27,84.0,51.0
SDL,2016-02-28,83.0,51.0
SDL,2016-02-29,84.0,55.0
SDL,2016-03-01,85.0,54.0
SDL,2016-03-02,86.0,54.0
SDL,2016-03-03,86.0,55.0
SDL,2016-03-04,85.0,54.0
SDL,2016-03-05,79.0,55.0
SDL,2016-03-06,77.0,61.0
SDL,2016-03-07,67.0,50.0
SDL,2016-03-08,70.0,49.0
SDL,2016-03-09,78.0,49.0
SDL,2016-03-10,83.0,51.0
SDL,2016-03-11,84.0,52.0
SDL,2016-03-12,69.0,53.0
SDL,2016-03-13,75.0,47.0
SDL,2016-03-14,76.0,54.0
SDL,2016-03-15,84.0,54.0
SDL,2016-03-16,85.0,53.0
SDL,2016-03-17,86.0,53.0
SDL,2016-03-18,86.0,52.0
SDL,2016-03-19,87.0,56.0
SDL,2016-03-20,89.0,58.0
SDL,2016-03-21,89.0,57.0
SDL,2016-03-22,79.0,63.0
SDL,2016-03-23,75.0,54.0
SDL,2016-03-24,78.0,47.0
SDL,2016-03-25,83.0,51.0
SDL,2016-03-26,84.0,56.0
SDL,2016-03-27,83.0,53.0
SDL,2016-03-28,81.0,60.0
SDL,2016-03-29,69.0,54.0
SDL,2016-03-30,67.0,51.0
SDL,2016-03-31,71.0,47.0
SDL,2016-04-01,77.0,52.0
SDL,2016-04-02,82.0,53.0
SDL,2016-04-03,87.0,55.9
SDL,2016-04-04,90.0,55.0
SDL,2016-04-05,90.0,58.0
SDL,2016-04-06,97.0,66.0
SDL,2016-04-07,89.0,68.0
SDL,2016-04-08,80.0,61.0
SDL,2016-04-09,79.0,62.0
SDL,2016-04-10,70.0,55.0
SDL,2016-04-11,76.0,53.0
SDL,2016-04-12,80.0,57.0
SDL,2016-04-13,85.0,60.0
SDL,2016-04-14,87.0,60.0
SDL,2016-04-15,80.0,61.0
SDL,2016-04-16,80.0,55.0
SDL,2016-04-17,81.0,64.0
SDL,2016-04-18,84.0,58.0
SDL,2016-04-19,89.0,58.0
SDL,2016-04-20,92.0,61.0
SDL,2016-04-21,94.0,62.0
SDL,2016-04-22,94.0,65.0
SDL,2016-04-23,85.0,66.0
SDL,2016-04-24,86.0,59.0
SDL,2016-04-25,78.0,66.0
SDL,2016-04-26,75.0,56.0
SDL,2016-04-27,81.0,55.0
SDL,2016-04-28,73.0,61.0
SDL,2016-04-29,79.0,63.0
SDL,2016-04-30,80.0,59.0
SDL,2016-05-01,78.0,55.0
SDL,2016-05-02,85.0,60.0
SDL,2016-05-03,94.0,64.0
SDL,2016-05-04,100.0,66.0
SDL,2016-05-05,95.0,70.0
SDL,2016-05-06,77.0,61.0
SDL,2016-05-07,76.0,57.0
SDL,2016-05-08,79.0,60.0
SDL,2016-05-09,84.0,59.0
SDL,2016-05-10,89.0,65.0
SDL,2016-05-11,93.0,65.0
SDL,2016-05-12,99.0,66.0
SDL,2016-05-13,101.0,69.0
SDL,2016-05-14,99.0,72.0
SDL,2016-05-15,92.0,71.0
SDL,2016-05-16,89.0,69.0
SDL,2016-05-17,88.0,69.0
SDL,2016-05-18,86.0,70.0
SDL,2016-05-19,91.0,64.0
SDL,2016-05-20,96.0,71.0
SDL,2016-05-21,90.0,70.0
SDL,2016-05-22,86.0,65.0
SDL,2016-05-23,87.0,64.0
SDL,2016-05-24,88.0,65.0
SDL,2016-05-25,89.0,61.0
SDL,2016-05-26,84.0,63.0
SDL,2016-05-27,91.0,65.0
SDL,2016-05-28,95.0,67.0
SDL,2016-05-29,96.0,67.0
SDL,2016-05-30,92.0,66.0
SDL,2016-05-31,97.0,65.0
SDL,2016-06-01,100.0,73.0
SDL,2016-06-02,106.0,76.0
SDL,2016-06-03,111.0,74.0
SDL,2016-06-04,113.0,76.0
SDL,2016-06-05,112.0,78.0
SDL,2016-06-06,108.0,79.0
SDL,2016-06-07,104.0,79.0
SDL,2016-06-08,104.0,78.0
SDL,2016-06-09,102.0,81.0
SDL,2016-06-10,97.0,79.0
SDL,2016-06-11,98.0,76.0
SDL,2016-06-12,100.0,73.0
SDL,2016-06-13,96.0,78.0
SDL,2016-06-14,98.0,72.0
SDL,2016-06-15,99.0,72.0
SDL,2016-06-16,99.0,76.0
SDL,2016-06-17,103.0,75.0
SDL,2016-06-18,109.0,73.0
SDL,2016-06-19,117.0,79.0
SDL,2016-06-20,114.0,86.0
SDL,2016-06-21,108.0,88.0
SDL,2016-06-22,109.0,88.0
SDL,2016-06-23,109.0,87.0
SDL,2016-06-24,107.0,85.0
SDL,2016-06-25,106.0,85.0
SDL,2016-06-26,104.0,87.0
SDL,2016-06-27,108.0,86.0
SDL,2016-06-28,110.0,87.0
SDL,2016-06-29,104.0,75.0
SDL,2016-06-30,85.0,78.0
SDL,2016-07-01,93.0,76.0
SDL,2016-07-02,101.0,81.0
SDL,2016-07-03,105.0,84.0
SDL,2016-07-04,107.0,83.0
SDL,2016-07-05,106.0,84.0
SDL,2016-07-06,104.0,81.0
SDL,2016-07-07,104.0,84.0
SDL,2016-07-08,106.0,82.0
SDL,2016-07-09,108.0,85.0
SDL,2016-07-10,108.0,86.0
SDL,2016-07-11,106.0,82.0
SDL,2016-07-12,107.0,81.0
SDL,2016-07-13,107.0,82.0
SDL,2016-07-14,109.0,86.0
SDL,2016-07-15,109.0,87.0
SDL,2016-07-16,106.0,88.0
SDL,2016-07-17,102.0,89.0
SDL,2016-07-18,104.0,80.0
SDL,2016-07-19,106.0,86.0
SDL,2016-07-20,107.0,86.0
SDL,2016-07-21,109.0,87.0
SDL,2016-07-22,111.0,90.0
SDL,2016-07-23,110.0,87.0
SDL,2016-07-24,106.0,88.0
SDL,2016-07-25,106.0,88.0
SDL,2016-07-26,110.0,94.0
SDL,2016-07-27,111.0,90.0
SDL,2016-07-28,110.0,88.0
SDL,2016-07-29,110.0,79.0
SDL,2016-07-30,100.0,81.0
SDL,2016-07-31,101.0,83.0
SDL,2016-08-01,98.0,79.0
SDL,2016-08-02,97.0,75.0
SDL,2016-08-03,97.0,79.0
SDL,2016-08-04,99.0,83.0
SDL,2016-08-05,97.0,70.0
SDL,2016-08-06,104.0,81.0
SDL,2016-08-07,107.0,84.0
SDL,2016-08-08,107.0,85.0
SDL,2016-08-09,96.0,78.0
SDL,2016-08-10,99.0,81.0
SDL,2016-08-11,96.0,75.0
SDL,2016-08-12,103.0,83.0
SDL,2016-08-13,105.0,82.0
SDL,2016-08-14,103.0,83.0
SDL,2016-08-15,107.0,86.0
SDL,2016-08-16,109.0,85.0
SDL,2016-08-17,107.0,89.0
SDL,2016-08-18,103.0,85.0
SDL,2016-08-19,102.0,80.0
SDL,2016-08-20,98.0,79.0
SDL,2016-08-21,99.0,79.0
SDL,2016-08-22,98.0,78.0
SDL,2016-08-23,93.0,71.0
SDL,2016-08-24,100.0,75.0
SDL,2016-08-25,100.0,75.9
SDL,2016-08-26,96.1,76.0
SDL,2016-08-27,95.0,78.0
SDL,2016-08-28,97.0,72.0
SDL,2016-08-29,103.0,78.0
SDL,2016-08-30,106.0,80.0
SDL,2016-08-31,103.0,87.0
SDL,2016-09-01,101.0,85.0
SDL,2016-09-02,102.0,82.0
SDL,2016-09-03,103.0,82.0
SDL,2016-09-04,99.0,76.0
SDL,2016-09-05,100.0,73.0
SDL,2016-09-06,98.0,76.0
SDL,2016-09-07,87.0,76.0
SDL,2016-09-08,94.0,74.0
SDL,2016-09-09,102.0,77.0
SDL,2016-09-10,102.0,77.0
SDL,2016-09-11,102.0,77.0
SDL,2016-09-12,97.0,81.0
SDL,2016-09-13,96.0,78.0
SDL,2016-09-14,96.0,75.0
SDL,2016-09-15,95.0,69.0
SDL,2016-09-16,95.0,65.0
SDL,2016-09-17,98.0,65.0
SDL,2016-09-18,102.0,68.0
SDL,2016-09-19,99.0,69.0
SDL,2016-09-20,89.0,77.0
SDL,2016-09-21,97.0,76.0
SDL,2016-09-22,84.0,74.0
SDL,2016-09-23,85.0,66.0
SDL,2016-09-24,89.0,59.0
SDL,2016-09-25,95.0,72.0
SDL,2016-09-26,90.0,76.0
SDL,2016-09-27,87.0,72.0
SDL,2016-09-28,94.0,73.0
SDL,2016-09-29,92.0,76.0
SDL,2016-09-30,95.0,71.0
SDL,2016-10-01,94.0,72.0
SDL,2016-10-02,82.0,71.0
SDL,2016-10-03,83.0,67.0
SDL,2016-10-04,83.0,59.0
SDL,2016-10-05,86.0,59.0
SDL,2016-10-06,88.0,64.0
SDL,2016-10-07,95.0,62.0
SDL,2016-10-08,96.0,74.0
SDL,2016-10-09,95.0,70.0
SDL,2016-10-10,93.0,70.0
SDL,2016-10-11,93.0,67.0
SDL,2016-10-12,90.0,65.0
SDL,2016-10-13,91.0,62.0
SDL,2016-10-14,93.0,62.0
SDL,2016-10-15,92.0,63.0
SDL,2016-10-16,90.0,63.0
SDL,2016-10-17,88.0,64.0
SDL,2016-10-18,88.0,64.0
SDL,2016-10-19,91.0,63.0
SDL,2016-10-20,96.0,60.0
SDL,2016-10-21,94.0,71.0
SDL,2016-10-22,95.0,69.0
SDL,2016-10-23,93.0,67.0
SDL,2016-10-24,89.0,69.0
SDL,2016-10-25,89.0,69.0
SDL,2016-10-26,94.0,66.0
SDL,2016-10-27,97.0,69.0
SDL,2016-10-28,92.0,74.0
SDL,2016-10-29,93.0,64.0
SDL,2016-10-30,91.0,67.0
SDL,2016-10-31,83.0,66.0
SDL,2016-11-01,79.0,64.0
SDL,2016-11-02,83.0,57.0
SDL,2016-11-03,83.0,63.0
SDL,2016-11-04,78.0,60.0
SDL,2016-11-05,80.0,60.0
SDL,2016-11-06,82.0,59.0
SDL,2016-11-07,85.0,59.0
SDL,2016-11-08,89.0,66.0
SDL,2016-11-09,84.0,71.0
SDL,2016-11-10,80.0,61.0
SDL,2016-11-11,82.0,66.0
SDL,2016-11-12,83.0,60.0
SDL,2016-11-13,83.0,56.0
SDL,2016-11-14,84.0,55.0
SDL,2016-11-15,85.0,57.0
SDL,2016-11-16,77.0,58.0
SDL,2016-11-17,71.0,56.0
SDL,2016-11-18,76.0,45.0
SDL,2016-11-19,82.0,52.0
SDL,2016-11-20,73.0,60.0
SDL,2016-11-21,66.0,53.0
SDL,2016-11-22,69.0,48.0
SDL,2016-11-23,74.0,48.0
SDL,2016-11-24,78.0,45.0
SDL,2016-11-25,79.0,48.0
SDL,2016-11-26,70.0,56.0
SDL,2016-11-27,63.0,47.0
SDL,2016-11-28,55.0,46.0
SDL,2016-11-29,60.0,40.0
SDL,2016-11-30,61.0,37.0
SDL,2016-12-01,61.0,39.0
SDL,2016-12-02,59.0,44.0
SDL,2016-12-03,69.0,47.0
SDL,2016-12-04,69.0,40.0
SDL,2016-12-05,64.0,41.0
SDL,2016-12-06,63.0,44.0
SDL,2016-12-07,64.0,47.0
SDL,2016-12-08,67.0,43.0
SDL,2016-12-09,70.0,44.0
SDL,2016-12-10,71.0,45.0
SDL,2016-12-11,71.0,49.0
SDL,2016-12-12,72.0,49.0
SDL,2016-12-13,72.0,52.0
SDL,2016-12-14,75.0,49.0
SDL,2016-12-15,74.0,50.0
SDL,2016-12-16,71.0,57.0
SDL,2016-12-17,66.0,45.0
SDL,2016-12-18,62.0,35.0
SDL,2016-12-19,70.0,48.0
SDL,2016-12-20,73.0,49.0
SDL,2016-12-21,70.0,56.0
SDL,2016-12-22,65.0,56.0
SDL,2016-12-23,60.0,51.0
SDL,2016-12-24,60.0,44.0
SDL,2016-12-25,53.0,38.0
SDL,2016-12-26,62.0,35.0
SDL,2016-12-27,70.0,40.0
SDL,2016-12-28,64.0,45.0
SDL,2016-12-29,76.0,48.0
SDL,2016-12-30,70.0,51.0
SDL,2016-12-31,56.0,53.0
SDL,2017-01-01,56.0,50.0
SDL,2017-01-02,56.0,46.0
SDL,2017-01-03,60.1,42.0
SDL,2017-01-04,64.0,44.0
SDL,2017-01-05,65.0,45.0
SDL,2017-01-06,65.0,48.0
SDL,2017-01-07,66.0,41.0
SDL,2017-01-08,74.0,47.0
SDL,2017-01-09,65.0,51.0
SDL,2017-01-10,68.0,48.0
SDL,2017-01-11,64.0,50.0
SDL,2017-01-12,67.0,45.0
SDL,2017-01-13,69.0,53.0
SDL,2017-01-14,73.0,53.0
SDL,2017-01-15,57.0,50.0
SDL,2017-01-16,61.0,48.0
SDL,2017-01-17,63.0,43.0
SDL,2017-01-18,64.0,43.0
SDL,2017-01-19,55.0,45.0
SDL,2017-01-20,51.0,46.0
SDL,2017-01-21,57.0,43.0
SDL,2017-01-22,59.0,41.0
SDL,2017-01-23,60.0,47.0
SDL,2017-01-24,53.0,40.0
SDL,2017-01-25,55.0,35.0
SDL,2017-01-26,57.0,34.0
SDL,2017-01-27,58.0,42.0
SDL,2017-01-28,64.0,35.0
SDL,2017-01-29,72.0,40.0
SDL,2017-01-30,74.0,43.0
SDL,2017-01-31,73.0,41.0
SDL,2017-02-01,73.0,42.0
SDL,2017-02-02,71.0,44.0
SDL,2017-02-03,70.0,45.0
SDL,2017-02-04,74.0,42.0
SDL,2017-02-05,75.0,45.0
SDL,2017-02-06,65.0,54.0
SDL,2017-02-07,70.0,53.0
SDL,2017-02-08,76.0,51.0
SDL,2017-02-09,82.0,54.0
SDL,2017-02-10,82.0,55.0
SDL,2017-02-11,76.0,58.0
SDL,2017-02-12,74.0,60.0
SDL,2017-02-13,72.0,59.0
SDL,2017-02-14,73.0,53.0
SDL,2017-02-15,73.0,55.0
SDL,2017-02-16,74.0,48.0
SDL,2017-02-17,74.0,54.0
SDL,2017-02-18,65.0,49.0
SDL,2017-02-19,57.0,49.0
SDL,2017-02-20,67.0,49.0
SDL,2017-02-21,75.0,50.0
SDL,2017-02-22,75.0,54.0
SDL,2017-02-23,62.0,48.0
SDL,2017-02-24,61.0,40.0
SDL,2017-02-25,64.0,38.0
SDL,2017-02-26,66.0,50.0
SDL,2017-02-27,62.0,47.0
SDL,2017-02-28,64.0,50.0
SDL,2017-03-01,70.0,42.0
SDL,2017-03-02,78.0,41.0
SDL,2017-03-03,77.0,51.0
SDL,2017-03-04,78.0,49.0
SDL,2017-03-05,72.0,55.0
SDL,2017-03-06,65.0,49.0
SDL,2017-03-07,73.0,43.0
SDL,2017-03-08,83.0,47.0
SDL,2017-03-09,86.0,50.0
SDL,2017-03-10,88.0,52.0
SDL,2017-03-11,87.0,55.0
SDL,2017-03-12,87.0,56.0
SDL,2017-03-13,90.0,58.0
SDL,2017-03-14,92.0,59.0
SDL,2017-03-15,90.0,59.0
SDL,2017-03-16,91.0,58.0
SDL,2017-03-17,91.0,60.0
SDL,2017-03-18,93.0,61.0
SDL,2017-03-19,94.0,59.0
SDL,2017-03-20,94.0,64.0
SDL,2017-03-21,95.0,64.0
SDL,2017-03-22,80.0,61.0
SDL,2017-03-23,68.0,53.0
SDL,2017-03-24,77.0,49.0
SDL,2017-03-25,81.0,53.0
SDL,2017-03-26,80.0,51.0
SDL,2017-03-27,81.0,55.0
SDL,2017-03-28,77.0,52.0
SDL,2017-03-29,84.0,54.0
SDL,2017-03-30,87.0,57.0
SDL,2017-03-31,66.0,52.0
SDL,2017-04-01,73.0,48.0
SDL,2017-04-02,80.0,50.0
SDL,2017-04-03,83.0,56.0
SDL,2017-04-04,77.0,54.0
SDL,2017-04-05,84.0,53.0
SDL,2017-04-06,89.0,56.0
SDL,2017-04-07,87.0,60.0
SDL,2017-04-08,85.0,59.0
SDL,2017-04-09,79.0,57.0
SDL,2017-04-10,83.0,54.0
SDL,2017-04-11,87.0,53.0
SDL,2017-04-12,89.0,56.0
SDL,2017-04-13,91.0,60.0
SDL,2017-04-14,87.0,61.0
SDL,2017-04-15,86.0,58.0
SDL,2017-04-16,89.0,57.0
SDL,2017-04-17,90.0,59.0
SDL,2017-04-18,92.0,62.0
SDL,2017-04-19,89.0,66.0
SDL,2017-04-20,90.0,60.0
SDL,2017-04-21,93.0,59.0
SDL,2017-04-22,94.0,62.0
SDL,2017-04-23,96.0,63.0
SDL,2017-04-24,89.0,67.0
SDL,2017-04-25,85.0,68.0
SDL,2017-04-26,87.0,62.0
SDL,2017-04-27,87.0,66.0
SDL,2017-04-28,84.0,63.0
SDL,2017-04-29,79.0,56.0
SDL,2017-04-30,85.0,54.0
SDL,2017-05-01,92.0,59.0
SDL,2017-05-02,94.0,63.0
SDL,2017-05-03,98.0,67.0
SDL,2017-05-04,101.0,70.0
SDL,2017-05-05,106.0,69.0
SDL,2017-05-06,96.0,73.0
SDL,2017-05-07,73.0,63.0
SDL,2017-05-08,81.0,58.0
SDL,2017-05-09,73.0,56.0
SDL,2017-05-10,77.0,58.0
SDL,2017-05-11,89.0,60.0
SDL,2017-05-12,95.0,68.0
SDL,2017-05-13,96.0,69.0
SDL,2017-05-14,91.0,69.0
SDL,2017-05-15,85.0,66.0
SDL,2017-05-16,76.0,60.0
SDL,2017-05-17,84.0,60.0
SDL,2017-05-18,85.0,64.0
SDL,2017-05-19,87.0,60.0
SDL,2017-05-20,94.0,62.0
SDL,2017-05-21,99.0,66.0
SDL,2017-05-22,102.0,70.0
SDL,2017-05-23,103.0,73.0
SDL,2017-05-24,105.0,72.0
SDL,2017-05-25,99.0,76.0
SDL,2017-05-26,92.0,70.0
SDL,2017-05-27,95.0,70.0
SDL,2017-05-28,100.0,67.0
SDL,2017-05-29,102.0,69.0
SDL,2017-05-30,100.0,74.0
SDL,2017-05-31,99.0,75.0
SDL,2017-06-01,97.0,76.0
SDL,2017-06-02,100.0,73.0
SDL,2017-06-03,106.0,74.0
SDL,2017-06-04,106.0,77.0
SDL,2017-06-05,106.0,79.0
SDL,2017-06-06,105.0,81.0
SDL,2017-06-07,104.0,78.0
SDL,2017-06-08,102.0,75.0
SDL,2017-06-09,103.0,78.0
SDL,2017-06-10,99.0,79.0
SDL,2017-06-11,98.0,74.0
SDL,2017-06-12,91.0,72.0
SDL,2017-06-13,94.0,64.0
SDL,2017-06-14,101.0,66.0
SDL,2017-06-15,106.0,68.0
SDL,2017-06-16,108.0,71.0
SDL,2017-06-17,108.0,75.0
SDL,2017-06-18,111.0,76.0
SDL,2017-06-19,116.0,82.0
SDL,2017-06-20,118.0,85.0
SDL,2017-06-21,116.0,88.0
SDL,2017-06-22,110.0,88.0
SDL,2017-06-23,110.0,86.0
SDL,2017-06-24,114.0,85.0
SDL,2017-06-25,112.0,91.0
SDL,2017-06-26,110.0,89.0
SDL,2017-06-27,108.0,84.0
SDL,2017-06-28,106.0,82.0
SDL,2017-06-29,106.0,82.0
SDL,2017-06-30,107.1,82.0
SDL,2017-07-01,108.0,79.0
SDL,2017-07-02,107.1,79.0
SDL,2017-07-03,106.0,86.0
SDL,2017-07-04,109.0,84.0
SDL,2017-07-05,111.0,84.0
SDL,2017-07-06,111.0,86.0
SDL,2017-07-07,115.0,88.0
SDL,2017-07-08,112.0,96.0
SDL,2017-07-09,107.1,86.0
SDL,2017-07-10,107.1,82.0
SDL,2017-07-11,102.0,82.0
SDL,2017-07-12,107.1,84.9
SDL,2017-07-13,108.0,84.9
SDL,2017-07-14,107.1,84.9
SDL,2017-07-15,107.1,86.0
SDL,2017-07-16,102.0,73.9
SDL,2017-07-17,99.0,76.0
SDL,2017-07-18,100.0,79.0
SDL,2017-07-19,101.0,82.0
SDL,2017-07-20,102.0,81.0
SDL,2017-07-21,103.0,81.0
SDL,2017-07-22,105.1,82.0
SDL,2017-07-23,101.0,77.0
SDL,2017-07-24,88.0,75.0
SDL,2017-07-25,98.1,80.0
SDL,2017-07-26,105.1,81.0
SDL,2017-07-27,108.0,84.9
SDL,2017-07-28,100.0,82.9
SDL,2017-07-29,102.0,80.0
SDL,2017-07-30,98.1,79.0
SDL,2017-07-31,104.0,86.0
SDL,2017-08-01,101.0,85.0
SDL,2017-08-02,96.0,85.0
SDL,2017-08-03,102.0,78.0
SDL,2017-08-04,101.0,77.0
SDL,2017-08-05,103.0,83.0
SDL,2017-08-06,102.0,83.0
SDL,2017-08-07,104.0,80.0
SDL,2017-08-08,107.0,80.0
SDL,2017-08-09,109.0,79.0
SDL,2017-08-10,101.0,84.0
SDL,2017-08-11,105.0,83.0
SDL,2017-08-12,102.0,83.0
SDL,2017-08-13,99.0,75.0
SDL,2017-08-14,102.0,82.0
SDL,2017-08-15,100.0,82.0
SDL,2017-08-16,100.0,75.0
SDL,2017-08-17,101.0,76.0
SDL,2017-08-18,104.0,73.0
SDL,2017-08-19,103.0,77.0
SDL,2017-08-20,100.0,80.0
SDL,2017-08-21,103.0,82.0
SDL,2017-08-22,107.0,79.0
SDL,2017-08-23,106.0,77.0
SDL,2017-08-24,101.0,79.0
SDL,2017-08-25,106.0,80.0
SDL,2017-08-26,109.0,83.0
SDL,2017-08-27,107.0,85.0
SDL,2017-08-28,110.0,87.0
SDL,2017-08-29,107.0,85.0
SDL,2017-08-30,106.0,85.0
SDL,2017-08-31,106.0,84.0
SDL,2017-09-01,108.0,81.0
SDL,2017-09-02,100.0,83.0
SDL,2017-09-03,103.0,82.0
SDL,2017-09-04,102.0,79.0
SDL,2017-09-05,106.0,82.0
SDL,2017-09-06,107.0,82.0
SDL,2017-09-07,102.0,83.0
SDL,2017-09-08,96.0,81.0
SDL,2017-09-09,94.0,78.0
SDL,2017-09-10,103.0,78.0
SDL,2017-09-11,106.0,86.0
SDL,2017-09-12,108.0,83.0
SDL,2017-09-13,105.0,82.0
SDL,2017-09-14,99.0,83.0
SDL,2017-09-15,95.0,75.0
SDL,2017-09-16,94.0,73.0
SDL,2017-09-17,96.0,74.0
SDL,2017-09-18,96.0,70.0
SDL,2017-09-19,97.0,70.0
SDL,2017-09-20,97.0,73.0
SDL,2017-09-21,95.0,71.0
SDL,2017-09-22,87.0,71.0
SDL,2017-09-23,83.0,62.0
SDL,2017-09-24,85.0,59.0
SDL,2017-09-25,88.0,57.0
SDL,2017-09-26,87.0,58.0
SDL,2017-09-27,90.0,66.0
SDL,2017-09-28,93.0,62.0
SDL,2017-09-29,96.0,68.0
SDL,2017-09-30,96.1,66.0
SDL,2017-10-01,95.0,66.0
SDL,2017-10-02,89.0,67.0
SDL,2017-10-03,94.0,66.0
SDL,2017-10-04,96.0,68.0
SDL,2017-10-05,96.0,71.0
SDL,2017-10-06,96.0,66.0
SDL,2017-10-07,94.0,61.0
SDL,2017-10-08,92.0,59.0
SDL,2017-10-09,88.0,63.0
SDL,2017-10-10,90.0,65.0
SDL,2017-10-11,95.0,66.0
SDL,2017-10-12,92.0,64.0
SDL,2017-10-13,94.0,62.0
SDL,2017-10-14,92.0,63.0
SDL,2017-10-15,96.0,62.0
SDL,2017-10-16,97.0,69.0
SDL,2017-10-17,97.0,69.0
SDL,2017-10-18,95.0,68.0
SDL,2017-10-19,93.0,72.0
SDL,2017-10-20,87.0,67.0
SDL,2017-10-21,83.0,61.0
SDL,2017-10-22,92.0,57.0
SDL,2017-10-23,96.0,60.0
SDL,2017-10-24,98.0,72.0
SDL,2017-10-25,93.0,67.0
SDL,2017-10-26,91.0,63.0
SDL,2017-10-27,90.0,60.0
SDL,2017-10-28,90.0,60.0
SDL,2017-10-29,90.0,59.0
SDL,2017-10-30,83.0,62.0
SDL,2017-10-31,78.1,62.0
SDL,2017-11-01,82.0,59.0
SDL,2017-11-02,79.0,60.0
SDL,2017-11-03,80.0,59.0
SDL,2017-11-04,80.0,65.0
SDL,2017-11-05,77.0,60.0
SDL,2017-11-06,79.0,57.0
SDL,2017-11-07,78.0,63.0
SDL,2017-11-08,81.0,61.0
SDL,2017-11-09,84.0,61.0
SDL,2017-11-10,84.0,57.0
SDL,2017-11-11,84.0,56.0
SDL,2017-11-12,84.0,55.0
SDL,2017-11-13,87.0,62.0
SDL,2017-11-14,85.0,57.0
SDL,2017-11-15,84.0,55.0
SDL,2017-11-16,84.0,55.0
SDL,2017-11-17,77.0,58.0
SDL,2017-11-18,79.0,54.0
SDL,2017-11-19,81.0,48.0
SDL,2017-11-20,78.0,50.0
SDL,2017-11-21,77.0,50.0
SDL,2017-11-22,88.0,54.0
SDL,2017-11-23,86.0,56.0
SDL,2017-11-24,84.0,55.0
SDL,2017-11-25,85.0,54.0
SDL,2017-11-26,88.0,54.0
SDL,2017-11-27,79.0,53.0
SDL,2017-11-28,74.0,47.0
SDL,2017-11-29,76.0,54.0
SDL,2017-11-30,75.0,61.0
SDL,2017-12-01,77.0,59.0
SDL,2017-12-02,82.0,55.0
SDL,2017-12-03,78.0,54.0
SDL,2017-12-04,72.0,51.0
SDL,2017-12-05,69.0,46.0
SDL,2017-12-06,75.0,49.0
SDL,2017-12-07,67.0,48.0
SDL,2017-12-08,64.0,40.0
SDL,2017-12-09,77.0,38.0
SDL,2017-12-10,78.0,52.0
SDL,2017-12-11,77.0,49.0
SDL,2017-12-12,76.0,45.0
SDL,2017-12-13,75.0,46.0
SDL,2017-12-14,74.0,43.0
SDL,2017-12-15,71.0,48.0
SDL,2017-12-16,66.0,43.0
SDL,2017-12-17,63.0,48.0
SDL,2017-12-18,66.0,43.0
SDL,2017-12-19,64.0,41.0
SDL,2017-12-20,65.0,40.0
SDL,2017-12-21,56.0,41.0
SDL,2017-12-22,57.0,33.0
SDL,2017-12-23,63.0,36.0
SDL,2017-12-24,70.0,39.0
SDL,2017-12-25,66.0,41.0
SDL,2017-12-26,69.0,40.0
SDL,2017-12-27,75.0,42.0
SDL,2017-12-28,76.0,41.0
SDL,2017-12-29,78.0,42.0
SDL,2017-12-30,76.0,43.0
SDL,2017-12-31,69.0,42.0
SDL,2018-01-01,74.0,40.0
SDL,2018-01-02,76.0,47.0
SDL,2018-01-03,76.0,46.0
SDL,2018-01-04,76.0,52.0
SDL,2018-01-05,76.0,47.0
SDL,2018-01-06,74.0,47.0
SDL,2018-01-07,75.0,50.0
SDL,2018-01-08,75.0,53.0
SDL,2018-01-09,77.0,52.0
SDL,2018-01-10,60.0,50.0
SDL,2018-01-11,68.0,46.0
SDL,2018-01-12,70.0,45.0
SDL,2018-01-13,78.0,44.0
SDL,2018-01-14,77.0,45.0
SDL,2018-01-15,74.0,46.0
SDL,2018-01-16,72.0,50.0
SDL,2018-01-17,70.0,48.0
SDL,2018-01-18,73.0,44.0
SDL,2018-01-19,74.0,46.0
SDL,2018-01-20,58.0,45.0
SDL,2018-01-21,56.0,39.0
SDL,2018-01-22,60.0,35.0
SDL,2018-01-23,69.0,35.0
SDL,2018-01-24,75.0,41.0
SDL,2018-01-25,74.0,44.0
SDL,2018-01-26,66.0,44.0
SDL,2018-01-27,75.0,40.0
SDL,2018-01-28,80.0,41.0
SDL,2018-01-29,82.0,52.0
SDL,2018-01-30,80.0,50.0
SDL,2018-01-31,78.0,47.0
SDL,2018-02-01,79.0,45.0
SDL,2018-02-02,78.0,47.0
SDL,2018-02-03,77.0,46.0
SDL,2018-02-04,78.0,49.0
SDL,2018-02-05,78.0,49.0
SDL,2018-02-06,77.0,49.0
SDL,2018-02-07,77.0,53.0
SDL,2018-02-08,84.0,47.0
SDL,2018-02-09,80.0,48.0
SDL,2018-02-10,76.0,52.0
SDL,2018-02-11,74.0,56.0
SDL,2018-02-12,64.0,54.0
SDL,2018-02-13,71.0,57.0
SDL,2018-02-14,61.0,52.0
SDL,2018-02-15,66.0,52.0
SDL,2018-02-16,66.0,50.0
SDL,2018-02-17,69.0,47.0
SDL,2018-02-18,70.0,49.0
SDL,2018-02-19,66.0,46.0
SDL,2018-02-20,58.0,36.0
SDL,2018-02-21,59.0,36.0
SDL,2018-02-22,59.0,36.0
SDL,2018-02-23,58.0,39.0
SDL,2018-02-24,58.0,35.0
SDL,2018-02-25,63.0,35.0
SDL,2018-02-26,67.0,37.0
SDL,2018-02-27,67.0,41.0
SDL,2018-02-28,58.0,43.0
SDL,2018-03-01,68.0,39.0
SDL,2018-03-02,74.0,44.0
SDL,2018-03-03,74.0,44.0
SDL,2018-03-04,65.0,49.0
SDL,2018-03-05,72.0,47.0
SDL,2018-03-06,78.0,45.0
SDL,2018-03-07,78.0,48.0
SDL,2018-03-08,80.0,55.0
SDL,2018-03-09,81.0,50.0
SDL,2018-03-10,74.0,60.0
SDL,2018-03-11,75.0,57.0
SDL,2018-03-12,82.0,55.0
SDL,2018-03-13,91.0,57.0
SDL,2018-03-14,83.0,58.0
SDL,2018-03-15,70.0,56.0
SDL,2018-03-16,71.0,50.0
SDL,2018-03-17,70.0,49.0
SDL,2018-03-18,66.0,51.0
SDL,2018-03-19,73.0,49.0
SDL,2018-03-20,79.0,46.0
SDL,2018-03-21,82.0,53.0
SDL,2018-03-22,87.0,57.0
SDL,2018-03-23,82.0,66.0
SDL,2018-03-24,81.0,56.0
SDL,2018-03-25,75.0,52.0
SDL,2018-03-26,73.0,51.0
SDL,2018-03-27,74.0,51.0
SDL,2018-03-28,78.0,50.0
SDL,2018-03-29,84.0,53.0
SDL,2018-03-30,87.0,58.0
SDL,2018-03-31,89.0,58.0
SDL,2018-04-01,89.0,65.0
SDL,2018-04-02,87.0,62.0
SDL,2018-04-03,86.0,60.0
SDL,2018-04-04,87.0,61.0
SDL,2018-04-05,89.0,62.0
SDL,2018-04-06,89.0,66.0
SDL,2018-04-07,91.0,68.0
SDL,2018-04-08,90.0,72.0
SDL,2018-04-09,93.0,59.0
SDL,2018-04-10,96.0,61.0
SDL,2018-04-11,94.0,62.0
SDL,2018-04-12,84.0,66.0
SDL,2018-04-13,77.0,56.0
SDL,2018-04-14,82.0,53.0
SDL,2018-04-15,88.0,53.0
SDL,2018-04-16,83.0,61.0
SDL,2018-04-17,73.0,57.0
SDL,2018-04-18,81.0,51.0
SDL,2018-04-19,81.0,54.0
SDL,2018-04-20,76.0,54.0
SDL,2018-04-21,89.0,54.0
SDL,2018-04-22,93.0,60.0
SDL,2018-04-23,94.0,63.0
SDL,2018-04-24,96.0,65.0
SDL,2018-04-25,97.0,66.0
SDL,2018-04-26,94.0,67.0
SDL,2018-04-27,97.0,70.0
SDL,2018-04-28,95.0,72.0
SDL,2018-04-29,91.0,67.0
SDL,2018-04-30,82.0,64.0
SDL,2018-05-01,74.0,61.0
SDL,2018-05-02,73.0,55.0
SDL,2018-05-03,82.0,51.0
SDL,2018-05-04,94.0,59.0
SDL,2018-05-05,100.0,65.0
SDL,2018-05-06,104.0,70.0
SDL,2018-05-07,100.0,76.0
SDL,2018-05-08,103.0,69.0
SDL,2018-05-09,103.0,73.0
SDL,2018-05-10,103.0,70.0
SDL,2018-05-11,99.0,72.0
SDL,2018-05-12,89.0,69.0
SDL,2018-05-13,86.0,64.0
SDL,2018-05-14,92.0,67.0
SDL,2018-05-15,93.0,69.0
SDL,2018-05-16,97.0,66.0
SDL,2018-05-17,96.0,70.0
SDL,2018-05-18,91.0,68.0
SDL,2018-05-19,94.0,68.0
SDL,2018-05-20,95.0,68.0
SDL,2018-05-21,93.0,69.0
SDL,2018-05-22,92.0,68.0
SDL,2018-05-23,92.0,67.0
SDL,2018-05-24,97.0,67.0
SDL,2018-05-25,98.0,70.0
SDL,2018-05-26,92.0,71.0
SDL,2018-05-27,91.0,67.0
SDL,2018-05-28,96.0,68.0
SDL,2018-05-29,101.0,72.0
SDL,2018-05-30,99.0,76.0
SDL,2018-05-31,99.0,70.0
SDL,2018-06-01,98.0,73.0
SDL,2018-06-02,103.0,71.0
SDL,2018-06-03,106.0,71.0
SDL,2018-06-04,107.0,74.0
SDL,2018-06-05,103.0,78.0
SDL,2018-06-06,100.0,75.0
SDL,2018-06-07,102.0,73.0
SDL,2018-06-08,106.0,75.0
SDL,2018-06-09,107.0,75.0
SDL,2018-06-10,103.0,77.0
SDL,2018-06-11,104.0,75.0
SDL,2018-06-12,107.0,73.0
SDL,2018-06-13,108.0,83.0
SDL,2018-06-14,108.0,86.0
SDL,2018-06-15,95.0,83.0
SDL,2018-06-16,83.0,71.0
SDL,2018-06-17,96.0,72.0
SDL,2018-06-18,100.0,68.0
SDL,2018-06-19,101.0,72.0
SDL,2018-06-20,107.0,75.0
SDL,2018-06-21,108.0,80.0
SDL,2018-06-22,109.0,78.0
SDL,2018-06-23,106.0,80.0
SDL,2018-06-24,102.0,78.0
SDL,2018-06-25,105.0,79.0
SDL,2018-06-26,107.0,78.0
SDL,2018-06-27,108.0,78.0
SDL,2018-06-28,106.0,84.0
SDL,2018-06-29,102.0,81.0
SDL,2018-06-30,90.0,78.0
SDL,2018-07-01,102.0,77.0
SDL,2018-07-02,106.0,78.0
SDL,2018-07-03,107.0,78.0
SDL,2018-07-04,106.0,83.0
SDL,2018-07-05,114.0,83.0
SDL,2018-07-06,111.0,95.0
SDL,2018-07-07,111.0,91.0
SDL,2018-07-08,109.0,90.0
SDL,2018-07-09,104.0,73.0
SDL,2018-07-10,96.0,77.0
SDL,2018-07-11,99.0,74.0
SDL,2018-07-12,99.0,75.0
SDL,2018-07-13,103.0,84.0
SDL,2018-07-14,101.0,86.0
SDL,2018-07-15,97.0,85.0
SDL,2018-07-16,103.0,82.0
SDL,2018-07-17,104.0,85.0
SDL,2018-07-18,101.0,84.0
SDL,2018-07-19,105.0,85.0
SDL,2018-07-20,108.0,88.0
SDL,2018-07-21,101.0,79.0
SDL,2018-07-22,107.0,83.0
SDL,2018-07-23,113.0,85.0
SDL,2018-07-24,115.0,89.0
SDL,2018-07-25,115.0,90.0
SDL,2018-07-26,110.0,92.0
SDL,2018-07-27,108.0,90.0
SDL,2018-07-28,106.0,88.0
SDL,2018-07-29,104.0,82.0
SDL,2018-07-30,108.0,77.0
SDL,2018-07-31,104.0,79.0
SDL,2018-08-01,109.0,88.0
SDL,2018-08-02,109.0,87.0
SDL,2018-08-03,108.0,86.0
SDL,2018-08-04,110.0,90.0
SDL,2018-08-05,111.0,88.0
SDL,2018-08-06,113.0,86.0
SDL,2018-08-07,109.0,86.0
SDL,2018-08-08,101.0,72.0
SDL,2018-08-09,100.0,78.0
SDL,2018-08-10,98.0,71.0
SDL,2018-08-11,100.0,72.0
SDL,2018-08-12,100.0,77.0
SDL,2018-08-13,100.0,78.0
SDL,2018-08-14,102.0,83.0
SDL,2018-08-15,96.0,81.0
SDL,2018-08-16,99.0,82.0
SDL,2018-08-17,102.0,83.0
SDL,2018-08-18,105.0,84.0
SDL,2018-08-19,107.0,87.0
SDL,2018-08-20,105.0,89.0
SDL,2018-08-21,100.0,83.0
SDL,2018-08-22,99.0,83.0
SDL,2018-08-23,100.0,80.0
SDL,2018-08-24,100.0,80.0
SDL,2018-08-25,101.0,80.0
SDL,2018-08-26,101.0,82.0
SDL,2018-08-27,103.0,80.0
SDL,2018-08-28,102.0,80.0
SDL,2018-08-29,103.0,77.0
SDL,2018-08-30,102.0,83.0
SDL,2018-08-31,102.0,83.0
SDL,2018-09-01,101.0,85.0
SDL,2018-09-02,100.0,80.0
SDL,2018-09-03,97.0,77.0
SDL,2018-09-04,99.0,77.0
SDL,2018-09-05,101.0,81.0
SDL,2018-09-06,103.0,79.0
SDL,2018-09-07,104.0,81.0
SDL,2018-09-08,106.0,80.0
SDL,2018-09-09,104.0,82.0
SDL,2018-09-10,104.0,83.0
SDL,2018-09-11,105.0,79.0
SDL,2018-09-12,104.0,78.0
SDL,2018-09-13,103.0,73.0
SDL,2018-09-14,107.0,74.0
SDL,2018-09-15,108.0,78.0
SDL,2018-09-16,103.0,84.0
SDL,2018-09-17,106.0,82.0
SDL,2018-09-18,102.0,80.0
SDL,2018-09-19,91.0,74.0
SDL,2018-09-20,96.0,72.0
SDL,2018-09-21,100.0,77.0
SDL,2018-09-22,102.0,77.0
SDL,2018-09-23,101.0,77.0
SDL,2018-09-24,98.0,80.0
SDL,2018-09-25,98.0,75.0
SDL,2018-09-26,101.0,75.0
SDL,2018-09-27,102.0,74.0
SDL,2018-09-28,102.0,72.0
SDL,2018-09-29,99.0,75.0
SDL,2018-09-30,95.0,74.0
SDL,2018-10-01,77.0,70.0
SDL,2018-10-02,79.0,69.0
SDL,2018-10-03,86.0,72.0
SDL,2018-10-04,86.0,70.0
SDL,2018-10-05,84.0,66.0
SDL,2018-10-06,83.0,65.0
SDL,2018-10-07,74.0,55.0
SDL,2018-10-08,75.0,58.0
SDL,2018-10-09,79.0,58.0
SDL,2018-10-10,81.0,58.0
SDL,2018-10-11,81.0,65.0
SDL,2018-10-12,82.0,67.0
SDL,2018-10-13,73.0,63.0
SDL,2018-10-14,75.0,60.0
SDL,2018-10-15,78.0,63.0
SDL,2018-10-16,67.0,57.0
SDL,2018-10-17,76.0,53.0
SDL,2018-10-18,80.0,55.0
SDL,2018-10-19,84.0,59.0
SDL,2018-10-20,90.0,72.0
SDL,2018-10-21,88.0,73.0
SDL,2018-10-22,85.0,67.0
SDL,2018-10-23,87.0,66.0
SDL,2018-10-24,83.0,60.0
SDL,2018-10-25,84.0,61.0
SDL,2018-10-26,86.0,61.0
SDL,2018-10-27,88.0,57.0
SDL,2018-10-28,88.0,59.0
SDL,2018-10-29,86.0,62.0
SDL,2018-10-30,82.0,65.0
SDL,2018-10-31,77.0,54.0
SDL,2018-11-01,76.0,51.0
SDL,2018-11-02,80.0,52.0
SDL,2018-11-03,80.0,54.0
SDL,2018-11-04,79.0,54.0
SDL,2018-11-05,81.0,55.0
SDL,2018-11-06,82.0,54.0
SDL,2018-11-07,81.0,55.0
SDL,2018-11-08,79.0,54.0
SDL,2018-11-09,78.0,59.0
SDL,2018-11-10,77.0,54.0
SDL,2018-11-11,73.0,51.0
SDL,2018-11-12,67.0,49.0
SDL,2018-11-13,65.0,47.0
SDL,2018-11-14,69.0,45.0
SDL,2018-11-15,74.0,45.0
SDL,2018-11-16,76.0,45.0
SDL,2018-11-17,72.0,45.0
SDL,2018-11-18,72.0,47.0
SDL,2018-11-19,74.0,45.0
SDL,2018-11-20,78.0,51.0
SDL,2018-11-21,74.0,48.0
SDL,2018-11-22,65.0,51.0
SDL,2018-11-23,69.0,48.0
SDL,2018-11-24,69.0,45.0
SDL,2018-11-25,71.0,46.0
SDL,2018-11-26,75.0,46.0
SDL,2018-11-27,74.0,46.0
SDL,2018-11-28,73.0,48.0
SDL,2018-11-29,68.0,48.0
SDL,2018-11-30,63.0,49.0
SDL,2018-12-01,63.0,48.0
SDL,2018-12-02,60.0,47.0
SDL,2018-12-03,61.0,39.0
SDL,2018-12-04,65.0,39.0
SDL,2018-12-05,72.0,44.0
SDL,2018-12-06,60.0,53.0
SDL,2018-12-07,69.0,53.0
SDL,2018-12-08,66.0,47.0
SDL,2018-12-09,69.0,44.0
SDL,2018-12-10,72.0,45.0
SDL,2018-12-11,71.0,52.0
SDL,2018-12-12,66.0,45.0
SDL,2018-12-13,69.0,43.0
SDL,2018-12-14,65.0,39.0
SDL,2018-12-15,67.0,48.0
SDL,2018-12-16,71.0,46.0
SDL,2018-12-17,69.0,44.0
SDL,2018-12-18,68.0,44.0
SDL,2018-12-19,68.0,42.0
SDL,2018-12-20,73.0,41.0
SDL,2018-12-21,68.0,45.0
SDL,2018-12-22,72.0,43.0
SDL,2018-12-23,72.0,45.0
SDL,2018-12-24,71.0,44.0
SDL,2018-12-25,64.0,43.0
SDL,2018-12-26,59.0,45.0
SDL,2018-12-27,57.0,40.0
SDL,2018-12-28,53.0,35.0
SDL,2018-12-29,57.0,34.0
SDL,2018-12-30,56.0,31.0
SDL,2018-12-31,41.0,36.0
SDL,2019-01-01,51.0,39.0
SDL,2019-01-02,51.0,31.0
SDL,2019-01-03,56.0,29.0
SDL,2019-01-04,67.0,32.0
SDL,2019-01-05,67.0,40.0
SDL,2019-01-06,53.0,45.0
SDL,2019-01-07,63.0,40.0
SDL,2019-01-08,73.0,41.0
SDL,2019-01-09,73.0,47.0
SDL,2019-01-10,66.0,49.0
SDL,2019-01-11,65.0,44.0
SDL,2019-01-12,67.0,45.0
SDL,2019-01-13,61.0,48.0
SDL,2019-01-14,68.0,49.0
SDL,2019-01-15,65.0,53.0
SDL,2019-01-16,67.0,50.0
SDL,2019-01-17,68.0,45.0
SDL,2019-01-18,69.0,53.0
SDL,2019-01-19,71.0,42.0
SDL,2019-01-20,72.0,43.0
SDL,2019-01-21,65.0,47.0
SDL,2019-01-22,63.0,42.0
SDL,2019-01-23,61.0,37.9
SDL,2019-01-24,69.0,37.0
SDL,2019-01-25,69.0,39.0
SDL,2019-01-26,73.0,41.0
SDL,2019-01-27,71.0,42.0
SDL,2019-01-28,71.0,43.0
SDL,2019-01-29,71.0,50.0
SDL,2019-01-30,72.0,53.0
SDL,2019-01-31,72.0,49.0
SDL,2019-02-01,71.0,53.0
SDL,2019-02-02,70.0,53.0
SDL,2019-02-03,66.0,55.0
SDL,2019-02-04,65.0,54.0
SDL,2019-02-05,63.0,51.0
SDL,2019-02-06,53.0,40.0
SDL,2019-02-07,57.0,33.0
SDL,2019-02-08,66.0,35.0
SDL,2019-02-09,59.0,42.0
SDL,2019-02-10,62.0,35.0
SDL,2019-02-11,58.0,42.0
SDL,2019-02-12,70.0,34.0
SDL,2019-02-13,93.0,46.0
SDL,2019-02-14,81.0,56.0
SDL,2019-02-15,67.0,52.0
SDL,2019-02-16,60.0,44.0
SDL,2019-02-17,56.0,39.0
SDL,2019-02-18,53.0,40.0
SDL,2019-02-19,54.0,35.0
SDL,2019-02-20,55.0,33.0
SDL,2019-02-21,52.0,37.0
SDL,2019-02-22,46.0,36.0
SDL,2019-02-23,55.0,33.0
SDL,2019-02-24,65.0,34.0
SDL,2019-02-25,66.0,38.0
SDL,2019-02-26,72.0,41.0
SDL,2019-02-27,74.0,52.0
SDL,2019-02-28,75.0,47.0
SDL,2019-03-01,76.0,52.0
SDL,2019-03-02,72.0,56.0
SDL,2019-03-03,73.0,52.0
SDL,2019-03-04,73.0,52.0
SDL,2019-03-05,79.0,47.0
SDL,2019-03-06,83.0,57.0
SDL,2019-03-07,74.0,59.0
SDL,2019-03-08,66.0,54.0
SDL,2019-03-09,64.0,46.0
SDL,2019-03-10,69.0,43.0
SDL,2019-03-11,69.0,51.0
SDL,2019-03-12,58.0,48.2
SDL,2019-03-13,64.0,48.0
SDL,2019-03-14,63.0,40.0
SDL,2019-03-15,74.0,48.0
SDL,2019-03-16,77.0,59.0
SDL,2019-03-17,79.0,54.0
SDL,2019-03-18,82.0,54.0
SDL,2019-03-19,83.0,56.0
SDL,2019-03-20,83.0,58.0
SDL,2019-03-21,68.0,53.0
SDL,2019-03-22,71.0,48.0
SDL,2019-03-23,76.0,50.0
SDL,2019-03-24,79.0,52.0
SDL,2019-03-25,85.0,51.0
SDL,2019-03-26,85.0,55.0
SDL,2019-03-27,81.0,60.0
SDL,2019-03-28,84.0,53.0
SDL,2019-03-29,80.0,54.0
SDL,2019-03-30,82.0,55.0
SDL,2019-03-31,80.0,50.0
SDL,2019-04-01,83.0,57.0
SDL,2019-04-02,85.0,56.0
SDL,2019-04-03,77.0,59.0
SDL,2019-04-04,81.0,56.0
SDL,2019-04-05,80.0,56.0
SDL,2019-04-06,78.0,63.0
SDL,2019-04-07,87.0,58.0
SDL,2019-04-08,95.0,60.0
SDL,2019-04-09,94.0,63.0
SDL,2019-04-10,76.0,60.0
SDL,2019-04-11,75.0,56.0
SDL,2019-04-12,73.0,61.0
SDL,2019-04-13,78.0,52.0
SDL,2019-04-14,84.0,55.0
SDL,2019-04-15,86.0,60.0
SDL,2019-04-16,79.0,59.0
SDL,2019-04-17,77.0,55.0
SDL,2019-04-18,90.0,57.0
SDL,2019-04-19,97.0,62.0
SDL,2019-04-20,92.0,70.0
SDL,2019-04-21,86.0,65.0
SDL,2019-04-22,85.0,61.0
SDL,2019-04-23,83.0,62.0
SDL,2019-04-24,92.0,61.0
SDL,2019-04-25,97.0,65.0
SDL,2019-04-26,99.0,67.0
SDL,2019-04-27,95.0,70.0
SDL,2019-04-28,94.0,69.0
SDL,2019-04-29,84.0,61.0
SDL,2019-04-30,80.0,59.0
SDL,2019-05-01,85.0,63.0
SDL,2019-05-02,85.0,61.0
SDL,2019-05-03,92.0,61.0
SDL,2019-05-04,94.0,63.0
SDL,2019-05-05,92.0,63.0
SDL,2019-05-06,83.0,67.0
SDL,2019-05-07,77.0,57.0
SDL,2019-05-08,85.0,63.0
SDL,2019-05-09,87.0,60.0
SDL,2019-05-10,85.0,63.0
SDL,2019-05-11,85.0,64.0
SDL,2019-05-12,82.0,64.0
SDL,2019-05-13,90.0,63.0
SDL,2019-05-14,97.0,80.0
SDL,2019-05-15,97.0,71.0
SDL,2019-05-16,91.0,73.0
SDL,2019-05-17,79.0,67.0
SDL,2019-05-18,84.0,57.0
SDL,2019-05-19,78.0,66.0
SDL,2019-05-20,72.0,59.0
SDL,2019-05-21,80.0,53.0
SDL,2019-05-22,73.0,58.0
SDL,2019-05-23,74.0,52.0
SDL,2019-05-24,86.0,55.0
SDL,2019-05-25,90.0,58.0
SDL,2019-05-26,82.0,65.0
SDL,2019-05-27,77.0,64.0
SDL,2019-05-28,82.0,56.0
SDL,2019-05-29,89.0,60.0
SDL,2019-05-30,94.0,66.0
SDL,2019-05-31,97.0,68.0
SDL,2019-06-01,96.0,68.0
SDL,2019-06-02,93.0,72.0
SDL,2019-06-03,96.0,72.0
SDL,2019-06-04,97.0,70.0
SDL,2019-06-05,100.0,73.0
SDL,2019-06-06,101.0,77.0
SDL,2019-06-07,98.0,76.0
SDL,2019-06-08,97.0,71.0
SDL,2019-06-09,104.0,71.0
SDL,2019-06-10,106.0,76.0
SDL,2019-06-11,106.0,79.0
SDL,2019-06-12,109.0,76.0
SDL,2019-06-13,105.0,79.0
SDL,2019-06-14,102.0,75.0
SDL,2019-06-15,102.0,75.0
SDL,2019-06-16,103.0,77.0
SDL,2019-06-17,102.0,78.0
SDL,2019-06-18,102.0,78.0
SDL,2019-06-19,101.0,72.0
SDL,2019-06-20,101.0,73.0
SDL,2019-06-21,101.0,77.0
SDL,2019-06-22,97.0,77.0
SDL,2019-06-23,98.0,75.0
SDL,2019-06-24,101.0,72.0
SDL,2019-06-25,102.0,71.0
SDL,2019-06-26,101.0,74.0
SDL,2019-06-27,102.0,77.0
SDL,2019-06-28,109.0,75.0
SDL,2019-06-29,111.0,83.0
SDL,2019-06-30,109.0,83.0
SDL,2019-07-01,108.0,84.0
SDL,2019-07-02,106.0,82.0
SDL,2019-07-03,105.0,81.0
SDL,2019-07-04,104.0,78.0
SDL,2019-07-05,103.0,78.0
SDL,2019-07-06,105.0,81.0
SDL,2019-07-07,105.0,83.0
SDL,2019-07-08,102.0,76.0
SDL,2019-07-09,103.0,75.0
SDL,2019-07-10,110.0,77.0
SDL,2019-07-11,113.0,86.0
SDL,2019-07-12,110.0,91.0
SDL,2019-07-13,109.0,90.0
SDL,2019-07-14,109.0,90.0
SDL,2019-07-15,111.0,87.0
SDL,2019-07-16,112.0,87.0
SDL,2019-07-17,104.0,88.0
SDL,2019-07-18,105.0,84.0
SDL,2019-07-19,106.0,86.0
SDL,2019-07-20,107.0,83.0
SDL,2019-07-21,107.0,85.0
SDL,2019-07-22,103.0,79.0
SDL,2019-07-23,106.0,81.0
SDL,2019-07-24,101.0,79.0
SDL,2019-07-25,107.0,87.0
SDL,2019-07-26,108.0,88.0
SDL,2019-07-27,111.0,90.0
SDL,2019-07-28,109.0,90.0
SDL,2019-07-29,108.0,90.0
SDL,2019-07-30,105.0,77.0
SDL,2019-07-31,94.0,76.0
SDL,2019-08-01,102.0,82.0
SDL,2019-08-02,109.0,87.0
SDL,2019-08-03,111.0,82.0
SDL,2019-08-04,108.0,82.0
SDL,2019-08-05,114.0,87.0
SDL,2019-08-06,100.0,87.0
SDL,2019-08-07,105.0,87.0
SDL,2019-08-08,107.0,83.0
SDL,2019-08-09,99.0,86.0
SDL,2019-08-10,100.0,82.0
SDL,2019-08-11,101.0,81.0
SDL,2019-08-12,105.0,84.0
SDL,2019-08-13,108.0,78.0
SDL,2019-08-14,111.0,80.0
SDL,2019-08-15,112.0,81.0
SDL,2019-08-16,108.0,83.0
SDL,2019-08-17,106.0,84.0
SDL,2019-08-18,102.0,82.0
SDL,2019-08-19,108.0,78.0
SDL,2019-08-20,111.0,80.0
SDL,2019-08-21,113.0,81.0
SDL,2019-08-22,107.0,82.0
SDL,2019-08-23,102.0,83.0
SDL,2019-08-24,100.0,84.0
SDL,2019-08-25,101.0,82.0
SDL,2019-08-26,105.0,85.0
SDL,2019-08-27,109.0,87.0
SDL,2019-08-28,107.0,75.0
SDL,2019-08-29,103.0,78.0
SDL,2019-08-30,107.0,84.0
SDL,2019-08-31,105.0,86.0
SDL,2019-09-01,107.0,84.0
SDL,2019-09-02,105.0,82.0
SDL,2019-09-03,108.0,84.0
SDL,2019-09-04,109.0,83.0
SDL,2019-09-05,108.0,88.0
SDL,2019-09-06,106.0,86.0
SDL,2019-09-07,106.0,86.0
SDL,2019-09-08,100.0,83.0
SDL,2019-09-09,97.0,80.0
SDL,2019-09-10,97.0,81.0
SDL,2019-09-11,95.0,79.0
SDL,2019-09-12,102.0,74.0
SDL,2019-09-13,106.0,76.0
SDL,2019-09-14,102.0,78.0
SDL,2019-09-15,96.0,78.0
SDL,2019-09-16,96.0,77.0
SDL,2019-09-17,96.0,75.0
SDL,2019-09-18,100.0,77.0
SDL,2019-09-19,99.0,77.0
SDL,2019-09-20,94.0,72.0
SDL,2019-09-21,92.0,69.0
SDL,2019-09-22,96.0,66.0
SDL,2019-09-23,88.0,65.0
SDL,2019-09-24,87.0,67.0
SDL,2019-09-25,89.0,70.0
SDL,2019-09-26,87.0,72.0
SDL,2019-09-27,86.0,69.0
SDL,2019-09-28,91.0,69.0
SDL,2019-09-29,88.0,72.0
SDL,2019-09-30,89.0,66.0
SDL,2019-10-01,88.0,62.0
SDL,2019-10-02,90.0,63.0
SDL,2019-10-03,95.0,64.0
SDL,2019-10-04,93.0,70.0
SDL,2019-10-05,93.0,65.0
SDL,2019-10-06,94.0,63.0
SDL,2019-10-07,97.0,63.0
SDL,2019-10-08,94.0,67.0
SDL,2019-10-09,92.0,65.0
SDL,2019-10-10,88.0,65.0
SDL,2019-10-11,87.0,61.0
SDL,2019-10-12,88.0,63.0
SDL,2019-10-13,89.0,59.0
SDL,2019-10-14,86.0,63.0
SDL,2019-10-15,92.0,64.0
SDL,2019-10-16,95.0,64.0
SDL,2019-10-17,93.0,68.0
SDL,2019-10-18,83.0,66.0
SDL,2019-10-19,84.0,58.0
SDL,2019-10-20,85.0,54.0
SDL,2019-10-21,85.0,54.0
SDL,2019-10-22,90.0,58.0
SDL,2019-10-23,89.0,58.0
SDL,2019-10-24,85.0,62.0
SDL,2019-10-25,82.0,61.0
SDL,2019-10-26,83.0,53.0
SDL,2019-10-27,85.0,56.0
SDL,2019-10-28,73.0,53.0
SDL,2019-10-29,72.0,47.0
SDL,2019-10-30,69.0,49.0
SDL,2019-10-31,76.0,41.0
SDL,2019-11-01,80.0,43.0
SDL,2019-11-02,87.0,50.0
SDL,2019-11-03,84.0,55.0
SDL,2019-11-04,85.0,53.0
SDL,2019-11-05,88.0,56.0
SDL,2019-11-06,84.0,62.0
SDL,2019-11-07,86.0,56.0
SDL,2019-11-08,87.0,62.0
SDL,2019-11-09,84.0,60.0
SDL,2019-11-10,86.0,60.0
SDL,2019-11-11,85.0,61.0
SDL,2019-11-12,80.0,59.0
SDL,2019-11-13,77.0,53.0
SDL,2019-11-14,81.0,52.0
SDL,2019-11-15,83.0,53.0
SDL,2019-11-16,79.0,55.0
SDL,2019-11-17,85.0,52.0
SDL,2019-11-18,83.0,52.0
SDL,2019-11-19,76.0,54.0
SDL,2019-11-20,67.0,54.0
SDL,2019-11-21,59.0,51.0
SDL,2019-11-22,65.0,48.0
SDL,2019-11-23,70.0,45.0
SDL,2019-11-24,72.0,47.0
SDL,2019-11-25,65.0,45.0
SDL,2019-11-26,59.0,43.0
SDL,2019-11-27,66.0,40.0
SDL,2019-11-28,66.0,54.0
SDL,2019-11-29,61.0,45.0
SDL,2019-11-30,58.0,41.0
SDL,2019-12-01,68.0,39.0
SDL,2019-12-02,69.0,43.0
SDL,2019-12-03,66.0,44.0
SDL,2019-12-04,73.0,55.0
SDL,2019-12-05,69.0,53.0
SDL,2019-12-06,71.0,51.0
SDL,2019-12-07,70.0,49.0
SDL,2019-12-08,60.0,56.0
SDL,2019-12-09,66.0,50.0
SDL,2019-12-10,66.0,43.0
SDL,2019-12-11,69.0,45.0
SDL,2019-12-12,66.0,44.0
SDL,2019-12-13,68.0,44.0
SDL,2019-12-14,68.0,46.0
SDL,2019-12-15,63.0,47.0
SDL,2019-12-16,61.0,38.0
SDL,2019-12-17,61.0,41.0
SDL,2019-12-18,64.0,47.0
SDL,2019-12-19,64.0,39.0
SDL,2019-12-20,66.0,38.0
SDL,2019-12-21,72.0,42.0
SDL,2019-12-22,72.0,47.0
SDL,2019-12-23,67.0,49.0
SDL,2019-12-24,59.0,51.0
SDL,2019-12-25,55.0,42.0
SDL,2019-12-26,61.0,40.0
SDL,2019-12-27,48.0,45.0
SDL,2019-12-28,53.0,37.0
SDL,2019-12-29,51.0,31.0
SDL,2019-12-30,55.0,35.0
SDL,2019-12-31,60.0,43.0
SDL,2020-01-01,58.0,37.0
SDL,2020-01-02,62.0,40.0
SDL,2020-01-03,62.0,39.0
SDL,2020-01-04,68.0,39.0
SDL,2020-01-05,68.0,39.0
SDL,2020-01-06,69.0,40.0
SDL,2020-01-07,72.0,41.0
SDL,2020-01-08,65.0,41.0
SDL,2020-01-09,61.0,44.0
SDL,2020-01-10,63.0,41.0
SDL,2020-01-11,59.0,38.0
SDL,2020-01-12,63.0,36.0
SDL,2020-01-13,66.0,39.0
SDL,2020-01-14,68.0,40.0
SDL,2020-01-15,66.0,43.0
SDL,2020-01-16,67.0,49.0
SDL,2020-01-17,62.0,44.0
SDL,2020-01-18,71.0,41.0
SDL,2020-01-19,75.0,45.0
SDL,2020-01-20,73.0,55.0
SDL,2020-01-21,62.0,53.0
SDL,2020-01-22,63.0,50.0
SDL,2020-01-23,69.0,45.0
SDL,2020-01-24,71.0,46.0
SDL,2020-01-25,71.0,44.0
SDL,2020-01-26,70.0,46.0
SDL,2020-01-27,72.0,51.0
SDL,2020-01-28,68.0,45.0
SDL,2020-01-29,64.0,45.0
SDL,2020-01-30,67.0,47.0
SDL,2020-01-31,71.0,45.0
SDL,2020-02-01,77.0,45.0
SDL,2020-02-02,76.0,47.0
SDL,2020-02-03,61.0,45.0
SDL,2020-02-04,53.0,33.0
SDL,2020-02-05,53.0,36.0
SDL,2020-02-06,57.0,35.0
SDL,2020-02-07,64.0,38.0
SDL,2020-02-08,70.0,40.0
SDL,2020-02-09,72.0,46.0
SDL,2020-02-10,70.0,51.8
SDL,2020-02-11,60.0,46.4
SDL,2020-02-12,61.0,40.0
SDL,2020-02-13,66.0,40.0
SDL,2020-02-14,69.0,45.0
SDL,2020-02-15,70.0,44.0
SDL,2020-02-16,71.0,44.0
SDL,2020-02-17,73.0,45.0
SDL,2020-02-18,75.0,48.0
SDL,2020-02-19,76.0,51.0
SDL,2020-02-20,78.0,49.0
SDL,2020-02-21,74.0,61.0
SDL,2020-02-22,68.0,55.4
SDL,2020-02-23,62.0,48.0
SDL,2020-02-24,68.0,45.0
SDL,2020-02-25,67.0,49.0
SDL,2020-02-26,66.0,47.0
SDL,2020-02-27,74.0,43.0
SDL,2020-02-28,76.0,51.0
SDL,2020-02-29,75.0,50.0
SDL,2020-03-01,73.0,53.0
SDL,2020-03-02,64.0,50.0
SDL,2020-03-03,74.0,49.0
SDL,2020-03-04,72.0,49.0
SDL,2020-03-05,84.0,50.0
SDL,2020-03-06,83.0,67.0
SDL,2020-03-07,81.0,59.0
SDL,2020-03-08,72.0,60.0
SDL,2020-03-09,74.0,53.0
SDL,2020-03-10,73.0,60.0
SDL,2020-03-11,66.0,60.0
SDL,2020-03-12,71.0,61.0
SDL,2020-03-13,65.0,51.0
SDL,2020-03-14,70.0,49.0
SDL,2020-03-15,74.0,51.0
SDL,2020-03-16,76.0,53.0
SDL,2020-03-17,72.0,57.0
SDL,2020-03-18,66.0,48.0
SDL,2020-03-19,62.0,48.2
SDL,2020-03-20,68.0,46.0
SDL,2020-03-21,71.0,51.0
SDL,2020-03-22,72.0,51.0
SDL,2020-03-23,74.0,56.0
SDL,2020-03-24,75.0,51.0
SDL,2020-03-25,74.0,53.0
SDL,2020-03-26,67.0,57.0
SDL,2020-03-27,62.0,51.0
SDL,2020-03-28,68.0,45.0
SDL,2020-03-29,74.0,50.0
SDL,2020-03-30,75.0,49.0
SDL,2020-03-31,80.0,53.0
SDL,2020-04-01,82.0,60.0
SDL,2020-04-02,80.0,57.0
SDL,2020-04-03,81.0,56.0
SDL,2020-04-04,80.0,58.0
SDL,2020-04-05,82.0,58.0
SDL,2020-04-06,80.0,58.0
SDL,2020-04-07,80.0,56.0
SDL,2020-04-08,80.0,57.0
SDL,2020-04-09,70.0,52.0
SDL,2020-04-10,75.0,50.0
SDL,2020-04-11,68.0,55.0
SDL,2020-04-12,73.0,51.0
SDL,2020-04-13,74.0,59.0
SDL,2020-04-14,78.0,55.0
SDL,2020-04-15,81.0,51.0
SDL,2020-04-16,82.0,54.0
SDL,2020-04-17,85.0,56.0
SDL,2020-04-18,76.0,59.0
SDL,2020-04-19,80.0,57.0
SDL,2020-04-20,84.0,62.0
SDL,2020-04-21,79.0,62.0
SDL,2020-04-22,89.0,58.0
SDL,2020-04-23,94.0,64.0
SDL,2020-04-24,95.0,66.0
SDL,2020-04-25,98.0,67.0
SDL,2020-04-26,99.0,68.0
SDL,2020-04-27,98.0,73.0
SDL,2020-04-28,98.0,70.0
SDL,2020-04-29,101.0,72.0
SDL,2020-04-30,98.0,73.0
SDL,2020-05-01,98.0,70.0
SDL,2020-05-02,96.0,70.0
SDL,2020-05-03,94.0,70.0
SDL,2020-05-04,96.0,67.0
SDL,2020-05-05,101.0,67.0
SDL,2020-05-06,102.0,70.0
SDL,2020-05-07,103.0,69.0
SDL,2020-05-08,100.0,71.0
SDL,2020-05-09,98.0,75.0
SDL,2020-05-10,97.0,77.0
SDL,2020-05-11,96.0,75.0
SDL,2020-05-12,92.0,72.0
SDL,2020-05-13,88.0,68.0
SDL,2020-05-14,88.0,68.0
SDL,2020-05-15,91.0,66.0
SDL,2020-05-16,96.0,71.0
SDL,2020-05-17,98.0,70.0
SDL,2020-05-18,98.0,68.0
SDL,2020-05-19,88.0,69.0
SDL,2020-05-20,83.0,63.0
SDL,2020-05-21,89.0,59.0
SDL,2020-05-22,92.0,64.0
SDL,2020-05-23,90.0,68.0
SDL,2020-05-24,91.0,68.0
SDL,2020-05-25,95.0,69.0
SDL,2020-05-26,101.0,70.0
SDL,2020-05-27,106.0,72.0
SDL,2020-05-28,107.0,78.0
SDL,2020-05-29,109.0,79.0
SDL,2020-05-30,108.0,84.0
SDL,2020-05-31,104.0,82.0
SDL,2020-06-01,102.0,79.0
SDL,2020-06-02,106.0,84.0
SDL,2020-06-03,108.0,84.0
SDL,2020-06-04,108.0,84.0
SDL,2020-06-05,103.0,85.0
SDL,2020-06-06,91.0,72.0
SDL,2020-06-07,93.0,76.0
SDL,2020-06-08,88.0,73.0
SDL,2020-06-09,92.0,71.0
SDL,2020-06-10,101.0,67.0
SDL,2020-06-11,106.0,71.0
SDL,2020-06-12,106.0,76.0
SDL,2020-06-13,103.0,78.0
SDL,2020-06-14,103.0,73.0
SDL,2020-06-15,103.0,76.0
SDL,2020-06-16,102.0,77.0
SDL,2020-06-17,100.0,77.0
SDL,2020-06-18,100.0,77.0
SDL,2020-06-19,100.0,77.0
SDL,2020-06-20,103.0,73.0
SDL,2020-06-21,106.0,76.0
SDL,2020-06-22,106.0,79.0
SDL,2020-06-23,106.0,79.0
SDL,2020-06-24,108.0,78.0
SDL,2020-06-25,106.0,83.0
SDL,2020-06-26,107.0,80.0
SDL,2020-06-27,104.0,81.0
SDL,2020-06-28,102.0,81.0
SDL,2020-06-29,96.0,78.0
SDL,2020-06-30,96.0,76.0
SDL,2020-07-01,101.0,75.0
SDL,2020-07-02,101.0,79.0
SDL,2020-07-03,102.0,84.0
SDL,2020-07-04,107.0,83.0
SDL,2020-07-05,110.0,84.0
SDL,2020-07-06,110.0,82.0
SDL,2020-07-07,108.0,78.0
SDL,2020-07-08,108.0,88.0
SDL,2020-07-09,107.0,89.0
SDL,2020-07-10,110.0,90.0
SDL,2020-07-11,113.0,91.0
SDL,2020-07-12,113.0,91.0
SDL,2020-07-13,110.0,93.0
SDL,2020-07-14,108.0,89.0
SDL,2020-07-15,107.0,87.0
SDL,2020-07-16,108.0,88.0
SDL,2020-07-17,106.0,89.0
SDL,2020-07-18,109.0,88.0
SDL,2020-07-19,107.0,90.0
SDL,2020-07-20,99.0,91.0
SDL,2020-07-21,107.0,89.0
SDL,2020-07-22,104.0,87.0
SDL,2020-07-23,95.0,85.0
SDL,2020-07-24,100.0,81.0
SDL,2020-07-25,102.0,81.0
SDL,2020-07-26,107.0,84.0
SDL,2020-07-27,108.0,88.0
SDL,2020-07-28,111.0,87.0
SDL,2020-07-29,113.0,87.0
SDL,2020-07-30,116.0,86.0
SDL,2020-07-31,114.0,88.0
SDL,2020-08-01,108.0,90.0
SDL,2020-08-02,106.0,91.0
SDL,2020-08-03,110.0,89.0
SDL,2020-08-04,107.0,86.0
SDL,2020-08-05,107.0,89.0
SDL,2020-08-06,107.0,81.0
SDL,2020-08-07,105.0,80.0
SDL,2020-08-08,108.0,86.0
SDL,2020-08-09,109.0,83.0
SDL,2020-08-10,109.0,58.0
SDL,2020-08-11,107.0,83.0
SDL,2020-08-12,109.0,86.0
SDL,2020-08-13,113.0,90.0
SDL,2020-08-14,114.0,87.0
SDL,2020-08-15,112.0,89.0
SDL,2020-08-16,112.0,91.0
SDL,2020-08-17,112.0,87.0
SDL,2020-08-18,111.0,88.0
SDL,2020-08-19,111.0,88.0
SDL,2020-08-20,109.0,82.0
SDL,2020-08-21,98.0,82.0
SDL,2020-08-22,104.0,86.0
SDL,2020-08-23,108.0,88.0
SDL,2020-08-24,113.0,89.0
SDL,2020-08-25,110.0,91.0
SDL,2020-08-26,109.0,87.0
SDL,2020-08-27,110.0,88.0
SDL,2020-08-28,110.0,88.0
SDL,2020-08-29,99.0,79.0
SDL,2020-08-30,100.0,75.0
SDL,2020-08-31,98.0,77.0
SDL,2020-09-01,99.0,83.0
SDL,2020-09-02,101.0,83.0
SDL,2020-09-03,106.0,82.0
SDL,2020-09-04,112.0,83.0
SDL,2020-09-05,112.0,87.0
SDL,2020-09-06,110.0,86.0
SDL,2020-09-07,106.0,83.0
SDL,2020-09-08,96.0,78.0
SDL,2020-09-09,88.0,69.0
SDL,2020-09-10,89.0,66.0
SDL,2020-09-11,90.0,70.0
SDL,2020-09-12,96.0,68.0
SDL,2020-09-13,100.0,75.0
SDL,2020-09-14,102.0,80.0
SDL,2020-09-15,101.0,78.0
SDL,2020-09-16,106.0,74.0
SDL,2020-09-17,105.0,74.0
SDL,2020-09-18,104.0,79.0
SDL,2020-09-19,101.0,78.0
SDL,2020-09-20,104.0,76.0
SDL,2020-09-21,102.0,79.0
SDL,2020-09-22,99.0,82.0
SDL,2020-09-23,102.0,75.0
SDL,2020-09-24,103.0,75.0
SDL,2020-09-25,103.0,76.0
SDL,2020-09-26,100.0,74.0
SDL,2020-09-27,99.0,71.0
SDL,2020-09-28,100.0,70.0
SDL,2020-09-29,100.0,76.0
SDL,2020-09-30,102.0,72.0
SDL,2020-10-01,105.0,71.0
SDL,2020-10-02,104.0,69.0
SDL,2020-10-03,101.0,69.0
SDL,2020-10-04,101.0,68.0
SDL,2020-10-05,102.0,70.0
SDL,2020-10-06,101.0,71.0
SDL,2020-10-07,100.0,67.0
SDL,2020-10-08,98.0,70.0
SDL,2020-10-09,95.0,72.0
SDL,2020-10-10,94.0,70.0
SDL,2020-10-11,92.0,67.0
SDL,2020-10-12,97.0,66.0
SDL,2020-10-13,99.0,66.0
SDL,2020-10-14,98.0,64.0
SDL,2020-10-15,96.0,66.0
SDL,2020-10-16,100.0,67.0
SDL,2020-10-17,93.0,66.0
SDL,2020-10-18,93.0,63.0
SDL,2020-10-19,94.0,64.0
SDL,2020-10-20,94.0,63.0
SDL,2020-10-21,94.0,63.0
SDL,2020-10-22,91.0,66.0
SDL,2020-10-23,89.0,66.0
SDL,2020-10-24,84.0,68.0
SDL,2020-10-25,84.0,67.0
SDL,2020-10-26,71.0,52.0
SDL,2020-10-27,65.0,48.0
SDL,2020-10-28,68.0,46.0
SDL,2020-10-29,83.0,49.0
SDL,2020-10-30,85.0,59.0
SDL,2020-10-31,84.0,58.0
SDL,2020-11-01,93.0,63.0
SDL,2020-11-02,92.0,72.0
SDL,2020-11-03,91.0,68.0
SDL,2020-11-04,91.0,62.0
SDL,2020-11-05,95.0,64.0
SDL,2020-11-06,87.0,73.0
SDL,2020-11-07,79.0,58.0
SDL,2020-11-08,65.0,48.0
SDL,2020-11-09,60.0,48.0
SDL,2020-11-10,65.0,43.0
SDL,2020-11-11,69.0,42.0
SDL,2020-11-12,71.0,45.0
SDL,2020-11-13,74.0,47.0
SDL,2020-11-14,74.0,49.0
SDL,2020-11-15,80.0,47.0
SDL,2020-11-16,91.0,53.0
SDL,2020-11-17,89.0,59.0
SDL,2020-11-18,87.0,58.0
SDL,2020-11-19,85.0,59.0
SDL,2020-11-20,86.0,58.0
SDL,2020-11-21,83.0,59.0
SDL,2020-11-22,81.0,59.0
SDL,2020-11-23,77.0,58.0
SDL,2020-11-24,69.0,52.0
SDL,2020-11-25,68.0,44.0
SDL,2020-11-26,69.0,42.0
SDL,2020-11-27,63.0,42.0
SDL,2020-11-28,69.0,43.0
SDL,2020-11-29,73.0,41.0
SDL,2020-11-30,72.0,49.0
SDL,2020-12-01,69.0,42.0
SDL,2020-12-02,68.0,42.0
SDL,2020-12-03,64.0,47.0
SDL,2020-12-04,65.0,39.0
SDL,2020-12-05,69.0,38.0
SDL,2020-12-06,71.0,40.0
SDL,2020-12-07,77.0,42.0
SDL,2020-12-08,78.0,61.0
SDL,2020-12-09,79.0,53.0
SDL,2020-12-10,60.0,50.0
SDL,2020-12-11,62.0,47.0
SDL,2020-12-12,64.0,43.0
SDL,2020-12-13,61.0,44.0
SDL,2020-12-14,59.0,42.0
SDL,2020-12-15,61.0,37.0
SDL,2020-12-16,63.0,37.0
SDL,2020-12-17,61.0,40.0
SDL,2020-12-18,63.0,37.0
SDL,2020-12-19,65.0,38.0
SDL,2020-12-20,70.0,36.0
SDL,2020-12-21,74.0,43.0
SDL,2020-12-22,69.0,44.0
SDL,2020-12-23,68.0,40.0
SDL,2020-12-24,58.0,43.0
SDL,2020-12-25,68.0,41.0
SDL,2020-12-26,68.0,41.0
SDL,2020-12-27,70.0,41.0
SDL,2020-12-28,65.0,50.0
SDL,2020-12-29,58.0,42.0
SDL,2020-12-30,62.0,44.0
SDL,2020-12-31,59.0,38.0
SDL,2021-01-01,63.0,38.0
SDL,2021-01-02,62.0,40.0
SDL,2021-01-03,62.0,36.0
SDL,2021-01-04,68.0,38.0
SDL,2021-01-05,68.0,42.0
SDL,2021-01-06,70.0,41.0
SDL,2021-01-07,70.0,40.0
SDL,2021-01-08,68.0,41.0
SDL,2021-01-09,68.0,39.0
SDL,2021-01-10,65.0,38.0
SDL,2021-01-11,65.0,41.0
SDL,2021-01-12,66.0,36.0
SDL,2021-01-13,66.0,37.0
SDL,2021-01-14,72.0,42.0
SDL,2021-01-15,78.0,52.0
SDL,2021-01-16,76.0,46.0
SDL,2021-01-17,77.0,45.0
SDL,2021-01-18,72.0,42.0
SDL,2021-01-19,69.0,55.0
SDL,2021-01-20,72.0,61.0
SDL,2021-01-21,69.0,57.0
SDL,2021-01-22,66.0,55.0
SDL,2021-01-23,61.0,50.0
SDL,2021-01-24,52.0,45.0
SDL,2021-01-25,51.0,35.0
SDL,2021-01-26,50.0,40.0
SDL,2021-01-27,60.0,36.0
SDL,2021-01-28,69.0,45.0
SDL,2021-01-29,64.0,45.0
SDL,2021-01-30,60.0,41.0
SDL,2021-01-31,73.0,40.0
SDL,2021-02-01,71.0,52.0
SDL,2021-02-02,81.0,56.0
SDL,2021-02-03,78.0,62.0
SDL,2021-02-04,71.0,52.0
SDL,2021-02-05,67.0,45.0
SDL,2021-02-06,70.0,42.0
SDL,2021-02-07,71.0,43.0
SDL,2021-02-08,73.0,44.0
SDL,2021-02-09,71.0,46.0
SDL,2021-02-10,72.0,52.0
SDL,2021-02-11,74.0,46.0
SDL,2021-02-12,71.0,54.0
SDL,2021-02-13,68.0,49.0
SDL,2021-02-14,64.0,49.0
SDL,2021-02-15,63.0,43.0
SDL,2021-02-16,67.0,51.0
SDL,2021-02-17,65.0,42.0
SDL,2021-02-18,64.0,43.0
SDL,2021-02-19,70.0,41.0
SDL,2021-02-20,73.0,43.0
SDL,2021-02-21,68.0,49.0
SDL,2021-02-22,76.0,43.0
SDL,2021-02-23,76.0,48.0
SDL,2021-02-24,77.0,48.0
SDL,2021-02-25,68.0,47.0
SDL,2021-02-26,69.0,43.0
SDL,2021-02-27,69.0,41.0
SDL,2021-02-28,62.0,45.0
SDL,2021-03-01,70.0,41.0
SDL,2021-03-02,76.0,53.0
SDL,2021-03-03,83.0,48.0
SDL,2021-03-04,69.0,53.0
SDL,2021-03-05,81.0,49.0
SDL,2021-03-06,83.0,60.0
SDL,2021-03-07,85.0,55.0
SDL,2021-03-08,83.0,65.0
SDL,2021-03-09,76.0,59.0
SDL,2021-03-10,66.0,48.0
SDL,2021-03-11,65.0,47.0
SDL,2021-03-12,59.0,46.0
SDL,2021-03-13,59.0,44.0
SDL,2021-03-14,65.0,41.0
SDL,2021-03-15,70.0,49.0
SDL,2021-03-16,59.0,46.0
SDL,2021-03-17,71.0,41.0
SDL,2021-03-18,80.0,49.0
SDL,2021-03-19,82.0,51.0
SDL,2021-03-20,83.0,54.0
SDL,2021-03-21,74.0,56.0
SDL,2021-03-22,69.0,53.0
SDL,2021-03-23,62.0,52.0
SDL,2021-03-24,69.0,47.0
SDL,2021-03-25,70.0,51.0
SDL,2021-03-26,63.0,51.0
SDL,2021-03-27,78.0,46.0
SDL,2021-03-28,84.0,53.0
SDL,2021-03-29,86.0,57.0
SDL,2021-03-30,83.0,56.0
SDL,2021-03-31,87.0,54.0
SDL,2021-04-01,92.0,62.0
SDL,2021-04-02,91.0,68.0
SDL,2021-04-03,95.0,64.0
SDL,2021-04-04,95.0,64.0
SDL,2021-04-05,93.0,65.0
SDL,2021-04-06,89.0,67.0
SDL,2021-04-07,89.0,57.0
SDL,2021-04-08,91.0,64.0
SDL,2021-04-09,91.0,61.0
SDL,2021-04-10,91.0,59.0
SDL,2021-04-11,89.0,63.0
SDL,2021-04-12,89.0,67.0
SDL,2021-04-13,87.0,64.0
SDL,2021-04-14,84.0,61.0
SDL,2021-04-15,79.0,62.0
SDL,2021-04-16,81.0,56.0
SDL,2021-04-17,83.0,57.0
SDL,2021-04-18,79.0,62.0
SDL,2021-04-19,85.0,61.0
SDL,2021-04-20,89.0,60.0
SDL,2021-04-21,89.0,67.0
SDL,2021-04-22,80.0,62.0
SDL,2021-04-23,82.0,61.0
SDL,2021-04-24,88.0,60.0
SDL,2021-04-25,90.0,63.0
SDL,2021-04-26,76.0,64.0
SDL,2021-04-27,72.0,57.0
SDL,2021-04-28,76.0,56.0
SDL,2021-04-29,91.0,56.0
SDL,2021-04-30,94.0,65.0
SDL,2021-05-01,95.0,70.0
SDL,2021-05-02,90.0,70.0
SDL,2021-05-03,87.0,66.0
SDL,2021-05-04,91.0,65.0
SDL,2021-05-05,96.0,66.0
SDL,2021-05-06,98.0,68.0
SDL,2021-05-07,93.0,72.0
SDL,2021-05-08,90.0,66.0
SDL,2021-05-09,92.0,67.0
SDL,2021-05-10,92.0,69.0
SDL,2021-05-11,92.0,67.0
SDL,2021-05-12,97.0,65.0
SDL,2021-05-13,99.0,69.0
SDL,2021-05-14,98.0,70.0
SDL,2021-05-15,95.0,74.0
SDL,2021-05-16,90.0,66.0
SDL,2021-05-17,86.0,67.0
SDL,2021-05-18,92.0,69.0
SDL,2021-05-19,98.0,72.0
SDL,2021-05-20,96.0,72.0
SDL,2021-05-21,83.0,66.0
SDL,2021-05-22,80.0,58.0
SDL,2021-05-23,86.0,54.0
SDL,2021-05-24,92.0,60.0
SDL,2021-05-25,95.0,64.0
SDL,2021-05-26,92.0,72.0
SDL,2021-05-27,97.0,68.0
SDL,2021-05-28,99.0,68.0
SDL,2021-05-29,99.0,71.0
SDL,2021-05-30,97.0,72.0
SDL,2021-05-31,98.0,74.0
SDL,2021-06-01,101.0,79.0
SDL,2021-06-02,102.0,77.0
SDL,2021-06-03,104.0,79.0
SDL,2021-06-04,104.0,80.0
SDL,2021-06-05,105.0,77.0
SDL,2021-06-06,103.0,76.0
SDL,2021-06-07,100.0,74.0
SDL,2021-06-08,95.0,73.0
SDL,2021-06-09,100.0,72.0
SDL,2021-06-10,98.0,75.0
SDL,2021-06-11,101.0,71.0
SDL,2021-06-12,108.0,72.0
SDL,2021-06-13,112.0,76.0
SDL,2021-06-14,110.0,78.0
SDL,2021-06-15,113.0,83.0
SDL,2021-06-16,111.0,89.0
SDL,2021-06-17,114.0,90.0
SDL,2021-06-18,114.0,91.0
SDL,2021-06-19,113.0,92.0
SDL,2021-06-20,111.0,89.0
SDL,2021-06-21,106.0,86.0
SDL,2021-06-22,106.0,85.0
SDL,2021-06-23,92.0,76.0
SDL,2021-06-24,101.0,77.0
SDL,2021-06-25,104.0,79.0
SDL,2021-06-26,106.0,79.0
SDL,2021-06-27,112.0,83.0
SDL,2021-06-28,106.0,89.0
SDL,2021-06-29,104.0,86.0
SDL,2021-06-30,102.0,86.0
SDL,2021-07-01,106.0,84.0
SDL,2021-07-02,102.0,84.0
SDL,2021-07-03,104.0,76.0
SDL,2021-07-04,99.0,79.0
SDL,2021-07-05,105.0,88.0
SDL,2021-07-06,108.0,87.0
SDL,2021-07-07,108.0,88.0
SDL,2021-07-08,109.0,90.0
SDL,2021-07-09,109.0,91.0
SDL,2021-07-10,109.0,84.0
SDL,2021-07-11,107.0,82.0
SDL,2021-07-12,103.0,87.0
SDL,2021-07-13,106.0,85.0
SDL,2021-07-14,96.0,76.0
SDL,2021-07-15,99.0,84.0
SDL,2021-07-16,97.0,77.0
SDL,2021-07-17,100.0,80.0
SDL,2021-07-18,99.0,86.0
SDL,2021-07-19,102.0,86.0
SDL,2021-07-20,106.0,87.8
SDL,2021-07-21,106.0,79.0
SDL,2021-07-22,103.0,78.0
SDL,2021-07-23,84.0,71.0
SDL,2021-07-24,81.0,73.0
SDL,2021-07-25,80.0,72.0
SDL,2021-07-26,94.0,75.0
SDL,2021-07-27,102.0,80.0
SDL,2021-07-28,103.0,82.0
SDL,2021-07-29,103.0,86.0
SDL,2021-07-30,101.0,80.0
SDL,2021-07-31,98.0,77.0
SDL,2021-08-01,102.0,84.0
SDL,2021-08-02,107.0,86.0
SDL,2021-08-03,109.0,86.0
SDL,2021-08-04,112.0,85.0
SDL,2021-08-05,107.0,89.0
SDL,2021-08-06,106.0,88.0
SDL,2021-08-07,104.0,87.0
SDL,2021-08-08,104.0,88.0
SDL,2021-08-09,94.0,84.0
SDL,2021-08-10,91.0,77.0
SDL,2021-08-11,93.0,73.0
SDL,2021-08-12,94.0,75.0
SDL,2021-08-13,96.0,74.0
SDL,2021-08-14,92.0,72.0
SDL,2021-08-15,96.0,81.0
SDL,2021-08-16,98.0,70.0
SDL,2021-08-17,92.0,70.0
SDL,2021-08-18,91.0,75.0
SDL,2021-08-19,94.0,74.0
SDL,2021-08-20,97.0,79.0
SDL,2021-08-21,98.0,78.0
SDL,2021-08-22,100.0,80.0
SDL,2021-08-23,102.0,76.0
SDL,2021-08-24,102.0,76.0
SDL,2021-08-25,107.0,80.0
SDL,2021-08-26,110.0,84.0
SDL,2021-08-27,110.0,82.0
SDL,2021-08-28,104.0,86.0
SDL,2021-08-29,105.0,86.0
SDL,2021-08-30,102.0,84.0
SDL,2021-08-31,96.0,71.6
SDL,2021-09-01,91.0,73.0
SDL,2021-09-02,93.0,76.0
SDL,2021-09-03,99.0,78.0
SDL,2021-09-04,103.0,80.0
SDL,2021-09-05,105.0,81.0
SDL,2021-09-06,101.0,81.0
SDL,2021-09-07,103.0,85.0
SDL,2021-09-08,103.0,84.0
SDL,2021-09-09,108.0,83.0
SDL,2021-09-10,105.0,82.0
SDL,2021-09-11,104.0,84.0
SDL,2021-09-12,106.0,79.0
SDL,2021-09-13,106.0,80.0
SDL,2021-09-14,104.0,80.0
SDL,2021-09-15,103.0,76.0
SDL,2021-09-16,102.0,75.0
SDL,2021-09-17,98.0,81.0
SDL,2021-09-18,96.0,79.0
SDL,2021-09-19,97.0,77.0
SDL,2021-09-20,96.0,73.0
SDL,2021-09-21,101.0,72.0
SDL,2021-09-22,100.0,74.0
SDL,2021-09-23,96.0,77.0
SDL,2021-09-24,89.0,77.0
SDL,2021-09-25,92.0,74.0
SDL,2021-09-26,78.0,67.0
SDL,2021-09-27,83.0,67.0
SDL,2021-09-28,87.0,70.0
SDL,2021-09-29,84.0,71.0
SDL,2021-09-30,87.0,69.0
SDL,2021-10-01,89.0,65.0
SDL,2021-10-02,90.0,65.0
SDL,2021-10-03,93.0,67.0
SDL,2021-10-04,95.0,71.0
SDL,2021-10-05,84.0,69.0
SDL,2021-10-06,87.0,65.0
SDL,2021-10-07,88.0,69.0
SDL,2021-10-08,88.0,69.0
SDL,2021-10-09,83.0,69.0
SDL,2021-10-10,81.0,59.0
SDL,2021-10-11,85.0,58.0
SDL,2021-10-12,68.0,56.0
SDL,2021-10-13,73.0,49.0
SDL,2021-10-14,76.0,52.0
SDL,2021-10-15,84.0,60.0
SDL,2021-10-16,90.0,63.0
SDL,2021-10-17,87.0,65.0
SDL,2021-10-18,82.0,63.0
SDL,2021-10-19,77.0,57.0
SDL,2021-10-20,82.0,58.0
SDL,2021-10-21,89.0,57.0
SDL,2021-10-22,87.0,58.0
SDL,2021-10-23,83.0,60.0
SDL,2021-10-24,83.0,63.0
SDL,2021-10-25,86.0,61.0
SDL,2021-10-26,74.0,60.0
SDL,2021-10-27,76.0,52.0
SDL,2021-10-28,87.0,53.0
SDL,2021-10-29,91.0,60.0
SDL,2021-10-30,86.0,60.0
SDL,2021-10-31,84.0,60.0
SDL,2021-11-01,81.0,62.0
SDL,2021-11-02,82.0,58.0
SDL,2021-11-03,85.0,57.0
SDL,2021-11-04,88.0,58.0
SDL,2021-11-05,88.0,57.0
SDL,2021-11-06,87.0,58.0
SDL,2021-11-07,84.0,57.0
SDL,2021-11-08,85.0,57.0
SDL,2021-11-09,81.0,57.0
SDL,2021-11-10,81.0,54.0
SDL,2021-11-11,85.0,54.0
SDL,2021-11-12,86.0,54.0
SDL,2021-11-13,85.0,56.0
SDL,2021-11-14,86.0,54.0
SDL,2021-11-15,85.0,54.0
SDL,2021-11-16,79.0,54.0
SDL,2021-11-17,79.0,51.0
SDL,2021-11-18,81.0,50.0
SDL,2021-11-19,79.0,57.0
SDL,2021-11-20,77.0,51.0
SDL,2021-11-21,80.0,56.0
SDL,2021-11-22,80.0,60.0
SDL,2021-11-23,76.0,63.0
SDL,2021-11-24,73.0,59.0
SDL,2021-11-25,76.0,59.0
SDL,2021-11-26,75.0,51.0
SDL,2021-11-27,74.0,49.0
SDL,2021-11-28,80.0,48.0
SDL,2021-11-29,81.0,54.0
SDL,2021-11-30,79.0,51.0
SDL,2021-12-01,83.0,51.0
SDL,2021-12-02,82.0,54.0
SDL,2021-12-03,79.0,54.0
SDL,2021-12-04,77.0,52.0
SDL,2021-12-05,75.0,47.0
SDL,2021-12-06,74.0,48.0
SDL,2021-12-07,73.0,52.0
SDL,2021-12-08,72.0,56.0
SDL,2021-12-09,69.0,53.0
SDL,2021-12-10,60.0,51.0
SDL,2021-12-11,65.0,42.0
SDL,2021-12-12,71.0,43.0
SDL,2021-12-13,69.0,46.0
SDL,2021-12-14,70.0,52.0
SDL,2021-12-15,56.0,42.0
SDL,2021-12-16,61.0,37.0
SDL,2021-12-17,60.0,39.0
SDL,2021-12-18,67.0,42.0
SDL,2021-12-19,68.0,41.0
SDL,2021-12-20,69.0,42.0
SDL,2021-12-21,64.0,49.0
SDL,2021-12-22,71.0,45.0
SDL,2021-12-23,72.0,56.0
SDL,2021-12-24,61.0,53.0
SDL,2021-12-25,60.0,51.0
SDL,2021-12-26,63.0,51.0
SDL,2021-12-27,56.0,47.0
SDL,2021-12-28,56.0,42.0
SDL,2021-12-29,57.0,46.0
SDL,2021-12-30,59.0,46.0
SDL,2021-12-31,59.0,52.0
SDL,2022-01-01,54.0,39.0
SDL,2022-01-02,59.0,33.0
SDL,2022-01-03,64.0,36.0
SDL,2022-01-04,64.0,38.0
SDL,2022-01-05,66.0,39.0
SDL,2022-01-06,67.0,40.0
SDL,2022-01-07,69.0,44.0
SDL,2022-01-08,66.0,46.0
SDL,2022-01-09,72.0,42.0
SDL,2022-01-10,72.0,53.0
SDL,2022-01-11,70.0,49.0
SDL,2022-01-12,68.0,41.0
SDL,2022-01-13,70.0,41.0
SDL,2022-01-14,70.0,51.0
SDL,2022-01-15,70.0,52.0
SDL,2022-01-16,71.0,44.0
SDL,2022-01-17,69.0,46.0
SDL,2022-01-18,68.0,51.0
SDL,2022-01-19,67.0,49.0
SDL,2022-01-20,71.0,46.0
SDL,2022-01-21,67.0,43.0
SDL,2022-01-22,68.0,50.0
SDL,2022-01-23,69.0,50.0
SDL,2022-01-24,66.0,43.0
SDL,2022-01-25,66.0,43.0
SDL,2022-01-26,67.0,41.0
SDL,2022-01-27,67.0,40.0
SDL,2022-01-28,69.0,51.0
SDL,2022-01-29,71.0,45.0
SDL,2022-01-30,70.0,53.0
SDL,2022-01-31,67.0,44.0
SDL,2022-02-01,66.0,46.0
SDL,2022-02-02,58.0,46.0
SDL,2022-02-03,57.0,42.0
SDL,2022-02-04,63.0,38.0
SDL,2022-02-05,65.0,41.0
SDL,2022-02-06,72.0,38.0
SDL,2022-02-07,70.0,51.0
SDL,2022-02-08,74.0,42.0
SDL,2022-02-09,78.0,48.0
SDL,2022-02-10,80.0,52.0
SDL,2022-02-11,79.0,48.0
SDL,2022-02-12,79.0,52.0
SDL,2022-02-13,80.0,47.0
SDL,2022-02-14,79.0,48.0
SDL,2022-02-15,76.0,49.0
SDL,2022-02-16,59.0,51.0
SDL,2022-02-17,65.0,45.0
SDL,2022-02-18,69.0,41.0
SDL,2022-02-19,77.0,45.0
SDL,2022-02-20,77.0,47.0
SDL,2022-02-21,68.0,52.0
SDL,2022-02-22,62.0,50.0
SDL,2022-02-23,51.0,40.0
SDL,2022-02-24,56.0,35.0
SDL,2022-02-25,64.0,37.0
SDL,2022-02-26,67.0,41.0
SDL,2022-02-27,71.0,42.0
SDL,2022-02-28,80.0,50.0
SDL,2022-03-01,83.0,48.0
SDL,2022-03-02,86.0,50.0
SDL,2022-03-03,84.0,55.0
SDL,2022-03-04,72.0,55.0
SDL,2022-03-05,67.0,52.0
SDL,2022-03-06,60.0,44.0
SDL,2022-03-07,66.0,41.0
SDL,2022-03-08,64.0,48.0
SDL,2022-03-09,68.0,41.0
SDL,2022-03-10,68.0,47.0
SDL,2022-03-11,70.0,45.0
SDL,2022-03-12,76.0,43.0
SDL,2022-03-13,76.0,47.0
SDL,2022-03-14,79.0,49.0
SDL,2022-03-15,84.0,51.0
SDL,2022-03-16,80.0,56.0
SDL,2022-03-17,78.0,60.0
SDL,2022-03-18,81.0,51.0
SDL,2022-03-19,82.0,51.0
SDL,2022-03-20,70.0,58.0
SDL,2022-03-21,75.0,54.0
SDL,2022-03-22,81.0,54.0
SDL,2022-03-23,80.0,59.0
SDL,2022-03-24,84.0,51.0
SDL,2022-03-25,92.0,55.0
SDL,2022-03-26,91.0,58.0
SDL,2022-03-27,92.0,60.0
SDL,2022-03-28,79.0,64.0
SDL,2022-03-29,67.0,54.0
SDL,2022-03-30,77.0,52.0
SDL,2022-03-31,80.0,59.0
SDL,2022-04-01,83.0,57.0
SDL,2022-04-02,84.0,59.0
SDL,2022-04-03,83.0,60.0
SDL,2022-04-04,85.0,62.0
SDL,2022-04-05,88.0,62.0
SDL,2022-04-06,93.0,66.0
SDL,2022-04-07,93.0,71.0
SDL,2022-04-08,94.0,69.0
SDL,2022-04-09,93.0,60.0
SDL,2022-04-10,87.0,67.0
SDL,2022-04-11,84.0,64.0
SDL,2022-04-12,72.0,57.0
SDL,2022-04-13,72.0,45.0
SDL,2022-04-14,80.0,51.0
SDL,2022-04-15,85.0,54.0
SDL,2022-04-16,87.0,57.0
SDL,2022-04-17,89.0,59.0
SDL,2022-04-18,92.0,61.0
SDL,2022-04-19,95.0,68.0
SDL,2022-04-20,87.0,64.0
SDL,2022-04-21,90.0,64.0
SDL,2022-04-22,76.0,64.0
SDL,2022-04-23,79.0,56.0
SDL,2022-04-24,83.0,64.0
SDL,2022-04-25,90.0,58.0
SDL,2022-04-26,95.0,61.0
SDL,2022-04-27,90.0,67.0
SDL,2022-04-28,89.0,65.0
SDL,2022-04-29,88.0,63.0
SDL,2022-04-30,92.0,61.0
SDL,2022-05-01,93.0,62.0
SDL,2022-05-02,89.0,66.0
SDL,2022-05-03,88.0,66.0
SDL,2022-05-04,90.0,65.0
SDL,2022-05-05,93.0,64.0
SDL,2022-05-06,96.0,67.0
SDL,2022-05-07,97.0,69.0
SDL,2022-05-08,91.0,71.0
SDL,2022-05-09,85.0,67.0
SDL,2022-05-10,88.0,66.0
SDL,2022-05-11,85.0,62.0
SDL,2022-05-12,84.0,55.0
SDL,2022-05-13,94.0,59.0
SDL,2022-05-14,101.0,64.0
SDL,2022-05-15,103.0,68.0
SDL,2022-05-16,101.0,73.0
SDL,2022-05-17,99.0,73.0
SDL,2022-05-18,97.0,73.0
SDL,2022-05-19,97.0,72.0
SDL,2022-05-20,95.0,71.0
SDL,2022-05-21,90.0,68.0
SDL,2022-05-22,93.0,70.0
SDL,2022-05-23,92.0,70.0
SDL,2022-05-24,97.0,73.0
SDL,2022-05-25,100.0,72.0
SDL,2022-05-26,102.0,73.0
SDL,2022-05-27,101.0,75.0
SDL,2022-05-28,98.0,75.0
SDL,2022-05-29,90.0,75.0
SDL,2022-05-30,91.0,73.0
SDL,2022-05-31,95.0,69.0
SDL,2022-06-01,97.0,70.0
SDL,2022-06-02,100.0,70.0
SDL,2022-06-03,99.0,74.0
SDL,2022-06-04,98.0,73.0
SDL,2022-06-05,99.0,76.0
SDL,2022-06-06,102.0,77.0
SDL,2022-06-07,103.0,79.0
SDL,2022-06-08,106.0,82.0
SDL,2022-06-09,107.0,84.0
SDL,2022-06-10,111.0,84.0
SDL,2022-06-11,111.0,86.0
SDL,2022-06-12,109.0,85.0
SDL,2022-06-13,104.0,88.0
SDL,2022-06-14,101.0,83.0
SDL,2022-06-15,105.0,77.0
SDL,2022-06-16,110.0,79.0
SDL,2022-06-17,107.0,87.0
SDL,2022-06-18,94.0,82.0
SDL,2022-06-19,97.0,78.0
SDL,2022-06-20,100.0,72.0
SDL,2022-06-21,104.0,75.0
SDL,2022-06-22,103.0,85.0
SDL,2022-06-23,106.0,86.0
SDL,2022-06-24,104.0,82.0
SDL,2022-06-25,102.0,82.0
SDL,2022-06-26,102.0,83.0
SDL,2022-06-27,100.0,79.0
SDL,2022-06-28,105.0,87.0
SDL,2022-06-29,105.0,89.0
SDL,2022-06-30,103.0,85.0
SDL,2022-07-01,104.0,86.0
SDL,2022-07-02,103.0,86.0
SDL,2022-07-03,104.0,85.0
SDL,2022-07-04,101.0,84.0
SDL,2022-07-05,102.0,86.0
SDL,2022-07-06,104.0,79.0
SDL,2022-07-07,105.0,78.0
SDL,2022-07-08,110.0,84.0
SDL,2022-07-09,110.0,87.0
SDL,2022-07-10,109.0,89.0
SDL,2022-07-11,113.0,89.0
SDL,2022-07-12,109.0,90.0
SDL,2022-07-13,110.0,91.0
SDL,2022-07-14,109.0,87.0
SDL,2022-07-15,110.0,87.0
SDL,2022-07-16,112.0,90.0
SDL,2022-07-17,109.0,83.0
SDL,2022-07-18,104.0,78.0
SDL,2022-07-19,108.0,89.0
SDL,2022-07-20,108.0,90.0
SDL,2022-07-21,107.0,89.0
SDL,2022-07-22,110.0,94.0
SDL,2022-07-23,104.0,83.0
SDL,2022-07-24,97.0,81.0
SDL,2022-07-25,98.0,81.0
SDL,2022-07-26,96.0,78.0
SDL,2022-07-27,93.0,84.0
SDL,2022-07-28,89.0,77.0
SDL,2022-07-29,96.0,78.0
SDL,2022-07-30,100.0,75.0
SDL,2022-07-31,99.0,78.0
SDL,2022-08-01,101.0,83.0
SDL,2022-08-02,104.0,86.0
SDL,2022-08-03,98.0,87.0
SDL,2022-08-04,92.0,75.0
SDL,2022-08-05,100.0,80.0
SDL,2022-08-06,106.0,84.0
SDL,2022-08-07,102.0,87.0
SDL,2022-08-08,101.0,85.0
SDL,2022-08-09,97.0,74.0
SDL,2022-08-10,99.0,83.0
SDL,2022-08-11,103.0,83.0
SDL,2022-08-12,103.0,71.0
SDL,2022-08-13,101.0,78.0
SDL,2022-08-14,97.0,79.0
SDL,2022-08-15,99.0,79.0
SDL,2022-08-16,102.0,83.0
SDL,2022-08-17,103.0,85.0
SDL,2022-08-18,102.0,80.0
SDL,2022-08-19,96.0,75.2
SDL,2022-08-20,93.0,79.0
SDL,2022-08-21,94.0,78.0
SDL,2022-08-22,96.0,77.0
SDL,2022-08-23,102.0,82.0
SDL,2022-08-24,98.0,80.0
SDL,2022-08-25,100.0,84.0
SDL,2022-08-26,103.0,85.0
SDL,2022-08-27,101.0,84.0
SDL,2022-08-28,100.0,82.0
SDL,2022-08-29,105.0,84.0
SDL,2022-08-30,108.0,85.0
SDL,2022-08-31,106.0,87.0
SDL,2022-09-01,104.0,86.0
SDL,2022-09-02,104.0,85.0
SDL,2022-09-03,105.0,85.0
SDL,2022-09-04,106.0,87.0
SDL,2022-09-05,106.0,84.0
SDL,2022-09-06,107.0,84.0
SDL,2022-09-07,104.0,85.0
SDL,2022-09-08,102.0,82.0
SDL,2022-09-09,97.0,76.0
SDL,2022-09-10,93.0,73.4
SDL,2022-09-11,99.0,80.0
SDL,2022-09-12,95.0,83.0
SDL,2022-09-13,93.0,79.0
SDL,2022-09-14,94.0,76.0
SDL,2022-09-15,95.0,76.0
SDL,2022-09-16,94.0,76.0
SDL,2022-09-17,96.0,75.0
SDL,2022-09-18,99.0,71.0
SDL,2022-09-19,101.0,76.0
SDL,2022-09-20,95.0,78.0
SDL,2022-09-21,86.0,77.0
SDL,2022-09-22,91.0,77.0
SDL,2022-09-23,98.0,79.0
SDL,2022-09-24,101.0,75.0
SDL,2022-09-25,101.0,75.0
SDL,2022-09-26,102.0,76.0
SDL,2022-09-27,100.0,86.0
SDL,2022-09-28,99.0,81.0
SDL,2022-09-29,96.0,77.0
SDL,2022-09-30,95.0,74.0
SDL,2022-10-01,94.0,75.0
SDL,2022-10-02,94.0,77.0
SDL,2022-10-03,96.0,74.0
SDL,2022-10-04,91.0,68.0
SDL,2022-10-05,92.0,69.0
SDL,2022-10-06,93.0,75.0
SDL,2022-10-07,90.0,73.0
SDL,2022-10-08,88.0,72.0
SDL,2022-10-09,88.0,71.0
SDL,2022-10-10,88.0,70.0
SDL,2022-10-11,90.0,70.0
SDL,2022-10-12,92.0,69.0
SDL,2022-10-13,94.0,69.0
SDL,2022-10-14,94.0,68.0
SDL,2022-10-15,79.0,64.0
SDL,2022-10-16,76.0,61.0
SDL,2022-10-17,83.0,62.0
SDL,2022-10-18,84.0,67.0
SDL,2022-10-19,86.0,69.0
SDL,2022-10-20,89.0,65.0
SDL,2022-10-21,87.0,64.0
SDL,2022-10-22,85.0,65.0
SDL,2022-10-23,75.0,62.0
SDL,2022-10-24,71.0,54.0
SDL,2022-10-25,74.0,49.0
SDL,2022-10-26,76.0,51.0
SDL,2022-10-27,79.0,52.0
SDL,2022-10-28,79.0,51.0
SDL,2022-10-29,81.0,54.0
SDL,2022-10-30,77.0,53.0
SDL,2022-10-31,80.0,53.0
SDL,2022-11-01,78.0,57.0
SDL,2022-11-02,76.0,58.0
SDL,2022-11-03,66.0,47.0
SDL,2022-11-04,61.0,42.0
SDL,2022-11-05,67.0,44.0
SDL,2022-11-06,76.0,46.0
SDL,2022-11-07,77.0,51.0
SDL,2022-11-08,76.0,53.0
SDL,2022-11-09,68.0,54.0
SDL,2022-11-10,66.0,47.0
SDL,2022-11-11,67.0,43.0
SDL,2022-11-12,71.0,44.0
SDL,2022-11-13,65.0,45.0
SDL,2022-11-14,64.0,42.0
SDL,2022-11-15,70.0,42.0
SDL,2022-11-16,70.0,53.0
SDL,2022-11-17,70.0,44.0
SDL,2022-11-18,69.0,45.0
SDL,2022-11-19,72.0,45.0
SDL,2022-11-20,70.0,51.0
SDL,2022-11-21,72.0,43.0
SDL,2022-11-22,73.0,46.0
SDL,2022-11-23,70.0,43.0
SDL,2022-11-24,69.0,48.0
SDL,2022-11-25,70.0,51.0
SDL,2022-11-26,65.0,41.0
SDL,2022-11-27,67.0,40.0
SDL,2022-11-28,67.0,44.0
SDL,2022-11-29,64.0,46.0
SDL,2022-11-30,70.0,44.0
SDL,2022-12-01,71.0,45.0
SDL,2022-12-02,68.0,50.0
SDL,2022-12-03,57.0,49.0
SDL,2022-12-04,65.0,56.0
SDL,2022-12-05,67.0,57.0
SDL,2022-12-06,66.0,54.0
SDL,2022-12-07,63.0,49.0
SDL,2022-12-08,64.0,42.0
SDL,2022-12-09,64.0,44.0
SDL,2022-12-10,65.0,41.0
SDL,2022-12-11,66.0,40.0
SDL,2022-12-12,56.0,44.0
SDL,2022-12-13,53.0,40.0
SDL,2022-12-14,53.0,35.0
SDL,2022-12-15,55.0,35.0
SDL,2022-12-16,58.0,37.0
SDL,2022-12-17,61.0,32.0
SDL,2022-12-18,60.0,43.0
SDL,2022-12-19,61.0,39.0
SDL,2022-12-20,63.0,40.0
SDL,2022-12-21,64.0,38.0
SDL,2022-12-22,63.0,38.0
SDL,2022-12-23,66.0,44.0
SDL,2022-12-24,70.0,42.0
SDL,2022-12-25,72.0,45.0
SDL,2022-12-26,71.0,45.0
SDL,2022-12-27,70.0,47.0
SDL,2022-12-28,59.0,49.0
SDL,2022-12-29,60.0,47.0
SDL,2022-12-30,58.0,52.0
SDL,2022-12-31,65.0,51.0
SDL,2023-01-01,57.0,47.0
SDL,2023-01-02,55.0,46.0
SDL,2023-01-03,58.0,47.0
SDL,2023-01-04,64.0,47.0
SDL,2023-01-05,65.0,45.0
SDL,2023-01-06,62.0,46.0
SDL,2023-01-07,69.0,39.0
SDL,2023-01-08,70.0,42.0
SDL,2023-01-09,67.0,44.0
SDL,2023-01-10,68.0,46.0
SDL,2023-01-11,63.0,48.0
SDL,2023-01-12,73.0,42.0
SDL,2023-01-13,75.0,50.0
SDL,2023-01-14,66.0,46.0
SDL,2023-01-15,58.0,50.0
SDL,2023-01-16,57.0,49.0
SDL,2023-01-17,54.0,48.0
SDL,2023-01-18,57.0,44.0
SDL,2023-01-19,58.0,38.0
SDL,2023-01-20,55.0,44.0
SDL,2023-01-21,58.0,37.0
SDL,2023-01-22,57.0,36.0
SDL,2023-01-23,47.0,36.0
SDL,2023-01-24,52.0,32.0
SDL,2023-01-25,59.0,33.0
SDL,2023-01-26,61.0,44.0
SDL,2023-01-27,61.0,35.0
SDL,2023-01-28,62.0,36.0
SDL,2023-01-29,66.0,38.0
SDL,2023-01-30,59.0,46.0
SDL,2023-01-31,62.0,43.0
SDL,2023-02-01,68.0,41.0
SDL,2023-02-02,66.0,41.0
SDL,2023-02-03,73.0,44.0
SDL,2023-02-04,75.0,45.0
SDL,2023-02-05,71.0,44.0
SDL,2023-02-06,66.0,45.0
SDL,2023-02-07,67.0,43.0
SDL,2023-02-08,66.0,41.0
SDL,2023-02-09,67.0,41.0
SDL,2023-02-10,69.0,50.0
SDL,2023-02-11,72.0,53.0
SDL,2023-02-12,76.0,46.0
SDL,2023-02-13,54.0,46.0
SDL,2023-02-14,55.0,40.0
SDL,2023-02-15,52.0,37.0
SDL,2023-02-16,58.0,36.0
SDL,2023-02-17,64.0,43.0
SDL,2023-02-18,71.0,50.0
SDL,2023-02-19,72.0,50.0
SDL,2023-02-20,73.0,50.0
SDL,2023-02-21,63.0,53.0
SDL,2023-02-22,57.0,47.0
SDL,2023-02-23,57.0,46.0
SDL,2023-02-24,64.0,43.0
SDL,2023-02-25,73.0,49.0
SDL,2023-02-26,56.0,42.0
SDL,2023-02-27,61.0,38.0
SDL,2023-02-28,61.0,43.0
SDL,2023-03-01,62.0,41.0
SDL,2023-03-02,52.0,39.0
SDL,2023-03-03,60.0,42.0
SDL,2023-03-04,67.0,41.0
SDL,2023-03-05,69.0,45.0
SDL,2023-03-06,71.0,51.0
SDL,2023-03-07,71.0,53.0
SDL,2023-03-08,73.0,45.0
SDL,2023-03-09,73.0,46.0
SDL,2023-03-10,76.0,48.0
SDL,2023-03-11,74.0,61.0
SDL,2023-03-12,78.0,55.0
SDL,2023-03-13,76.0,54.0
SDL,2023-03-14,77.0,52.0
SDL,2023-03-15,66.0,54.0
SDL,2023-03-16,68.0,51.0
SDL,2023-03-17,71.0,50.0
SDL,2023-03-18,72.0,52.0
SDL,2023-03-19,69.0,58.0
SDL,2023-03-20,69.0,56.0
SDL,2023-03-21,62.0,58.0
SDL,2023-03-22,63.0,49.0
SDL,2023-03-23,66.0,43.0
SDL,2023-03-24,66.0,50.0
SDL,2023-03-25,68.0,46.0
SDL,2023-03-26,66.0,44.0
SDL,2023-03-27,71.0,46.0
SDL,2023-03-28,78.0,46.0
SDL,2023-03-29,80.0,50.0
SDL,2023-03-30,64.0,52.0
SDL,2023-03-31,69.0,46.0
SDL,2023-04-01,80.0,48.0
SDL,2023-04-02,78.0,53.0
SDL,2023-04-03,79.0,53.0
SDL,2023-04-04,59.0,47.0
SDL,2023-04-05,67.0,40.0
SDL,2023-04-06,79.0,44.0
SDL,2023-04-07,81.0,52.0
SDL,2023-04-08,82.0,53.0
SDL,2023-04-09,88.0,56.0
SDL,2023-04-10,95.0,59.0
SDL,2023-04-11,97.0,65.0
SDL,2023-04-12,89.0,67.0
SDL,2023-04-13,79.0,66.0
SDL,2023-04-14,75.0,58.0
SDL,2023-04-15,84.0,54.0
SDL,2023-04-16,88.0,58.0
SDL,2023-04-17,88.0,59.0
SDL,2023-04-18,82.0,63.0
SDL,2023-04-19,78.0,61.0
SDL,2023-04-20,84.0,55.0
SDL,2023-04-21,86.0,56.0
SDL,2023-04-22,90.0,60.0
SDL,2023-04-23,90.0,63.0
SDL,2023-04-24,89.0,68.0
SDL,2023-04-25,87.0,66.0
SDL,2023-04-26,87.0,68.0
SDL,2023-04-27,93.0,62.0
SDL,2023-04-28,97.0,64.0
SDL,2023-04-29,96.0,67.0
SDL,2023-04-30,99.0,66.0
SDL,2023-05-01,92.0,72.0
SDL,2023-05-02,88.0,65.0
SDL,2023-05-03,86.0,65.0
SDL,2023-05-04,77.0,62.0
SDL,2023-05-05,79.0,59.0
SDL,2023-05-06,82.0,59.0
SDL,2023-05-07,85.0,59.0
SDL,2023-05-08,89.0,62.0
SDL,2023-05-09,89.0,63.0
SDL,2023-05-10,77.0,64.0
SDL,2023-05-11,87.0,60.0
SDL,2023-05-12,93.0,64.0
SDL,2023-05-13,95.0,68.0
SDL,2023-05-14,98.0,73.0
SDL,2023-05-15,98.0,78.0
SDL,2023-05-16,100.0,81.0
SDL,2023-05-17,96.0,74.0
SDL,2023-05-18,95.0,72.0
SDL,2023-05-19,89.0,72.0
SDL,2023-05-20,94.0,68.0
SDL,2023-05-21,97.0,72.0
SDL,2023-05-22,97.0,74.0
SDL,2023-05-23,97.0,74.0
SDL,2023-05-24,95.0,73.0
SDL,2023-05-25,95.0,71.0
SDL,2023-05-26,93.0,71.0
SDL,2023-05-27,93.0,70.0
SDL,2023-05-28,95.0,68.0
SDL,2023-05-29,96.0,72.0
SDL,2023-05-30,95.0,71.0
SDL,2023-05-31,89.0,68.0
SDL,2023-06-01,88.0,67.0
SDL,2023-06-02,91.0,70.0
SDL,2023-06-03,97.0,73.0
SDL,2023-06-04,100.0,74.0
SDL,2023-06-05,102.0,73.0
SDL,2023-06-06,96.0,70.0
SDL,2023-06-07,93.0,69.0
SDL,2023-06-08,92.0,67.0
SDL,2023-06-09,92.0,69.0
SDL,2023-06-10,97.0,69.0
SDL,2023-06-11,92.0,72.0
SDL,2023-06-12,87.0,69.0
SDL,2023-06-13,91.0,73.0
SDL,2023-06-14,95.0,69.0
SDL,2023-06-15,95.0,73.0
SDL,2023-06-16,98.0,75.0
SDL,2023-06-17,99.0,74.0
SDL,2023-06-18,102.0,76.0
SDL,2023-06-19,100.0,77.0
SDL,2023-06-20,99.0,79.0
SDL,2023-06-21,101.0,75.0
SDL,2023-06-22,100.0,74.0
SDL,2023-06-23,95.0,74.0
SDL,2023-06-24,100.0,68.0
SDL,2023-06-25,105.0,73.0
SDL,2023-06-26,106.0,78.0
SDL,2023-06-27,104.0,79.0
SDL,2023-06-28,102.0,79.0
SDL,2023-06-29,101.0,77.0
SDL,2023-06-30,105.0,74.0
SDL,2023-07-01,109.0,80.0
SDL,2023-07-02,110.0,81.0
SDL,2023-07-03,112.0,84.0
SDL,2023-07-04,108.0,86.0
SDL,2023-07-05,106.0,85.0
SDL,2023-07-06,111.0,80.0
SDL,2023-07-07,107.0,85.0
SDL,2023-07-08,107.0,84.0
SDL,2023-07-09,107.0,84.0
SDL,2023-07-10,106.0,88.0
SDL,2023-07-11,106.0,90.0
SDL,2023-07-12,106.0,91.0
SDL,2023-07-13,109.0,90.0
SDL,2023-07-14,111.0,92.0
SDL,2023-07-15,114.0,91.0
SDL,2023-07-16,110.0,92.0
SDL,2023-07-17,112.0,92.0
SDL,2023-07-18,113.0,92.0
SDL,2023-07-19,114.0,93.0
SDL,2023-07-20,114.0,90.0
SDL,2023-07-21,111.0,88.0
SDL,2023-07-22,113.0,92.0
SDL,2023-07-23,109.0,89.0
SDL,2023-07-24,112.0,92.0
SDL,2023-07-25,113.0,90.0
SDL,2023-07-26,114.0,79.0
SDL,2023-07-27,110.0,84.0
SDL,2023-07-28,111.0,91.0
SDL,2023-07-29,110.0,92.0
SDL,2023-07-30,107.0,94.0
SDL,2023-07-31,102.0,81.0
SDL,2023-08-01,104.0,84.0
SDL,2023-08-02,106.0,90.0
SDL,2023-08-03,107.0,88.0
SDL,2023-08-04,110.0,83.0
SDL,2023-08-05,110.0,85.0
SDL,2023-08-06,108.0,84.0
SDL,2023-08-07,106.0,89.0
SDL,2023-08-08,104.0,82.0
SDL,2023-08-09,104.0,87.0
SDL,2023-08-10,103.0,87.0
SDL,2023-08-11,102.0,87.0
SDL,2023-08-12,102.0,86.0
SDL,2023-08-13,104.0,85.0
SDL,2023-08-14,101.0,85.0
SDL,2023-08-15,106.0,91.0
SDL,2023-08-16,110.0,88.0
SDL,2023-08-17,111.0,88.0
SDL,2023-08-18,102.0,86.0
SDL,2023-08-19,91.0,82.0
SDL,2023-08-20,98.0,81.0
SDL,2023-08-21,90.0,76.0
SDL,2023-08-22,102.0,76.0
SDL,2023-08-23,103.0,84.0
SDL,2023-08-24,103.0,86.0
SDL,2023-08-25,107.0,85.0
SDL,2023-08-26,110.0,93.0
SDL,2023-08-27,110.0,88.0
SDL,2023-08-28,113.0,87.0
SDL,2023-08-29,110.0,90.0
SDL,2023-08-30,108.0,91.0
SDL,2023-08-31,105.0,74.0
SDL,2023-09-01,85.0,75.0
SDL,2023-09-02,94.0,78.0
SDL,2023-09-03,98.0,77.0
SDL,2023-09-04,98.0,81.0
SDL,2023-09-05,99.0,76.0
SDL,2023-09-06,102.0,75.0
SDL,2023-09-07,104.0,76.0
SDL,2023-09-08,107.0,81.0
SDL,2023-09-09,110.0,84.0
SDL,2023-09-10,109.0,85.0
SDL,2023-09-11,102.0,85.0
SDL,2023-09-12,97.0,79.0
SDL,2023-09-13,93.0,76.0
SDL,2023-09-14,97.0,77.0
SDL,2023-09-15,99.0,75.0
SDL,2023-09-16,102.0,74.0
SDL,2023-09-17,101.0,75.0
SDL,2023-09-18,97.0,75.0
SDL,2023-09-19,95.0,71.0
SDL,2023-09-20,95.0,70.0
SDL,2023-09-21,94.0,71.0
SDL,2023-09-22,94.0,74.0
SDL,2023-09-23,92.0,73.0
SDL,2023-09-24,96.0,70.0
SDL,2023-09-25,99.0,71.0
SDL,2023-09-26,102.0,72.0
SDL,2023-09-27,101.0,71.0
SDL,2023-09-28,98.0,73.0
SDL,2023-09-29,96.0,71.0
SDL,2023-09-30,96.0,72.0
SDL,2023-10-01,83.0,69.0
SDL,2023-10-02,82.0,65.0
SDL,2023-10-03,86.0,63.0
SDL,2023-10-04,91.0,63.0
SDL,2023-10-05,96.0,66.0
SDL,2023-10-06,101.0,68.0
SDL,2023-10-07,99.0,85.0
SDL,2023-10-08,97.0,75.0
SDL,2023-10-09,97.0,74.0
SDL,2023-10-10,93.0,70.0
SDL,2023-10-11,89.0,71.0
SDL,2023-10-12,86.0,65.0
SDL,2023-10-13,87.0,61.0
SDL,2023-10-14,90.0,64.0
SDL,2023-10-15,97.0,63.0
SDL,2023-10-16,101.0,69.0
SDL,2023-10-17,97.0,72.0
SDL,2023-10-18,98.0,67.0
SDL,2023-10-19,102.0,67.0
SDL,2023-10-20,101.0,68.0
SDL,2023-10-21,98.0,68.0
SDL,2023-10-22,94.0,68.0
SDL,2023-10-23,85.0,69.0
SDL,2023-10-24,83.0,66.0
SDL,2023-10-25,80.0,63.0
SDL,2023-10-26,80.0,64.0
SDL,2023-10-27,84.0,59.0
SDL,2023-10-28,82.0,63.0
SDL,2023-10-29,76.0,54.0
SDL,2023-10-30,78.0,58.0
SDL,2023-10-31,78.0,54.0
SDL,2023-11-01,80.0,54.0
SDL,2023-11-02,82.0,54.0
SDL,2023-11-03,85.0,54.0
SDL,2023-11-04,87.0,53.0
SDL,2023-11-05,90.0,56.0
SDL,2023-11-06,89.0,60.0
SDL,2023-11-07,86.0,61.0
SDL,2023-11-08,76.0,56.0
SDL,2023-11-09,76.0,52.0
SDL,2023-11-10,75.0,50.0
SDL,2023-11-11,78.0,53.0
SDL,2023-11-12,81.0,53.0
SDL,2023-11-13,83.0,66.0
SDL,2023-11-14,83.0,63.0
SDL,2023-11-15,84.0,64.0
SDL,2023-11-16,76.0,63.0
SDL,2023-11-17,78.0,59.0
SDL,2023-11-18,72.0,61.0
SDL,2023-11-19,70.0,56.0
SDL,2023-11-20,73.0,51.0
SDL,2023-11-21,76.0,58.0
SDL,2023-11-22,75.0,49.0
SDL,2023-11-23,70.0,48.0
SDL,2023-11-24,69.0,49.0
SDL,2023-11-25,66.0,49.0
SDL,2023-11-26,70.0,42.0
SDL,2023-11-27,73.0,53.0
SDL,2023-11-28,75.0,51.0
SDL,2023-11-29,69.0,51.0
SDL,2023-11-30,62.0,50.0
SDL,2023-12-01,62.0,50.0
SDL,2023-12-02,63.0,43.0
SDL,2023-12-03,65.0,42.0
SDL,2023-12-04,65.0,45.0
SDL,2023-12-05,82.0,46.0
SDL,2023-12-06,81.0,54.0
SDL,2023-12-07,73.0,50.0
SDL,2023-12-08,68.0,47.0
SDL,2023-12-09,66.0,51.0
SDL,2023-12-10,69.0,41.0
SDL,2023-12-11,71.0,42.0
SDL,2023-12-12,69.0,48.0
SDL,2023-12-13,67.0,42.0
SDL,2023-12-14,67.0,43.0
SDL,2023-12-15,75.0,43.0
SDL,2023-12-16,78.0,50.0
SDL,2023-12-17,78.0,46.0
SDL,2023-12-18,73.0,49.0
SDL,2023-12-19,73.0,57.0
SDL,2023-12-20,73.0,58.0
SDL,2023-12-21,75.0,52.0
SDL,2023-12-22,59.0,53.0
SDL,2023-12-23,56.0,50.0
SDL,2023-12-24,59.0,45.0
SDL,2023-12-25,61.0,42.0
SDL,2023-12-26,60.0,40.0
SDL,2023-12-27,63.0,39.0
SDL,2023-12-28,67.0,40.0
SDL,2023-12-29,71.0,43.0
SDL,2023-12-30,71.0,48.0
SDL,2023-12-31,60.0,45.0
SDL,2024-01-01,61.0,43.0
SDL,2024-01-02,63.0,41.0
SDL,2024-01-03,61.0,42.0
SDL,2024-01-04,55.0,41.0
SDL,2024-01-05,55.0,40.0
SDL,2024-01-06,58.0,37.0
SDL,2024-01-07,49.0,38.0
SDL,2024-01-08,51.0,33.0
SDL,2024-01-09,53.0,31.0
SDL,2024-01-10,56.0,32.0
SDL,2024-01-11,56.0,37.0
SDL,2024-01-12,54.0,31.0
SDL,2024-01-13,60.0,32.0
SDL,2024-01-14,64.0,39.0
SDL,2024-01-15,64.0,38.0
SDL,2024-01-16,67.0,40.0
SDL,2024-01-17,65.0,42.0
SDL,2024-01-18,73.0,43.0
SDL,2024-01-19,73.0,47.0
SDL,2024-01-20,67.0,48.0
SDL,2024-01-21,57.0,52.0
SDL,2024-01-22,61.0,49.0
SDL,2024-01-23,57.0,51.0
SDL,2024-01-24,60.0,50.0
SDL,2024-01-25,62.0,50.0
SDL,2024-01-26,66.0,43.0
SDL,2024-01-27,73.0,43.0
SDL,2024-01-28,75.0,51.0
SDL,2024-01-29,79.0,50.0
SDL,2024-01-30,78.0,50.0
SDL,2024-01-31,76.0,51.0
SDL,2024-02-01,75.0,53.0
SDL,2024-02-02,60.0,50.0
SDL,2024-02-03,61.0,44.0
SDL,2024-02-04,66.0,44.0
SDL,2024-02-05,72.0,47.0
SDL,2024-02-06,66.0,49.0
SDL,2024-02-07,57.0,47.0
SDL,2024-02-08,54.0,40.0
SDL,2024-02-09,57.0,37.0
SDL,2024-02-10,56.0,42.0
SDL,2024-02-11,58.0,36.0
SDL,2024-02-12,64.0,38.0
SDL,2024-02-13,68.0,42.0
SDL,2024-02-14,68.0,43.0
SDL,2024-02-15,70.0,44.0
SDL,2024-02-16,70.0,45.0
SDL,2024-02-17,72.0,47.0
SDL,2024-02-18,73.0,48.0
SDL,2024-02-19,74.0,50.0
SDL,2024-02-20,78.0,50.0
SDL,2024-02-21,70.0,55.0
SDL,2024-02-22,72.0,49.0
SDL,2024-02-23,78.0,49.0
SDL,2024-02-24,76.0,54.0
SDL,2024-02-25,79.0,54.0
SDL,2024-02-26,72.0,62.0
SDL,2024-02-27,72.0,56.0
SDL,2024-02-28,76.0,51.0
SDL,2024-02-29,73.0,50.0
SDL,2024-03-01,75.0,50.0
SDL,2024-03-02,74.0,51.0
SDL,2024-03-03,68.0,53.0
SDL,2024-03-04,69.0,51.0
SDL,2024-03-05,73.0,48.0
SDL,2024-03-06,71.0,54.0
SDL,2024-03-07,61.0,51.0
SDL,2024-03-08,68.0,51.0
SDL,2024-03-09,73.0,48.0
SDL,2024-03-10,77.0,51.0
SDL,2024-03-11,77.0,54.0
SDL,2024-03-12,75.0,53.0
SDL,2024-03-13,73.0,52.0
SDL,2024-03-14,69.0,49.0
SDL,2024-03-15,59.0,48.0
SDL,2024-03-16,65.0,44.0
SDL,2024-03-17,67.0,50.0
SDL,2024-03-18,74.0,47.0
SDL,2024-03-19,73.0,50.0
SDL,2024-03-20,76.0,50.0
SDL,2024-03-21,80.0,52.0
SDL,2024-03-22,81.0,55.0
SDL,2024-03-23,78.0,58.0
SDL,2024-03-24,61.0,51.0
SDL,2024-03-25,69.0,48.0
SDL,2024-03-26,69.0,53.0
SDL,2024-03-27,72.0,48.0
SDL,2024-03-28,76.0,51.0
SDL,2024-03-29,80.0,54.0
SDL,2024-03-30,82.0,57.0
SDL,2024-03-31,61.0,48.2
SDL,2024-04-01,62.0,47.0
SDL,2024-04-02,73.0,50.0
SDL,2024-04-03,79.0,53.0
SDL,2024-04-04,84.0,54.0
SDL,2024-04-05,66.0,54.0
SDL,2024-04-06,63.0,47.0
SDL,2024-04-07,73.0,45.0
SDL,2024-04-08,72.0,52.0
SDL,2024-04-09,82.0,51.0
SDL,2024-04-10,84.0,54.0
SDL,2024-04-11,89.0,57.0
SDL,2024-04-12,89.0,60.0
SDL,2024-04-13,85.0,62.0
SDL,2024-04-14,80.0,58.0
SDL,2024-04-15,74.0,55.0
SDL,2024-04-16,85.0,53.0
SDL,2024-04-17,88.0,59.0
SDL,2024-04-18,89.0,61.0
SDL,2024-04-19,90.0,61.0
SDL,2024-04-20,91.0,67.0
SDL,2024-04-21,94.0,64.0
SDL,2024-04-22,96.0,66.0
SDL,2024-04-23,93.0,67.0
SDL,2024-04-24,89.0,66.0
SDL,2024-04-25,81.0,64.0
SDL,2024-04-26,78.0,62.0
SDL,2024-04-27,77.0,59.0
SDL,2024-04-28,85.0,60.0
SDL,2024-04-29,88.0,61.0
SDL,2024-04-30,91.0,63.0
SDL,2024-05-01,88.0,67.0
SDL,2024-05-02,90.0,67.0
SDL,2024-05-03,90.0,67.0
SDL,2024-05-04,90.0,66.0
SDL,2024-05-05,80.0,67.0
SDL,2024-05-06,82.0,59.0
SDL,2024-05-07,88.0,57.0
SDL,2024-05-08,87.0,65.0
SDL,2024-05-09,83.0,60.0
SDL,2024-05-10,88.0,60.0
SDL,2024-05-11,89.0,63.0
SDL,2024-05-12,91.0,63.0
SDL,2024-05-13,96.0,70.0
SDL,2024-05-14,95.0,72.0
SDL,2024-05-15,92.0,71.0
SDL,2024-05-16,94.0,74.0
SDL,2024-05-17,97.0,72.0
SDL,2024-05-18,98.0,74.0
SDL,2024-05-19,95.0,71.0
SDL,2024-05-20,86.0,69.0
SDL,2024-05-21,91.0,64.0
SDL,2024-05-22,92.0,64.0
SDL,2024-05-23,93.0,68.0
SDL,2024-05-24,94.0,71.0
SDL,2024-05-25,87.0,70.0
SDL,2024-05-26,93.0,66.0
SDL,2024-05-27,98.0,68.0
SDL,2024-05-28,101.0,69.0
SDL,2024-05-29,98.0,72.0
SDL,2024-05-30,100.0,71.0
SDL,2024-05-31,102.0,72.0
SDL,2024-06-01,101.0,74.0
SDL,2024-06-02,99.0,76.0
SDL,2024-06-03,99.0,77.0
SDL,2024-06-04,99.0,76.0
SDL,2024-06-05,106.0,78.0
SDL,2024-06-06,108.0,83.0
SDL,2024-06-07,107.0,85.0
SDL,2024-06-08,103.0,82.0
SDL,2024-06-09,102.0,80.0
SDL,2024-06-10,103.0,78.0
SDL,2024-06-11,109.0,76.0
SDL,2024-06-12,107.0,82.0
SDL,2024-06-13,104.0,83.0
SDL,2024-06-14,103.0,76.0
SDL,2024-06-15,108.0,78.0
SDL,2024-06-16,107.0,82.0
SDL,2024-06-17,102.0,79.0
SDL,2024-06-18,100.0,78.0
SDL,2024-06-19,101.0,81.0
SDL,2024-06-20,110.0,79.0
SDL,2024-06-21,113.0,92.0
SDL,2024-06-22,102.0,88.0
SDL,2024-06-23,104.0,88.0
SDL,2024-06-24,107.0,83.0
SDL,2024-06-25,103.0,83.0
SDL,2024-06-26,107.0,82.0
SDL,2024-06-27,108.0,91.0
SDL,2024-06-28,107.0,90.0
SDL,2024-06-29,106.0,87.0
SDL,2024-06-30,107.0,89.0
SDL,2024-07-01,104.0,84.0
SDL,2024-07-02,109.0,88.0
SDL,2024-07-03,109.0,91.0
SDL,2024-07-04,110.0,88.0
SDL,2024-07-05,114.0,89.0
SDL,2024-07-06,110.0,89.0
SDL,2024-07-07,109.0,90.0
SDL,2024-07-08,113.0,89.0
SDL,2024-07-09,112.0,89.0
SDL,2024-07-10,111.0,90.0
SDL,2024-07-11,112.0,90.0
SDL,2024-07-12,110.0,89.0
SDL,2024-07-13,109.0,88.0
SDL,2024-07-14,105.0,77.0
SDL,2024-07-15,105.0,84.0
SDL,2024-07-16,107.0,87.0
SDL,2024-07-17,107.0,87.0
SDL,2024-07-18,108.0,89.0
SDL,2024-07-19,109.0,89.0
SDL,2024-07-20,110.0,90.0
SDL,2024-07-21,107.0,83.0
SDL,2024-07-22,106.0,83.0
SDL,2024-07-23,109.0,92.0
SDL,2024-07-24,110.0,92.0
SDL,2024-07-25,109.0,79.0
SDL,2024-07-26,107.0,81.0
SDL,2024-07-27,107.0,87.0
SDL,2024-07-28,107.0,86.0
SDL,2024-07-29,105.0,85.0
SDL,2024-07-30,106.0,87.0
SDL,2024-07-31,106.0,87.0
SDL,2024-08-01,103.0,84.0
SDL,2024-08-02,107.0,89.0
SDL,2024-08-03,111.0,89.0
SDL,2024-08-04,112.0,91.0
SDL,2024-08-05,108.0,88.0
SDL,2024-08-06,107.0,87.0
SDL,2024-08-07,100.0,80.0
SDL,2024-08-08,104.0,85.0
SDL,2024-08-09,104.0,85.0
SDL,2024-08-10,107.0,90.0
SDL,2024-08-11,101.0,84.0
SDL,2024-08-12,103.0,86.0
SDL,2024-08-13,103.0,87.0
SDL,2024-08-14,105.0,89.0
SDL,2024-08-15,108.0,86.0
SDL,2024-08-16,108.0,88.0
SDL,2024-08-17,107.0,90.0
SDL,2024-08-18,98.0,75.0
SDL,2024-08-19,107.0,84.0
SDL,2024-08-20,109.0,87.0
SDL,2024-08-21,99.0,81.0
SDL,2024-08-22,103.0,81.0
SDL,2024-08-23,103.0,83.0
SDL,2024-08-24,100.0,83.0
SDL,2024-08-25,102.0,84.0
SDL,2024-08-26,104.0,80.0
SDL,2024-08-27,104.0,79.0
SDL,2024-08-28,100.0,87.0
SDL,2024-08-29,106.0,82.0
SDL,2024-08-30,105.0,82.0
SDL,2024-08-31,105.0,86.0
SDL,2024-09-01,105.0,83.0
SDL,2024-09-02,104.0,84.0
SDL,2024-09-03,103.0,85.0
SDL,2024-09-04,108.0,83.0
SDL,2024-09-05,111.0,84.0
SDL,2024-09-06,106.0,93.0
SDL,2024-09-07,104.0,90.0
SDL,2024-09-08,105.0,90.0
SDL,2024-09-09,105.0,83.0
SDL,2024-09-10,107.0,78.0
SDL,2024-09-11,104.0,78.0
SDL,2024-09-12,104.0,80.0
SDL,2024-09-13,101.0,77.0
SDL,2024-09-14,98.0,80.0
SDL,2024-09-15,100.0,80.0
SDL,2024-09-16,96.0,79.0
SDL,2024-09-17,90.0,75.0
SDL,2024-09-18,92.0,71.0
SDL,2024-09-19,93.0,70.0
SDL,2024-09-20,91.0,74.0
SDL,2024-09-21,87.0,71.0
SDL,2024-09-22,95.0,69.0
SDL,2024-09-23,102.0,71.0
SDL,2024-09-24,103.0,74.0
SDL,2024-09-25,106.0,75.0
SDL,2024-09-26,106.0,83.0
SDL,2024-09-27,109.0,80.0
SDL,2024-09-28,112.0,81.0
SDL,2024-09-29,107.0,88.0
SDL,2024-09-30,105.0,80.0
SDL,2024-10-01,109.0,79.0
SDL,2024-10-02,103.0,83.0
SDL,2024-10-03,105.0,75.0
SDL,2024-10-04,105.0,76.0
SDL,2024-10-05,105.0,74.0
SDL,2024-10-06,107.0,75.0
SDL,2024-10-07,104.0,79.0
SDL,2024-10-08,103.0,75.0
SDL,2024-10-09,102.0,75.0
SDL,2024-10-10,102.0,73.0
SDL,2024-10-11,101.0,72.0
SDL,2024-10-12,101.0,73.0
SDL,2024-10-13,99.0,71.0
SDL,2024-10-14,97.0,72.0
SDL,2024-10-15,93.0,71.0
SDL,2024-10-16,94.0,66.0
SDL,2024-10-17,86.0,69.0
SDL,2024-10-18,74.0,59.0
SDL,2024-10-19,69.0,56.0
SDL,2024-10-20,79.0,54.0
SDL,2024-10-21,86.0,56.0
SDL,2024-10-22,93.0,59.0
SDL,2024-10-23,95.0,61.0
SDL,2024-10-24,93.0,63.0
SDL,2024-10-25,94.0,62.0
SDL,2024-10-26,96.0,62.0
SDL,2024-10-27,93.0,63.0
SDL,2024-10-28,89.0,62.0
SDL,2024-10-29,73.0,60.0
SDL,2024-10-30,73.0,51.0
SDL,2024-10-31,77.0,49.0
SDL,2024-11-01,79.0,51.0
SDL,2024-11-02,75.0,51.0
SDL,2024-11-03,68.0,54.0
SDL,2024-11-04,69.0,48.0
SDL,2024-11-05,69.0,45.0
SDL,2024-11-06,68.0,49.0
SDL,2024-11-07,64.0,48.0
SDL,2024-11-08,65.0,43.0
SDL,2024-11-09,72.0,44.0
SDL,2024-11-10,81.0,46.0
SDL,2024-11-11,79.0,51.0
SDL,2024-11-12,73.0,51.0
SDL,2024-11-13,76.0,47.0
SDL,2024-11-14,82.0,48.0
SDL,2024-11-15,69.0,51.0
SDL,2024-11-16,61.0,48.0
SDL,2024-11-17,68.0,43.0
SDL,2024-11-18,65.0,45.0
SDL,2024-11-19,68.0,44.0
SDL,2024-11-20,76.0,45.0
SDL,2024-11-21,80.0,46.0
SDL,2024-11-22,82.0,46.0
SDL,2024-11-23,78.0,47.0
SDL,2024-11-24,73.0,49.0
SDL,2024-11-25,74.0,51.0
SDL,2024-11-26,75.0,51.0
SDL,2024-11-27,74.0,56.0
SDL,2024-11-28,71.0,52.0
SDL,2024-11-29,73.0,49.0
SDL,2024-11-30,77.0,50.0
SDL,2024-12-01,77.0,49.0
SDL,2024-12-02,80.0,49.0
SDL,2024-12-03,80.0,55.0
SDL,2024-12-04,75.0,51.0
SDL,2024-12-05,76.0,50.0
SDL,2024-12-06,77.0,58.0
SDL,2024-12-07,74.0,52.0
SDL,2024-12-08,70.0,47.0
SDL,2024-12-09,71.0,47.0
SDL,2024-12-10,64.0,45.0
SDL,2024-12-11,68.0,40.0
SDL,2024-12-12,71.0,49.0
SDL,2024-12-13,65.0,47.0
SDL,2024-12-14,68.0,43.0
SDL,2024-12-15,69.0,43.0
SDL,2024-12-16,71.0,42.0
SDL,2024-12-17,71.0,42.0
SDL,2024-12-18,81.0,45.0
SDL,2024-12-19,81.0,49.0
SDL,2024-12-20,82.0,48.0
SDL,2024-12-21,77.0,48.0
SDL,2024-12-22,73.0,45.0
SDL,2024-12-23,74.0,50.0
SDL,2024-12-24,75.0,48.0
SDL,2024-12-25,66.0,49.0
SDL,2024-12-26,62.0,44.0
SDL,2024-12-27,65.0,42.0
SDL,2024-12-28,66.0,41.0
SDL,2024-12-29,73.0,43.0
SDL,2024-12-30,72.0,44.0
SDL,2024-12-31,70.0,43.0
SDL,2025-01-01,70.0,41.0
SDL,2025-01-02,74.0,43.0
SDL,2025-01-03,79.0,47.0
SDL,2025-01-04,68.0,45.0
SDL,2025-01-05,68.0,43.0
SDL,2025-01-06,68.0,43.0
SDL,2025-01-07,67.0,42.0
SDL,2025-01-08,65.0,47.0
SDL,2025-01-09,63.0,39.0
SDL,2025-01-10,62.0,44.0
SDL,2025-01-11,60.0,36.0
SDL,2025-01-12,61.0,36.0
SDL,2025-01-13,59.0,35.0
SDL,2025-01-14,65.0,34.0
SDL,2025-01-15,70.0,40.0
SDL,2025-01-16,72.0,46.0
SDL,2025-01-17,63.0,49.0
SDL,2025-01-18,63.0,41.0
SDL,2025-01-19,62.0,37.0
SDL,2025-01-20,64.0,35.0
SDL,2025-01-21,58.0,39.0
SDL,2025-01-22,62.0,34.0
SDL,2025-01-23,62.0,37.0
SDL,2025-01-24,68.0,38.0
SDL,2025-01-25,66.0,42.0
SDL,2025-01-26,67.0,42.0
SDL,2025-01-27,60.0,44.0
SDL,2025-01-28,58.0,43.0
SDL,2025-01-29,53.0,42.0
SDL,2025-01-30,59.0,39.0
SDL,2025-01-31,66.0,38.0
SDL,2025-02-01,71.0,44.0
SDL,2025-02-02,77.0,46.0
SDL,2025-02-03,83.0,50.0
SDL,2025-02-04,82.0,54.0
SDL,2025-02-05,77.0,52.0
SDL,2025-02-06,76.0,47.0
SDL,2025-02-07,73.0,51.0
SDL,2025-02-08,75.0,51.0
SDL,2025-02-09,74.0,52.0
SDL,2025-02-10,75.0,52.0
SDL,2025-02-11,66.0,51.0
SDL,2025-02-12,59.0,48.0
SDL,2025-02-13,67.0,45.0
SDL,2025-02-14,68.0,55.0
SDL,2025-02-15,69.0,46.0
SDL,2025-02-16,73.0,46.0
SDL,2025-02-17,73.0,49.0
SDL,2025-02-18,73.0,50.0
SDL,2025-02-19,77.0,48.0
SDL,2025-02-20,76.0,49.0
SDL,2025-02-21,75.0,47.0
SDL,2025-02-22,76.0,47.0
SDL,2025-02-23,79.0,48.0
SDL,2025-02-24,83.0,50.0
SDL,2025-02-25,86.0,54.0
SDL,2025-02-26,86.0,55.0
SDL,2025-02-27,81.0,62.0
SDL,2025-02-28,78.0,56.0
SDL,2025-03-01,81.0,53.0
SDL,2025-03-02,75.0,52.0
SDL,2025-03-03,62.0,50.0
SDL,2025-03-04,68.0,45.0
SDL,2025-03-05,72.0,47.0
SDL,2025-03-06,67.0,58.0
SDL,2025-03-07,58.0,45.0
SDL,2025-03-08,65.0,43.0
SDL,2025-03-09,74.0,45.0
SDL,2025-03-10,80.0,51.0
SDL,2025-03-11,76.0,56.0
SDL,2025-03-12,69.0,56.0
SDL,2025-03-13,70.0,49.0
SDL,2025-03-14,54.0,44.0
SDL,2025-03-15,65.0,45.0
SDL,2025-03-16,71.0,45.0
SDL,2025-03-17,78.0,52.0
SDL,2025-03-18,68.0,55.0
SDL,2025-03-19,70.0,52.0
SDL,2025-03-20,77.0,47.0
SDL,2025-03-21,80.0,48.0
SDL,2025-03-22,82.0,53.0
SDL,2025-03-23,84.0,56.0
SDL,2025-03-24,91.0,58.0
SDL,2025-03-25,96.0,60.0
SDL,2025-03-26,89.0,66.0
SDL,2025-03-27,88.0,63.0
SDL,2025-03-28,79.0,63.0
SDL,2025-03-29,76.0,61.0
SDL,2025-03-30,79.0,57.0
SDL,2025-03-31,78.0,61.0
SDL,2025-04-01,71.0,58.0
SDL,2025-04-02,63.0,51.0
SDL,2025-04-03,66.0,48.0
SDL,2025-04-04,69.0,50.0
SDL,2025-04-05,75.0,51.0
SDL,2025-04-06,78.0,54.0
SDL,2025-04-07,84.0,53.0
SDL,2025-04-08,88.0,57.0
SDL,2025-04-09,93.0,58.0
SDL,2025-04-10,96.0,60.0
SDL,2025-04-11,97.0,64.0
SDL,2025-04-12,95.0,64.0
SDL,2025-04-13,91.0,67.0
SDL,2025-04-14,89.0,69.0
SDL,2025-04-15,90.0,65.0
SDL,2025-04-16,88.0,64.0
SDL,2025-04-17,77.0,63.0
SDL,2025-04-18,74.0,51.0
SDL,2025-04-19,71.0,50.0
SDL,2025-04-20,82.0,54.0
SDL,2025-04-21,87.0,58.0
SDL,2025-04-22,89.0,60.0
SDL,2025-04-23,87.0,63.0
SDL,2025-04-24,87.0,63.0
SDL,2025-04-25,88.0,64.0
SDL,2025-04-26,80.0,60.0
SDL,2025-04-27,75.0,58.0
SDL,2025-04-28,77.0,56.0
SDL,2025-04-29,83.0,59.0
SDL,2025-04-30,86.0,59.0
SDL,2025-05-01,90.0,65.0
SDL,2025-05-02,91.0,67.0
SDL,2025-05-03,92.0,67.0
SDL,2025-05-04,78.0,64.0
SDL,2025-05-05,71.0,57.0
SDL,2025-05-06,71.0,60.0
SDL,2025-05-07,81.0,61.0
SDL,2025-05-08,92.0,62.0
SDL,2025-05-09,100.0,70.0
SDL,2025-05-10,100.0,77.0
SDL,2025-05-11,101.0,82.0
SDL,2025-05-12,96.0,76.0
SDL,2025-05-13,85.0,72.0
SDL,2025-05-14,81.0,63.0
SDL,2025-05-15,86.0,62.0
SDL,2025-05-16,91.0,63.0
SDL,2025-05-17,90.0,68.0
SDL,2025-05-18,84.0,65.0
SDL,2025-05-19,91.0,68.0
SDL,2025-05-20,97.0,73.0
SDL,2025-05-21,101.0,69.0
SDL,2025-05-22,102.0,71.0
SDL,2025-05-23,100.0,73.0
SDL,2025-05-24,96.0,74.0
SDL,2025-05-25,94.0,71.0
SDL,2025-05-26,97.0,72.0
SDL,2025-05-27,97.0,70.0
SDL,2025-05-28,98.0,72.0
SDL,2025-05-29,97.0,76.0
SDL,2025-05-30,102.0,70.0
SDL,2025-05-31,100.0,80.0
SDL,2025-06-01,87.0,68.0
SDL,2025-06-02,87.0,64.0
SDL,2025-06-03,93.0,76.0
SDL,2025-06-04,94.0,72.0
SDL,2025-06-05,98.0,74.0
SDL,2025-06-06,100.0,76.0
SDL,2025-06-07,102.0,75.0
SDL,2025-06-08,104.0,77.0
SDL,2025-06-09,107.0,79.0
SDL,2025-06-10,105.0,79.0
SDL,2025-06-11,106.0,81.0
SDL,2025-06-12,105.0,80.0
SDL,2025-06-13,103.0,81.0
SDL,2025-06-14,107.0,76.0
SDL,2025-06-15,112.0,76.0
SDL,2025-06-16,111.0,80.0
SDL,2025-06-17,107.0,81.0
SDL,2025-06-18,110.0,79.0
SDL,2025-06-19,113.0,81.0
SDL,2025-06-20,106.0,80.0
SDL,2025-06-21,103.0,82.0
SDL,2025-06-22,96.0,76.0
SDL,2025-06-23,100.0,77.0
SDL,2025-06-24,100.0,78.0
SDL,2025-06-25,100.0,77.0
SDL,2025-06-26,103.0,78.0
SDL,2025-06-27,104.0,79.0
SDL,2025-06-28,107.0,84.0
SDL,2025-06-29,111.0,82.0
SDL,2025-06-30,114.0,86.0
SDL,2025-07-01,108.0,90.0
SDL,2025-07-02,107.0,77.0
SDL,2025-07-03,99.0,76.0
SDL,2025-07-04,100.0,81.0
SDL,2025-07-05,104.0,84.0
SDL,2025-07-06,108.0,83.0
SDL,2025-07-07,107.0,87.0
SDL,2025-07-08,110.0,89.0
SDL,2025-07-09,115.0,89.0
SDL,2025-07-10,110.0,92.0
SDL,2025-07-11,108.0,89.0
SDL,2025-07-12,106.0,86.0
SDL,2025-07-13,105.0,87.0
SDL,2025-07-14,105.0,88.0
SDL,2025-07-15,103.0,86.0
SDL,2025-07-16,93.0,82.0
SDL,2025-07-17,99.0,82.0
SDL,2025-07-18,106.0,84.0
SDL,2025-07-19,105.0,86.0
SDL,2025-07-20,94.0,87.0
SDL,2025-07-21,101.0,85.0
SDL,2025-07-22,98.0,83.0
SDL,2025-07-23,101.0,83.0
SDL,2025-07-24,104.0,77.0
SDL,2025-07-25,104.0,78.0
SDL,2025-07-26,105.0,77.0
SDL,2025-07-27,107.0,79.0
SDL,2025-07-28,109.0,83.0
SDL,2025-07-29,107.0,85.0
SDL,2025-07-30,108.0,85.0
SDL,2025-07-31,108.0,87.0
SDL,2025-08-01,109.0,90.0
SDL,2025-08-02,111.0,88.0
SDL,2025-08-03,109.0,84.0
SDL,2025-08-04,108.0,83.0
SDL,2025-08-05,111.0,86.0
SDL,2025-08-06,113.0,89.0
SDL,2025-08-07,115.0,88.0
SDL,2025-08-08,111.0,89.0
SDL,2025-08-09,108.0,89.0
SDL,2025-08-10,105.0,89.0
SDL,2025-08-11,109.0,90.0
SDL,2025-08-12,108.0,88.0
SDL,2025-08-13,107.0,89.0
SDL,2025-08-14,105.0,73.0
SDL,2025-08-15,99.0,75.0
SDL,2025-08-16,101.0,82.0
SDL,2025-08-17,102.0,82.0
SDL,2025-08-18,104.0,81.0
SDL,2025-08-19,107.0,85.0
SDL,2025-08-20,110.0,88.0
SDL,2025-08-21,110.0,89.0
SDL,2025-08-22,107.0,88.0
SDL,2025-08-23,107.0,89.0
SDL,2025-08-24,108.0,89.0
SDL,2025-08-25,101.0,77.0
SDL,2025-08-26,94.0,77.0
SDL,2025-08-27,98.0,77.0
SDL,2025-08-28,102.0,85.0
SDL,2025-08-29,100.0,74.0
SDL,2025-08-30,103.0,80.0
SDL,2025-08-31,106.0,78.0
SDL,2025-09-01,103.0,84.0
SDL,2025-09-02,106.0,84.0
SDL,2025-09-03,103.0,78.0
SDL,2025-09-04,92.0,74.0
SDL,2025-09-05,94.0,77.0
SDL,2025-09-06,97.0,81.0
SDL,2025-09-07,99.0,81.0
SDL,2025-09-08,102.0,84.0
SDL,2025-09-09,103.0,84.0
SDL,2025-09-10,103.0,81.0
SDL,2025-09-11,100.0,80.0
SDL,2025-09-12,98.0,80.0
SDL,2025-09-13,94.0,76.0
SDL,2025-09-14,96.0,70.0
SDL,2025-09-15,101.0,72.0
SDL,2025-09-16,102.0,77.0
SDL,2025-09-17,99.0,84.0
SDL,2025-09-18,96.0,80.0
SDL,2025-09-19,94.0,76.0
SDL,2025-09-20,99.0,77.0
SDL,2025-09-21,96.0,81.0
SDL,2025-09-22,89.0,77.0
SDL,2025-09-23,99.0,75.0
SDL,2025-09-24,104.0,78.0
SDL,2025-09-25,104.0,82.0
SDL,2025-09-26,86.0,69.0
SDL,2025-09-27,85.0,66.2
SDL,2025-09-28,86.0,68.0
SDL,2025-09-29,90.0,69.0
SDL,2025-09-30,94.0,70.0
SDL,2025-10-01,93.0,72.0
SDL,2025-10-02,97.0,69.0
SDL,2025-10-03,97.0,73.0
SDL,2025-10-04,84.0,69.0
SDL,2025-10-05,86.0,62.0
SDL,2025-10-06,92.0,61.0
SDL,2025-10-07,96.0,63.0
SDL,2025-10-08,98.0,67.0
SDL,2025-10-09,90.0,72.0
SDL,2025-10-10,92.0,72.0
SDL,2025-10-11,82.0,68.0
SDL,2025-10-12,80.0,68.0
SDL,2025-10-13,84.0,68.0
SDL,2025-10-14,85.0,66.0
SDL,2025-10-15,78.0,64.0
SDL,2025-10-16,78.0,57.0
SDL,2025-10-17,80.0,56.0
SDL,2025-10-18,84.0,56.0
SDL,2025-10-19,87.0,59.0
SDL,2025-10-20,86.0,59.0
SDL,2025-10-21,88.0,58.0
SDL,2025-10-22,87.0,69.0
SDL,2025-10-23,81.0,61.0
SDL,2025-10-24,83.0,57.0
SDL,2025-10-25,84.0,59.0
SDL,2025-10-26,86.0,58.0
SDL,2025-10-27,87.0,58.0
SDL,2025-10-28,91.0,58.0
SDL,2025-10-29,89.0,61.0
SDL,2025-10-30,87.0,59.0
SDL,2025-10-31,85.0,58.0
SDL,2025-11-01,85.0,55.0
SDL,2025-11-02,88.0,56.0
SDL,2025-11-03,87.0,58.0
SDL,2025-11-04,88.0,57.0
SDL,2025-11-05,86.0,55.0
SDL,2025-11-06,84.0,57.0
SDL,2025-11-07,83.0,54.0
SDL,2025-11-08,84.0,55.0
SDL,2025-11-09,89.0,57.0
SDL,2025-11-10,87.0,60.0
SDL,2025-11-11,85.0,56.0
SDL,2025-11-12,84.0,58.0
SDL,2025-11-13,86.0,59.0
SDL,2025-11-14,86.0,57.0
SDL,2025-11-15,82.0,55.0
SDL,2025-11-16,71.0,59.0
SDL,2025-11-17,72.0,52.0
SDL,2025-11-18,68.0,57.0
SDL,2025-11-19,64.0,53.0
SDL,2025-11-20,63.0,51.0
SDL,2025-11-21,64.0,50.0
SDL,2025-11-22,72.0,55.0
SDL,2025-11-23,64.0,52.0
SDL,2025-11-24,67.0,48.0
SDL,2025-11-25,71.0,48.0
SDL,2025-11-26,77.0,48.0
SDL,2025-11-27,77.0,50.0
SDL,2025-11-28,75.0,49.0
SDL,2025-11-29,71.0,47.0
SDL,2025-11-30,70.0,47.0
SDL,2025-12-01,70.0,49.0
SDL,2025-12-02,68.0,44.0
SDL,2025-12-03,64.0,44.0
SDL,2025-12-04,65.0,41.0
SDL,2025-12-05,65.0,41.0
SDL,2025-12-06,65.0,41.0
SDL,2025-12-07,71.0,42.0
SDL,2025-12-08,72.0,44.0
SDL,2025-12-09,74.0,44.0
SDL,2025-12-10,73.0,44.0
SDL,2025-12-11,77.0,48.0
SDL,2025-12-12,77.0,50.0
SDL,2025-12-13,77.0,49.0
SDL,2025-12-14,82.0,49.0
SDL,2025-12-15,80.0,51.0
SDL,2025-12-16,75.0,48.0
SDL,2025-12-17,73.0,48.0
SDL,2025-12-18,74.0,47.0
SDL,2025-12-19,76.0,49.0
SDL,2025-12-20,75.0,48.0
SDL,2025-12-21,79.0,47.0
SDL,2025-12-22,81.0,50.0
SDL,2025-12-23,78.0,51.0
SDL,2025-12-24,72.0,61.0
SDL,2025-12-25,72.0,59.0
SDL,2025-12-26,71.0,54.0
SDL,2025-12-27,68.0,52.0
SDL,2025-12-28,67.0,46.0
SDL,2025-12-29,75.0,53.0
SDL,2025-12-30,74.0,52.0
SDL,2025-12-31,65.0,51.0
CHD,2016-01-01,64.4,32.0
CHD,2016-01-02,69.8,39.2
CHD,2016-01-03,71.6,44.6
CHD,2016-01-04,60.8,51.8
CHD,2016-01-05,60.8,50.0
CHD,2016-01-06,59.0,48.2
CHD,2016-01-07,51.8,46.4
CHD,2016-01-08,53.6,44.6
CHD,2016-01-09,55.4,37.4
CHD,2016-01-10,55.4,41.0
CHD,2016-01-11,59.0,35.6
CHD,2016-01-12,66.2,33.8
CHD,2016-01-13,64.4,35.6
CHD,2016-01-14,60.8,35.6
CHD,2016-01-15,59.0,39.2
CHD,2016-01-16,69.8,33.8
CHD,2016-01-17,66.2,37.4
CHD,2016-01-18,68.0,39.2
CHD,2016-01-19,66.2,39.2
CHD,2016-01-20,68.0,42.8
CHD,2016-01-21,69.8,41.0
CHD,2016-01-22,73.4,39.2
CHD,2016-01-23,71.6,42.8
CHD,2016-01-24,66.2,41.0
CHD,2016-01-25,64.4,42.8
CHD,2016-01-26,66.2,46.4
CHD,2016-01-27,68.0,37.4
CHD,2016-01-28,69.8,39.2
CHD,2016-01-29,69.8,39.2
CHD,2016-01-30,73.4,39.2
CHD,2016-01-31,73.4,46.4
CHD,2016-02-01,51.8,46.4
CHD,2016-02-02,53.6,37.4
CHD,2016-02-03,55.4,30.2
CHD,2016-02-04,62.6,35.6
CHD,2016-02-05,66.2,42.8
CHD,2016-02-06,73.4,37.4
CHD,2016-02-07,82.4,39.2
CHD,2016-02-08,82.4,46.4
CHD,2016-02-09,82.4,50.0
CHD,2016-02-10,82.4,46.4
CHD,2016-02-11,80.6,48.2
CHD,2016-02-12,84.2,46.4
CHD,2016-02-13,84.2,46.4
CHD,2016-02-14,78.8,46.4
CHD,2016-02-15,82.4,48.2
CHD,2016-02-16,84.2,50.0
CHD,2016-02-17,87.8,50.0
CHD,2016-02-18,80.6,51.8
CHD,2016-02-20,84.2,48.2
CHD,2016-02-21,80.6,48.2
CHD,2016-02-22,82.4,48.2
CHD,2016-02-23,71.6,53.6
CHD,2016-02-24,73.4,50.0
CHD,2016-02-25,80.6,46.4
CHD,2016-02-26,86.0,48.2
CHD,2016-02-27,84.2,48.2
CHD,2016-02-28,82.4,48.2
CHD,2016-02-29,84.2,53.6
CHD,2016-03-01,84.2,53.6
CHD,2016-03-02,86.0,51.8
CHD,2016-03-03,87.8,55.4
CHD,2016-03-04,87.8,55.4
CHD,2016-03-05,80.6,53.6
CHD,2016-03-06,78.8,60.8
CHD,2016-03-07,69.8,48.2
CHD,2016-03-08,71.6,48.2
CHD,2016-03-09,78.8,35.6
CHD,2016-03-10,82.4,50.0
CHD,2016-03-11,87.8,48.2
CHD,2016-03-12,69.8,51.8
CHD,2016-03-13,75.2,48.2
CHD,2016-03-14,78.8,53.6
CHD,2016-03-15,82.4,51.8
CHD,2016-03-16,84.2,48.2
CHD,2016-03-17,86.0,50.0
CHD,2016-03-18,87.8,51.8
CHD,2016-03-19,87.8,53.6
CHD,2016-03-20,89.6,53.6
CHD,2016-03-21,89.6,57.2
CHD,2016-03-22,78.8,66.2
CHD,2016-03-23,73.4,55.4
CHD,2016-03-24,78.8,35.6
CHD,2016-03-25,82.4,46.4
CHD,2016-03-26,77.0,71.6
CHD,2016-03-27,86.0,51.8
CHD,2016-03-28,84.2,57.2
CHD,2016-03-29,68.0,55.4
CHD,2016-03-30,66.2,50.0
CHD,2016-03-31,71.6,44.6
CHD,2016-04-01,77.0,48.2
CHD,2016-04-02,82.4,51.8
CHD,2016-04-03,87.8,55.4
CHD,2016-04-04,89.6,53.6
CHD,2016-04-05,89.6,57.2
CHD,2016-04-06,95.0,59.0
CHD,2016-04-07,87.8,68.0
CHD,2016-04-08,80.6,60.8
CHD,2016-04-09,82.4,60.8
CHD,2016-04-10,68.0,57.2
CHD,2016-04-11,75.2,53.6
CHD,2016-04-12,80.6,57.2
CHD,2016-04-13,84.2,59.0
CHD,2016-04-14,87.8,59.0
CHD,2016-04-15,80.6,62.6
CHD,2016-04-16,78.8,35.6
CHD,2016-04-17,80.6,59.0
CHD,2016-04-18,84.2,60.8
CHD,2016-04-19,87.8,57.2
CHD,2016-04-20,93.2,57.2
CHD,2016-04-21,95.0,60.8
CHD,2016-04-22,96.8,62.6
CHD,2016-04-23,87.8,68.0
CHD,2016-04-24,87.8,55.4
CHD,2016-04-25,78.8,66.2
CHD,2016-04-26,75.2,53.6
CHD,2016-04-27,82.4,55.4
CHD,2016-04-28,75.2,62.6
CHD,2016-04-29,89.6,60.8
CHD,2016-04-30,82.4,59.0
CHD,2016-05-01,77.0,59.0
CHD,2016-05-02,86.0,59.0
CHD,2016-05-03,91.4,66.2
CHD,2016-05-04,100.4,64.4
CHD,2016-05-05,95.0,68.0
CHD,2016-05-06,80.6,62.6
CHD,2016-05-07,77.0,55.4
CHD,2016-05-08,78.8,59.0
CHD,2016-05-09,84.2,57.2
CHD,2016-05-10,89.6,60.8
CHD,2016-05-11,93.2,66.2
CHD,2016-05-12,100.4,64.4
CHD,2016-05-13,102.2,66.2
CHD,2016-05-14,100.4,87.8
CHD,2016-05-15,93.2,68.0
CHD,2016-05-16,89.6,64.4
CHD,2016-05-17,89.6,68.0
CHD,2016-05-18,84.2,68.0
CHD,2016-05-19,91.4,66.2
CHD,2016-05-20,96.8,73.4
CHD,2016-05-21,91.4,71.6
CHD,2016-05-22,87.8,64.4
CHD,2016-05-23,87.8,59.0
CHD,2016-05-24,87.8,64.4
CHD,2016-05-25,91.4,60.8
CHD,2016-05-26,82.4,59.0
CHD,2016-05-27,89.6,60.8
CHD,2016-05-28,95.0,62.6
CHD,2016-05-29,96.8,68.0
CHD,2016-05-30,93.2,68.0
CHD,2016-05-31,96.8,64.4
CHD,2016-06-01,100.4,78.8
CHD,2016-06-02,105.8,71.6
CHD,2016-06-03,111.2,73.4
CHD,2016-06-04,113.0,75.2
CHD,2016-06-05,111.2,75.2
CHD,2016-06-06,109.4,78.8
CHD,2016-06-07,104.0,73.4
CHD,2016-06-08,105.8,80.6
CHD,2016-06-09,102.2,78.8
CHD,2016-06-10,96.8,82.4
CHD,2016-06-11,100.4,75.2
CHD,2016-06-12,102.2,75.2
CHD,2016-06-13,98.6,75.2
CHD,2016-06-14,98.6,71.6
CHD,2016-06-15,100.4,69.8
CHD,2016-06-16,100.4,73.4
CHD,2016-06-17,102.2,69.8
CHD,2016-06-18,109.4,73.4
CHD,2016-06-19,116.6,75.2
CHD,2016-06-20,114.8,80.6
CHD,2016-06-21,109.4,87.8
CHD,2016-06-22,109.4,84.2
CHD,2016-06-23,109.4,84.2
CHD,2016-06-24,107.6,82.4
CHD,2016-06-25,107.6,84.2
CHD,2016-06-26,104.0,87.8
CHD,2016-06-27,107.6,86.0
CHD,2016-06-28,109.4,87.8
CHD,2016-06-29,104.0,86.0
CHD,2016-06-30,93.2,80.6
CHD,2016-07-01,93.2,75.2
CHD,2016-07-02,102.2,78.8
CHD,2016-07-03,104.0,82.4
CHD,2016-07-04,107.6,82.4
CHD,2016-07-05,107.6,78.8
CHD,2016-07-06,105.8,84.2
CHD,2016-07-07,105.8,84.2
CHD,2016-07-08,105.8,82.4
CHD,2016-07-09,109.4,82.4
CHD,2016-07-10,109.4,84.2
CHD,2016-07-11,107.6,80.6
CHD,2016-07-12,107.6,78.8
CHD,2016-07-13,105.8,86.0
CHD,2016-07-14,109.4,84.2
CHD,2016-07-15,109.4,82.4
CHD,2016-07-16,105.8,87.8
CHD,2016-07-17,100.4,84.2
CHD,2016-07-18,104.0,84.2
CHD,2016-07-19,105.8,82.4
CHD,2016-07-20,105.8,86.0
CHD,2016-07-21,111.2,86.0
CHD,2016-07-22,111.2,87.8
CHD,2016-07-23,127.4,87.8
CHD,2016-07-24,105.8,87.8
CHD,2016-07-25,105.8,86.0
CHD,2016-07-26,109.4,87.8
CHD,2016-07-27,109.4,87.8
CHD,2016-07-28,109.4,87.8
CHD,2016-07-29,109.4,89.6
CHD,2016-07-30,100.4,93.2
CHD,2016-07-31,100.4,84.2
CHD,2016-08-01,96.8,78.8
CHD,2016-08-02,95.0,77.0
CHD,2016-08-03,98.6,80.6
CHD,2016-08-04,96.8,82.4
CHD,2016-08-05,98.6,82.4
CHD,2016-08-06,105.8,82.4
CHD,2016-08-07,107.6,86.0
CHD,2016-08-08,107.6,84.2
CHD,2016-08-09,95.0,84.2
CHD,2016-08-10,100.4,82.4
CHD,2016-08-11,96.8,75.2
CHD,2016-08-12,104.0,80.6
CHD,2016-08-13,105.8,80.6
CHD,2016-08-14,105.8,84.2
CHD,2016-08-15,107.6,87.8
CHD,2016-08-16,109.4,84.2
CHD,2016-08-17,107.6,87.8
CHD,2016-08-18,102.2,87.8
CHD,2016-08-19,102.2,80.6
CHD,2016-08-20,100.4,80.6
CHD,2016-08-21,98.6,78.8
CHD,2016-08-22,98.6,78.8
CHD,2016-08-23,96.8,73.4
CHD,2016-08-24,100.4,78.8
CHD,2016-08-25,100.4,77.0
CHD,2016-08-26,96.8,78.8
CHD,2016-08-27,96.8,78.8
CHD,2016-08-28,98.6,73.4
CHD,2016-08-29,102.2,77.0
CHD,2016-08-30,104.0,80.6
CHD,2016-08-31,104.0,80.6
CHD,2016-09-01,102.2,82.4
CHD,2016-09-02,102.2,80.6
CHD,2016-09-03,104.0,80.6
CHD,2016-09-04,100.4,71.6
CHD,2016-09-05,100.4,68.0
CHD,2016-09-06,100.4,73.4
CHD,2016-09-07,87.8,77.0
CHD,2016-09-08,95.0,73.4
CHD,2016-09-09,100.4,77.0
CHD,2016-09-10,104.0,78.8
CHD,2016-09-11,102.2,75.2
CHD,2016-09-12,98.6,82.4
CHD,2016-09-13,98.6,73.4
CHD,2016-09-14,96.8,73.4
CHD,2016-09-15,107.6,68.0
CHD,2016-09-16,95.0,64.4
CHD,2016-09-17,100.4,64.4
CHD,2016-09-18,102.2,66.2
CHD,2016-09-19,98.6,69.8
CHD,2016-09-20,89.6,82.4
CHD,2016-09-21,100.4,75.2
CHD,2016-09-22,82.4,78.8
CHD,2016-09-23,109.4,73.4
CHD,2016-09-24,87.8,57.2
CHD,2016-09-25,95.0,62.6
CHD,2016-09-26,86.0,77.0
CHD,2016-09-27,87.8,69.8
CHD,2016-09-28,95.0,71.6
CHD,2016-09-29,91.4,73.4
CHD,2016-09-30,95.0,71.6
CHD,2016-10-01,95.0,71.6
CHD,2016-10-02,84.2,69.8
CHD,2016-10-03,84.2,68.0
CHD,2016-10-04,82.4,55.4
CHD,2016-10-05,87.8,57.2
CHD,2016-10-06,87.8,60.8
CHD,2016-10-07,95.0,59.0
CHD,2016-10-08,95.0,75.2
CHD,2016-10-09,95.0,69.8
CHD,2016-10-10,93.2,66.2
CHD,2016-10-11,95.0,64.4
CHD,2016-10-12,91.4,60.8
CHD,2016-10-13,91.4,59.0
CHD,2016-10-14,95.0,59.0
CHD,2016-10-15,93.2,60.8
CHD,2016-10-16,93.2,60.8
CHD,2016-10-17,91.4,62.6
CHD,2016-10-18,89.6,60.8
CHD,2016-10-19,91.4,60.8
CHD,2016-10-20,95.0,64.4
CHD,2016-10-21,96.8,68.0
CHD,2016-10-22,96.8,66.2
CHD,2016-10-23,95.0,66.2
CHD,2016-10-24,89.6,68.0
CHD,2016-10-25,89.6,68.0
CHD,2016-10-26,95.0,64.4
CHD,2016-10-27,98.6,66.2
CHD,2016-10-28,93.2,71.6
CHD,2016-10-29,93.2,64.4
CHD,2016-10-30,91.4,66.2
CHD,2016-10-31,84.2,64.4
CHD,2016-11-01,82.4,62.6
CHD,2016-11-02,82.4,41.0
CHD,2016-11-03,84.2,60.8
CHD,2016-11-05,78.8,57.2
CHD,2016-11-06,80.6,57.2
CHD,2016-11-07,84.2,59.0
CHD,2016-11-08,87.8,62.6
CHD,2016-11-09,82.4,66.2
CHD,2016-11-10,78.8,64.4
CHD,2016-11-11,80.6,59.0
CHD,2016-11-12,82.4,57.2
CHD,2016-11-13,82.4,55.4
CHD,2016-11-14,82.4,51.8
CHD,2016-11-15,84.2,51.8
CHD,2016-11-16,80.6,53.6
CHD,2016-11-17,69.8,55.4
CHD,2016-11-18,75.2,42.8
CHD,2016-11-19,82.4,48.2
CHD,2016-11-20,75.2,44.6
CHD,2016-11-21,69.8,57.2
CHD,2016-11-22,69.8,46.4
CHD,2016-11-23,75.2,46.4
CHD,2016-11-24,77.0,44.6
CHD,2016-11-25,80.6,44.6
CHD,2016-11-26,73.4,53.6
CHD,2016-11-27,64.4,48.2
CHD,2016-11-28,57.2,44.6
CHD,2016-11-29,59.0,46.4
CHD,2016-11-30,60.8,35.6
CHD,2016-12-01,60.8,39.2
CHD,2016-12-02,60.8,41.0
CHD,2016-12-03,68.0,48.2
CHD,2016-12-04,68.0,44.6
CHD,2016-12-05,68.0,39.2
CHD,2016-12-06,66.2,42.8
CHD,2016-12-07,64.4,44.6
CHD,2016-12-08,68.0,41.0
CHD,2016-12-09,69.8,42.8
CHD,2016-12-10,86.0,42.8
CHD,2016-12-12,73.4,48.2
CHD,2016-12-13,73.4,33.8
CHD,2016-12-14,75.2,48.2
CHD,2016-12-15,75.2,46.4
CHD,2016-12-16,75.2,57.2
CHD,2016-12-17,59.0,48.2
CHD,2016-12-18,60.8,35.6
CHD,2016-12-19,69.8,46.4
CHD,2016-12-20,71.6,48.2
CHD,2016-12-21,68.0,57.2
CHD,2016-12-22,66.2,57.2
CHD,2016-12-23,109.4,55.4
CHD,2016-12-24,64.4,46.4
CHD,2016-12-25,53.6,39.2
CHD,2016-12-26,60.8,35.6
CHD,2016-12-27,69.8,39.2
CHD,2016-12-28,60.8,44.6
CHD,2016-12-29,75.2,48.2
CHD,2016-12-30,71.6,51.8
CHD,2016-12-31,62.6,55.4
CHD,2017-01-01,55.4,50.0
CHD,2017-01-02,57.2,46.4
CHD,2017-01-03,60.8,44.6
CHD,2017-01-04,66.2,42.8
CHD,2017-01-05,68.0,44.6
CHD,2017-01-06,64.4,48.2
CHD,2017-01-07,66.2,41.0
CHD,2017-01-08,73.4,44.6
CHD,2017-01-09,66.2,50.0
CHD,2017-01-10,69.8,48.2
CHD,2017-01-11,66.2,48.2
CHD,2017-01-12,69.8,44.6
CHD,2017-01-13,64.4,53.6
CHD,2017-01-14,64.4,53.6
CHD,2017-01-15,59.0,51.8
CHD,2017-01-16,62.6,51.8
CHD,2017-01-17,62.6,42.8
CHD,2017-01-18,66.2,41.0
CHD,2017-01-19,59.0,44.6
CHD,2017-01-20,57.2,50.0
CHD,2017-01-21,59.0,48.2
CHD,2017-01-22,60.8,42.8
CHD,2017-01-23,62.6,50.0
CHD,2017-01-24,57.2,41.0
CHD,2017-01-25,55.4,33.8
CHD,2017-01-26,57.2,33.8
CHD,2017-01-27,59.0,41.0
CHD,2017-01-28,64.4,39.2
CHD,2017-01-29,71.6,35.6
CHD,2017-01-30,77.0,42.8
CHD,2017-01-31,71.6,41.0
CHD,2017-02-01,73.4,39.2
CHD,2017-02-02,71.6,42.8
CHD,2017-02-03,69.8,44.6
CHD,2017-02-04,75.2,42.8
CHD,2017-02-05,75.2,41.0
CHD,2017-02-06,66.2,50.0
CHD,2017-02-07,71.6,46.4
CHD,2017-02-08,75.2,51.8
CHD,2017-02-09,80.6,50.0
CHD,2017-02-10,84.2,51.8
CHD,2017-02-11,77.0,33.8
CHD,2017-02-12,75.2,60.8
CHD,2017-02-13,73.4,59.0
CHD,2017-02-14,71.6,55.4
CHD,2017-02-15,73.4,53.6
CHD,2017-02-16,73.4,48.2
CHD,2017-02-17,75.2,51.8
CHD,2017-02-18,66.2,51.8
CHD,2017-02-19,59.0,50.0
CHD,2017-02-20,68.0,46.4
CHD,2017-02-21,73.4,46.4
CHD,2017-02-22,77.0,53.6
CHD,2017-02-23,60.8,48.2
CHD,2017-02-24,60.8,37.4
CHD,2017-02-25,64.4,37.4
CHD,2017-02-26,66.2,50.0
CHD,2017-02-27,69.8,44.6
CHD,2017-02-28,64.4,55.4
CHD,2017-03-01,69.8,42.8
CHD,2017-03-02,77.0,46.4
CHD,2017-03-03,78.8,51.8
CHD,2017-03-04,82.4,50.0
CHD,2017-03-05,75.2,57.2
CHD,2017-03-06,66.2,46.4
CHD,2017-03-07,75.2,41.0
CHD,2017-03-08,82.4,44.6
CHD,2017-03-09,86.0,50.0
CHD,2017-03-10,87.8,51.8
CHD,2017-03-11,87.8,55.4
CHD,2017-03-12,87.8,57.2
CHD,2017-03-13,89.6,57.2
CHD,2017-03-14,91.4,57.2
CHD,2017-03-15,89.6,59.0
CHD,2017-03-16,91.4,57.2
CHD,2017-03-17,91.4,57.2
CHD,2017-03-18,95.0,59.0
CHD,2017-03-19,95.0,60.8
CHD,2017-03-20,95.0,60.8
CHD,2017-03-21,93.2,60.8
CHD,2017-03-22,80.6,60.8
CHD,2017-03-23,68.0,53.6
CHD,2017-03-24,77.0,48.2
CHD,2017-03-25,80.6,51.8
CHD,2017-03-26,80.6,51.8
CHD,2017-03-27,80.6,55.4
CHD,2017-03-28,77.0,60.8
CHD,2017-03-29,82.4,51.8
CHD,2017-03-30,87.8,55.4
CHD,2017-03-31,66.2,57.2
CHD,2017-04-01,71.6,55.4
CHD,2017-04-02,80.6,46.4
CHD,2017-04-03,84.2,53.6
CHD,2017-04-04,77.0,53.6
CHD,2017-04-05,82.4,53.6
CHD,2017-04-06,89.6,51.8
CHD,2017-04-07,89.6,59.0
CHD,2017-04-08,86.0,59.0
CHD,2017-04-09,78.8,55.4
CHD,2017-04-10,84.2,51.8
CHD,2017-04-11,87.8,51.8
CHD,2017-04-12,89.6,57.2
CHD,2017-04-13,93.2,59.0
CHD,2017-04-14,87.8,57.2
CHD,2017-04-15,86.0,55.4
CHD,2017-04-16,89.6,55.4
CHD,2017-04-17,91.4,57.2
CHD,2017-04-18,93.2,59.0
CHD,2017-04-19,89.6,66.2
CHD,2017-04-20,89.6,57.2
CHD,2017-04-21,93.2,59.0
CHD,2017-04-22,95.0,60.8
CHD,2017-04-23,98.6,62.6
CHD,2017-04-24,91.4,64.4
CHD,2017-04-25,84.2,69.8
CHD,2017-04-26,87.8,60.8
CHD,2017-04-27,89.6,64.4
CHD,2017-04-28,84.2,71.6
CHD,2017-04-29,78.8,57.2
CHD,2017-04-30,84.2,55.4
CHD,2017-05-01,91.4,59.0
CHD,2017-05-02,95.0,64.4
CHD,2017-05-03,98.6,66.2
CHD,2017-05-04,102.2,66.2
CHD,2017-05-05,105.8,69.8
CHD,2017-05-06,96.8,75.2
CHD,2017-05-07,73.4,62.6
CHD,2017-05-08,78.8,57.2
CHD,2017-05-09,73.4,55.4
CHD,2017-05-10,77.0,57.2
CHD,2017-05-11,87.8,60.8
CHD,2017-05-12,96.8,64.4
CHD,2017-05-13,96.8,66.2
CHD,2017-05-14,91.4,64.4
CHD,2017-05-15,86.0,66.2
CHD,2017-05-16,77.0,59.0
CHD,2017-05-17,84.2,55.4
CHD,2017-05-18,84.2,66.2
CHD,2017-05-19,84.2,59.0
CHD,2017-05-20,91.4,60.8
CHD,2017-05-21,98.6,87.8
CHD,2017-05-22,102.2,37.4
CHD,2017-05-23,102.2,71.6
CHD,2017-05-24,105.8,69.8
CHD,2017-05-25,98.6,78.8
CHD,2017-05-26,95.0,73.4
CHD,2017-05-27,95.0,64.4
CHD,2017-05-28,98.6,66.2
CHD,2017-05-29,100.4,68.0
CHD,2017-05-30,98.6,71.6
CHD,2017-05-31,100.4,73.4
CHD,2017-06-01,96.8,75.2
CHD,2017-06-02,100.4,68.0
CHD,2017-06-03,105.8,73.4
CHD,2017-06-04,105.8,73.4
CHD,2017-06-05,105.8,75.2
CHD,2017-06-06,104.0,75.2
CHD,2017-06-07,104.0,78.8
CHD,2017-06-08,102.2,73.4
CHD,2017-06-09,104.0,73.4
CHD,2017-06-10,100.4,77.0
CHD,2017-06-11,98.6,71.6
CHD,2017-06-12,91.4,69.8
CHD,2017-06-13,95.0,62.6
CHD,2017-06-14,102.2,37.4
CHD,2017-06-15,105.8,68.0
CHD,2017-06-16,107.6,68.0
CHD,2017-06-17,107.6,71.6
CHD,2017-06-18,111.2,73.4
CHD,2017-06-19,114.8,80.6
CHD,2017-06-20,118.4,80.6
CHD,2017-06-21,116.6,84.2
CHD,2017-06-22,111.2,84.2
CHD,2017-06-23,111.2,84.2
CHD,2017-06-24,118.4,84.2
CHD,2017-06-25,113.0,87.8
CHD,2017-06-26,109.4,87.8
CHD,2017-06-27,107.6,86.0
CHD,2017-06-28,105.8,80.6
CHD,2017-06-29,105.8,77.0
CHD,2017-06-30,105.8,77.0
CHD,2017-07-01,109.4,75.2
CHD,2017-07-02,107.6,77.0
CHD,2017-07-03,105.8,82.4
CHD,2017-07-04,109.4,80.6
CHD,2017-07-05,109.4,86.0
CHD,2017-07-06,109.4,87.8
CHD,2017-07-07,114.8,87.8
CHD,2017-07-08,109.4,96.8
CHD,2017-07-09,105.8,86.0
CHD,2017-07-10,107.6,86.0
CHD,2017-07-11,102.2,84.2
CHD,2017-07-12,105.8,86.0
CHD,2017-07-13,107.6,82.4
CHD,2017-07-14,105.8,86.0
CHD,2017-07-15,107.6,87.8
CHD,2017-07-16,102.2,82.4
CHD,2017-07-17,98.6,77.0
CHD,2017-07-18,98.6,82.4
CHD,2017-07-19,100.4,82.4
CHD,2017-07-20,102.2,82.4
CHD,2017-07-21,102.2,84.2
CHD,2017-07-22,104.0,84.2
CHD,2017-07-23,102.2,77.0
CHD,2017-07-24,89.6,75.2
CHD,2017-07-25,100.4,80.6
CHD,2017-07-26,104.0,84.2
CHD,2017-07-27,107.6,86.0
CHD,2017-07-28,98.6,82.4
CHD,2017-07-29,100.4,82.4
CHD,2017-07-30,98.6,82.4
CHD,2017-07-31,104.0,86.0
CHD,2017-08-01,102.2,68.0
CHD,2017-08-02,96.8,82.4
CHD,2017-08-03,102.2,77.0
CHD,2017-08-04,102.2,77.0
CHD,2017-08-05,102.2,84.2
CHD,2017-08-06,102.2,84.2
CHD,2017-08-07,104.0,82.4
CHD,2017-08-08,105.8,80.6
CHD,2017-08-09,107.6,80.6
CHD,2017-08-10,104.0,87.8
CHD,2017-08-11,105.8,82.4
CHD,2017-08-12,102.2,78.8
CHD,2017-08-13,96.8,75.2
CHD,2017-08-14,100.4,80.6
CHD,2017-08-15,109.4,82.4
CHD,2017-08-16,100.4,73.4
CHD,2017-08-17,102.2,73.4
CHD,2017-08-18,102.2,73.4
CHD,2017-08-19,102.2,77.0
CHD,2017-08-20,98.6,80.6
CHD,2017-08-21,100.4,82.4
CHD,2017-08-22,105.8,78.8
CHD,2017-08-23,104.0,82.4
CHD,2017-08-24,100.4,78.8
CHD,2017-08-25,105.8,80.6
CHD,2017-08-27,105.8,84.2
CHD,2017-08-28,107.6,82.4
CHD,2017-08-29,107.6,82.4
CHD,2017-08-30,105.8,84.2
CHD,2017-08-31,105.8,82.4
CHD,2017-09-01,107.6,80.6
CHD,2017-09-02,98.6,82.4
CHD,2017-09-03,102.2,80.6
CHD,2017-09-04,102.2,78.8
CHD,2017-09-05,104.0,80.6
CHD,2017-09-06,105.8,78.8
CHD,2017-09-07,102.2,78.8
CHD,2017-09-08,96.8,77.0
CHD,2017-09-09,95.0,80.6
CHD,2017-09-10,104.0,78.8
CHD,2017-09-11,105.8,82.4
CHD,2017-09-12,107.6,80.6
CHD,2017-09-13,105.8,82.4
CHD,2017-09-14,100.4,80.6
CHD,2017-09-15,95.0,75.2
CHD,2017-09-16,95.0,68.0
CHD,2017-09-17,96.8,73.4
CHD,2017-09-18,96.8,66.2
CHD,2017-09-19,98.6,66.2
CHD,2017-09-20,98.6,68.0
CHD,2017-09-21,114.8,37.4
CHD,2017-09-22,87.8,68.0
CHD,2017-09-23,84.2,62.6
CHD,2017-09-24,84.2,57.2
CHD,2017-09-25,86.0,53.6
CHD,2017-09-26,87.8,57.2
CHD,2017-09-27,89.6,62.6
CHD,2017-09-28,91.4,60.8
CHD,2017-09-29,95.0,66.2
CHD,2017-09-30,96.8,66.2
CHD,2017-10-01,96.8,64.4
CHD,2017-10-02,89.6,64.4
CHD,2017-10-03,96.8,60.8
CHD,2017-10-04,96.8,66.2
CHD,2017-10-05,96.8,75.2
CHD,2017-10-06,95.0,64.4
CHD,2017-10-07,93.2,59.0
CHD,2017-10-08,93.2,57.2
CHD,2017-10-09,86.0,62.6
CHD,2017-10-10,91.4,64.4
CHD,2017-10-11,95.0,37.4
CHD,2017-10-12,93.2,60.8
CHD,2017-10-13,93.2,62.6
CHD,2017-10-14,91.4,60.8
CHD,2017-10-15,95.0,57.2
CHD,2017-10-16,96.8,68.0
CHD,2017-10-17,96.8,69.8
CHD,2017-10-18,95.0,66.2
CHD,2017-10-19,93.2,69.8
CHD,2017-10-20,86.0,62.6
CHD,2017-10-21,82.4,60.8
CHD,2017-10-22,89.6,57.2
CHD,2017-10-23,95.0,57.2
CHD,2017-10-24,96.8,60.8
CHD,2017-10-25,93.2,68.0
CHD,2017-10-26,91.4,60.8
CHD,2017-10-27,89.6,55.4
CHD,2017-10-28,89.6,57.2
CHD,2017-10-29,89.6,59.0
CHD,2017-10-30,86.0,59.0
CHD,2017-10-31,78.8,59.0
CHD,2017-11-01,82.4,60.8
CHD,2017-11-02,86.0,59.0
CHD,2017-11-03,80.6,57.2
CHD,2017-11-04,87.8,62.6
CHD,2017-11-05,78.8,60.8
CHD,2017-11-06,80.6,55.4
CHD,2017-11-07,80.6,62.6
CHD,2017-11-08,80.6,60.8
CHD,2017-11-09,84.2,59.0
CHD,2017-11-10,82.4,55.4
CHD,2017-11-11,84.2,55.4
CHD,2017-11-12,84.2,53.6
CHD,2017-11-13,84.2,59.0
CHD,2017-11-14,84.2,55.4
CHD,2017-11-15,82.4,53.6
CHD,2017-11-16,84.2,51.8
CHD,2017-11-17,78.8,57.2
CHD,2017-11-18,77.0,51.8
CHD,2017-11-19,80.6,50.0
CHD,2017-11-20,77.0,50.0
CHD,2017-11-21,77.0,50.0
CHD,2017-11-22,87.8,50.0
CHD,2017-11-23,86.0,51.8
CHD,2017-11-24,84.2,51.8
CHD,2017-11-25,84.2,51.8
CHD,2017-11-26,84.2,50.0
CHD,2017-11-27,80.6,50.0
CHD,2017-11-28,73.4,46.4
CHD,2017-11-29,77.0,50.0
CHD,2017-11-30,73.4,59.0
CHD,2017-12-01,75.2,59.0
CHD,2017-12-02,84.2,59.0
CHD,2017-12-03,80.6,55.4
CHD,2017-12-04,71.6,50.0
CHD,2017-12-05,62.6,50.0
CHD,2017-12-06,73.4,48.2
CHD,2017-12-07,66.2,51.8
CHD,2017-12-08,64.4,37.4
CHD,2017-12-09,75.2,37.4
CHD,2017-12-10,78.8,51.8
CHD,2017-12-11,77.0,51.8
CHD,2017-12-12,75.2,41.0
CHD,2017-12-13,75.2,44.6
CHD,2017-12-14,71.6,39.2
CHD,2017-12-15,71.6,50.0
CHD,2017-12-16,68.0,41.0
CHD,2017-12-17,59.0,51.8
CHD,2017-12-18,64.4,42.8
CHD,2017-12-19,64.4,39.2
CHD,2017-12-20,66.2,39.2
CHD,2017-12-21,55.4,46.4
CHD,2017-12-22,55.4,30.2
CHD,2017-12-23,59.0,35.6
CHD,2017-12-24,68.0,35.6
CHD,2017-12-25,64.4,39.2
CHD,2017-12-26,68.0,37.4
CHD,2017-12-27,71.6,42.8
CHD,2017-12-28,73.4,39.2
CHD,2017-12-29,75.2,39.2
CHD,2017-12-30,75.2,39.2
CHD,2017-12-31,68.0,39.2
CHD,2018-01-01,73.4,39.2
CHD,2018-01-02,75.2,42.8
CHD,2018-01-03,75.2,42.8
CHD,2018-01-04,77.0,55.4
CHD,2018-01-05,75.2,44.6
CHD,2018-01-06,71.6,46.4
CHD,2018-01-07,75.2,50.0
CHD,2018-01-08,75.2,50.0
CHD,2018-01-09,78.8,51.8
CHD,2018-01-10,62.6,51.8
CHD,2018-01-11,66.2,44.6
CHD,2018-01-12,69.8,44.6
CHD,2018-01-13,77.0,41.0
CHD,2018-01-14,75.2,44.6
CHD,2018-01-15,71.6,44.6
CHD,2018-01-16,73.4,48.2
CHD,2018-01-17,69.8,48.2
CHD,2018-01-18,71.6,41.0
CHD,2018-01-19,75.2,44.6
CHD,2018-01-20,60.8,51.8
CHD,2018-01-21,57.2,37.4
CHD,2018-01-22,60.8,35.6
CHD,2018-01-23,69.8,33.8
CHD,2018-01-24,75.2,32.0
CHD,2018-01-25,75.2,42.8
CHD,2018-01-26,66.2,41.0
CHD,2018-01-27,73.4,37.4
CHD,2018-01-28,78.8,41.0
CHD,2018-01-29,82.4,53.6
CHD,2018-01-30,78.8,50.0
CHD,2018-01-31,75.2,46.4
CHD,2018-02-01,78.8,32.0
CHD,2018-02-02,77.0,44.6
CHD,2018-02-03,77.0,44.6
CHD,2018-02-04,77.0,48.2
CHD,2018-02-05,78.8,48.2
CHD,2018-02-06,78.8,46.4
CHD,2018-02-07,77.0,48.2
CHD,2018-02-08,82.4,44.6
CHD,2018-02-09,80.6,46.4
CHD,2018-02-10,77.0,50.0
CHD,2018-02-11,75.2,53.6
CHD,2018-02-12,66.2,53.6
CHD,2018-02-13,71.6,59.0
CHD,2018-02-14,60.8,51.8
CHD,2018-02-15,64.4,53.6
CHD,2018-02-16,64.4,51.8
CHD,2018-02-17,69.8,48.2
CHD,2018-02-18,71.6,48.2
CHD,2018-02-19,69.8,55.4
CHD,2018-02-20,57.2,44.6
CHD,2018-02-21,129.2,35.6
CHD,2018-02-22,60.8,37.4
CHD,2018-02-23,60.8,37.4
CHD,2018-02-24,59.0,35.6
CHD,2018-02-25,62.6,35.6
CHD,2018-02-26,66.2,35.6
CHD,2018-02-27,68.0,39.2
CHD,2018-02-28,59.0,41.0
CHD,2018-03-01,69.8,41.0
CHD,2018-03-02,75.2,41.0
CHD,2018-03-03,75.2,44.6
CHD,2018-03-04,66.2,48.2
CHD,2018-03-05,69.8,42.8
CHD,2018-03-06,78.8,44.6
CHD,2018-03-07,78.8,44.6
CHD,2018-03-08,80.6,51.8
CHD,2018-03-09,82.4,51.8
CHD,2018-03-10,75.2,62.6
CHD,2018-03-11,75.2,59.0
CHD,2018-03-12,82.4,55.4
CHD,2018-03-13,82.4,59.0
CHD,2018-03-14,84.2,57.2
CHD,2018-03-15,69.8,55.4
CHD,2018-03-16,73.4,48.2
CHD,2018-03-17,71.6,50.0
CHD,2018-03-18,66.2,53.6
CHD,2018-03-19,71.6,46.4
CHD,2018-03-20,78.8,44.6
CHD,2018-03-21,82.4,51.8
CHD,2018-03-22,87.8,57.2
CHD,2018-03-23,82.4,68.0
CHD,2018-03-24,84.2,55.4
CHD,2018-03-25,75.2,50.0
CHD,2018-03-26,71.6,51.8
CHD,2018-03-27,73.4,50.0
CHD,2018-03-28,78.8,46.4
CHD,2018-03-29,84.2,51.8
CHD,2018-03-30,87.8,55.4
CHD,2018-03-31,89.6,57.2
CHD,2018-04-01,91.4,62.6
CHD,2018-04-02,89.6,57.2
CHD,2018-04-03,86.0,57.2
CHD,2018-04-04,87.8,59.0
CHD,2018-04-05,89.6,60.8
CHD,2018-04-06,89.6,62.6
CHD,2018-04-07,93.2,66.2
CHD,2018-04-08,91.4,71.6
CHD,2018-04-09,91.4,59.0
CHD,2018-04-10,96.8,59.0
CHD,2018-04-11,95.0,59.0
CHD,2018-04-12,86.0,68.0
CHD,2018-04-13,75.2,60.8
CHD,2018-04-14,80.6,59.0
CHD,2018-04-15,87.8,50.0
CHD,2018-04-16,86.0,59.0
CHD,2018-04-17,73.4,57.2
CHD,2018-04-18,80.6,50.0
CHD,2018-04-19,86.0,51.8
CHD,2018-04-20,77.0,51.8
CHD,2018-04-21,87.8,57.2
CHD,2018-04-22,93.2,60.8
CHD,2018-04-23,93.2,62.6
CHD,2018-04-24,95.0,64.4
CHD,2018-04-25,96.8,62.6
CHD,2018-04-26,95.0,64.4
CHD,2018-04-27,96.8,68.0
CHD,2018-04-28,96.8,69.8
CHD,2018-04-29,91.4,64.4
CHD,2018-04-30,84.2,60.8
CHD,2018-05-01,73.4,64.4
CHD,2018-05-02,73.4,59.0
CHD,2018-05-03,80.6,57.2
CHD,2018-05-04,91.4,59.0
CHD,2018-05-05,100.4,60.8
CHD,2018-05-06,104.0,71.6
CHD,2018-05-07,100.4,73.4
CHD,2018-05-08,102.2,68.0
CHD,2018-05-09,102.2,69.8
CHD,2018-05-10,104.0,66.2
CHD,2018-05-11,98.6,77.0
CHD,2018-05-12,89.6,69.8
CHD,2018-05-13,87.8,64.4
CHD,2018-05-14,91.4,59.0
CHD,2018-05-15,93.2,62.6
CHD,2018-05-16,96.8,62.6
CHD,2018-05-17,96.8,62.6
CHD,2018-05-18,91.4,66.2
CHD,2018-05-19,95.0,62.6
CHD,2018-05-20,96.8,62.6
CHD,2018-05-21,95.0,66.2
CHD,2018-05-22,91.4,66.2
CHD,2018-05-23,93.2,64.4
CHD,2018-05-24,96.8,66.2
CHD,2018-05-25,98.6,64.4
CHD,2018-05-26,93.2,71.6
CHD,2018-05-27,91.4,62.6
CHD,2018-05-28,95.0,68.0
CHD,2018-05-29,100.4,66.2
CHD,2018-05-30,100.4,75.2
CHD,2018-05-31,100.4,71.6
CHD,2018-06-01,98.6,68.0
CHD,2018-06-02,102.2,66.2
CHD,2018-06-03,105.8,69.8
CHD,2018-06-04,107.6,71.6
CHD,2018-06-05,105.8,71.6
CHD,2018-06-06,102.2,69.8
CHD,2018-06-07,104.0,69.8
CHD,2018-06-08,105.8,71.6
CHD,2018-06-09,107.6,69.8
CHD,2018-06-10,104.0,75.2
CHD,2018-06-11,104.0,71.6
CHD,2018-06-12,107.6,86.0
CHD,2018-06-13,109.4,82.4
CHD,2018-06-14,107.6,84.2
CHD,2018-06-15,93.2,86.0
CHD,2018-06-16,80.6,69.8
CHD,2018-06-17,96.8,71.6
CHD,2018-06-18,98.6,69.8
CHD,2018-06-19,100.4,73.4
CHD,2018-06-20,107.6,75.2
CHD,2018-06-21,107.6,75.2
CHD,2018-06-22,109.4,73.4
CHD,2018-06-23,105.8,75.2
CHD,2018-06-24,104.0,78.8
CHD,2018-06-25,104.0,73.4
CHD,2018-06-26,107.6,73.4
CHD,2018-06-27,107.6,77.0
CHD,2018-06-28,105.8,77.0
CHD,2018-06-29,104.0,78.8
CHD,2018-06-30,102.2,73.4
CHD,2018-07-01,102.2,68.0
CHD,2018-07-02,105.8,71.6
CHD,2018-07-03,107.6,80.6
CHD,2018-07-04,105.8,80.6
CHD,2018-07-05,111.2,80.6
CHD,2018-07-06,109.4,95.0
CHD,2018-07-07,111.2,89.6
CHD,2018-07-08,107.6,91.4
CHD,2018-07-09,104.0,78.8
CHD,2018-07-10,96.8,77.0
CHD,2018-07-11,96.8,80.6
CHD,2018-07-12,100.4,80.6
CHD,2018-07-13,104.0,84.2
CHD,2018-07-14,102.2,87.8
CHD,2018-07-15,98.6,86.0
CHD,2018-07-16,102.2,86.0
CHD,2018-07-17,104.0,84.2
CHD,2018-07-18,100.4,82.4
CHD,2018-07-19,104.0,86.0
CHD,2018-07-20,105.8,87.8
CHD,2018-07-21,100.4,78.8
CHD,2018-07-22,105.8,80.6
CHD,2018-07-23,113.0,84.2
CHD,2018-07-24,114.8,86.0
CHD,2018-07-25,114.8,89.6
CHD,2018-07-26,109.4,91.4
CHD,2018-07-27,107.6,93.2
CHD,2018-07-28,105.8,87.8
CHD,2018-07-29,102.2,82.4
CHD,2018-07-30,107.6,78.8
CHD,2018-07-31,105.8,82.4
CHD,2018-08-01,109.4,86.0
CHD,2018-08-02,107.6,89.6
CHD,2018-08-03,107.6,86.0
CHD,2018-08-04,109.4,86.0
CHD,2018-08-05,111.2,86.0
CHD,2018-08-06,113.0,86.0
CHD,2018-08-07,109.4,87.8
CHD,2018-08-08,98.6,80.6
CHD,2018-08-09,100.4,84.2
CHD,2018-08-10,95.0,75.2
CHD,2018-08-11,100.4,78.8
CHD,2018-08-12,100.4,80.6
CHD,2018-08-13,98.6,77.0
CHD,2018-08-14,102.2,84.2
CHD,2018-08-15,95.0,80.6
CHD,2018-08-16,96.8,82.4
CHD,2018-08-17,100.4,82.4
CHD,2018-08-18,104.0,86.0
CHD,2018-08-19,105.8,86.0
CHD,2018-08-20,105.8,86.0
CHD,2018-08-21,102.2,86.0
CHD,2018-08-22,96.8,33.8
CHD,2018-08-23,98.6,75.2
CHD,2018-08-24,98.6,77.0
CHD,2018-08-25,96.8,80.6
CHD,2018-08-26,100.4,82.4
CHD,2018-08-27,104.0,80.6
CHD,2018-08-28,102.2,77.0
CHD,2018-08-29,102.2,75.2
CHD,2018-08-30,100.4,82.4
CHD,2018-08-31,102.2,80.6
CHD,2018-09-01,102.2,84.2
CHD,2018-09-02,98.6,80.6
CHD,2018-09-03,96.8,75.2
CHD,2018-09-04,98.6,77.0
CHD,2018-09-05,86.0,78.8
CHD,2018-09-07,102.2,86.0
CHD,2018-09-08,105.8,80.6
CHD,2018-09-09,104.0,80.6
CHD,2018-09-10,104.0,80.6
CHD,2018-09-11,105.8,78.8
CHD,2018-09-12,104.0,75.2
CHD,2018-09-13,102.2,73.4
CHD,2018-09-14,105.8,73.4
CHD,2018-09-15,107.6,77.0
CHD,2018-09-16,102.2,82.4
CHD,2018-09-17,104.0,80.6
CHD,2018-09-18,102.2,82.4
CHD,2018-09-19,87.8,75.2
CHD,2018-09-20,95.0,71.6
CHD,2018-09-21,98.6,77.0
CHD,2018-09-22,102.2,77.0
CHD,2018-09-23,100.4,82.4
CHD,2018-09-24,98.6,80.6
CHD,2018-09-25,96.8,75.2
CHD,2018-09-26,100.4,73.4
CHD,2018-09-27,100.4,73.4
CHD,2018-09-28,102.2,71.6
CHD,2018-09-29,100.4,73.4
CHD,2018-09-30,95.0,75.2
CHD,2018-10-01,77.0,69.8
CHD,2018-10-02,80.6,71.6
CHD,2018-10-03,86.0,71.6
CHD,2018-10-04,86.0,69.8
CHD,2018-10-05,82.4,68.0
CHD,2018-10-06,84.2,64.4
CHD,2018-10-07,71.6,57.2
CHD,2018-10-08,73.4,57.2
CHD,2018-10-09,78.8,57.2
CHD,2018-10-10,82.4,57.2
CHD,2018-10-11,82.4,66.2
CHD,2018-10-12,80.6,66.2
CHD,2018-10-13,69.8,64.4
CHD,2018-10-14,75.2,60.8
CHD,2018-10-15,77.0,62.6
CHD,2018-10-16,69.8,59.0
CHD,2018-10-17,113.0,53.6
CHD,2018-10-18,82.4,57.2
CHD,2018-10-19,84.2,62.6
CHD,2018-10-20,89.6,68.0
CHD,2018-10-21,87.8,71.6
CHD,2018-10-22,86.0,68.0
CHD,2018-10-23,87.8,69.8
CHD,2018-10-24,82.4,62.6
CHD,2018-10-25,84.2,60.8
CHD,2018-10-26,102.2,59.0
CHD,2018-10-27,87.8,57.2
CHD,2018-10-28,87.8,59.0
CHD,2018-10-29,86.0,62.6
CHD,2018-10-30,84.2,62.6
CHD,2018-10-31,75.2,57.2
CHD,2018-11-01,75.2,51.8
CHD,2018-11-02,78.8,50.0
CHD,2018-11-03,78.8,51.8
CHD,2018-11-04,78.8,55.4
CHD,2018-11-05,82.4,53.6
CHD,2018-11-06,82.4,53.6
CHD,2018-11-07,82.4,53.6
CHD,2018-11-08,82.4,53.6
CHD,2018-11-09,78.8,57.2
CHD,2018-11-10,77.0,53.6
CHD,2018-11-11,73.4,50.0
CHD,2018-11-12,66.2,50.0
CHD,2018-11-13,66.2,42.8
CHD,2018-11-14,69.8,48.2
CHD,2018-11-15,73.4,41.0
CHD,2018-11-16,73.4,41.0
CHD,2018-11-17,73.4,42.8
CHD,2018-11-18,71.6,46.4
CHD,2018-11-19,73.4,42.8
CHD,2018-11-20,77.0,46.4
CHD,2018-11-21,73.4,46.4
CHD,2018-11-22,66.2,51.8
CHD,2018-11-23,68.0,33.8
CHD,2018-11-24,69.8,44.6
CHD,2018-11-25,71.6,44.6
CHD,2018-11-26,91.4,42.8
CHD,2018-11-27,73.4,42.8
CHD,2018-11-28,75.2,44.6
CHD,2018-11-29,68.0,48.2
CHD,2018-11-30,62.6,48.2
CHD,2018-12-01,64.4,48.2
CHD,2018-12-02,60.8,48.2
CHD,2018-12-03,60.8,41.0
CHD,2018-12-04,66.2,37.4
CHD,2018-12-05,73.4,42.8
CHD,2018-12-06,60.8,53.6
CHD,2018-12-07,68.0,53.6
CHD,2018-12-08,66.2,46.4
CHD,2018-12-09,69.8,44.6
CHD,2018-12-10,71.6,42.8
CHD,2018-12-11,66.2,51.8
CHD,2018-12-12,66.2,42.8
CHD,2018-12-13,66.2,41.0
CHD,2018-12-14,64.4,33.8
CHD,2018-12-15,68.0,46.4
CHD,2018-12-16,68.0,44.6
CHD,2018-12-17,69.8,42.8
CHD,2018-12-18,68.0,44.6
CHD,2018-12-19,68.0,39.2
CHD,2018-12-20,71.6,39.2
CHD,2018-12-21,66.2,44.6
CHD,2018-12-22,69.8,42.8
CHD,2018-12-23,87.8,41.0
CHD,2018-12-24,69.8,42.8
CHD,2018-12-25,64.4,39.2
CHD,2018-12-26,59.0,42.8
CHD,2018-12-27,64.4,37.4
CHD,2018-12-28,53.6,35.6
CHD,2018-12-29,55.4,33.8
CHD,2018-12-30,55.4,30.2
CHD,2018-12-31,53.6,33.8
CHD,2019-01-01,50.0,39.2
CHD,2019-01-02,51.8,33.8
CHD,2019-01-03,53.6,30.2
CHD,2019-01-04,64.4,32.0
CHD,2019-01-05,66.2,37.4
CHD,2019-01-06,55.4,48.2
CHD,2019-01-07,62.6,39.2
CHD,2019-01-08,69.8,39.2
CHD,2019-01-09,69.8,46.4
CHD,2019-01-10,62.6,50.0
CHD,2019-01-11,64.4,41.0
CHD,2019-01-12,68.0,44.6
CHD,2019-01-13,60.8,48.2
CHD,2019-01-14,69.8,50.0
CHD,2019-01-15,66.2,53.6
CHD,2019-01-16,68.0,50.0
CHD,2019-01-17,68.0,44.6
CHD,2019-01-18,68.0,50.0
CHD,2019-01-19,71.6,42.8
CHD,2019-01-20,71.6,41.0
CHD,2019-01-21,66.2,46.4
CHD,2019-01-22,62.6,37.4
CHD,2019-01-23,59.0,33.8
CHD,2019-01-24,68.0,35.6
CHD,2019-01-25,68.0,35.6
CHD,2019-01-26,71.6,35.6
CHD,2019-01-27,71.6,39.2
CHD,2019-01-28,69.8,39.2
CHD,2019-01-29,71.6,48.2
CHD,2019-01-30,71.6,51.8
CHD,2019-01-31,71.6,48.2
CHD,2019-02-01,73.4,51.8
CHD,2019-02-02,71.6,50.0
CHD,2019-02-03,60.8,57.2
CHD,2019-02-04,64.4,55.4
CHD,2019-02-05,64.4,51.8
CHD,2019-02-06,53.6,46.4
CHD,2019-02-07,55.4,32.0
CHD,2019-02-08,64.4,33.8
CHD,2019-02-09,57.2,41.0
CHD,2019-02-10,62.6,33.8
CHD,2019-02-11,59.0,41.0
CHD,2019-02-12,69.8,33.8
CHD,2019-02-13,68.0,44.6
CHD,2019-02-14,60.8,55.4
CHD,2019-02-15,66.2,53.6
CHD,2019-02-16,60.8,50.0
CHD,2019-02-17,59.0,41.0
CHD,2019-02-18,64.4,44.6
CHD,2019-02-19,55.4,33.8
CHD,2019-02-20,55.4,32.0
CHD,2019-02-21,51.8,39.2
CHD,2019-02-22,48.2,41.0
CHD,2019-02-23,55.4,33.8
CHD,2019-02-24,62.6,35.6
CHD,2019-02-25,64.4,37.4
CHD,2019-02-26,71.6,41.0
CHD,2019-02-27,73.4,51.8
CHD,2019-02-28,75.2,46.4
CHD,2019-03-01,75.2,53.6
CHD,2019-03-02,75.2,55.4
CHD,2019-03-03,71.6,50.0
CHD,2019-03-04,73.4,50.0
CHD,2019-03-05,78.8,46.4
CHD,2019-03-06,82.4,53.6
CHD,2019-03-07,73.4,55.4
CHD,2019-03-08,66.2,55.4
CHD,2019-03-09,64.4,42.8
CHD,2019-03-10,69.8,41.0
CHD,2019-03-11,68.0,46.4
CHD,2019-03-12,57.2,51.8
CHD,2019-03-13,64.4,51.8
CHD,2019-03-14,64.4,37.4
CHD,2019-03-15,73.4,44.6
CHD,2019-03-16,77.0,51.8
CHD,2019-03-17,78.8,51.8
CHD,2019-03-18,82.4,51.8
CHD,2019-03-19,84.2,55.4
CHD,2019-03-20,84.2,55.4
CHD,2019-03-21,68.0,55.4
CHD,2019-03-22,71.6,44.6
CHD,2019-03-23,75.2,48.2
CHD,2019-03-24,78.8,69.8
CHD,2019-03-25,84.2,48.2
CHD,2019-03-26,84.2,51.8
CHD,2019-03-27,82.4,59.0
CHD,2019-03-28,84.2,53.6
CHD,2019-03-29,80.6,51.8
CHD,2019-03-30,80.6,50.0
CHD,2019-03-31,78.8,50.0
CHD,2019-04-01,82.4,55.4
CHD,2019-04-02,86.0,51.8
CHD,2019-04-03,77.0,59.0
CHD,2019-04-04,84.2,53.6
CHD,2019-04-05,80.6,55.4
CHD,2019-04-06,78.8,62.6
CHD,2019-04-07,87.8,57.2
CHD,2019-04-08,95.0,57.2
CHD,2019-04-09,95.0,60.8
CHD,2019-04-10,75.2,59.0
CHD,2019-04-11,75.2,59.0
CHD,2019-04-12,73.4,64.4
CHD,2019-04-13,77.0,51.8
CHD,2019-04-14,84.2,51.8
CHD,2019-04-15,87.8,55.4
CHD,2019-04-16,80.6,60.8
CHD,2019-04-17,75.2,55.4
CHD,2019-04-18,89.6,55.4
CHD,2019-04-19,98.6,60.8
CHD,2019-04-20,91.4,66.2
CHD,2019-04-21,87.8,69.8
CHD,2019-04-22,86.0,59.0
CHD,2019-04-23,84.2,62.6
CHD,2019-04-24,91.4,59.0
CHD,2019-04-25,100.4,64.4
CHD,2019-04-26,100.4,69.8
CHD,2019-04-27,95.0,64.4
CHD,2019-04-28,95.0,62.6
CHD,2019-04-29,86.0,73.4
CHD,2019-04-30,82.4,60.8
CHD,2019-05-01,87.8,59.0
CHD,2019-05-02,86.0,57.2
CHD,2019-05-03,91.4,57.2
CHD,2019-05-04,93.2,60.8
CHD,2019-05-05,93.2,62.6
CHD,2019-05-06,86.0,62.6
CHD,2019-05-07,78.8,60.8
CHD,2019-05-08,86.0,62.6
CHD,2019-05-09,87.8,62.6
CHD,2019-05-10,84.2,62.6
CHD,2019-05-11,84.2,62.6
CHD,2019-05-12,84.2,64.4
CHD,2019-05-13,89.6,62.6
CHD,2019-05-14,96.8,66.2
CHD,2019-05-15,98.6,71.6
CHD,2019-05-16,93.2,75.2
CHD,2019-05-17,82.4,59.0
CHD,2019-05-18,84.2,59.0
CHD,2019-05-19,80.6,64.4
CHD,2019-05-20,73.4,59.0
CHD,2019-05-21,80.6,51.8
CHD,2019-05-22,73.4,59.0
CHD,2019-05-23,75.2,53.6
CHD,2019-05-24,86.0,59.0
CHD,2019-05-25,91.4,57.2
CHD,2019-05-26,82.4,62.6
CHD,2019-05-27,77.0,62.6
CHD,2019-05-28,82.4,59.0
CHD,2019-05-29,89.6,62.6
CHD,2019-05-30,93.2,64.4
CHD,2019-05-31,96.8,64.4
CHD,2019-06-01,96.8,68.0
CHD,2019-06-02,95.0,71.6
CHD,2019-06-03,95.0,66.2
CHD,2019-06-04,96.8,69.8
CHD,2019-06-05,100.4,69.8
CHD,2019-06-06,100.4,71.6
CHD,2019-06-07,100.4,73.4
CHD,2019-06-08,96.8,69.8
CHD,2019-06-09,102.2,71.6
CHD,2019-06-10,105.8,77.0
CHD,2019-06-11,105.8,82.4
CHD,2019-06-12,109.4,73.4
CHD,2019-06-13,107.6,80.6
CHD,2019-06-14,104.0,80.6
CHD,2019-06-15,102.2,71.6
CHD,2019-06-16,104.0,75.2
CHD,2019-06-17,102.2,77.0
CHD,2019-06-18,100.4,73.4
CHD,2019-06-19,102.2,69.8
CHD,2019-06-20,102.2,73.4
CHD,2019-06-21,102.2,75.2
CHD,2019-06-22,98.6,71.6
CHD,2019-06-23,96.8,73.4
CHD,2019-06-24,100.4,68.0
CHD,2019-06-25,102.2,71.6
CHD,2019-06-26,102.2,71.6
CHD,2019-06-27,104.0,71.6
CHD,2019-06-28,109.4,73.4
CHD,2019-06-29,109.4,78.8
CHD,2019-06-30,107.6,53.6
CHD,2019-07-01,109.4,82.4
CHD,2019-07-02,105.8,80.6
CHD,2019-07-03,105.8,75.2
CHD,2019-07-04,105.8,73.4
CHD,2019-07-05,104.0,75.2
CHD,2019-07-06,104.0,80.6
CHD,2019-07-07,105.8,82.4
CHD,2019-07-08,102.2,71.6
CHD,2019-07-09,104.0,69.8
CHD,2019-07-10,109.4,73.4
CHD,2019-07-11,111.2,87.8
CHD,2019-07-12,109.4,87.8
CHD,2019-07-13,109.4,86.0
CHD,2019-07-14,109.4,87.8
CHD,2019-07-15,111.2,86.0
CHD,2019-07-16,113.0,86.0
CHD,2019-07-17,104.0,75.2
CHD,2019-07-18,105.8,84.2
CHD,2019-07-19,105.8,82.4
CHD,2019-07-20,107.6,78.8
CHD,2019-07-21,107.6,82.4
CHD,2019-07-22,102.2,82.4
CHD,2019-07-23,104.0,80.6
CHD,2019-07-24,100.4,80.6
CHD,2019-07-25,105.8,86.0
CHD,2019-07-26,109.4,93.2
CHD,2019-07-27,111.2,89.6
CHD,2019-07-28,109.4,91.4
CHD,2019-07-29,107.6,87.8
CHD,2019-07-30,105.8,78.8
CHD,2019-07-31,93.2,77.0
CHD,2019-08-01,100.4,78.8
CHD,2019-08-02,107.6,84.2
CHD,2019-08-03,109.4,86.0
CHD,2019-08-04,107.6,82.4
CHD,2019-08-05,113.0,93.2
CHD,2019-08-06,100.4,86.0
CHD,2019-08-07,89.6,86.0
CHD,2019-08-08,105.8,91.4
CHD,2019-08-09,102.2,86.0
CHD,2019-08-10,100.4,75.2
CHD,2019-08-11,100.4,82.4
CHD,2019-08-12,104.0,84.2
CHD,2019-08-13,107.6,77.0
CHD,2019-08-14,111.2,78.8
CHD,2019-08-15,111.2,82.4
CHD,2019-08-16,107.6,80.6
CHD,2019-08-17,105.8,82.4
CHD,2019-08-18,102.2,80.6
CHD,2019-08-19,107.6,77.0
CHD,2019-08-20,111.2,78.8
CHD,2019-08-21,111.2,80.6
CHD,2019-08-22,107.6,82.4
CHD,2019-08-23,100.4,82.4
CHD,2019-08-24,100.4,91.4
CHD,2019-08-25,100.4,82.4
CHD,2019-08-26,100.4,84.2
CHD,2019-08-27,109.4,84.2
CHD,2019-08-28,107.6,87.8
CHD,2019-08-29,104.0,80.6
CHD,2019-08-30,107.6,84.2
CHD,2019-08-31,105.8,84.2
CHD,2019-09-01,105.8,89.6
CHD,2019-09-02,104.0,78.8
CHD,2019-09-03,107.6,82.4
CHD,2019-09-04,109.4,82.4
CHD,2019-09-05,107.6,84.2
CHD,2019-09-06,105.8,69.8
CHD,2019-09-07,105.8,86.0
CHD,2019-09-08,100.4,84.2
CHD,2019-09-09,96.8,78.8
CHD,2019-09-10,96.8,82.4
CHD,2019-09-11,95.0,80.6
CHD,2019-09-12,100.4,78.8
CHD,2019-09-13,104.0,73.4
CHD,2019-09-14,102.2,86.0
CHD,2019-09-15,96.8,78.8
CHD,2019-09-16,96.8,80.6
CHD,2019-09-17,96.8,73.4
CHD,2019-09-18,100.4,75.2
CHD,2019-09-19,100.4,75.2
CHD,2019-09-20,96.8,68.0
CHD,2019-09-21,93.2,66.2
CHD,2019-09-22,95.0,66.2
CHD,2019-09-23,93.2,73.4
CHD,2019-09-24,84.2,69.8
CHD,2019-09-25,89.6,71.6
CHD,2019-09-26,87.8,71.6
CHD,2019-09-27,86.0,69.8
CHD,2019-09-28,93.2,68.0
CHD,2019-09-29,91.4,73.4
CHD,2019-09-30,89.6,64.4
CHD,2019-10-01,89.6,59.0
CHD,2019-10-02,89.6,64.4
CHD,2019-10-03,95.0,62.6
CHD,2019-10-04,93.2,68.0
CHD,2019-10-05,93.2,64.4
CHD,2019-10-06,95.0,64.4
CHD,2019-10-07,96.8,62.6
CHD,2019-10-08,95.0,66.2
CHD,2019-10-09,95.0,62.6
CHD,2019-10-10,86.0,60.8
CHD,2019-10-11,87.8,62.6
CHD,2019-10-12,89.6,62.6
CHD,2019-10-13,89.6,59.0
CHD,2019-10-14,87.8,62.6
CHD,2019-10-15,89.6,55.4
CHD,2019-10-16,96.8,60.8
CHD,2019-10-17,95.0,71.6
CHD,2019-10-18,84.2,64.4
CHD,2019-10-19,84.2,55.4
CHD,2019-10-20,84.2,51.8
CHD,2019-10-21,84.2,53.6
CHD,2019-10-22,89.6,51.8
CHD,2019-10-23,87.8,53.6
CHD,2019-10-24,84.2,59.0
CHD,2019-10-25,80.6,60.8
CHD,2019-10-26,82.4,57.2
CHD,2019-10-27,87.8,53.6
CHD,2019-10-28,69.8,57.2
CHD,2019-10-29,73.4,42.8
CHD,2019-10-30,68.0,51.8
CHD,2019-10-31,75.2,42.8
CHD,2019-11-01,82.4,42.8
CHD,2019-11-02,86.0,46.4
CHD,2019-11-03,82.4,51.8
CHD,2019-11-04,86.0,50.0
CHD,2019-11-05,87.8,75.2
CHD,2019-11-06,84.2,60.8
CHD,2019-11-07,86.0,55.4
CHD,2019-11-08,86.0,59.0
CHD,2019-11-09,84.2,59.0
CHD,2019-11-10,86.0,60.8
CHD,2019-11-11,84.2,59.0
CHD,2019-11-12,78.8,62.6
CHD,2019-11-13,75.2,51.8
CHD,2019-11-14,80.6,50.0
CHD,2019-11-15,82.4,53.6
CHD,2019-11-16,80.6,55.4
CHD,2019-11-17,84.2,48.2
CHD,2019-11-18,82.4,50.0
CHD,2019-11-19,75.2,57.2
CHD,2019-11-20,69.8,60.8
CHD,2019-11-21,62.6,53.6
CHD,2019-11-22,64.4,50.0
CHD,2019-11-23,71.6,46.4
CHD,2019-11-24,71.6,48.2
CHD,2019-11-25,68.0,46.4
CHD,2019-11-26,59.0,46.4
CHD,2019-11-27,68.0,41.0
CHD,2019-11-28,69.8,57.2
CHD,2019-11-29,57.2,48.2
CHD,2019-11-30,59.0,39.2
CHD,2019-12-01,66.2,39.2
CHD,2019-12-02,68.0,41.0
CHD,2019-12-03,64.4,44.6
CHD,2019-12-04,75.2,53.6
CHD,2019-12-05,69.8,55.4
CHD,2019-12-06,71.6,50.0
CHD,2019-12-07,68.0,50.0
CHD,2019-12-08,62.6,57.2
CHD,2019-12-09,64.4,51.8
CHD,2019-12-10,64.4,44.6
CHD,2019-12-11,68.0,48.2
CHD,2019-12-12,66.2,42.8
CHD,2019-12-13,66.2,42.8
CHD,2019-12-14,71.6,44.6
CHD,2019-12-15,64.4,51.8
CHD,2019-12-16,59.0,39.2
CHD,2019-12-17,62.6,41.0
CHD,2019-12-18,64.4,42.8
CHD,2019-12-19,62.6,39.2
CHD,2019-12-20,68.0,33.8
CHD,2019-12-21,71.6,39.2
CHD,2019-12-22,71.6,46.4
CHD,2019-12-23,66.2,50.0
CHD,2019-12-24,57.2,51.8
CHD,2019-12-25,55.4,48.2
CHD,2019-12-26,60.8,39.2
CHD,2019-12-27,50.0,46.4
CHD,2019-12-28,51.8,44.6
CHD,2019-12-29,50.0,30.2
CHD,2019-12-30,53.6,35.6
CHD,2019-12-31,59.0,46.4
CHD,2020-01-01,57.2,37.4
CHD,2020-01-02,60.8,39.2
CHD,2020-01-03,60.8,37.4
CHD,2020-01-04,66.2,37.4
CHD,2020-01-05,68.0,37.4
CHD,2020-01-06,69.8,37.4
CHD,2020-01-07,71.6,39.2
CHD,2020-01-08,66.2,50.0
CHD,2020-01-09,60.8,41.0
CHD,2020-01-10,60.8,39.2
CHD,2020-01-11,62.6,33.8
CHD,2020-01-12,62.6,33.8
CHD,2020-01-13,68.0,35.6
CHD,2020-01-14,68.0,37.4
CHD,2020-01-15,68.0,42.8
CHD,2020-01-16,66.2,50.0
CHD,2020-01-17,64.4,42.8
CHD,2020-01-18,69.8,39.2
CHD,2020-01-19,75.2,39.2
CHD,2020-01-20,73.4,48.2
CHD,2020-01-21,57.2,53.6
CHD,2020-01-22,62.6,51.8
CHD,2020-01-23,69.8,42.8
CHD,2020-01-24,69.8,42.8
CHD,2020-01-25,69.8,42.8
CHD,2020-01-26,71.6,42.8
CHD,2020-01-27,71.6,48.2
CHD,2020-01-28,68.0,41.0
CHD,2020-01-29,62.6,41.0
CHD,2020-01-30,68.0,50.0
CHD,2020-01-31,71.6,41.0
CHD,2020-02-01,77.0,39.2
CHD,2020-02-02,82.4,42.8
CHD,2020-02-03,64.4,51.8
CHD,2020-02-04,51.8,32.0
CHD,2020-02-05,51.8,32.0
CHD,2020-02-06,59.0,32.0
CHD,2020-02-07,66.2,35.6
CHD,2020-02-08,82.4,39.2
CHD,2020-02-09,73.4,46.4
CHD,2020-02-10,69.8,50.0
CHD,2020-02-11,59.0,48.2
CHD,2020-02-12,62.6,39.2
CHD,2020-02-13,66.2,41.0
CHD,2020-02-14,69.8,42.8
CHD,2020-02-15,69.8,42.8
CHD,2020-02-16,71.6,42.8
CHD,2020-02-17,73.4,44.6
CHD,2020-02-18,75.2,46.4
CHD,2020-02-19,77.0,48.2
CHD,2020-02-20,78.8,46.4
CHD,2020-02-21,75.2,64.4
CHD,2020-02-22,68.0,57.2
CHD,2020-02-23,64.4,46.4
CHD,2020-02-24,69.8,44.6
CHD,2020-02-25,66.2,42.8
CHD,2020-02-26,66.2,46.4
CHD,2020-02-27,73.4,41.0
CHD,2020-02-28,77.0,46.4
CHD,2020-02-29,77.0,48.2
CHD,2020-03-01,75.2,50.0
CHD,2020-03-02,68.0,46.4
CHD,2020-03-03,73.4,48.2
CHD,2020-03-04,71.6,46.4
CHD,2020-03-05,82.4,48.2
CHD,2020-03-06,84.2,59.0
CHD,2020-03-07,84.2,57.2
CHD,2020-03-08,73.4,60.8
CHD,2020-03-09,77.0,50.0
CHD,2020-03-10,73.4,60.8
CHD,2020-03-11,68.0,60.8
CHD,2020-03-12,73.4,62.6
CHD,2020-03-13,66.2,53.6
CHD,2020-03-14,73.4,48.2
CHD,2020-03-15,73.4,51.8
CHD,2020-03-16,77.0,50.0
CHD,2020-03-17,75.2,55.4
CHD,2020-03-18,66.2,51.8
CHD,2020-03-19,62.6,57.2
CHD,2020-03-20,71.6,46.4
CHD,2020-03-21,71.6,50.0
CHD,2020-03-22,73.4,51.8
CHD,2020-03-23,75.2,55.4
CHD,2020-03-24,75.2,51.8
CHD,2020-03-25,77.0,51.8
CHD,2020-03-26,68.0,55.4
CHD,2020-03-27,64.4,50.0
CHD,2020-03-28,68.0,44.6
CHD,2020-03-29,75.2,48.2
CHD,2020-03-30,75.2,48.2
CHD,2020-03-31,78.8,51.8
CHD,2020-04-01,84.2,59.0
CHD,2020-04-02,82.4,55.4
CHD,2020-04-03,84.2,60.8
CHD,2020-04-04,82.4,53.6
CHD,2020-04-05,84.2,53.6
CHD,2020-04-06,84.2,53.6
CHD,2020-04-07,84.2,51.8
CHD,2020-04-08,82.4,55.4
CHD,2020-04-09,71.6,51.8
CHD,2020-04-10,75.2,50.0
CHD,2020-04-11,69.8,57.2
CHD,2020-04-12,77.0,48.2
CHD,2020-04-13,77.0,59.0
CHD,2020-04-14,78.8,55.4
CHD,2020-04-15,80.6,50.0
CHD,2020-04-16,86.0,51.8
CHD,2020-04-17,86.0,53.6
CHD,2020-04-18,77.0,53.6
CHD,2020-04-19,82.4,53.6
CHD,2020-04-20,86.0,55.4
CHD,2020-04-21,82.4,60.8
CHD,2020-04-22,89.6,59.0
CHD,2020-04-23,95.0,59.0
CHD,2020-04-24,96.8,62.6
CHD,2020-04-25,96.8,62.6
CHD,2020-04-26,100.4,66.2
CHD,2020-04-27,100.4,68.0
CHD,2020-04-28,98.6,64.4
CHD,2020-04-29,102.2,64.4
CHD,2020-04-30,100.4,69.8
CHD,2020-05-01,100.4,62.6
CHD,2020-05-02,100.4,66.2
CHD,2020-05-03,95.0,64.4
CHD,2020-05-04,96.8,66.2
CHD,2020-05-05,100.4,71.6
CHD,2020-05-06,104.0,68.0
CHD,2020-05-07,104.0,66.2
CHD,2020-05-08,102.2,69.8
CHD,2020-05-09,98.6,73.4
CHD,2020-05-10,100.4,78.8
CHD,2020-05-11,98.6,75.2
CHD,2020-05-12,93.2,71.6
CHD,2020-05-13,89.6,68.0
CHD,2020-05-14,87.8,62.6
CHD,2020-05-15,91.4,66.2
CHD,2020-05-16,96.8,68.0
CHD,2020-05-17,100.4,68.0
CHD,2020-05-18,100.4,66.2
CHD,2020-05-19,89.6,68.0
CHD,2020-05-20,86.0,64.4
CHD,2020-05-21,89.6,60.8
CHD,2020-05-22,95.0,60.8
CHD,2020-05-23,93.2,68.0
CHD,2020-05-24,91.4,64.4
CHD,2020-05-25,95.0,64.4
CHD,2020-05-26,100.4,66.2
CHD,2020-05-27,105.8,75.2
CHD,2020-05-28,107.6,73.4
CHD,2020-05-29,109.4,75.2
CHD,2020-05-30,109.4,82.4
CHD,2020-05-31,105.8,78.8
CHD,2020-06-01,104.0,80.6
CHD,2020-06-02,105.8,82.4
CHD,2020-06-03,109.4,77.0
CHD,2020-06-04,107.6,77.0
CHD,2020-06-05,107.6,82.4
CHD,2020-06-06,91.4,73.4
CHD,2020-06-07,95.0,71.6
CHD,2020-06-08,87.8,71.6
CHD,2020-06-09,91.4,69.8
CHD,2020-06-10,102.2,64.4
CHD,2020-06-11,107.6,69.8
CHD,2020-06-12,107.6,75.2
CHD,2020-06-13,122.0,73.4
CHD,2020-06-14,105.8,68.0
CHD,2020-06-15,105.8,71.6
CHD,2020-06-16,105.8,75.2
CHD,2020-06-17,102.2,75.2
CHD,2020-06-18,102.2,71.6
CHD,2020-06-19,100.4,69.8
CHD,2020-06-20,105.8,73.4
CHD,2020-06-21,105.8,77.0
CHD,2020-06-22,107.6,77.0
CHD,2020-06-23,107.6,75.2
CHD,2020-06-24,109.4,75.2
CHD,2020-06-25,107.6,80.6
CHD,2020-06-26,107.6,77.0
CHD,2020-06-27,105.8,95.0
CHD,2020-06-28,104.0,80.6
CHD,2020-06-29,98.6,80.6
CHD,2020-06-30,98.6,69.8
CHD,2020-07-01,102.2,73.4
CHD,2020-07-02,100.4,75.2
CHD,2020-07-03,104.0,80.6
CHD,2020-07-04,107.6,82.4
CHD,2020-07-05,109.4,84.2
CHD,2020-07-06,109.4,78.8
CHD,2020-07-07,109.4,84.2
CHD,2020-07-08,109.4,84.2
CHD,2020-07-09,107.6,84.2
CHD,2020-07-10,109.4,75.2
CHD,2020-07-11,113.0,87.8
CHD,2020-07-12,114.8,87.8
CHD,2020-07-13,109.4,89.6
CHD,2020-07-14,102.2,91.4
CHD,2020-07-15,107.6,84.2
CHD,2020-07-16,109.4,84.2
CHD,2020-07-17,105.8,86.0
CHD,2020-07-18,109.4,86.0
CHD,2020-07-19,107.6,89.6
CHD,2020-07-20,104.0,91.4
CHD,2020-07-21,107.6,89.6
CHD,2020-07-22,105.8,86.0
CHD,2020-07-23,91.4,86.0
CHD,2020-07-24,102.2,78.8
CHD,2020-07-25,102.2,77.0
CHD,2020-07-26,107.6,84.2
CHD,2020-07-27,109.4,86.0
CHD,2020-07-28,111.2,86.0
CHD,2020-07-29,113.0,84.2
CHD,2020-07-30,116.6,82.4
CHD,2020-07-31,114.8,82.4
CHD,2020-08-01,109.4,91.4
CHD,2020-08-02,105.8,87.8
CHD,2020-08-03,111.2,98.6
CHD,2020-08-04,107.6,82.4
CHD,2020-08-05,109.4,82.4
CHD,2020-08-06,107.6,77.0
CHD,2020-08-07,107.6,80.6
CHD,2020-08-08,109.4,82.4
CHD,2020-08-09,109.4,80.6
CHD,2020-08-10,109.4,82.4
CHD,2020-08-11,107.6,84.2
CHD,2020-08-12,109.4,86.0
CHD,2020-08-13,113.0,86.0
CHD,2020-08-14,114.8,86.0
CHD,2020-08-15,113.0,84.2
CHD,2020-08-16,113.0,37.4
CHD,2020-08-17,113.0,87.8
CHD,2020-08-18,111.2,86.0
CHD,2020-08-19,113.0,87.8
CHD,2020-08-20,109.4,89.6
CHD,2020-08-21,100.4,86.0
CHD,2020-08-22,104.0,84.2
CHD,2020-08-23,107.6,87.8
CHD,2020-08-24,113.0,86.0
CHD,2020-08-25,109.4,86.0
CHD,2020-08-26,109.4,84.2
CHD,2020-08-27,111.2,86.0
CHD,2020-08-28,109.4,86.0
CHD,2020-08-29,102.2,82.4
CHD,2020-08-30,98.6,78.8
CHD,2020-08-31,98.6,77.0
CHD,2020-09-01,100.4,82.4
CHD,2020-09-02,102.2,80.6
CHD,2020-09-03,105.8,80.6
CHD,2020-09-04,113.0,80.6
CHD,2020-09-05,113.0,86.0
CHD,2020-09-06,109.4,41.0
CHD,2020-09-07,105.8,80.6
CHD,2020-09-08,100.4,84.2
CHD,2020-09-09,87.8,64.4
CHD,2020-09-10,89.6,68.0
CHD,2020-09-11,89.6,68.0
CHD,2020-09-12,95.0,66.2
CHD,2020-09-13,102.2,69.8
CHD,2020-09-14,102.2,78.8
CHD,2020-09-15,102.2,78.8
CHD,2020-09-16,105.8,71.6
CHD,2020-09-17,107.6,73.4
CHD,2020-09-18,104.0,80.6
CHD,2020-09-19,102.2,84.2
CHD,2020-09-20,104.0,75.2
CHD,2020-09-21,102.2,77.0
CHD,2020-09-22,100.4,80.6
CHD,2020-09-23,102.2,71.6
CHD,2020-09-24,104.0,71.6
CHD,2020-09-25,102.2,73.4
CHD,2020-09-26,102.2,71.6
CHD,2020-09-27,100.4,71.6
CHD,2020-09-28,100.4,68.0
CHD,2020-09-29,100.4,73.4
CHD,2020-09-30,102.2,68.0
CHD,2020-10-01,104.0,68.0
CHD,2020-10-02,104.0,68.0
CHD,2020-10-03,102.2,66.2
CHD,2020-10-04,102.2,66.2
CHD,2020-10-05,102.2,66.2
CHD,2020-10-06,102.2,64.4
CHD,2020-10-07,100.4,66.2
CHD,2020-10-08,100.4,66.2
CHD,2020-10-09,98.6,68.0
CHD,2020-10-10,95.0,62.6
CHD,2020-10-11,91.4,64.4
CHD,2020-10-12,95.0,64.4
CHD,2020-10-13,98.6,62.6
CHD,2020-10-14,98.6,62.6
CHD,2020-10-15,96.8,64.4
CHD,2020-10-16,98.6,66.2
CHD,2020-10-17,95.0,66.2
CHD,2020-10-18,95.0,60.8
CHD,2020-10-19,95.0,62.6
CHD,2020-10-20,95.0,60.8
CHD,2020-10-21,95.0,60.8
CHD,2020-10-22,93.2,64.4
CHD,2020-10-23,91.4,66.2
CHD,2020-10-24,86.0,66.2
CHD,2020-10-25,86.0,66.2
CHD,2020-10-26,64.4,55.4
CHD,2020-10-27,64.4,50.0
CHD,2020-10-28,68.0,42.8
CHD,2020-10-29,82.4,46.4
CHD,2020-10-30,84.2,57.2
CHD,2020-10-31,86.0,59.0
CHD,2020-11-01,96.8,60.8
CHD,2020-11-02,91.4,71.6
CHD,2020-11-03,93.2,64.4
CHD,2020-11-04,91.4,57.2
CHD,2020-11-05,96.8,59.0
CHD,2020-11-06,89.6,75.2
CHD,2020-11-07,82.4,64.4
CHD,2020-11-08,66.2,51.8
CHD,2020-11-09,60.8,50.0
CHD,2020-11-10,64.4,42.8
CHD,2020-11-11,68.0,39.2
CHD,2020-11-12,71.6,42.8
CHD,2020-11-13,73.4,46.4
CHD,2020-11-14,73.4,46.4
CHD,2020-11-15,80.6,42.8
CHD,2020-11-16,87.8,48.2
CHD,2020-11-17,89.6,53.6
CHD,2020-11-18,89.6,53.6
CHD,2020-11-19,86.0,57.2
CHD,2020-11-20,86.0,55.4
CHD,2020-11-21,82.4,57.2
CHD,2020-11-22,82.4,53.6
CHD,2020-11-23,82.4,53.6
CHD,2020-11-24,69.8,48.2
CHD,2020-11-25,69.8,42.8
CHD,2020-11-26,69.8,42.8
CHD,2020-11-27,62.6,39.2
CHD,2020-11-28,68.0,39.2
CHD,2020-11-29,73.4,41.0
CHD,2020-11-30,73.4,41.0
CHD,2020-12-01,68.0,41.0
CHD,2020-12-02,68.0,37.4
CHD,2020-12-03,64.4,44.6
CHD,2020-12-04,66.2,37.4
CHD,2020-12-05,69.8,35.6
CHD,2020-12-06,71.6,35.6
CHD,2020-12-07,78.8,39.2
CHD,2020-12-08,78.8,42.8
CHD,2020-12-09,80.6,44.6
CHD,2020-12-10,57.2,51.8
CHD,2020-12-11,64.4,44.6
CHD,2020-12-12,66.2,42.8
CHD,2020-12-13,64.4,41.0
CHD,2020-12-14,60.8,39.2
CHD,2020-12-15,60.8,35.6
CHD,2020-12-16,62.6,33.8
CHD,2020-12-17,60.8,35.6
CHD,2020-12-18,62.6,35.6
CHD,2020-12-19,64.4,35.6
CHD,2020-12-20,68.0,35.6
CHD,2020-12-21,71.6,39.2
CHD,2020-12-22,68.0,39.2
CHD,2020-12-23,68.0,37.4
CHD,2020-12-24,59.0,37.4
CHD,2020-12-25,69.8,42.8
CHD,2020-12-26,68.0,39.2
CHD,2020-12-27,71.6,41.0
CHD,2020-12-28,68.0,50.0
CHD,2020-12-29,59.0,42.8
CHD,2020-12-30,64.4,42.8
CHD,2020-12-31,60.8,35.6
CHD,2021-01-01,62.6,35.6
CHD,2021-01-02,62.6,33.8
CHD,2021-01-03,62.6,33.8
CHD,2021-01-04,69.8,35.6
CHD,2021-01-05,68.0,39.2
CHD,2021-01-06,68.0,35.6
CHD,2021-01-07,68.0,37.4
CHD,2021-01-08,66.2,39.2
CHD,2021-01-09,66.2,37.4
CHD,2021-01-10,64.4,35.6
CHD,2021-01-11,66.2,41.0
CHD,2021-01-12,66.2,37.4
CHD,2021-01-13,64.4,35.6
CHD,2021-01-14,71.6,37.4
CHD,2021-01-15,77.0,39.2
CHD,2021-01-16,75.2,42.8
CHD,2021-01-17,77.0,39.2
CHD,2021-01-18,69.8,39.2
CHD,2021-01-19,73.4,53.6
CHD,2021-01-20,73.4,59.0
CHD,2021-01-21,69.8,57.2
CHD,2021-01-22,69.8,53.6
CHD,2021-01-23,64.4,55.4
CHD,2021-01-24,53.6,46.4
CHD,2021-01-25,53.6,41.0
CHD,2021-01-26,51.8,41.0
CHD,2021-01-27,62.6,35.6
CHD,2021-01-28,71.6,44.6
CHD,2021-01-29,68.0,48.2
CHD,2021-01-30,60.8,42.8
CHD,2021-01-31,71.6,51.8
CHD,2021-02-01,73.4,51.8
CHD,2021-02-02,82.4,55.4
CHD,2021-02-03,80.6,60.8
CHD,2021-02-04,73.4,53.6
CHD,2021-02-05,68.0,42.8
CHD,2021-02-06,69.8,39.2
CHD,2021-02-07,71.6,42.8
CHD,2021-02-08,75.2,42.8
CHD,2021-02-09,75.2,44.6
CHD,2021-02-10,71.6,51.8
CHD,2021-02-11,73.4,44.6
CHD,2021-02-12,73.4,53.6
CHD,2021-02-13,69.8,44.6
CHD,2021-02-14,66.2,44.6
CHD,2021-02-15,64.4,39.2
CHD,2021-02-16,69.8,50.0
CHD,2021-02-17,66.2,41.0
CHD,2021-02-18,62.6,44.6
CHD,2021-02-19,69.8,39.2
CHD,2021-02-20,78.8,42.8
CHD,2021-02-21,68.0,46.4
CHD,2021-02-22,75.2,39.2
CHD,2021-02-23,77.0,41.0
CHD,2021-02-24,77.0,44.6
CHD,2021-02-25,66.2,46.4
CHD,2021-02-26,69.8,41.0
CHD,2021-02-27,71.6,41.0
CHD,2021-02-28,62.6,46.4
CHD,2021-03-01,69.8,37.4
CHD,2021-03-02,77.0,44.6
CHD,2021-03-03,84.2,44.6
CHD,2021-03-04,69.8,50.0
CHD,2021-03-05,82.4,46.4
CHD,2021-03-06,84.2,57.2
CHD,2021-03-07,86.0,53.6
CHD,2021-03-08,84.2,62.6
CHD,2021-03-09,78.8,60.8
CHD,2021-03-10,66.2,48.2
CHD,2021-03-11,66.2,44.6
CHD,2021-03-12,59.0,48.2
CHD,2021-03-13,59.0,41.0
CHD,2021-03-14,66.2,39.2
CHD,2021-03-15,75.2,46.4
CHD,2021-03-16,59.0,48.2
CHD,2021-03-17,71.6,41.0
CHD,2021-03-18,82.4,46.4
CHD,2021-03-19,82.4,46.4
CHD,2021-03-20,84.2,53.6
CHD,2021-03-21,87.8,55.4
CHD,2021-03-22,69.8,57.2
CHD,2021-03-23,68.0,46.4
CHD,2021-03-24,69.8,46.4
CHD,2021-03-25,71.6,51.8
CHD,2021-03-26,64.4,51.8
CHD,2021-03-27,77.0,48.2
CHD,2021-03-28,84.2,48.2
CHD,2021-03-29,86.0,53.6
CHD,2021-03-30,84.2,51.8
CHD,2021-03-31,86.0,55.4
CHD,2021-04-01,93.2,57.2
CHD,2021-04-02,91.4,64.4
CHD,2021-04-03,95.0,60.8
CHD,2021-04-04,96.8,60.8
CHD,2021-04-05,93.2,62.6
CHD,2021-04-06,89.6,69.8
CHD,2021-04-07,89.6,55.4
CHD,2021-04-08,91.4,62.6
CHD,2021-04-09,91.4,60.8
CHD,2021-04-10,91.4,57.2
CHD,2021-04-11,91.4,60.8
CHD,2021-04-12,89.6,66.2
CHD,2021-04-13,89.6,64.4
CHD,2021-04-14,86.0,60.8
CHD,2021-04-15,80.6,57.2
CHD,2021-04-16,80.6,53.6
CHD,2021-04-17,84.2,53.6
CHD,2021-04-18,82.4,64.4
CHD,2021-04-19,84.2,59.0
CHD,2021-04-20,91.4,55.4
CHD,2021-04-21,89.6,60.8
CHD,2021-04-22,80.6,60.8
CHD,2021-04-23,84.2,59.0
CHD,2021-04-24,91.4,59.0
CHD,2021-04-25,93.2,60.8
CHD,2021-04-26,82.4,64.4
CHD,2021-04-27,73.4,60.8
CHD,2021-04-28,77.0,53.6
CHD,2021-04-29,93.2,55.4
CHD,2021-04-30,95.0,66.2
CHD,2021-05-01,98.6,69.8
CHD,2021-05-02,91.4,71.6
CHD,2021-05-03,87.8,73.4
CHD,2021-05-04,91.4,62.6
CHD,2021-05-05,96.8,64.4
CHD,2021-05-06,100.4,41.0
CHD,2021-05-07,95.0,68.0
CHD,2021-05-08,91.4,64.4
CHD,2021-05-09,93.2,64.4
CHD,2021-05-10,95.0,60.8
CHD,2021-05-11,93.2,60.8
CHD,2021-05-12,96.8,62.6
CHD,2021-05-13,102.2,66.2
CHD,2021-05-14,100.4,69.8
CHD,2021-05-15,96.8,73.4
CHD,2021-05-16,93.2,66.2
CHD,2021-05-17,87.8,64.4
CHD,2021-05-18,93.2,66.2
CHD,2021-05-19,98.6,71.6
CHD,2021-05-20,98.6,69.8
CHD,2021-05-21,84.2,73.4
CHD,2021-05-22,80.6,59.0
CHD,2021-05-23,86.0,59.0
CHD,2021-05-24,91.4,62.6
CHD,2021-05-25,95.0,64.4
CHD,2021-05-26,95.0,68.0
CHD,2021-05-27,96.8,64.4
CHD,2021-05-28,98.6,66.2
CHD,2021-05-29,100.4,69.8
CHD,2021-05-30,98.6,66.2
CHD,2021-05-31,100.4,71.6
CHD,2021-06-01,102.2,71.6
CHD,2021-06-02,104.0,78.8
CHD,2021-06-03,105.8,71.6
CHD,2021-06-04,105.8,75.2
CHD,2021-06-05,105.8,75.2
CHD,2021-06-06,104.0,71.6
CHD,2021-06-07,102.2,71.6
CHD,2021-06-08,100.4,68.0
CHD,2021-06-09,102.2,69.8
CHD,2021-06-10,100.4,73.4
CHD,2021-06-11,102.2,69.8
CHD,2021-06-12,107.6,68.0
CHD,2021-06-13,111.2,77.0
CHD,2021-06-14,111.2,80.6
CHD,2021-06-15,113.0,82.4
CHD,2021-06-16,111.2,89.6
CHD,2021-06-17,114.8,86.0
CHD,2021-06-18,114.8,87.8
CHD,2021-06-19,114.8,86.0
CHD,2021-06-20,111.2,86.0
CHD,2021-06-21,107.6,84.2
CHD,2021-06-22,105.8,80.6
CHD,2021-06-23,89.6,82.4
CHD,2021-06-24,102.2,77.0
CHD,2021-06-25,105.8,80.6
CHD,2021-06-26,105.8,75.2
CHD,2021-06-27,111.2,82.4
CHD,2021-06-28,105.8,87.8
CHD,2021-06-29,104.0,82.4
CHD,2021-06-30,104.0,82.4
CHD,2021-07-01,104.0,84.2
CHD,2021-07-02,104.0,87.8
CHD,2021-07-03,104.0,84.2
CHD,2021-07-04,100.4,78.8
CHD,2021-07-05,105.8,87.8
CHD,2021-07-06,109.4,87.8
CHD,2021-07-07,109.4,82.4
CHD,2021-07-08,109.4,87.8
CHD,2021-07-09,111.2,93.2
CHD,2021-07-10,111.2,80.6
CHD,2021-07-11,107.6,84.2
CHD,2021-07-12,104.0,87.8
CHD,2021-07-13,105.8,84.2
CHD,2021-07-14,93.2,77.0
CHD,2021-07-15,98.6,84.2
CHD,2021-07-16,98.6,75.2
CHD,2021-07-17,100.4,82.4
CHD,2021-07-18,98.6,84.2
CHD,2021-07-19,104.0,84.2
CHD,2021-07-20,104.0,86.0
CHD,2021-07-21,107.6,87.8
CHD,2021-07-22,104.0,84.2
CHD,2021-07-23,77.0,75.2
CHD,2021-07-24,80.6,73.4
CHD,2021-07-25,93.2,75.2
CHD,2021-07-26,96.8,75.2
CHD,2021-07-27,102.2,78.8
CHD,2021-07-28,104.0,80.6
CHD,2021-07-29,102.2,86.0
CHD,2021-07-30,102.2,82.4
CHD,2021-07-31,98.6,77.0
CHD,2021-08-01,102.2,82.4
CHD,2021-08-02,107.6,86.0
CHD,2021-08-03,109.4,86.0
CHD,2021-08-04,111.2,84.2
CHD,2021-08-05,107.6,87.8
CHD,2021-08-06,105.8,87.8
CHD,2021-08-07,105.8,84.2
CHD,2021-08-08,104.0,86.0
CHD,2021-08-09,91.4,80.6
CHD,2021-08-10,91.4,73.4
CHD,2021-08-11,95.0,75.2
CHD,2021-08-12,95.0,78.8
CHD,2021-08-13,96.8,80.6
CHD,2021-08-14,91.4,73.4
CHD,2021-08-15,96.8,82.4
CHD,2021-08-16,98.6,80.6
CHD,2021-08-17,93.2,77.0
CHD,2021-08-18,96.8,80.6
CHD,2021-08-19,96.8,77.0
CHD,2021-08-20,96.8,78.8
CHD,2021-08-21,100.4,78.8
CHD,2021-08-22,102.2,78.8
CHD,2021-08-23,104.0,75.2
CHD,2021-08-24,104.0,77.0
CHD,2021-08-25,107.6,80.6
CHD,2021-08-26,109.4,82.4
CHD,2021-08-27,111.2,82.4
CHD,2021-08-28,105.8,87.8
CHD,2021-08-29,105.8,84.2
CHD,2021-08-30,104.0,86.0
CHD,2021-08-31,95.0,78.8
CHD,2021-09-01,93.2,75.2
CHD,2021-09-02,95.0,75.2
CHD,2021-09-03,98.6,78.8
CHD,2021-09-04,104.0,80.6
CHD,2021-09-05,105.8,82.4
CHD,2021-09-06,102.2,80.6
CHD,2021-09-07,104.0,80.6
CHD,2021-09-08,104.0,86.0
CHD,2021-09-09,109.4,82.4
CHD,2021-09-10,107.6,82.4
CHD,2021-09-11,105.8,82.4
CHD,2021-09-12,107.6,78.8
CHD,2021-09-13,107.6,77.0
CHD,2021-09-14,104.0,77.0
CHD,2021-09-15,104.0,77.0
CHD,2021-09-16,104.0,77.0
CHD,2021-09-17,98.6,80.6
CHD,2021-09-18,96.8,75.2
CHD,2021-09-19,100.4,77.0
CHD,2021-09-20,96.8,71.6
CHD,2021-09-21,102.2,71.6
CHD,2021-09-22,102.2,69.8
CHD,2021-09-23,96.8,75.2
CHD,2021-09-24,89.6,77.0
CHD,2021-09-25,95.0,73.4
CHD,2021-09-26,73.4,71.6
CHD,2021-09-27,86.0,69.8
CHD,2021-09-28,91.4,71.6
CHD,2021-09-29,86.0,69.8
CHD,2021-09-30,87.8,68.0
CHD,2021-10-01,89.6,68.0
CHD,2021-10-02,93.2,62.6
CHD,2021-10-03,95.0,66.2
CHD,2021-10-04,96.8,69.8
CHD,2021-10-05,84.2,73.4
CHD,2021-10-06,89.6,64.4
CHD,2021-10-07,93.2,66.2
CHD,2021-10-08,93.2,68.0
CHD,2021-10-09,86.0,71.6
CHD,2021-10-10,84.2,57.2
CHD,2021-10-11,86.0,57.2
CHD,2021-10-12,69.8,55.4
CHD,2021-10-13,73.4,48.2
CHD,2021-10-14,78.8,51.8
CHD,2021-10-15,84.2,55.4
CHD,2021-10-16,93.2,59.0
CHD,2021-10-17,91.4,62.6
CHD,2021-10-18,84.2,59.0
CHD,2021-10-19,78.8,57.2
CHD,2021-10-20,86.0,59.0
CHD,2021-10-21,89.6,57.2
CHD,2021-10-22,77.0,73.4
CHD,2021-10-23,86.0,57.2
CHD,2021-10-24,87.8,60.8
CHD,2021-10-25,91.4,60.8
CHD,2021-10-26,75.2,64.4
CHD,2021-10-27,77.0,51.8
CHD,2021-10-28,87.8,51.8
CHD,2021-10-29,93.2,55.4
CHD,2021-10-30,89.6,55.4
CHD,2021-10-31,87.8,59.0
CHD,2021-11-01,84.2,59.0
CHD,2021-11-02,84.2,57.2
CHD,2021-11-03,86.0,55.4
CHD,2021-11-04,89.6,55.4
CHD,2021-11-05,87.8,57.2
CHD,2021-11-06,89.6,55.4
CHD,2021-11-07,86.0,55.4
CHD,2021-11-08,87.8,57.2
CHD,2021-11-09,80.6,53.6
CHD,2021-11-10,82.4,51.8
CHD,2021-11-11,86.0,51.8
CHD,2021-11-12,87.8,51.8
CHD,2021-11-13,87.8,51.8
CHD,2021-11-14,86.0,51.8
CHD,2021-11-15,86.0,50.0
CHD,2021-11-16,82.4,53.6
CHD,2021-11-17,78.8,51.8
CHD,2021-11-18,84.2,48.2
CHD,2021-11-19,82.4,53.6
CHD,2021-11-20,77.0,50.0
CHD,2021-11-21,82.4,55.4
CHD,2021-11-22,82.4,55.4
CHD,2021-11-23,77.0,62.6
CHD,2021-11-24,73.4,57.2
CHD,2021-11-25,75.2,55.4
CHD,2021-11-26,77.0,48.2
CHD,2021-11-27,75.2,48.2
CHD,2021-11-28,82.4,46.4
CHD,2021-11-29,82.4,48.2
CHD,2021-11-30,78.8,50.0
CHD,2021-12-01,86.0,48.2
CHD,2021-12-02,82.4,53.6
CHD,2021-12-03,78.8,51.8
CHD,2021-12-04,77.0,50.0
CHD,2021-12-05,75.2,44.6
CHD,2021-12-06,75.2,46.4
CHD,2021-12-07,77.0,51.8
CHD,2021-12-08,71.6,53.6
CHD,2021-12-09,73.4,48.2
CHD,2021-12-10,62.6,51.8
CHD,2021-12-11,66.2,46.4
CHD,2021-12-12,73.4,41.0
CHD,2021-12-13,73.4,44.6
CHD,2021-12-14,71.6,55.4
CHD,2021-12-15,59.0,42.8
CHD,2021-12-16,62.6,35.6
CHD,2021-12-17,60.8,37.4
CHD,2021-12-18,66.2,44.6
CHD,2021-12-19,68.0,41.0
CHD,2021-12-20,69.8,39.2
CHD,2021-12-21,66.2,48.2
CHD,2021-12-22,71.6,44.6
CHD,2021-12-23,75.2,55.4
CHD,2021-12-24,66.2,55.4
CHD,2021-12-25,62.6,51.8
CHD,2021-12-27,57.2,53.6
CHD,2021-12-28,60.8,44.6
CHD,2021-12-29,59.0,46.4
CHD,2021-12-30,62.6,46.4
CHD,2021-12-31,59.0,53.6
CHD,2022-01-01,55.4,46.4
CHD,2022-01-02,59.0,35.6
CHD,2022-01-03,64.4,33.8
CHD,2022-01-04,64.4,37.4
CHD,2022-01-05,64.4,37.4
CHD,2022-01-06,62.6,39.2
CHD,2022-01-07,71.6,39.2
CHD,2022-01-08,66.2,44.6
CHD,2022-01-09,75.2,41.0
CHD,2022-01-10,75.2,44.6
CHD,2022-01-11,71.6,48.2
CHD,2022-01-12,69.8,41.0
CHD,2022-01-13,71.6,39.2
CHD,2022-01-14,69.8,50.0
CHD,2022-01-15,71.6,53.6
CHD,2022-01-16,71.6,44.6
CHD,2022-01-17,71.6,46.4
CHD,2022-01-18,69.8,51.8
CHD,2022-01-19,69.8,51.8
CHD,2022-01-20,71.6,46.4
CHD,2022-01-21,69.8,44.6
CHD,2022-01-22,68.0,50.0
CHD,2022-01-23,69.8,50.0
CHD,2022-01-24,68.0,42.8
CHD,2022-01-25,69.8,41.0
CHD,2022-01-26,68.0,41.0
CHD,2022-01-27,68.0,39.2
CHD,2022-01-28,71.6,51.8
CHD,2022-01-29,75.2,44.6
CHD,2022-01-30,73.4,53.6
CHD,2022-01-31,69.8,44.6
CHD,2022-02-01,68.0,48.2
CHD,2022-02-02,59.0,50.0
CHD,2022-02-03,57.2,33.8
CHD,2022-02-04,64.4,37.4
CHD,2022-02-05,66.2,35.6
CHD,2022-02-06,84.2,37.4
CHD,2022-02-07,71.6,44.6
CHD,2022-02-08,75.2,44.6
CHD,2022-02-09,84.2,42.8
CHD,2022-02-10,80.6,46.4
CHD,2022-02-11,80.6,46.4
CHD,2022-02-12,80.6,44.6
CHD,2022-02-13,82.4,48.2
CHD,2022-02-14,80.6,46.4
CHD,2022-02-15,82.4,46.4
CHD,2022-02-16,62.6,51.8
CHD,2022-02-17,66.2,46.4
CHD,2022-02-18,71.6,39.2
CHD,2022-02-19,78.8,42.8
CHD,2022-02-20,84.2,46.4
CHD,2022-02-21,71.6,48.2
CHD,2022-02-22,68.0,46.4
CHD,2022-02-23,57.2,46.4
CHD,2022-02-24,57.2,35.6
CHD,2022-02-25,64.4,39.2
CHD,2022-02-26,68.0,41.0
CHD,2022-02-27,73.4,42.8
CHD,2022-02-28,82.4,53.6
CHD,2022-03-01,84.2,68.0
CHD,2022-03-02,86.0,50.0
CHD,2022-03-03,89.6,55.4
CHD,2022-03-04,71.6,57.2
CHD,2022-03-05,71.6,55.4
CHD,2022-03-06,64.4,44.6
CHD,2022-03-07,68.0,42.8
CHD,2022-03-08,66.2,46.4
CHD,2022-03-09,71.6,41.0
CHD,2022-03-10,71.6,44.6
CHD,2022-03-11,68.0,44.6
CHD,2022-03-12,78.8,41.0
CHD,2022-03-13,77.0,46.4
CHD,2022-03-14,80.6,48.2
CHD,2022-03-15,86.0,50.0
CHD,2022-03-16,84.2,55.4
CHD,2022-03-17,78.8,60.8
CHD,2022-03-18,82.4,50.0
CHD,2022-03-19,84.2,50.0
CHD,2022-03-20,73.4,60.8
CHD,2022-03-21,75.2,53.6
CHD,2022-03-22,80.6,50.0
CHD,2022-03-23,78.8,57.2
CHD,2022-03-24,86.0,50.0
CHD,2022-03-25,93.2,53.6
CHD,2022-03-26,91.4,57.2
CHD,2022-03-27,95.0,59.0
CHD,2022-03-28,80.6,60.8
CHD,2022-03-29,68.0,53.6
CHD,2022-03-30,78.8,51.8
CHD,2022-03-31,80.6,57.2
CHD,2022-04-01,84.2,57.2
CHD,2022-04-02,87.8,57.2
CHD,2022-04-03,84.2,59.0
CHD,2022-04-04,86.0,57.2
CHD,2022-04-05,95.0,60.8
CHD,2022-04-06,91.4,60.8
CHD,2022-04-07,93.2,66.2
CHD,2022-04-08,95.0,64.4
CHD,2022-04-09,95.0,59.0
CHD,2022-04-10,89.6,68.0
CHD,2022-04-11,87.8,68.0
CHD,2022-04-12,80.6,62.6
CHD,2022-04-13,73.4,44.6
CHD,2022-04-14,80.6,48.2
CHD,2022-04-15,87.8,53.6
CHD,2022-04-16,89.6,57.2
CHD,2022-04-17,89.6,62.6
CHD,2022-04-18,95.0,59.0
CHD,2022-04-19,98.6,68.0
CHD,2022-04-20,89.6,68.0
CHD,2022-04-21,93.2,64.4
CHD,2022-04-22,78.8,68.0
CHD,2022-04-23,84.2,55.4
CHD,2022-04-24,84.2,59.0
CHD,2022-04-25,91.4,55.4
CHD,2022-04-26,100.4,59.0
CHD,2022-04-27,93.2,62.6
CHD,2022-04-28,91.4,62.6
CHD,2022-04-29,89.6,59.0
CHD,2022-04-30,95.0,59.0
CHD,2022-05-01,96.8,62.6
CHD,2022-05-02,93.2,66.2
CHD,2022-05-03,91.4,68.0
CHD,2022-05-04,91.4,62.6
CHD,2022-05-05,95.0,64.4
CHD,2022-05-06,98.6,62.6
CHD,2022-05-07,102.2,66.2
CHD,2022-05-08,95.0,73.4
CHD,2022-05-09,87.8,68.0
CHD,2022-05-10,91.4,68.0
CHD,2022-05-11,89.6,62.6
CHD,2022-05-12,84.2,53.6
CHD,2022-05-13,95.0,59.0
CHD,2022-05-14,102.2,62.6
CHD,2022-05-15,105.8,64.4
CHD,2022-05-16,104.0,69.8
CHD,2022-05-17,102.2,68.0
CHD,2022-05-18,98.6,69.8
CHD,2022-05-19,98.6,69.8
CHD,2022-05-20,98.6,78.8
CHD,2022-05-21,95.0,71.6
CHD,2022-05-22,100.4,68.0
CHD,2022-05-23,95.0,64.4
CHD,2022-05-24,98.6,68.0
CHD,2022-05-25,104.0,71.6
CHD,2022-05-26,105.8,73.4
CHD,2022-05-27,105.8,75.2
CHD,2022-05-28,102.2,80.6
CHD,2022-05-29,95.0,77.0
CHD,2022-05-30,95.0,73.4
CHD,2022-05-31,98.6,68.0
CHD,2022-06-01,100.4,69.8
CHD,2022-06-02,104.0,69.8
CHD,2022-06-03,102.2,77.0
CHD,2022-06-04,131.0,77.0
CHD,2022-06-05,102.2,73.4
CHD,2022-06-06,105.8,77.0
CHD,2022-06-07,107.6,78.8
CHD,2022-06-08,107.6,80.6
CHD,2022-06-09,109.4,84.2
CHD,2022-06-10,113.0,84.2
CHD,2022-06-11,114.8,86.0
CHD,2022-06-12,113.0,84.2
CHD,2022-06-13,107.6,87.8
CHD,2022-06-14,105.8,84.2
CHD,2022-06-15,107.6,77.0
CHD,2022-06-16,105.8,80.6
CHD,2022-06-17,111.2,91.4
CHD,2022-06-18,95.0,84.2
CHD,2022-06-19,104.0,78.8
CHD,2022-06-20,104.0,71.6
CHD,2022-06-21,109.4,77.0
CHD,2022-06-22,107.6,87.8
CHD,2022-06-23,109.4,89.6
CHD,2022-06-24,109.4,87.8
CHD,2022-06-25,105.8,78.8
CHD,2022-06-26,105.8,84.2
CHD,2022-06-27,102.2,78.8
CHD,2022-06-28,105.8,86.0
CHD,2022-06-29,107.6,87.8
CHD,2022-06-30,104.0,84.2
CHD,2022-07-01,107.6,84.2
CHD,2022-07-02,104.0,86.0
CHD,2022-07-03,107.6,87.8
CHD,2022-07-04,104.0,82.4
CHD,2022-07-05,105.8,89.6
CHD,2022-07-06,105.8,80.6
CHD,2022-07-07,107.6,80.6
CHD,2022-07-08,111.2,82.4
CHD,2022-07-09,113.0,91.4
CHD,2022-07-10,109.4,89.6
CHD,2022-07-11,113.0,91.4
CHD,2022-07-12,109.4,91.4
CHD,2022-07-15,109.4,93.2
CHD,2022-07-16,111.2,86.0
CHD,2022-07-17,109.4,87.8
CHD,2022-07-18,105.8,86.0
CHD,2022-07-19,109.4,87.8
CHD,2022-07-20,109.4,89.6
CHD,2022-07-21,107.6,89.6
CHD,2022-07-22,111.2,93.2
CHD,2022-07-23,104.0,84.2
CHD,2022-07-24,98.6,75.2
CHD,2022-07-25,96.8,80.6
CHD,2022-07-26,96.8,75.2
CHD,2022-07-27,95.0,77.0
CHD,2022-07-28,87.8,78.8
CHD,2022-07-29,96.8,78.8
CHD,2022-07-30,102.2,80.6
CHD,2022-07-31,100.4,80.6
CHD,2022-08-01,102.2,78.8
CHD,2022-08-02,104.0,86.0
CHD,2022-08-03,98.6,78.8
CHD,2022-08-04,91.4,75.2
CHD,2022-08-05,100.4,78.8
CHD,2022-08-06,105.8,84.2
CHD,2022-08-07,104.0,84.2
CHD,2022-08-08,102.2,84.2
CHD,2022-08-09,98.6,71.6
CHD,2022-08-10,102.2,82.4
CHD,2022-08-11,102.2,82.4
CHD,2022-08-12,102.2,80.6
CHD,2022-08-13,102.2,80.6
CHD,2022-08-14,98.6,80.6
CHD,2022-08-15,98.6,77.0
CHD,2022-08-16,102.2,84.2
CHD,2022-08-17,104.0,84.2
CHD,2022-08-18,102.2,78.8
CHD,2022-08-19,96.8,77.0
CHD,2022-08-20,93.2,78.8
CHD,2022-08-21,95.0,68.0
CHD,2022-08-22,100.4,77.0
CHD,2022-08-23,100.4,82.4
CHD,2022-08-24,102.2,80.6
CHD,2022-08-25,100.4,82.4
CHD,2022-08-26,104.0,84.2
CHD,2022-08-27,102.2,80.6
CHD,2022-08-28,102.2,80.6
CHD,2022-08-29,105.8,82.4
CHD,2022-08-30,109.4,69.8
CHD,2022-08-31,105.8,84.2
CHD,2022-09-01,104.0,86.0
CHD,2022-09-02,105.8,82.4
CHD,2022-09-03,105.8,82.4
CHD,2022-09-04,105.8,86.0
CHD,2022-09-05,107.6,82.4
CHD,2022-09-06,107.6,86.0
CHD,2022-09-07,105.8,82.4
CHD,2022-09-08,102.2,84.2
CHD,2022-09-09,98.6,73.4
CHD,2022-09-10,93.2,75.2
CHD,2022-09-11,100.4,78.8
CHD,2022-09-12,95.0,77.0
CHD,2022-09-13,95.0,78.8
CHD,2022-09-14,95.0,75.2
CHD,2022-09-15,95.0,75.2
CHD,2022-09-16,95.0,77.0
CHD,2022-09-17,98.6,73.4
CHD,2022-09-18,102.2,68.0
CHD,2022-09-19,102.2,73.4
CHD,2022-09-20,96.8,78.8
CHD,2022-09-21,87.8,77.0
CHD,2022-09-22,93.2,77.0
CHD,2022-09-23,96.8,78.8
CHD,2022-09-24,100.4,75.2
CHD,2022-09-25,102.2,75.2
CHD,2022-09-26,102.2,73.4
CHD,2022-09-27,100.4,78.8
CHD,2022-09-28,98.6,78.8
CHD,2022-09-29,95.0,73.4
CHD,2022-09-30,95.0,69.8
CHD,2022-10-01,95.0,73.4
CHD,2022-10-02,95.0,75.2
CHD,2022-10-03,96.8,75.2
CHD,2022-10-04,89.6,69.8
CHD,2022-10-05,93.2,69.8
CHD,2022-10-06,91.4,75.2
CHD,2022-10-07,91.4,71.6
CHD,2022-10-08,87.8,69.8
CHD,2022-10-09,89.6,64.4
CHD,2022-10-10,89.6,68.0
CHD,2022-10-11,91.4,69.8
CHD,2022-10-12,91.4,66.2
CHD,2022-10-13,95.0,66.2
CHD,2022-10-14,95.0,66.2
CHD,2022-10-15,78.8,66.2
CHD,2022-10-16,75.2,62.6
CHD,2022-10-17,86.0,59.0
CHD,2022-10-18,86.0,64.4
CHD,2022-10-19,86.0,62.6
CHD,2022-10-20,89.6,60.8
CHD,2022-10-21,87.8,62.6
CHD,2022-10-22,87.8,64.4
CHD,2022-10-23,75.2,66.2
CHD,2022-10-24,69.8,57.2
CHD,2022-10-25,75.2,48.2
CHD,2022-10-26,77.0,50.0
CHD,2022-10-27,78.8,50.0
CHD,2022-10-28,78.8,46.4
CHD,2022-10-29,80.6,51.8
CHD,2022-10-30,77.0,50.0
CHD,2022-10-31,80.6,48.2
CHD,2022-11-01,78.8,55.4
CHD,2022-11-02,77.0,53.6
CHD,2022-11-03,62.6,50.0
CHD,2022-11-04,62.6,41.0
CHD,2022-11-05,68.0,44.6
CHD,2022-11-06,78.8,44.6
CHD,2022-11-07,78.8,50.0
CHD,2022-11-08,78.8,50.0
CHD,2022-11-09,71.6,55.4
CHD,2022-11-10,66.2,51.8
CHD,2022-11-11,68.0,42.8
CHD,2022-11-12,69.8,41.0
CHD,2022-11-13,68.0,42.8
CHD,2022-11-14,64.4,39.2
CHD,2022-11-15,69.8,39.2
CHD,2022-11-16,69.8,50.0
CHD,2022-11-17,84.2,42.8
CHD,2022-11-18,68.0,42.8
CHD,2022-11-19,71.6,41.0
CHD,2022-11-20,69.8,50.0
CHD,2022-11-21,71.6,44.6
CHD,2022-11-22,73.4,46.4
CHD,2022-11-23,69.8,42.8
CHD,2022-11-24,69.8,48.2
CHD,2022-11-25,69.8,44.6
CHD,2022-11-26,68.0,39.2
CHD,2022-11-27,68.0,39.2
CHD,2022-11-28,69.8,41.0
CHD,2022-11-29,66.2,44.6
CHD,2022-11-30,69.8,42.8
CHD,2022-12-01,73.4,42.8
CHD,2022-12-02,68.0,50.0
CHD,2022-12-03,55.4,46.4
CHD,2022-12-04,64.4,57.2
CHD,2022-12-05,69.8,59.0
CHD,2022-12-06,66.2,53.6
CHD,2022-12-07,64.4,50.0
CHD,2022-12-08,66.2,42.8
CHD,2022-12-09,64.4,42.8
CHD,2022-12-10,64.4,39.2
CHD,2022-12-11,69.8,39.2
CHD,2022-12-12,55.4,46.4
CHD,2022-12-13,53.6,44.6
CHD,2022-12-14,53.6,35.6
CHD,2022-12-15,55.4,35.6
CHD,2022-12-16,57.2,39.2
CHD,2022-12-17,60.8,33.8
CHD,2022-12-18,60.8,44.6
CHD,2022-12-19,62.6,35.6
CHD,2022-12-20,62.6,39.2
CHD,2022-12-21,62.6,35.6
CHD,2022-12-22,62.6,37.4
CHD,2022-12-23,66.2,41.0
CHD,2022-12-24,68.0,39.2
CHD,2022-12-25,71.6,41.0
CHD,2022-12-26,71.6,41.0
CHD,2022-12-27,73.4,42.8
CHD,2022-12-28,57.2,51.8
CHD,2022-12-29,62.6,44.6
CHD,2022-12-30,60.8,53.6
CHD,2022-12-31,68.0,48.2
CHD,2023-01-01,57.2,48.2
CHD,2023-01-02,57.2,46.4
CHD,2023-01-03,60.8,48.2
CHD,2023-01-04,64.4,48.2
CHD,2023-01-05,62.6,44.6
CHD,2023-01-06,60.8,44.6
CHD,2023-01-07,66.2,39.2
CHD,2023-01-08,69.8,41.0
CHD,2023-01-09,68.0,42.8
CHD,2023-01-10,71.6,44.6
CHD,2023-01-11,64.4,46.4
CHD,2023-01-12,73.4,39.2
CHD,2023-01-13,75.2,46.4
CHD,2023-01-14,64.4,44.6
CHD,2023-01-15,60.8,51.8
CHD,2023-01-16,59.0,50.0
CHD,2023-01-17,57.2,48.2
CHD,2023-01-18,57.2,42.8
CHD,2023-01-19,57.2,37.4
CHD,2023-01-20,55.4,46.4
CHD,2023-01-21,57.2,35.6
CHD,2023-01-22,59.0,33.8
CHD,2023-01-23,48.2,37.4
CHD,2023-01-24,53.6,33.8
CHD,2023-01-25,59.0,33.8
CHD,2023-01-26,62.6,41.0
CHD,2023-01-27,60.8,33.8
CHD,2023-01-28,62.6,33.8
CHD,2023-01-29,69.8,35.6
CHD,2023-01-30,60.8,42.8
CHD,2023-01-31,62.6,44.6
CHD,2023-02-01,66.2,41.0
CHD,2023-02-02,66.2,39.2
CHD,2023-02-03,75.2,41.0
CHD,2023-02-04,75.2,41.0
CHD,2023-02-05,71.6,42.8
CHD,2023-02-06,66.2,46.4
CHD,2023-02-07,66.2,41.0
CHD,2023-02-08,66.2,37.4
CHD,2023-02-09,68.0,37.4
CHD,2023-02-10,71.6,44.6
CHD,2023-02-11,73.4,51.8
CHD,2023-02-12,78.8,41.0
CHD,2023-02-13,55.4,48.2
CHD,2023-02-14,60.8,46.4
CHD,2023-02-15,53.6,37.4
CHD,2023-02-16,57.2,33.8
CHD,2023-02-17,66.2,44.6
CHD,2023-02-18,71.6,46.4
CHD,2023-02-19,71.6,50.0
CHD,2023-02-20,75.2,51.8
CHD,2023-02-21,62.6,53.6
CHD,2023-02-22,59.0,46.4
CHD,2023-02-23,59.0,44.6
CHD,2023-02-24,64.4,41.0
CHD,2023-02-25,75.2,48.2
CHD,2023-02-26,57.2,44.6
CHD,2023-02-27,62.6,39.2
CHD,2023-02-28,62.6,41.0
CHD,2023-03-01,66.2,42.8
CHD,2023-03-02,53.6,39.2
CHD,2023-03-03,59.0,39.2
CHD,2023-03-04,68.0,42.8
CHD,2023-03-05,71.6,44.6
CHD,2023-03-06,71.6,48.2
CHD,2023-03-07,71.6,55.4
CHD,2023-03-08,75.2,46.4
CHD,2023-03-09,73.4,46.4
CHD,2023-03-10,77.0,46.4
CHD,2023-03-11,75.2,59.0
CHD,2023-03-12,78.8,53.6
CHD,2023-03-13,77.0,51.8
CHD,2023-03-14,78.8,51.8
CHD,2023-03-15,62.6,59.0
CHD,2023-03-16,68.0,51.8
CHD,2023-03-17,71.6,48.2
CHD,2023-03-18,73.4,51.8
CHD,2023-03-19,71.6,57.2
CHD,2023-03-20,71.6,53.6
CHD,2023-03-21,73.4,62.6
CHD,2023-03-22,62.6,51.8
CHD,2023-03-23,68.0,46.4
CHD,2023-03-24,68.0,46.4
CHD,2023-03-25,69.8,42.8
CHD,2023-03-26,68.0,42.8
CHD,2023-03-27,71.6,44.6
CHD,2023-03-28,78.8,42.8
CHD,2023-03-29,82.4,48.2
CHD,2023-03-30,78.8,53.6
CHD,2023-03-31,71.6,44.6
CHD,2023-04-01,80.6,46.4
CHD,2023-04-02,80.6,48.2
CHD,2023-04-03,82.4,51.8
CHD,2023-04-04,60.8,46.4
CHD,2023-04-05,68.0,39.2
CHD,2023-04-06,78.8,42.8
CHD,2023-04-07,82.4,46.4
CHD,2023-04-08,84.2,50.0
CHD,2023-04-09,87.8,51.8
CHD,2023-04-10,98.6,55.4
CHD,2023-04-11,98.6,60.8
CHD,2023-04-12,93.2,60.8
CHD,2023-04-13,84.2,59.0
CHD,2023-04-14,78.8,57.2
CHD,2023-04-15,84.2,53.6
CHD,2023-04-16,89.6,59.0
CHD,2023-04-17,91.4,55.4
CHD,2023-04-18,86.0,59.0
CHD,2023-04-19,80.6,62.6
CHD,2023-04-20,84.2,51.8
CHD,2023-04-21,87.8,53.6
CHD,2023-04-22,91.4,59.0
CHD,2023-04-23,93.2,60.8
CHD,2023-04-24,91.4,59.0
CHD,2023-04-25,89.6,62.6
CHD,2023-04-26,87.8,64.4
CHD,2023-04-27,93.2,57.2
CHD,2023-04-28,96.8,62.6
CHD,2023-04-29,98.6,66.2
CHD,2023-04-30,100.4,71.6
CHD,2023-05-01,93.2,80.6
CHD,2023-05-02,89.6,64.4
CHD,2023-05-03,87.8,64.4
CHD,2023-05-04,80.6,64.4
CHD,2023-05-05,80.6,57.2
CHD,2023-05-06,84.2,60.8
CHD,2023-05-07,87.8,59.0
CHD,2023-05-08,91.4,57.2
CHD,2023-05-09,93.2,60.8
CHD,2023-05-10,78.8,64.4
CHD,2023-05-11,87.8,59.0
CHD,2023-05-12,93.2,66.2
CHD,2023-05-13,96.8,71.6
CHD,2023-05-14,100.4,78.8
CHD,2023-05-15,100.4,78.8
CHD,2023-05-16,100.4,78.8
CHD,2023-05-17,96.8,71.6
CHD,2023-05-18,98.6,75.2
CHD,2023-05-19,89.6,75.2
CHD,2023-05-20,96.8,68.0
CHD,2023-05-21,98.6,73.4
CHD,2023-05-22,98.6,77.0
CHD,2023-05-23,100.4,71.6
CHD,2023-05-24,96.8,69.8
CHD,2023-05-25,96.8,68.0
CHD,2023-05-26,95.0,68.0
CHD,2023-05-27,95.0,62.6
CHD,2023-05-28,98.6,66.2
CHD,2023-05-29,100.4,71.6
CHD,2023-05-30,96.8,68.0
CHD,2023-05-31,91.4,66.2
CHD,2023-06-01,89.6,64.4
CHD,2023-06-02,93.2,68.0
CHD,2023-06-03,98.6,68.0
CHD,2023-06-04,100.4,71.6
CHD,2023-06-05,104.0,71.6
CHD,2023-06-06,98.6,68.0
CHD,2023-06-07,96.8,66.2
CHD,2023-06-08,95.0,64.4
CHD,2023-06-09,93.2,66.2
CHD,2023-06-10,98.6,64.4
CHD,2023-06-11,91.4,69.8
CHD,2023-06-12,89.6,66.2
CHD,2023-06-13,93.2,69.8
CHD,2023-06-14,98.6,69.8
CHD,2023-06-15,98.6,75.2
CHD,2023-06-16,100.4,71.6
CHD,2023-06-17,102.2,71.6
CHD,2023-06-18,105.8,75.2
CHD,2023-06-19,104.0,77.0
CHD,2023-06-20,102.2,77.0
CHD,2023-06-21,102.2,73.4
CHD,2023-06-22,104.0,68.0
CHD,2023-06-23,98.6,75.2
CHD,2023-06-24,102.2,64.4
CHD,2023-06-25,107.6,69.8
CHD,2023-06-26,107.6,80.6
CHD,2023-06-27,105.8,75.2
CHD,2023-06-28,105.8,75.2
CHD,2023-06-29,104.0,77.0
CHD,2023-06-30,105.8,77.0
CHD,2023-07-01,109.4,75.2
CHD,2023-07-02,111.2,77.0
CHD,2023-07-03,113.0,78.8
CHD,2023-07-04,109.4,86.0
CHD,2023-07-05,107.6,80.6
CHD,2023-07-06,113.0,80.6
CHD,2023-07-07,109.4,86.0
CHD,2023-07-08,109.4,80.6
CHD,2023-07-09,107.6,87.8
CHD,2023-07-10,107.6,86.0
CHD,2023-07-11,107.6,86.0
CHD,2023-07-12,107.6,87.8
CHD,2023-07-13,111.2,87.8
CHD,2023-07-14,113.0,86.0
CHD,2023-07-15,114.8,87.8
CHD,2023-07-16,111.2,89.6
CHD,2023-07-17,113.0,91.4
CHD,2023-07-18,114.8,91.4
CHD,2023-07-19,116.6,87.8
CHD,2023-07-20,114.8,87.8
CHD,2023-07-21,113.0,89.6
CHD,2023-07-22,113.0,91.4
CHD,2023-07-23,107.6,102.2
CHD,2023-07-24,113.0,91.4
CHD,2023-07-25,122.0,89.6
CHD,2023-07-26,114.8,87.8
CHD,2023-07-27,113.0,84.2
CHD,2023-07-28,113.0,91.4
CHD,2023-07-29,111.2,91.4
CHD,2023-07-30,107.6,95.0
CHD,2023-07-31,104.0,82.4
CHD,2023-08-01,104.0,80.6
CHD,2023-08-02,107.6,87.8
CHD,2023-08-03,109.4,82.4
CHD,2023-08-04,111.2,82.4
CHD,2023-08-05,113.0,82.4
CHD,2023-08-06,111.2,104.0
CHD,2023-08-07,107.6,87.8
CHD,2023-08-08,107.6,82.4
CHD,2023-08-09,107.6,86.0
CHD,2023-08-10,104.0,89.6
CHD,2023-08-11,104.0,86.0
CHD,2023-08-12,104.0,84.2
CHD,2023-08-13,105.8,82.4
CHD,2023-08-14,104.0,87.8
CHD,2023-08-15,107.6,87.8
CHD,2023-08-16,109.4,89.6
CHD,2023-08-17,111.2,89.6
CHD,2023-08-18,104.0,87.8
CHD,2023-08-19,93.2,84.2
CHD,2023-08-20,100.4,82.4
CHD,2023-08-21,89.6,78.8
CHD,2023-08-22,102.2,75.2
CHD,2023-08-23,104.0,80.6
CHD,2023-08-24,102.2,86.0
CHD,2023-08-25,107.6,84.2
CHD,2023-08-26,109.4,87.8
CHD,2023-08-27,111.2,87.8
CHD,2023-08-28,113.0,91.4
CHD,2023-08-29,113.0,87.8
CHD,2023-08-30,109.4,89.6
CHD,2023-08-31,107.6,78.8
CHD,2023-09-01,87.8,77.0
CHD,2023-09-02,95.0,77.0
CHD,2023-09-03,100.4,77.0
CHD,2023-09-04,100.4,78.8
CHD,2023-09-05,102.2,71.6
CHD,2023-09-06,104.0,73.4
CHD,2023-09-07,105.8,73.4
CHD,2023-09-08,107.6,78.8
CHD,2023-09-09,111.2,80.6
CHD,2023-09-10,111.2,84.2
CHD,2023-09-11,104.0,82.4
CHD,2023-09-12,96.8,84.2
CHD,2023-09-13,96.8,78.8
CHD,2023-09-14,98.6,77.0
CHD,2023-09-15,100.4,73.4
CHD,2023-09-16,102.2,73.4
CHD,2023-09-17,102.2,75.2
CHD,2023-09-18,100.4,71.6
CHD,2023-09-19,96.8,69.8
CHD,2023-09-20,98.6,71.6
CHD,2023-09-21,96.8,68.0
CHD,2023-09-22,93.2,73.4
CHD,2023-09-23,95.0,71.6
CHD,2023-09-24,98.6,69.8
CHD,2023-09-25,100.4,69.8
CHD,2023-09-26,102.2,71.6
CHD,2023-09-27,102.2,69.8
CHD,2023-09-28,100.4,69.8
CHD,2023-09-29,100.4,68.0
CHD,2023-09-30,98.6,68.0
CHD,2023-10-01,87.8,68.0
CHD,2023-10-02,84.2,62.6
CHD,2023-10-03,86.0,60.8
CHD,2023-10-04,91.4,62.6
CHD,2023-10-05,96.8,62.6
CHD,2023-10-06,102.2,64.4
CHD,2023-10-07,100.4,82.4
CHD,2023-10-08,98.6,78.8
CHD,2023-10-09,98.6,77.0
CHD,2023-10-10,95.0,71.6
CHD,2023-10-11,93.2,68.0
CHD,2023-10-12,87.8,64.4
CHD,2023-10-13,87.8,59.0
CHD,2023-10-14,91.4,64.4
CHD,2023-10-15,98.6,60.8
CHD,2023-10-16,102.2,68.0
CHD,2023-10-17,98.6,69.8
CHD,2023-10-18,98.6,64.4
CHD,2023-10-19,100.4,66.2
CHD,2023-10-20,102.2,66.2
CHD,2023-10-21,98.6,66.2
CHD,2023-10-22,95.0,66.2
CHD,2023-10-23,87.8,68.0
CHD,2023-10-24,84.2,64.4
CHD,2023-10-25,82.4,64.4
CHD,2023-10-26,82.4,62.6
CHD,2023-10-27,87.8,60.8
CHD,2023-10-28,84.2,57.2
CHD,2023-10-29,77.0,53.6
CHD,2023-10-30,78.8,59.0
CHD,2023-10-31,95.0,55.4
CHD,2023-11-01,82.4,55.4
CHD,2023-11-02,84.2,53.6
CHD,2023-11-03,86.0,51.8
CHD,2023-11-04,86.0,50.0
CHD,2023-11-05,91.4,53.6
CHD,2023-11-06,91.4,57.2
CHD,2023-11-07,87.8,59.0
CHD,2023-11-08,78.8,53.6
CHD,2023-11-09,75.2,46.4
CHD,2023-11-10,75.2,46.4
CHD,2023-11-11,77.0,50.0
CHD,2023-11-12,82.4,55.4
CHD,2023-11-13,86.0,60.8
CHD,2023-11-14,86.0,64.4
CHD,2023-11-15,86.0,62.6
CHD,2023-11-16,77.0,64.4
CHD,2023-11-17,78.8,64.4
CHD,2023-11-18,71.6,64.4
CHD,2023-11-19,71.6,64.4
CHD,2023-11-20,73.4,51.8
CHD,2023-11-21,77.0,59.0
CHD,2023-11-22,75.2,53.6
CHD,2023-11-23,71.6,48.2
CHD,2023-11-24,71.6,48.2
CHD,2023-11-25,68.0,51.8
CHD,2023-11-26,69.8,41.0
CHD,2023-11-27,73.4,50.0
CHD,2023-11-28,77.0,55.4
CHD,2023-11-29,69.8,48.2
CHD,2023-11-30,64.4,53.6
CHD,2023-12-01,62.6,50.0
CHD,2023-12-02,64.4,44.6
CHD,2023-12-03,66.2,41.0
CHD,2023-12-04,68.0,42.8
CHD,2023-12-05,89.6,44.6
CHD,2023-12-06,82.4,48.2
CHD,2023-12-07,75.2,48.2
CHD,2023-12-08,69.8,46.4
CHD,2023-12-09,66.2,46.4
CHD,2023-12-10,69.8,37.4
CHD,2023-12-11,69.8,39.2
CHD,2023-12-12,69.8,42.8
CHD,2023-12-13,68.0,39.2
CHD,2023-12-14,66.2,39.2
CHD,2023-12-15,73.4,39.2
CHD,2023-12-16,78.8,46.4
CHD,2023-12-17,77.0,42.8
CHD,2023-12-18,73.4,46.4
CHD,2023-12-19,71.6,55.4
CHD,2023-12-20,75.2,57.2
CHD,2023-12-21,77.0,48.2
CHD,2023-12-22,59.0,55.4
CHD,2023-12-23,57.2,50.0
CHD,2023-12-24,60.8,44.6
CHD,2023-12-25,60.8,44.6
CHD,2023-12-26,60.8,41.0
CHD,2023-12-27,62.6,37.4
CHD,2023-12-28,64.4,39.2
CHD,2023-12-29,69.8,37.4
CHD,2023-12-30,75.2,44.6
CHD,2023-12-31,62.6,41.0
CHD,2024-01-01,60.8,42.8
CHD,2024-01-02,64.4,42.8
CHD,2024-01-03,62.6,41.0
CHD,2024-01-04,57.2,41.0
CHD,2024-01-05,57.2,37.4
CHD,2024-01-06,59.0,35.6
CHD,2024-01-07,51.8,42.8
CHD,2024-01-08,51.8,32.0
CHD,2024-01-09,53.6,32.0
CHD,2024-01-10,57.2,32.0
CHD,2024-01-11,57.2,42.8
CHD,2024-01-12,55.4,32.0
CHD,2024-01-13,60.8,32.0
CHD,2024-01-14,64.4,37.4
CHD,2024-01-15,66.2,37.4
CHD,2024-01-16,66.2,39.2
CHD,2024-01-17,66.2,39.2
CHD,2024-01-18,73.4,41.0
CHD,2024-01-19,73.4,44.6
CHD,2024-01-20,66.2,46.4
CHD,2024-01-21,59.0,51.8
CHD,2024-01-22,64.4,50.0
CHD,2024-01-23,60.8,51.8
CHD,2024-01-24,60.8,51.8
CHD,2024-01-25,64.4,46.4
CHD,2024-01-26,68.0,44.6
CHD,2024-01-27,73.4,42.8
CHD,2024-01-28,77.0,46.4
CHD,2024-01-29,82.4,51.8
CHD,2024-01-30,77.0,48.2
CHD,2024-01-31,77.0,51.8
CHD,2024-02-01,77.0,53.6
CHD,2024-02-02,62.6,51.8
CHD,2024-02-03,60.8,46.4
CHD,2024-02-04,68.0,46.4
CHD,2024-02-05,73.4,46.4
CHD,2024-02-06,64.4,57.2
CHD,2024-02-07,60.8,50.0
CHD,2024-02-08,59.0,42.8
CHD,2024-02-09,57.2,39.2
CHD,2024-02-10,55.4,42.8
CHD,2024-02-11,59.0,37.4
CHD,2024-02-12,64.4,39.2
CHD,2024-02-13,68.0,39.2
CHD,2024-02-14,68.0,41.0
CHD,2024-02-15,69.8,42.8
CHD,2024-02-16,69.8,44.6
CHD,2024-02-17,71.6,44.6
CHD,2024-02-18,73.4,48.2
CHD,2024-02-19,75.2,48.2
CHD,2024-02-20,78.8,50.0
CHD,2024-02-21,71.6,51.8
CHD,2024-02-22,71.6,50.0
CHD,2024-02-23,77.0,48.2
CHD,2024-02-24,77.0,50.0
CHD,2024-02-25,78.8,51.8
CHD,2024-02-26,73.4,60.8
CHD,2024-02-27,73.4,55.4
CHD,2024-02-28,73.4,50.0
CHD,2024-02-29,73.4,50.0
CHD,2024-03-01,75.2,48.2
CHD,2024-03-02,77.0,48.2
CHD,2024-03-03,69.8,51.8
CHD,2024-03-04,69.8,48.2
CHD,2024-03-05,73.4,46.4
CHD,2024-03-06,71.6,53.6
CHD,2024-03-07,62.6,50.0
CHD,2024-03-08,68.0,51.8
CHD,2024-03-09,73.4,48.2
CHD,2024-03-10,77.0,50.0
CHD,2024-03-11,78.8,51.8
CHD,2024-03-12,77.0,48.2
CHD,2024-03-13,73.4,48.2
CHD,2024-03-14,69.8,50.0
CHD,2024-03-15,60.8,50.0
CHD,2024-03-16,64.4,42.8
CHD,2024-03-17,66.2,51.8
CHD,2024-03-18,75.2,46.4
CHD,2024-03-19,75.2,50.0
CHD,2024-03-20,77.0,51.8
CHD,2024-03-21,80.6,50.0
CHD,2024-03-22,84.2,55.4
CHD,2024-03-23,80.6,57.2
CHD,2024-03-24,64.4,50.0
CHD,2024-03-25,68.0,44.6
CHD,2024-03-26,71.6,51.8
CHD,2024-03-27,75.2,48.2
CHD,2024-03-28,78.8,50.0
CHD,2024-03-29,82.4,53.6
CHD,2024-03-30,84.2,59.0
CHD,2024-03-31,55.4,50.0
CHD,2024-04-01,62.6,48.2
CHD,2024-04-02,73.4,48.2
CHD,2024-04-03,80.6,60.8
CHD,2024-04-04,86.0,53.6
CHD,2024-04-05,68.0,59.0
CHD,2024-04-06,66.2,44.6
CHD,2024-04-07,73.4,46.4
CHD,2024-04-08,73.4,48.2
CHD,2024-04-09,82.4,48.2
CHD,2024-04-10,84.2,51.8
CHD,2024-04-11,91.4,55.4
CHD,2024-04-12,91.4,60.8
CHD,2024-04-13,86.0,59.0
CHD,2024-04-14,75.2,71.6
CHD,2024-04-15,75.2,53.6
CHD,2024-04-16,84.2,55.4
CHD,2024-04-17,89.6,59.0
CHD,2024-04-18,91.4,60.8
CHD,2024-04-19,91.4,62.6
CHD,2024-04-20,93.2,62.6
CHD,2024-04-21,96.8,64.4
CHD,2024-04-22,100.4,64.4
CHD,2024-04-23,95.0,66.2
CHD,2024-04-24,89.6,62.6
CHD,2024-04-25,82.4,66.2
CHD,2024-04-26,80.6,57.2
CHD,2024-04-27,78.8,59.0
CHD,2024-04-28,84.2,57.2
CHD,2024-04-29,89.6,59.0
CHD,2024-04-30,93.2,59.0
CHD,2024-05-01,91.4,66.2
CHD,2024-05-02,89.6,64.4
CHD,2024-05-03,91.4,66.2
CHD,2024-05-04,93.2,64.4
CHD,2024-05-05,87.8,69.8
CHD,2024-05-06,84.2,55.4
CHD,2024-05-07,89.6,55.4
CHD,2024-05-08,87.8,59.0
CHD,2024-05-09,86.0,57.2
CHD,2024-05-10,89.6,59.0
CHD,2024-05-11,91.4,60.8
CHD,2024-05-12,91.4,64.4
CHD,2024-05-13,100.4,64.4
CHD,2024-05-14,100.4,87.8
CHD,2024-05-15,95.0,69.8
CHD,2024-05-16,95.0,69.8
CHD,2024-05-17,98.6,66.2
CHD,2024-05-18,100.4,69.8
CHD,2024-05-19,96.8,75.2
CHD,2024-05-20,89.6,68.0
CHD,2024-05-21,93.2,60.8
CHD,2024-05-22,95.0,60.8
CHD,2024-05-23,95.0,62.6
CHD,2024-05-24,96.8,64.4
CHD,2024-05-25,89.6,71.6
CHD,2024-05-26,95.0,66.2
CHD,2024-05-27,98.6,68.0
CHD,2024-05-28,102.2,68.0
CHD,2024-05-29,100.4,68.0
CHD,2024-05-30,100.4,71.6
CHD,2024-05-31,104.0,69.8
CHD,2024-06-01,104.0,68.0
CHD,2024-06-02,102.2,68.0
CHD,2024-06-03,100.4,68.0
CHD,2024-06-04,100.4,71.6
CHD,2024-06-05,105.8,73.4
CHD,2024-06-06,109.4,73.4
CHD,2024-06-07,109.4,80.6
CHD,2024-06-08,105.8,78.8
CHD,2024-06-09,104.0,77.0
CHD,2024-06-10,104.0,75.2
CHD,2024-06-11,109.4,75.2
CHD,2024-06-12,107.6,75.2
CHD,2024-06-13,105.8,82.4
CHD,2024-06-14,104.0,78.8
CHD,2024-06-15,109.4,78.8
CHD,2024-06-16,109.4,78.8
CHD,2024-06-17,105.8,75.2
CHD,2024-06-18,102.2,75.2
CHD,2024-06-19,104.0,78.8
CHD,2024-06-20,111.2,75.2
CHD,2024-06-21,111.2,91.4
CHD,2024-06-22,100.4,89.6
CHD,2024-06-23,105.8,86.0
CHD,2024-06-24,107.6,86.0
CHD,2024-06-25,104.0,84.2
CHD,2024-06-26,107.6,84.2
CHD,2024-06-27,109.4,89.6
CHD,2024-06-28,109.4,91.4
CHD,2024-06-29,105.8,86.0
CHD,2024-06-30,109.4,87.8
CHD,2024-07-01,105.8,86.0
CHD,2024-07-02,111.2,87.8
CHD,2024-07-03,111.2,86.0
CHD,2024-07-04,111.2,89.6
CHD,2024-07-05,114.8,86.0
CHD,2024-07-06,111.2,84.2
CHD,2024-07-07,113.0,87.8
CHD,2024-07-08,114.8,84.2
CHD,2024-07-09,113.0,87.8
CHD,2024-07-10,113.0,86.0
CHD,2024-07-11,111.2,87.8
CHD,2024-07-12,111.2,86.0
CHD,2024-07-13,109.4,89.6
CHD,2024-07-14,105.8,87.8
CHD,2024-07-15,105.8,84.2
CHD,2024-07-16,107.6,87.8
CHD,2024-07-17,107.6,87.8
CHD,2024-07-18,109.4,89.6
CHD,2024-07-19,109.4,86.0
CHD,2024-07-20,109.4,93.2
CHD,2024-07-21,107.6,89.6
CHD,2024-07-22,107.6,84.2
CHD,2024-07-23,109.4,87.8
CHD,2024-07-24,111.2,89.6
CHD,2024-07-25,111.2,87.8
CHD,2024-07-26,107.6,80.6
CHD,2024-07-27,109.4,86.0
CHD,2024-07-28,107.6,84.2
CHD,2024-07-29,104.0,89.6
CHD,2024-07-30,105.8,87.8
CHD,2024-07-31,105.8,84.2
CHD,2024-08-01,104.0,84.2
CHD,2024-08-02,107.6,87.8
CHD,2024-08-03,111.2,89.6
CHD,2024-08-04,113.0,89.6
CHD,2024-08-05,107.6,86.0
CHD,2024-08-06,107.6,87.8
CHD,2024-08-07,98.6,77.0
CHD,2024-08-08,104.0,84.2
CHD,2024-08-09,104.0,86.0
CHD,2024-08-10,107.6,89.6
CHD,2024-08-11,100.4,95.0
CHD,2024-08-12,104.0,84.2
CHD,2024-08-13,104.0,87.8
CHD,2024-08-14,105.8,87.8
CHD,2024-08-15,107.6,86.0
CHD,2024-08-16,109.4,89.6
CHD,2024-08-17,109.4,91.4
CHD,2024-08-18,100.4,77.0
CHD,2024-08-19,107.6,82.4
CHD,2024-08-20,109.4,89.6
CHD,2024-08-21,100.4,86.0
CHD,2024-08-22,105.8,82.4
CHD,2024-08-23,105.8,82.4
CHD,2024-08-24,102.2,80.6
CHD,2024-08-25,104.0,84.2
CHD,2024-08-26,104.0,78.8
CHD,2024-08-27,104.0,80.6
CHD,2024-08-28,98.6,86.0
CHD,2024-08-29,105.8,80.6
CHD,2024-08-30,105.8,78.8
CHD,2024-08-31,105.8,84.2
CHD,2024-09-01,104.0,82.4
CHD,2024-09-02,102.2,82.4
CHD,2024-09-03,104.0,84.2
CHD,2024-09-04,105.8,80.6
CHD,2024-09-05,111.2,84.2
CHD,2024-09-06,107.6,89.6
CHD,2024-09-07,104.0,86.0
CHD,2024-09-08,104.0,84.2
CHD,2024-09-09,105.8,80.6
CHD,2024-09-10,105.8,75.2
CHD,2024-09-11,105.8,77.0
CHD,2024-09-12,104.0,77.0
CHD,2024-09-13,104.0,75.2
CHD,2024-09-14,98.6,80.6
CHD,2024-09-15,102.2,80.6
CHD,2024-09-16,98.6,80.6
CHD,2024-09-17,93.2,75.2
CHD,2024-09-18,93.2,69.8
CHD,2024-09-19,95.0,68.0
CHD,2024-09-20,93.2,73.4
CHD,2024-09-21,87.8,71.6
CHD,2024-09-22,95.0,68.0
CHD,2024-09-23,100.4,69.8
CHD,2024-09-24,104.0,71.6
CHD,2024-09-25,107.6,75.2
CHD,2024-09-26,105.8,78.8
CHD,2024-09-27,109.4,77.0
CHD,2024-09-28,113.0,80.6
CHD,2024-09-29,109.4,86.0
CHD,2024-09-30,104.0,78.8
CHD,2024-10-01,109.4,77.0
CHD,2024-10-02,104.0,80.6
CHD,2024-10-03,104.0,73.4
CHD,2024-10-04,105.8,73.4
CHD,2024-10-05,105.8,73.4
CHD,2024-10-06,107.6,73.4
CHD,2024-10-07,105.8,73.4
CHD,2024-10-08,102.2,73.4
CHD,2024-10-09,102.2,73.4
CHD,2024-10-10,104.0,73.4
CHD,2024-10-11,100.4,71.6
CHD,2024-10-12,100.4,68.0
CHD,2024-10-13,98.6,68.0
CHD,2024-10-14,98.6,69.8
CHD,2024-10-15,95.0,66.2
CHD,2024-10-16,95.0,64.4
CHD,2024-10-17,87.8,64.4
CHD,2024-10-18,75.2,62.6
CHD,2024-10-19,69.8,55.4
CHD,2024-10-20,78.8,51.8
CHD,2024-10-21,86.0,53.6
CHD,2024-10-22,91.4,55.4
CHD,2024-10-23,93.2,59.0
CHD,2024-10-24,93.2,60.8
CHD,2024-10-25,93.2,59.0
CHD,2024-10-26,96.8,59.0
CHD,2024-10-27,95.0,62.6
CHD,2024-10-28,91.4,59.0
CHD,2024-10-29,73.4,60.8
CHD,2024-10-30,73.4,50.0
CHD,2024-10-31,77.0,48.2
CHD,2024-11-01,78.8,48.2
CHD,2024-11-02,78.8,50.0
CHD,2024-11-03,71.6,55.4
CHD,2024-11-04,68.0,48.2
CHD,2024-11-05,71.6,44.6
CHD,2024-11-06,68.0,46.4
CHD,2024-11-07,62.6,48.2
CHD,2024-11-08,66.2,39.2
CHD,2024-11-09,73.4,41.0
CHD,2024-11-10,80.6,44.6
CHD,2024-11-11,78.8,50.0
CHD,2024-11-12,73.4,46.4
CHD,2024-11-13,77.0,42.8
CHD,2024-11-14,82.4,44.6
CHD,2024-11-15,71.6,46.4
CHD,2024-11-16,57.2,57.2
CHD,2024-11-17,68.0,44.6
CHD,2024-11-18,68.0,42.8
CHD,2024-11-19,68.0,42.8
CHD,2024-11-20,77.0,41.0
CHD,2024-11-21,80.6,41.0
CHD,2024-11-22,80.6,42.8
CHD,2024-11-23,77.0,46.4
CHD,2024-11-24,75.2,46.4
CHD,2024-11-25,77.0,51.8
CHD,2024-11-26,77.0,48.2
CHD,2024-11-27,73.4,57.2
CHD,2024-11-28,71.6,48.2
CHD,2024-11-29,73.4,46.4
CHD,2024-11-30,77.0,50.0
CHD,2024-12-01,77.0,46.4
CHD,2024-12-02,78.8,46.4
CHD,2024-12-03,80.6,50.0
CHD,2024-12-04,75.2,46.4
CHD,2024-12-05,77.0,46.4
CHD,2024-12-06,77.0,53.6
CHD,2024-12-07,75.2,50.0
CHD,2024-12-08,73.4,46.4
CHD,2024-12-09,71.6,44.6
CHD,2024-12-10,64.4,48.2
CHD,2024-12-11,68.0,35.6
CHD,2024-12-12,73.4,46.4
CHD,2024-12-13,68.0,44.6
CHD,2024-12-14,69.8,42.8
CHD,2024-12-15,69.8,41.0
CHD,2024-12-17,68.0,39.2
CHD,2024-12-18,80.6,39.2
CHD,2024-12-19,78.8,42.8
CHD,2024-12-20,80.6,44.6
CHD,2024-12-21,77.0,42.8
CHD,2024-12-22,73.4,41.0
CHD,2024-12-23,75.2,48.2
CHD,2024-12-24,75.2,44.6
CHD,2024-12-25,68.0,48.2
CHD,2024-12-26,62.6,42.8
CHD,2024-12-27,66.2,39.2
CHD,2024-12-28,66.2,39.2
CHD,2024-12-29,73.4,41.0
CHD,2024-12-30,71.6,41.0
CHD,2024-12-31,69.8,41.0
CHD,2025-01-01,71.6,39.2
CHD,2025-01-02,73.4,41.0
CHD,2025-01-03,77.0,42.8
CHD,2025-01-04,69.8,39.2
CHD,2025-01-05,68.0,39.2
CHD,2025-01-06,68.0,37.4
CHD,2025-01-07,66.2,42.8
CHD,2025-01-08,62.6,53.6
CHD,2025-01-09,60.8,35.6
CHD,2025-01-10,60.8,35.6
CHD,2025-01-11,60.8,33.8
CHD,2025-01-12,60.8,32.0
CHD,2025-01-13,59.0,33.8
CHD,2025-01-14,64.4,30.2
CHD,2025-01-15,71.6,35.6
CHD,2025-01-16,75.2,42.8
CHD,2025-01-17,64.4,44.6
CHD,2025-01-18,64.4,37.4
CHD,2025-01-19,64.4,35.6
CHD,2025-01-20,64.4,35.6
CHD,2025-01-21,59.0,37.4
CHD,2025-01-22,62.6,32.0
CHD,2025-01-23,62.6,46.4
CHD,2025-01-24,66.2,35.6
CHD,2025-01-25,69.8,42.8
CHD,2025-01-26,69.8,39.2
CHD,2025-01-27,60.8,42.8
CHD,2025-01-28,59.0,44.6
CHD,2025-01-29,55.4,44.6
CHD,2025-01-30,60.8,41.0
CHD,2025-01-31,66.2,42.8
CHD,2025-02-01,69.8,42.8
CHD,2025-02-02,77.0,44.6
CHD,2025-02-03,80.6,46.4
CHD,2025-02-04,84.2,51.8
CHD,2025-02-05,77.0,50.0
CHD,2025-02-06,77.0,46.4
CHD,2025-02-07,75.2,48.2
CHD,2025-02-08,75.2,50.0
CHD,2025-02-09,77.0,48.2
CHD,2025-02-10,75.2,50.0
CHD,2025-02-11,68.0,48.2
CHD,2025-02-12,60.8,51.8
CHD,2025-02-13,60.8,42.8
CHD,2025-02-14,69.8,57.2
CHD,2025-02-15,68.0,44.6
CHD,2025-02-16,71.6,46.4
CHD,2025-02-17,73.4,46.4
CHD,2025-02-18,73.4,46.4
CHD,2025-02-19,75.2,44.6
CHD,2025-02-20,75.2,50.0
CHD,2025-02-21,73.4,44.6
CHD,2025-02-22,75.2,44.6
CHD,2025-02-23,78.6,42.8
CHD,2025-02-24,82.4,44.6
CHD,2025-02-25,86.0,50.0
CHD,2025-02-26,86.0,51.8
CHD,2025-02-27,80.6,59.0
CHD,2025-02-28,77.0,48.2
CHD,2025-03-01,78.8,49.0
CHD,2025-03-02,75.2,50.0
CHD,2025-03-03,64.6,48.2
CHD,2025-03-04,68.0,41.0
CHD,2025-03-05,75.2,44.6
CHD,2025-03-06,68.0,59.0
CHD,2025-03-07,60.4,44.6
CHD,2025-03-08,62.6,42.8
CHD,2025-03-09,73.4,44.4
CHD,2025-03-10,82.4,48.2
CHD,2025-03-11,77.0,51.8
CHD,2025-03-12,71.6,53.6
CHD,2025-03-13,73.4,49.3
CHD,2025-03-14,55.4,42.0
CHD,2025-03-15,62.6,44.4
CHD,2025-03-16,71.6,46.4
CHD,2025-03-17,78.8,51.8
CHD,2025-03-18,68.0,55.4
CHD,2025-03-19,69.8,47.7
CHD,2025-03-20,77.0,45.0
CHD,2025-03-21,80.6,48.2
CHD,2025-03-22,84.2,51.4
CHD,2025-03-23,84.2,55.4
CHD,2025-03-24,91.4,57.0
CHD,2025-03-25,95.0,59.0
CHD,2025-03-26,91.4,62.6
CHD,2025-03-27,89.6,60.3
CHD,2025-03-28,80.6,59.0
CHD,2025-03-29,77.0,59.0
CHD,2025-03-30,80.6,51.8
CHD,2025-03-31,78.8,57.2
CHD,2025-04-01,71.6,59.0
CHD,2025-04-02,64.4,51.8
CHD,2025-04-03,64.4,44.6
CHD,2025-04-04,68.0,53.6
CHD,2025-04-05,75.2,54.3
CHD,2025-04-06,77.0,51.6
CHD,2025-04-07,82.4,53.0
CHD,2025-04-08,87.8,55.4
CHD,2025-04-09,93.2,55.4
CHD,2025-04-10,96.8,60.4
CHD,2025-04-11,98.6,60.0
CHD,2025-04-12,96.8,60.8
CHD,2025-04-13,91.4,66.2
CHD,2025-04-14,89.6,62.6
CHD,2025-04-15,91.4,62.6
CHD,2025-04-16,91.4,62.6
CHD,2025-04-17,77.0,60.8
CHD,2025-04-18,75.2,51.0
CHD,2025-04-19,69.8,50.0
CHD,2025-04-20,80.6,51.8
CHD,2025-04-21,87.8,55.4
CHD,2025-04-22,89.6,57.2
CHD,2025-04-23,87.8,60.8
CHD,2025-04-24,87.8,59.4
CHD,2025-04-25,89.6,62.0
CHD,2025-04-26,82.4,60.8
CHD,2025-04-27,75.2,53.6
CHD,2025-04-28,77.0,51.8
CHD,2025-04-29,84.2,58.6
CHD,2025-04-30,87.8,57.2
CHD,2025-05-01,89.6,59.7
CHD,2025-05-02,91.4,60.0
CHD,2025-05-03,91.4,61.5
CHD,2025-05-04,80.6,61.7
CHD,2025-05-05,84.2,56.0
CHD,2025-05-06,73.4,58.3
CHD,2025-05-07,82.4,57.0
CHD,2025-05-08,89.6,58.6
CHD,2025-05-09,100.4,66.0
CHD,2025-05-10,98.6,76.6
CHD,2025-05-11,100.4,72.7
CHD,2025-05-12,98.6,73.4
CHD,2025-05-13,86.0,68.5
CHD,2025-05-14,80.6,62.2
CHD,2025-05-15,86.0,57.2
CHD,2025-05-16,91.4,60.8
CHD,2025-05-17,91.4,63.7
CHD,2025-05-18,84.2,64.4
CHD,2025-05-19,91.4,62.0
CHD,2025-05-20,95.0,64.8
CHD,2025-05-21,98.6,64.4
CHD,2025-05-22,104.0,67.6
CHD,2025-05-23,102.2,66.2
CHD,2025-05-24,96.8,68.0
CHD,2025-05-25,95.0,66.0
CHD,2025-05-26,96.8,64.4
CHD,2025-05-27,96.8,66.6
CHD,2025-05-28,100.4,64.4
CHD,2025-05-29,96.8,71.6
CHD,2025-05-30,102.2,67.0
CHD,2025-05-31,98.6,77.0
CHD,2025-06-01,86.0,68.0
CHD,2025-06-02,86.0,67.5
CHD,2025-06-03,95.0,73.4
CHD,2025-06-04,95.0,74.3
CHD,2025-06-05,98.6,73.4
CHD,2025-06-06,100.4,73.4
CHD,2025-06-07,100.4,75.2
CHD,2025-06-08,104.0,72.0
CHD,2025-06-09,105.8,70.7
CHD,2025-06-10,105.8,71.6
CHD,2025-06-11,105.8,76.0
CHD,2025-06-12,107.6,76.5
CHD,2025-06-13,104.0,78.8
CHD,2025-06-14,105.8,75.2
CHD,2025-06-15,113.0,75.6
CHD,2025-06-16,113.0,75.2
CHD,2025-06-17,107.6,73.4
CHD,2025-06-18,109.4,76.6
CHD,2025-06-19,114.8,76.6
CHD,2025-06-20,107.6,80.6
CHD,2025-06-21,104.0,81.5
CHD,2025-06-22,98.6,74.0
CHD,2025-06-23,102.2,78.8
CHD,2025-06-24,102.2,73.4
CHD,2025-06-25,100.4,73.4
CHD,2025-06-26,102.2,73.4
CHD,2025-06-27,104.0,75.2
CHD,2025-06-28,105.8,79.7
CHD,2025-06-29,109.4,80.4
CHD,2025-06-30,113.0,82.0
CHD,2025-07-01,109.4,87.8
CHD,2025-07-02,105.8,75.7
CHD,2025-07-03,96.8,75.2
CHD,2025-07-04,100.4,78.4
CHD,2025-07-05,104.0,83.0
CHD,2025-07-06,107.6,78.0
CHD,2025-07-07,109.4,84.6
CHD,2025-07-08,111.2,87.8
CHD,2025-07-09,114.8,84.0
CHD,2025-07-10,111.2,86.0
CHD,2025-07-11,107.6,86.0
CHD,2025-07-12,105.8,84.2
CHD,2025-07-13,105.8,83.7
CHD,2025-07-14,105.8,84.2
CHD,2025-07-15,104.0,80.6
CHD,2025-07-16,91.4,80.6
CHD,2025-07-17,100.4,81.3
CHD,2025-07-18,104.0,82.4
CHD,2025-07-19,104.0,82.4
CHD,2025-07-20,94.0,84.7
CHD,2025-07-21,100.4,82.4
CHD,2025-07-22,98.6,83.7
CHD,2025-07-23,100.4,80.6
CHD,2025-07-24,104.0,73.4
CHD,2025-07-25,105.8,73.4
CHD,2025-07-26,105.8,73.4
CHD,2025-07-27,105.8,76.5
CHD,2025-07-28,109.4,78.8
CHD,2025-07-29,107.6,81.0
CHD,2025-07-30,109.4,80.6
CHD,2025-07-31,107.6,83.7
CHD,2025-08-01,109.4,84.2
CHD,2025-08-02,111.2,84.0
CHD,2025-08-03,111.2,77.0
CHD,2025-08-04,111.2,80.0
CHD,2025-08-05,111.2,85.0
CHD,2025-08-06,114.8,85.0
CHD,2025-08-07,114.8,87.0
CHD,2025-08-08,111.2,86.4
CHD,2025-08-09,109.4,88.7
CHD,2025-08-10,105.8,86.0
CHD,2025-08-11,107.6,86.0
CHD,2025-08-12,109.4,84.2
CHD,2025-08-13,107.6,85.5
CHD,2025-08-14,104.0,83.7
CHD,2025-08-15,98.6,74.0
CHD,2025-08-16,102.2,78.8
CHD,2025-08-17,102.2,80.6
CHD,2025-08-18,104.0,78.8
CHD,2025-08-19,105.8,82.4
CHD,2025-08-20,109.4,86.0
CHD,2025-08-21,111.2,89.6
CHD,2025-08-22,107.6,87.8
CHD,2025-08-23,107.6,87.8
CHD,2025-08-24,107.6,87.8
CHD,2025-08-25,100.4,73.4
CHD,2025-08-26,93.2,75.2
CHD,2025-08-27,98.6,79.7
CHD,2025-08-28,100.4,84.2
CHD,2025-08-29,100.4,75.2
CHD,2025-08-30,104.0,78.8
CHD,2025-08-31,104.0,78.8
CHD,2025-09-01,104.0,84.2
CHD,2025-09-02,105.8,82.8
CHD,2025-09-03,100.4,76.0
CHD,2025-09-04,89.6,75.0
CHD,2025-09-05,95.0,75.2
CHD,2025-09-06,96.8,80.0
CHD,2025-09-07,100.4,80.4
CHD,2025-09-08,102.2,80.6
CHD,2025-09-09,104.0,80.0
CHD,2025-09-10,105.8,78.8
CHD,2025-09-11,100.4,78.3
CHD,2025-09-12,100.4,80.6
CHD,2025-09-13,96.8,73.4
CHD,2025-09-14,96.8,69.8
CHD,2025-09-15,102.2,69.8
CHD,2025-09-16,102.2,76.5
CHD,2025-09-17,98.6,82.2
CHD,2025-09-18,96.8,81.5
CHD,2025-09-19,95.0,78.6
CHD,2025-09-20,98.6,78.0
CHD,2025-09-21,102.2,80.6
CHD,2025-09-22,91.4,78.6
CHD,2025-09-23,98.6,77.0
CHD,2025-09-24,104.0,82.2
CHD,2025-09-25,104.0,78.8
CHD,2025-09-26,91.4,69.8
CHD,2025-09-27,84.2,69.8
CHD,2025-09-28,86.0,68.0
CHD,2025-09-29,89.6,69.8
CHD,2025-09-30,93.2,69.8
CHD,2025-10-01,93.2,69.8
CHD,2025-10-02,100.4,69.8
CHD,2025-10-03,98.6,71.6
CHD,2025-10-04,87.8,68.0
CHD,2025-10-05,86.0,55.4
CHD,2025-10-06,91.4,60.8
CHD,2025-10-07,95.0,59.0
CHD,2025-10-08,100.4,68.0
CHD,2025-10-09,87.8,74.0
CHD,2025-10-10,91.4,73.8
CHD,2025-10-11,80.6,68.0
CHD,2025-10-12,77.0,68.0
CHD,2025-10-13,82.4,69.8
CHD,2025-10-14,84.2,64.4
CHD,2025-10-15,77.0,61.7
CHD,2025-10-16,77.0,59.4
CHD,2025-10-17,78.8,55.4
CHD,2025-10-18,80.6,55.4
CHD,2025-10-19,86.0,57.6
CHD,2025-10-20,84.2,59.0
CHD,2025-10-21,87.8,57.2
CHD,2025-10-22,87.8,66.7
CHD,2025-10-23,82.4,59.0
CHD,2025-10-24,80.6,57.2
CHD,2025-10-25,84.2,59.0
CHD,2025-10-26,87.8,57.2
CHD,2025-10-27,87.8,59.0
CHD,2025-10-28,91.4,58.3
CHD,2025-10-29,87.8,60.4
CHD,2025-10-30,87.8,57.2
CHD,2025-10-31,86.0,55.4
CHD,2025-11-01,102.2,55.4
CHD,2025-11-02,87.8,55.0
CHD,2025-11-03,87.8,55.4
CHD,2025-11-04,87.8,53.6
CHD,2025-11-05,86.0,55.4
CHD,2025-11-06,82.4,55.4
CHD,2025-11-07,82.4,53.6
CHD,2025-11-08,82.4,53.6
CHD,2025-11-09,87.8,53.6
CHD,2025-11-10,86.0,60.8
CHD,2025-11-11,84.2,54.3
CHD,2025-11-12,84.2,55.4
CHD,2025-11-13,84.2,57.2
CHD,2025-11-14,84.2,53.6
CHD,2025-11-15,80.6,51.8
CHD,2025-11-16,71.6,62.6
CHD,2025-11-17,71.6,53.0
CHD,2025-11-18,71.6,57.2
CHD,2025-11-19,62.6,53.6
CHD,2025-11-20,62.6,51.8
CHD,2025-11-21,64.4,50.4
CHD,2025-11-22,68.0,50.0
CHD,2025-11-23,64.4,54.3
CHD,2025-11-24,66.2,48.2
CHD,2025-11-25,68.0,48.2
CHD,2025-11-26,68.0,46.4
CHD,2025-11-27,73.4,46.4
CHD,2025-11-28,71.6,48.2
CHD,2025-11-29,69.8,46.4
CHD,2025-11-30,69.8,47.3
CHD,2025-12-01,69.8,48.0
CHD,2025-12-02,66.2,42.8
CHD,2025-12-03,64.4,42.8
CHD,2025-12-04,62.6,46.4
CHD,2025-12-05,62.6,39.2
CHD,2025-12-06,64.4,38.7
CHD,2025-12-07,69.8,41.0
CHD,2025-12-08,71.6,41.0
CHD,2025-12-09,73.4,41.0
CHD,2025-12-10,71.6,42.8
CHD,2025-12-11,75.2,44.6
CHD,2025-12-12,75.2,46.4
CHD,2025-12-13,75.2,48.2
CHD,2025-12-14,80.6,46.4
CHD,2025-12-15,78.8,48.2
CHD,2025-12-16,73.4,44.6
CHD,2025-12-17,75.2,46.4
CHD,2025-12-18,73.4,45.0
CHD,2025-12-19,77.0,46.4
CHD,2025-12-20,75.2,46.4
CHD,2025-12-21,77.0,46.4
CHD,2025-12-22,78.8,46.0
CHD,2025-12-23,75.2,47.3
CHD,2025-12-24,71.6,60.4
CHD,2025-12-25,73.4,57.7
CHD,2025-12-26,71.6,51.8
CHD,2025-12-27,69.8,52.7
CHD,2025-12-28,66.2,44.6
CHD,2025-12-29,75.2,51.8
CHD,2025-12-30,73.4,50.0
CHD,2025-12-31,64.4,52.0
IWA,2016-01-01,62.6,30.2
IWA,2016-01-02,69.8,35.6
IWA,2016-01-03,69.8,42.8
IWA,2016-01-04,62.6,50.0
IWA,2016-01-05,59.0,48.2
IWA,2016-01-06,57.2,48.2
IWA,2016-01-07,50.0,42.8
IWA,2016-01-08,51.8,41.0
IWA,2016-01-09,53.6,37.4
IWA,2016-01-10,53.6,35.6
IWA,2016-01-11,57.2,35.6
IWA,2016-01-12,62.6,33.8
IWA,2016-01-13,62.6,33.8
IWA,2016-01-14,60.8,35.6
IWA,2016-01-15,57.2,37.4
IWA,2016-01-16,57.2,33.8
IWA,2016-01-17,64.4,37.4
IWA,2016-01-18,66.2,37.4
IWA,2016-01-19,64.4,39.2
IWA,2016-01-20,66.2,41.0
IWA,2016-01-21,69.8,39.2
IWA,2016-01-22,71.6,39.2
IWA,2016-01-23,71.6,42.8
IWA,2016-01-24,62.6,42.8
IWA,2016-01-25,62.6,39.2
IWA,2016-01-26,66.2,35.6
IWA,2016-01-27,66.2,37.4
IWA,2016-01-28,69.8,37.4
IWA,2016-01-29,68.0,39.2
IWA,2016-01-30,73.4,41.0
IWA,2016-01-31,71.6,46.4
IWA,2016-02-01,51.8,41.0
IWA,2016-02-02,50.0,33.8
IWA,2016-02-03,53.6,28.4
IWA,2016-02-04,60.8,28.4
IWA,2016-02-05,66.2,33.8
IWA,2016-02-06,71.6,35.6
IWA,2016-02-07,78.8,37.4
IWA,2016-02-08,80.6,42.8
IWA,2016-02-09,80.6,48.2
IWA,2016-02-10,80.6,44.6
IWA,2016-02-11,80.6,44.6
IWA,2016-02-12,82.4,46.4
IWA,2016-02-13,80.6,46.4
IWA,2016-02-14,77.0,44.6
IWA,2016-02-15,80.6,44.6
IWA,2016-02-16,82.4,48.2
IWA,2016-02-17,87.8,51.8
IWA,2016-02-18,80.6,53.6
IWA,2016-02-19,78.8,50.0
IWA,2016-02-20,82.4,46.4
IWA,2016-02-21,80.6,46.4
IWA,2016-02-22,80.6,44.6
IWA,2016-02-23,69.8,51.8
IWA,2016-02-24,71.6,48.2
IWA,2016-02-25,78.8,44.6
IWA,2016-02-26,84.2,48.2
IWA,2016-02-27,82.4,50.0
IWA,2016-02-28,80.6,46.4
IWA,2016-02-29,82.4,48.2
IWA,2016-03-01,84.2,50.0
IWA,2016-03-02,84.2,51.8
IWA,2016-03-03,84.2,53.6
IWA,2016-03-04,86.0,51.8
IWA,2016-03-05,80.6,51.8
IWA,2016-03-06,78.8,55.4
IWA,2016-03-07,69.8,46.4
IWA,2016-03-08,69.8,48.2
IWA,2016-03-09,75.2,44.6
IWA,2016-03-10,82.4,46.4
IWA,2016-03-11,86.0,51.8
IWA,2016-03-12,68.0,51.8
IWA,2016-03-13,73.4,44.6
IWA,2016-03-14,75.2,51.8
IWA,2016-03-15,82.4,50.0
IWA,2016-03-16,84.2,46.4
IWA,2016-03-17,84.2,35.6
IWA,2016-03-18,84.2,48.2
IWA,2016-03-19,86.0,51.8
IWA,2016-03-20,87.8,55.4
IWA,2016-03-21,87.8,55.4
IWA,2016-03-22,78.8,57.2
IWA,2016-03-23,71.6,51.8
IWA,2016-03-24,77.0,44.6
IWA,2016-03-25,80.6,46.4
IWA,2016-03-26,82.4,53.6
IWA,2016-03-27,82.4,48.2
IWA,2016-03-28,82.4,57.2
IWA,2016-03-29,66.2,53.6
IWA,2016-03-30,66.2,48.2
IWA,2016-03-31,69.8,41.0
IWA,2016-04-01,75.2,48.2
IWA,2016-04-02,80.6,50.0
IWA,2016-04-03,86.0,51.8
IWA,2016-04-04,87.8,53.6
IWA,2016-04-05,87.8,55.4
IWA,2016-04-06,93.2,57.2
IWA,2016-04-07,86.0,62.6
IWA,2016-04-08,78.8,60.8
IWA,2016-04-09,80.6,57.2
IWA,2016-04-10,66.2,55.4
IWA,2016-04-11,73.4,50.0
IWA,2016-04-12,78.8,51.8
IWA,2016-04-13,82.4,55.4
IWA,2016-04-14,86.0,57.2
IWA,2016-04-15,80.6,59.0
IWA,2016-04-16,75.2,51.8
IWA,2016-04-17,78.8,55.4
IWA,2016-04-18,82.4,53.6
IWA,2016-04-19,86.0,53.6
IWA,2016-04-20,91.4,35.6
IWA,2016-04-21,93.2,57.2
IWA,2016-04-22,93.2,60.8
IWA,2016-04-23,86.0,62.6
IWA,2016-04-24,84.2,55.4
IWA,2016-04-25,78.8,60.8
IWA,2016-04-26,73.4,53.6
IWA,2016-04-27,80.6,51.8
IWA,2016-04-28,73.4,55.4
IWA,2016-04-29,78.8,57.2
IWA,2016-04-30,80.6,57.2
IWA,2016-05-01,75.2,55.4
IWA,2016-05-02,84.2,55.4
IWA,2016-05-03,91.4,59.0
IWA,2016-05-04,100.4,62.6
IWA,2016-05-05,96.8,64.4
IWA,2016-05-06,80.6,59.0
IWA,2016-05-07,75.2,53.6
IWA,2016-05-08,75.2,59.0
IWA,2016-05-09,82.4,55.4
IWA,2016-05-10,87.8,57.2
IWA,2016-05-11,91.4,60.8
IWA,2016-05-12,98.6,62.6
IWA,2016-05-13,100.4,66.2
IWA,2016-05-14,98.6,69.8
IWA,2016-05-15,91.4,66.2
IWA,2016-05-16,87.8,62.6
IWA,2016-05-17,87.8,62.6
IWA,2016-05-18,82.4,68.0
IWA,2016-05-19,89.6,60.8
IWA,2016-05-20,96.8,66.2
IWA,2016-05-21,89.6,64.4
IWA,2016-05-22,86.0,60.8
IWA,2016-05-23,87.8,59.0
IWA,2016-05-24,87.8,60.8
IWA,2016-05-25,96.8,57.2
IWA,2016-05-26,82.4,59.0
IWA,2016-05-27,89.6,60.8
IWA,2016-05-28,95.0,60.8
IWA,2016-05-29,95.0,62.6
IWA,2016-05-30,91.4,64.4
IWA,2016-05-31,95.0,60.8
IWA,2016-06-01,98.6,69.8
IWA,2016-06-02,105.8,71.6
IWA,2016-06-03,109.4,69.8
IWA,2016-06-04,111.2,71.6
IWA,2016-06-05,111.2,71.6
IWA,2016-06-06,109.4,71.6
IWA,2016-06-07,102.2,73.4
IWA,2016-06-08,104.0,73.4
IWA,2016-06-09,100.4,78.8
IWA,2016-06-10,96.8,78.8
IWA,2016-06-11,98.6,71.6
IWA,2016-06-12,100.4,71.6
IWA,2016-06-13,96.8,37.4
IWA,2016-06-14,96.8,35.6
IWA,2016-06-15,98.6,66.2
IWA,2016-06-16,98.6,68.0
IWA,2016-06-17,100.4,69.8
IWA,2016-06-18,107.6,66.2
IWA,2016-06-19,116.6,73.4
IWA,2016-06-20,111.2,78.8
IWA,2016-06-21,107.6,82.4
IWA,2016-06-22,109.4,82.4
IWA,2016-06-23,107.6,84.2
IWA,2016-06-24,105.8,84.2
IWA,2016-06-25,105.8,75.2
IWA,2016-06-26,100.4,84.2
IWA,2016-06-27,105.8,82.4
IWA,2016-06-28,107.6,80.6
IWA,2016-06-29,102.2,82.4
IWA,2016-06-30,89.6,73.4
IWA,2016-07-01,91.4,75.2
IWA,2016-07-02,100.4,78.8
IWA,2016-07-03,102.2,78.8
IWA,2016-07-04,105.8,78.8
IWA,2016-07-05,105.8,77.0
IWA,2016-07-06,104.0,69.8
IWA,2016-07-07,104.0,84.2
IWA,2016-07-08,105.8,78.8
IWA,2016-07-09,107.6,78.8
IWA,2016-07-10,107.6,80.6
IWA,2016-07-11,105.8,78.8
IWA,2016-07-12,107.6,77.0
IWA,2016-07-13,105.8,75.2
IWA,2016-07-14,107.6,80.6
IWA,2016-07-15,107.6,37.4
IWA,2016-07-16,104.0,86.0
IWA,2016-07-17,100.4,84.2
IWA,2016-07-18,102.2,84.2
IWA,2016-07-19,104.0,78.8
IWA,2016-07-20,105.8,78.8
IWA,2016-07-21,107.6,84.2
IWA,2016-07-22,109.4,87.8
IWA,2016-07-23,107.6,84.2
IWA,2016-07-24,102.2,84.2
IWA,2016-07-25,104.0,84.2
IWA,2016-07-26,107.6,84.2
IWA,2016-07-27,109.4,86.0
IWA,2016-07-28,107.6,84.2
IWA,2016-07-29,107.6,78.8
IWA,2016-07-30,98.6,77.0
IWA,2016-07-31,98.6,80.6
IWA,2016-08-01,96.8,75.2
IWA,2016-08-02,93.2,75.2
IWA,2016-08-03,95.0,78.8
IWA,2016-08-04,96.8,80.6
IWA,2016-08-05,98.6,82.4
IWA,2016-08-06,104.0,80.6
IWA,2016-08-07,105.8,82.4
IWA,2016-08-08,105.8,80.6
IWA,2016-08-09,91.4,37.4
IWA,2016-08-10,96.8,78.8
IWA,2016-08-11,93.2,73.4
IWA,2016-08-12,100.4,78.8
IWA,2016-08-13,102.2,78.8
IWA,2016-08-14,102.2,78.8
IWA,2016-08-15,104.0,80.6
IWA,2016-08-16,107.6,80.6
IWA,2016-08-17,105.8,84.2
IWA,2016-08-18,100.4,86.0
IWA,2016-08-19,100.4,80.6
IWA,2016-08-20,98.6,77.0
IWA,2016-08-21,96.8,77.0
IWA,2016-08-22,98.6,73.4
IWA,2016-08-23,95.0,75.2
IWA,2016-08-24,100.4,73.4
IWA,2016-08-25,98.6,73.4
IWA,2016-08-26,95.0,77.0
IWA,2016-08-27,93.2,77.0
IWA,2016-08-28,96.8,69.8
IWA,2016-08-29,100.4,73.4
IWA,2016-08-30,102.2,73.4
IWA,2016-08-31,102.2,77.0
IWA,2016-09-01,98.6,78.8
IWA,2016-09-02,100.4,78.8
IWA,2016-09-03,102.2,77.0
IWA,2016-09-04,98.6,71.6
IWA,2016-09-05,98.6,37.4
IWA,2016-09-06,98.6,71.6
IWA,2016-09-07,84.2,73.4
IWA,2016-09-08,93.2,71.6
IWA,2016-09-09,100.4,73.4
IWA,2016-09-10,100.4,75.2
IWA,2016-09-11,100.4,75.2
IWA,2016-09-12,95.0,75.2
IWA,2016-09-13,96.8,71.6
IWA,2016-09-14,93.2,71.6
IWA,2016-09-15,93.2,66.2
IWA,2016-09-16,93.2,62.6
IWA,2016-09-17,96.8,64.4
IWA,2016-09-18,100.4,37.4
IWA,2016-09-19,96.8,68.0
IWA,2016-09-20,89.6,73.4
IWA,2016-09-21,98.6,71.6
IWA,2016-09-22,87.8,75.2
IWA,2016-09-24,87.8,55.4
IWA,2016-09-25,93.2,60.8
IWA,2016-09-26,87.8,73.4
IWA,2016-09-27,87.8,66.2
IWA,2016-09-28,95.0,68.0
IWA,2016-09-29,91.4,73.4
IWA,2016-09-30,98.6,69.8
IWA,2016-10-01,93.2,68.0
IWA,2016-10-02,82.4,68.0
IWA,2016-10-03,82.4,60.8
IWA,2016-10-04,82.4,53.6
IWA,2016-10-05,86.0,57.2
IWA,2016-10-06,86.0,60.8
IWA,2016-10-07,93.2,59.0
IWA,2016-10-08,93.2,73.4
IWA,2016-10-09,93.2,66.2
IWA,2016-10-10,93.2,68.0
IWA,2016-10-11,93.2,62.6
IWA,2016-10-12,89.6,59.0
IWA,2016-10-13,89.6,57.2
IWA,2016-10-14,93.2,59.0
IWA,2016-10-15,91.4,59.0
IWA,2016-10-16,89.6,60.8
IWA,2016-10-17,87.8,60.8
IWA,2016-10-18,87.8,60.8
IWA,2016-10-19,89.6,60.8
IWA,2016-10-20,96.8,55.4
IWA,2016-10-21,95.0,71.6
IWA,2016-10-22,96.8,64.4
IWA,2016-10-23,93.2,62.6
IWA,2016-10-24,87.8,68.0
IWA,2016-10-25,89.6,66.2
IWA,2016-10-26,93.2,64.4
IWA,2016-10-27,98.6,66.2
IWA,2016-10-28,95.0,69.8
IWA,2016-10-29,91.4,62.6
IWA,2016-10-30,91.4,64.4
IWA,2016-10-31,82.4,64.4
IWA,2016-11-01,78.8,60.8
IWA,2016-11-02,80.6,53.6
IWA,2016-11-03,84.2,60.8
IWA,2016-11-05,77.0,55.4
IWA,2016-11-06,80.6,57.2
IWA,2016-11-07,82.4,57.2
IWA,2016-11-08,87.8,59.0
IWA,2016-11-09,82.4,35.6
IWA,2016-11-10,80.6,62.6
IWA,2016-11-11,80.6,53.6
IWA,2016-11-12,80.6,55.4
IWA,2016-11-13,80.6,53.6
IWA,2016-11-14,82.4,53.6
IWA,2016-11-15,84.2,51.8
IWA,2016-11-16,80.6,55.4
IWA,2016-11-17,69.8,46.4
IWA,2016-11-18,73.4,39.2
IWA,2016-11-19,84.2,46.4
IWA,2016-11-20,75.2,55.4
IWA,2016-11-21,68.0,50.0
IWA,2016-11-22,68.0,44.6
IWA,2016-11-23,73.4,44.6
IWA,2016-11-24,75.2,42.8
IWA,2016-11-25,78.8,42.8
IWA,2016-11-26,71.6,51.8
IWA,2016-11-27,62.6,46.4
IWA,2016-11-28,55.4,42.8
IWA,2016-11-29,62.6,39.2
IWA,2016-11-30,60.8,33.8
IWA,2016-12-01,59.0,35.6
IWA,2016-12-02,57.2,39.2
IWA,2016-12-03,66.2,35.6
IWA,2016-12-04,66.2,42.8
IWA,2016-12-05,64.4,37.4
IWA,2016-12-06,64.4,39.2
IWA,2016-12-07,64.4,42.8
IWA,2016-12-08,66.2,39.2
IWA,2016-12-09,68.0,41.0
IWA,2016-12-10,68.0,42.8
IWA,2016-12-11,71.6,44.6
IWA,2016-12-12,71.6,46.4
IWA,2016-12-13,71.6,48.2
IWA,2016-12-14,73.4,48.2
IWA,2016-12-15,75.2,46.4
IWA,2016-12-16,73.4,55.4
IWA,2016-12-17,64.4,37.4
IWA,2016-12-18,60.8,32.0
IWA,2016-12-19,69.8,39.2
IWA,2016-12-20,69.8,42.8
IWA,2016-12-21,69.8,53.6
IWA,2016-12-22,64.4,55.4
IWA,2016-12-23,62.6,48.2
IWA,2016-12-24,62.6,42.8
IWA,2016-12-25,51.8,37.4
IWA,2016-12-26,59.0,33.8
IWA,2016-12-27,69.8,37.4
IWA,2016-12-28,60.8,41.0
IWA,2016-12-29,73.4,46.4
IWA,2016-12-30,69.8,48.2
IWA,2016-12-31,60.8,53.6
IWA,2017-01-01,53.6,48.2
IWA,2017-01-02,55.4,44.6
IWA,2017-01-03,59.0,41.0
IWA,2017-01-04,64.4,41.0
IWA,2017-01-05,66.2,42.8
IWA,2017-01-06,64.4,46.4
IWA,2017-01-07,64.4,39.2
IWA,2017-01-08,71.6,42.8
IWA,2017-01-09,66.2,48.2
IWA,2017-01-10,68.0,46.4
IWA,2017-01-11,62.6,46.4
IWA,2017-01-12,68.0,41.0
IWA,2017-01-13,62.6,51.8
IWA,2017-01-14,64.4,53.6
IWA,2017-01-15,55.4,51.8
IWA,2017-01-16,59.0,44.6
IWA,2017-01-17,60.8,39.2
IWA,2017-01-18,62.6,39.2
IWA,2017-01-19,55.4,42.8
IWA,2017-01-20,53.6,44.6
IWA,2017-01-21,55.4,42.8
IWA,2017-01-22,59.0,39.2
IWA,2017-01-23,60.8,46.4
IWA,2017-01-24,53.6,37.4
IWA,2017-01-25,53.6,33.8
IWA,2017-01-26,55.4,33.8
IWA,2017-01-27,55.4,33.8
IWA,2017-01-28,62.6,35.6
IWA,2017-01-29,71.6,33.8
IWA,2017-01-30,73.4,39.2
IWA,2017-01-31,71.6,39.2
IWA,2017-02-01,71.6,39.2
IWA,2017-02-02,69.8,42.8
IWA,2017-02-03,68.0,44.6
IWA,2017-02-04,73.4,41.0
IWA,2017-02-05,73.4,41.0
IWA,2017-02-06,64.4,48.2
IWA,2017-02-07,69.8,46.4
IWA,2017-02-08,73.4,48.2
IWA,2017-02-09,80.6,50.0
IWA,2017-02-10,82.4,51.8
IWA,2017-02-11,75.2,55.4
IWA,2017-02-12,73.4,55.4
IWA,2017-02-13,69.8,57.2
IWA,2017-02-14,69.8,55.4
IWA,2017-02-15,71.6,53.6
IWA,2017-02-16,71.6,46.4
IWA,2017-02-17,73.4,51.8
IWA,2017-02-18,64.4,50.0
IWA,2017-02-19,57.2,48.2
IWA,2017-02-20,66.2,46.4
IWA,2017-02-21,73.4,46.4
IWA,2017-02-22,75.2,51.8
IWA,2017-02-23,60.8,46.4
IWA,2017-02-24,60.8,37.4
IWA,2017-02-25,62.6,35.6
IWA,2017-02-26,66.2,48.2
IWA,2017-02-27,66.2,44.6
IWA,2017-02-28,62.6,46.4
IWA,2017-03-01,68.0,39.2
IWA,2017-03-02,75.2,37.4
IWA,2017-03-03,78.8,46.4
IWA,2017-03-04,78.8,50.0
IWA,2017-03-05,73.4,51.8
IWA,2017-03-06,64.4,46.4
IWA,2017-03-07,73.4,37.4
IWA,2017-03-08,82.4,44.6
IWA,2017-03-09,84.2,50.0
IWA,2017-03-10,87.8,48.2
IWA,2017-03-11,86.0,53.6
IWA,2017-03-12,86.0,53.6
IWA,2017-03-13,89.6,55.4
IWA,2017-03-14,91.4,53.6
IWA,2017-03-15,87.8,55.4
IWA,2017-03-16,89.6,55.4
IWA,2017-03-17,89.6,57.2
IWA,2017-03-18,93.2,57.2
IWA,2017-03-19,93.2,55.4
IWA,2017-03-20,91.4,60.8
IWA,2017-03-21,89.6,60.8
IWA,2017-03-22,80.6,57.2
IWA,2017-03-23,68.0,51.8
IWA,2017-03-24,73.4,46.4
IWA,2017-03-25,80.6,50.0
IWA,2017-03-26,77.0,48.2
IWA,2017-03-27,80.6,51.8
IWA,2017-03-28,75.2,53.6
IWA,2017-03-29,80.6,48.2
IWA,2017-03-30,87.8,51.8
IWA,2017-03-31,68.0,51.8
IWA,2017-04-01,69.8,42.8
IWA,2017-04-02,78.8,46.4
IWA,2017-04-03,82.4,53.6
IWA,2017-04-04,75.2,51.8
IWA,2017-04-05,82.4,50.0
IWA,2017-04-06,87.8,51.8
IWA,2017-04-07,87.8,55.4
IWA,2017-04-08,84.2,55.4
IWA,2017-04-09,77.0,53.6
IWA,2017-04-10,82.4,48.2
IWA,2017-04-11,86.0,48.2
IWA,2017-04-12,87.8,53.6
IWA,2017-04-13,89.6,55.4
IWA,2017-04-14,87.8,55.4
IWA,2017-04-15,84.2,55.4
IWA,2017-04-16,87.8,53.6
IWA,2017-04-17,89.6,55.4
IWA,2017-04-18,91.4,59.0
IWA,2017-04-19,89.6,62.6
IWA,2017-04-20,91.4,57.2
IWA,2017-04-21,91.4,53.6
IWA,2017-04-22,91.4,57.2
IWA,2017-04-23,96.8,60.8
IWA,2017-04-24,89.6,62.6
IWA,2017-04-25,82.4,66.2
IWA,2017-04-26,87.8,60.8
IWA,2017-04-27,87.8,62.6
IWA,2017-04-28,82.4,62.6
IWA,2017-04-29,78.8,55.4
IWA,2017-04-30,82.4,51.8
IWA,2017-05-01,89.6,53.6
IWA,2017-05-02,93.2,57.2
IWA,2017-05-03,96.8,64.4
IWA,2017-05-04,100.4,68.0
IWA,2017-05-05,105.8,69.8
IWA,2017-05-06,96.8,69.8
IWA,2017-05-07,71.6,62.6
IWA,2017-05-08,80.6,57.2
IWA,2017-05-09,71.6,55.4
IWA,2017-05-10,75.2,55.4
IWA,2017-05-11,87.8,55.4
IWA,2017-05-12,96.8,64.4
IWA,2017-05-13,96.8,64.4
IWA,2017-05-14,91.4,64.4
IWA,2017-05-15,87.8,62.6
IWA,2017-05-16,75.2,57.2
IWA,2017-05-17,82.4,55.4
IWA,2017-05-18,82.4,62.6
IWA,2017-05-19,82.4,60.8
IWA,2017-05-20,91.4,57.2
IWA,2017-05-21,96.8,62.6
IWA,2017-05-22,100.4,66.2
IWA,2017-05-23,100.4,69.8
IWA,2017-05-24,102.2,71.6
IWA,2017-05-25,98.6,73.4
IWA,2017-05-26,91.4,71.6
IWA,2017-05-27,93.2,60.8
IWA,2017-05-28,98.6,64.4
IWA,2017-05-29,100.4,64.4
IWA,2017-05-30,98.6,69.8
IWA,2017-05-31,98.6,69.8
IWA,2017-06-01,95.0,73.4
IWA,2017-06-02,98.6,64.4
IWA,2017-06-03,104.0,71.6
IWA,2017-06-04,104.0,73.4
IWA,2017-06-05,105.8,73.4
IWA,2017-06-06,102.2,75.2
IWA,2017-06-07,102.2,73.4
IWA,2017-06-08,102.2,73.4
IWA,2017-06-09,102.2,73.4
IWA,2017-06-10,98.6,71.6
IWA,2017-06-11,98.6,69.8
IWA,2017-06-12,91.4,68.0
IWA,2017-06-13,93.2,59.0
IWA,2017-06-14,100.4,62.6
IWA,2017-06-15,104.0,64.4
IWA,2017-06-16,105.8,68.0
IWA,2017-06-17,105.8,71.6
IWA,2017-06-18,109.4,73.4
IWA,2017-06-19,114.8,77.0
IWA,2017-06-20,116.6,77.0
IWA,2017-06-21,114.8,82.4
IWA,2017-06-22,109.4,82.4
IWA,2017-06-23,109.4,80.6
IWA,2017-06-24,113.0,80.6
IWA,2017-06-25,111.2,87.8
IWA,2017-06-26,107.6,86.0
IWA,2017-06-27,107.6,69.8
IWA,2017-06-28,104.0,77.0
IWA,2017-06-29,105.8,77.0
IWA,2017-06-30,104.0,75.2
IWA,2017-07-01,107.6,71.6
IWA,2017-07-02,107.6,73.4
IWA,2017-07-03,102.2,82.4
IWA,2017-07-04,107.6,78.8
IWA,2017-07-05,107.6,80.6
IWA,2017-07-06,109.4,80.6
IWA,2017-07-07,113.0,82.4
IWA,2017-07-08,109.4,87.8
IWA,2017-07-09,105.8,84.2
IWA,2017-07-10,105.8,80.6
IWA,2017-07-11,98.6,75.2
IWA,2017-07-12,105.8,80.6
IWA,2017-07-13,105.8,80.6
IWA,2017-07-14,105.8,80.6
IWA,2017-07-15,105.8,82.4
IWA,2017-07-16,100.4,75.2
IWA,2017-07-17,96.8,73.4
IWA,2017-07-18,96.8,71.6
IWA,2017-07-19,100.4,80.6
IWA,2017-07-20,100.4,80.6
IWA,2017-07-21,98.6,77.0
IWA,2017-07-22,102.2,80.6
IWA,2017-07-23,100.4,41.0
IWA,2017-07-24,86.0,73.4
IWA,2017-07-25,98.6,78.8
IWA,2017-07-26,102.2,78.8
IWA,2017-07-27,105.8,84.2
IWA,2017-07-28,98.6,78.8
IWA,2017-07-29,100.4,77.0
IWA,2017-07-30,96.8,78.8
IWA,2017-07-31,102.2,82.4
IWA,2017-08-01,96.8,82.4
IWA,2017-08-02,95.0,80.6
IWA,2017-08-03,100.4,71.6
IWA,2017-08-04,98.6,75.2
IWA,2017-08-05,100.4,78.8
IWA,2017-08-06,98.6,77.0
IWA,2017-08-07,102.2,75.2
IWA,2017-08-08,104.0,75.2
IWA,2017-08-09,107.6,78.8
IWA,2017-08-10,102.2,84.2
IWA,2017-08-11,102.2,82.4
IWA,2017-08-12,98.6,73.4
IWA,2017-08-13,96.8,73.4
IWA,2017-08-14,98.6,80.6
IWA,2017-08-15,98.6,77.0
IWA,2017-08-16,98.6,73.4
IWA,2017-08-17,100.4,73.4
IWA,2017-08-18,100.4,69.8
IWA,2017-08-19,100.4,73.4
IWA,2017-08-20,98.6,78.8
IWA,2017-08-21,100.4,78.8
IWA,2017-08-22,102.2,75.2
IWA,2017-08-23,102.2,80.6
IWA,2017-08-24,98.6,77.0
IWA,2017-08-25,104.0,78.8
IWA,2017-08-26,105.8,82.4
IWA,2017-08-27,105.8,80.6
IWA,2017-08-28,105.8,80.6
IWA,2017-08-29,105.8,80.6
IWA,2017-08-30,105.8,80.6
IWA,2017-08-31,105.8,82.4
IWA,2017-09-01,105.8,75.2
IWA,2017-09-02,98.6,78.8
IWA,2017-09-03,100.4,77.0
IWA,2017-09-04,100.4,80.6
IWA,2017-09-05,102.2,78.8
IWA,2017-09-06,105.8,77.0
IWA,2017-09-07,100.4,33.8
IWA,2017-09-08,95.0,73.4
IWA,2017-09-09,93.2,73.4
IWA,2017-09-10,100.4,73.4
IWA,2017-09-11,105.8,78.8
IWA,2017-09-12,105.8,78.8
IWA,2017-09-13,102.2,78.8
IWA,2017-09-14,98.6,78.8
IWA,2017-09-15,93.2,71.6
IWA,2017-09-16,93.2,66.2
IWA,2017-09-17,93.2,71.6
IWA,2017-09-18,95.0,66.2
IWA,2017-09-19,96.8,46.4
IWA,2017-09-20,96.8,66.2
IWA,2017-09-21,96.8,64.4
IWA,2017-09-22,86.0,66.2
IWA,2017-09-23,82.4,59.0
IWA,2017-09-24,82.4,55.4
IWA,2017-09-25,84.2,53.6
IWA,2017-09-26,86.0,55.4
IWA,2017-09-27,87.8,64.4
IWA,2017-09-28,89.6,57.2
IWA,2017-09-29,93.2,64.4
IWA,2017-09-30,95.0,64.4
IWA,2017-10-01,96.8,64.4
IWA,2017-10-02,89.6,64.4
IWA,2017-10-03,95.0,60.8
IWA,2017-10-04,95.0,64.4
IWA,2017-10-05,96.8,71.6
IWA,2017-10-06,93.2,64.4
IWA,2017-10-07,91.4,55.4
IWA,2017-10-08,91.4,55.4
IWA,2017-10-09,84.2,62.6
IWA,2017-10-10,89.6,55.4
IWA,2017-10-11,95.0,64.4
IWA,2017-10-12,91.4,60.8
IWA,2017-10-13,91.4,60.8
IWA,2017-10-14,89.6,59.0
IWA,2017-10-15,93.2,55.4
IWA,2017-10-16,96.8,64.4
IWA,2017-10-17,95.0,66.2
IWA,2017-10-18,93.2,64.4
IWA,2017-10-19,91.4,69.8
IWA,2017-10-20,86.0,62.6
IWA,2017-10-21,82.4,57.2
IWA,2017-10-22,89.6,53.6
IWA,2017-10-23,93.2,55.4
IWA,2017-10-24,96.8,59.0
IWA,2017-10-25,91.4,62.6
IWA,2017-10-26,89.6,60.8
IWA,2017-10-27,87.8,55.4
IWA,2017-10-28,87.8,55.4
IWA,2017-10-29,89.6,53.6
IWA,2017-10-30,84.2,57.2
IWA,2017-10-31,78.8,59.0
IWA,2017-11-01,82.4,55.4
IWA,2017-11-02,78.8,55.4
IWA,2017-11-03,80.6,55.4
IWA,2017-11-04,82.4,62.6
IWA,2017-11-05,77.0,57.2
IWA,2017-11-06,78.8,53.6
IWA,2017-11-07,78.8,59.0
IWA,2017-11-08,80.6,57.2
IWA,2017-11-09,82.4,57.2
IWA,2017-11-10,82.4,55.4
IWA,2017-11-11,82.4,53.6
IWA,2017-11-12,84.2,53.6
IWA,2017-11-13,82.4,57.2
IWA,2017-11-14,82.4,55.4
IWA,2017-11-15,80.6,51.8
IWA,2017-11-16,82.4,53.6
IWA,2017-11-17,96.8,53.6
IWA,2017-11-18,114.8,51.8
IWA,2017-11-19,78.8,44.6
IWA,2017-11-20,75.2,44.6
IWA,2017-11-21,75.2,46.4
IWA,2017-11-22,87.8,48.2
IWA,2017-11-23,84.2,50.0
IWA,2017-11-24,82.4,51.8
IWA,2017-11-25,82.4,51.8
IWA,2017-11-26,84.2,51.8
IWA,2017-11-27,82.4,51.8
IWA,2017-11-28,71.6,44.6
IWA,2017-11-29,75.2,51.8
IWA,2017-11-30,71.6,59.0
IWA,2017-12-01,73.4,55.4
IWA,2017-12-02,82.4,53.6
IWA,2017-12-03,78.8,51.8
IWA,2017-12-04,69.8,50.0
IWA,2017-12-05,59.0,46.4
IWA,2017-12-06,71.6,42.8
IWA,2017-12-07,62.6,41.0
IWA,2017-12-08,62.6,35.6
IWA,2017-12-09,73.4,35.6
IWA,2017-12-10,78.8,51.8
IWA,2017-12-11,75.2,48.2
IWA,2017-12-12,75.2,42.8
IWA,2017-12-13,73.4,33.8
IWA,2017-12-14,71.6,39.2
IWA,2017-12-15,69.8,46.4
IWA,2017-12-16,66.2,37.4
IWA,2017-12-17,57.2,46.4
IWA,2017-12-18,62.6,39.2
IWA,2017-12-19,62.6,39.2
IWA,2017-12-20,66.2,37.4
IWA,2017-12-21,53.6,33.8
IWA,2017-12-22,53.6,28.4
IWA,2017-12-23,57.2,32.0
IWA,2017-12-24,66.2,35.6
IWA,2017-12-25,64.4,37.4
IWA,2017-12-26,68.0,37.4
IWA,2017-12-27,69.8,39.2
IWA,2017-12-28,73.4,37.4
IWA,2017-12-29,75.2,37.4
IWA,2017-12-30,73.4,39.2
IWA,2017-12-31,68.0,39.2
IWA,2018-01-01,73.4,37.4
IWA,2018-01-02,75.2,42.8
IWA,2018-01-03,75.2,41.0
IWA,2018-01-04,75.2,53.6
IWA,2018-01-05,73.4,44.6
IWA,2018-01-06,71.6,46.4
IWA,2018-01-07,73.4,50.0
IWA,2018-01-08,75.2,50.0
IWA,2018-01-09,78.8,51.8
IWA,2018-01-10,62.6,51.8
IWA,2018-01-11,66.2,44.6
IWA,2018-01-12,69.8,44.2
IWA,2018-01-13,77.0,39.2
IWA,2018-01-14,75.2,41.0
IWA,2018-01-15,71.6,45.1
IWA,2018-01-16,73.4,46.4
IWA,2018-01-17,68.0,44.6
IWA,2018-01-18,73.4,39.2
IWA,2018-01-19,75.2,41.0
IWA,2018-01-20,57.2,41.0
IWA,2018-01-21,55.4,33.8
IWA,2018-01-22,60.8,32.0
IWA,2018-01-23,69.8,30.2
IWA,2018-01-24,75.2,37.4
IWA,2018-01-25,75.2,39.2
IWA,2018-01-26,64.4,39.2
IWA,2018-01-27,71.6,35.6
IWA,2018-01-28,78.8,37.4
IWA,2018-01-29,82.4,50.0
IWA,2018-01-30,80.6,48.2
IWA,2018-01-31,75.2,42.8
IWA,2018-02-01,77.0,42.8
IWA,2018-02-02,77.0,42.8
IWA,2018-02-03,75.2,44.6
IWA,2018-02-04,77.0,46.4
IWA,2018-02-05,78.8,46.4
IWA,2018-02-06,77.0,44.6
IWA,2018-02-07,77.0,42.8
IWA,2018-02-08,82.4,44.1
IWA,2018-02-09,78.8,46.4
IWA,2018-02-10,77.0,48.0
IWA,2018-02-11,73.4,51.8
IWA,2018-02-12,64.4,51.4
IWA,2018-02-13,71.6,57.2
IWA,2018-02-14,60.8,48.2
IWA,2018-02-15,62.6,52.5
IWA,2018-02-16,64.4,49.8
IWA,2018-02-17,69.8,46.4
IWA,2018-02-18,71.6,48.2
IWA,2018-02-19,68.0,48.2
IWA,2018-02-20,55.4,39.2
IWA,2018-02-21,57.2,33.8
IWA,2018-02-22,57.2,35.6
IWA,2018-02-23,60.8,37.4
IWA,2018-02-24,68.0,33.8
IWA,2018-02-25,62.6,32.0
IWA,2018-02-26,66.2,33.8
IWA,2018-02-27,69.8,37.4
IWA,2018-02-28,57.2,41.0
IWA,2018-03-01,68.0,36.9
IWA,2018-03-02,75.2,41.0
IWA,2018-03-03,75.2,42.8
IWA,2018-03-04,64.4,46.4
IWA,2018-03-05,69.8,39.2
IWA,2018-03-06,78.8,42.8
IWA,2018-03-07,113.0,44.6
IWA,2018-03-08,78.8,51.8
IWA,2018-03-09,80.6,50.0
IWA,2018-03-10,75.2,55.4
IWA,2018-03-11,73.4,57.0
IWA,2018-03-12,80.6,53.6
IWA,2018-03-13,82.4,56.3
IWA,2018-03-14,84.2,55.4
IWA,2018-03-15,71.6,51.8
IWA,2018-03-16,73.4,48.2
IWA,2018-03-17,69.8,46.4
IWA,2018-03-18,69.8,50.0
IWA,2018-03-19,69.8,44.6
IWA,2018-03-20,78.8,42.8
IWA,2018-03-21,80.6,51.8
IWA,2018-03-22,87.8,55.4
IWA,2018-03-23,82.4,60.8
IWA,2018-03-24,80.6,55.4
IWA,2018-03-25,75.2,50.0
IWA,2018-03-26,71.6,48.2
IWA,2018-03-27,71.6,49.8
IWA,2018-03-28,77.0,44.6
IWA,2018-03-29,82.4,48.2
IWA,2018-03-30,86.0,55.4
IWA,2018-03-31,87.8,55.4
IWA,2018-04-01,89.6,62.6
IWA,2018-04-02,89.6,55.4
IWA,2018-04-03,84.2,55.4
IWA,2018-04-04,87.8,57.2
IWA,2018-04-05,89.6,57.2
IWA,2018-04-06,89.6,64.4
IWA,2018-04-07,93.2,64.4
IWA,2018-04-08,91.4,68.0
IWA,2018-04-09,91.4,57.2
IWA,2018-04-10,96.8,59.0
IWA,2018-04-11,93.2,60.8
IWA,2018-04-12,86.0,60.8
IWA,2018-04-13,73.4,57.2
IWA,2018-04-14,78.8,53.6
IWA,2018-04-15,89.6,48.2
IWA,2018-04-16,86.0,57.2
IWA,2018-04-17,73.4,53.6
IWA,2018-04-18,80.6,45.5
IWA,2018-04-19,87.8,53.6
IWA,2018-04-20,75.2,50.0
IWA,2018-04-21,86.0,51.8
IWA,2018-04-22,91.4,57.2
IWA,2018-04-23,93.2,60.8
IWA,2018-04-24,95.0,63.7
IWA,2018-04-25,95.0,62.6
IWA,2018-04-26,93.2,64.4
IWA,2018-04-27,96.8,69.8
IWA,2018-04-28,96.8,68.0
IWA,2018-04-29,91.4,60.8
IWA,2018-04-30,82.4,60.8
IWA,2018-05-01,73.4,57.2
IWA,2018-05-02,71.6,55.0
IWA,2018-05-03,80.6,51.4
IWA,2018-05-04,91.4,57.2
IWA,2018-05-05,100.4,62.6
IWA,2018-05-06,104.0,66.2
IWA,2018-05-07,100.4,69.8
IWA,2018-05-08,100.4,50.0
IWA,2018-05-09,102.2,68.7
IWA,2018-05-10,102.2,69.1
IWA,2018-05-11,100.4,71.6
IWA,2018-05-12,89.6,69.6
IWA,2018-05-13,87.8,60.8
IWA,2018-05-14,91.4,60.8
IWA,2018-05-15,93.2,62.6
IWA,2018-05-16,96.8,62.6
IWA,2018-05-17,96.8,66.0
IWA,2018-05-18,91.4,64.4
IWA,2018-05-19,93.2,62.6
IWA,2018-05-20,96.8,64.4
IWA,2018-05-21,96.8,64.4
IWA,2018-05-22,91.4,64.4
IWA,2018-05-23,91.4,64.4
IWA,2018-05-24,96.8,62.6
IWA,2018-05-25,98.6,64.4
IWA,2018-05-26,91.4,67.8
IWA,2018-05-27,89.6,61.9
IWA,2018-05-28,95.0,64.4
IWA,2018-05-29,98.6,68.0
IWA,2018-05-30,100.4,73.4
IWA,2018-05-31,100.4,69.8
IWA,2018-06-01,96.8,68.0
IWA,2018-06-02,102.2,68.0
IWA,2018-06-03,105.8,69.1
IWA,2018-06-04,105.8,71.4
IWA,2018-06-05,104.0,73.4
IWA,2018-06-06,100.4,73.4
IWA,2018-06-07,102.2,69.3
IWA,2018-06-08,105.8,71.6
IWA,2018-06-09,107.6,73.4
IWA,2018-06-10,102.2,73.4
IWA,2018-06-11,102.2,71.6
IWA,2018-06-12,107.6,71.6
IWA,2018-06-13,107.6,78.8
IWA,2018-06-14,107.6,82.4
IWA,2018-06-15,91.4,75.2
IWA,2018-06-16,78.8,69.8
IWA,2018-06-17,96.8,68.0
IWA,2018-06-18,96.8,66.2
IWA,2018-06-19,100.4,68.7
IWA,2018-06-20,105.8,69.8
IWA,2018-06-21,107.6,73.4
IWA,2018-06-22,109.4,73.4
IWA,2018-06-23,105.8,78.3
IWA,2018-06-24,102.2,78.8
IWA,2018-06-25,104.0,75.2
IWA,2018-06-26,107.6,73.6
IWA,2018-06-27,107.6,73.4
IWA,2018-06-28,105.8,77.4
IWA,2018-06-29,102.2,79.5
IWA,2018-06-30,100.4,75.2
IWA,2018-07-01,100.4,69.8
IWA,2018-07-02,105.8,71.6
IWA,2018-07-03,107.6,75.2
IWA,2018-07-04,104.0,78.8
IWA,2018-07-05,111.2,78.8
IWA,2018-07-06,109.4,91.4
IWA,2018-07-07,109.4,87.6
IWA,2018-07-08,105.8,86.0
IWA,2018-07-09,104.0,78.8
IWA,2018-07-10,96.8,75.2
IWA,2018-07-11,96.8,78.8
IWA,2018-07-12,98.6,76.8
IWA,2018-07-13,102.2,80.6
IWA,2018-07-14,100.4,85.6
IWA,2018-07-15,95.0,84.2
IWA,2018-07-16,102.2,84.2
IWA,2018-07-17,104.0,82.4
IWA,2018-07-18,100.4,80.6
IWA,2018-07-19,102.2,86.0
IWA,2018-07-20,105.8,87.8
IWA,2018-07-21,100.4,82.4
IWA,2018-07-22,105.8,80.6
IWA,2018-07-23,113.0,82.4
IWA,2018-07-24,114.8,84.2
IWA,2018-07-25,114.8,89.6
IWA,2018-07-26,107.6,89.6
IWA,2018-07-27,107.6,89.2
IWA,2018-07-28,105.8,86.5
IWA,2018-07-29,100.4,78.8
IWA,2018-07-30,105.8,80.6
IWA,2018-07-31,102.2,80.6
IWA,2018-08-01,107.6,82.4
IWA,2018-08-02,105.8,84.2
IWA,2018-08-03,105.8,85.6
IWA,2018-08-04,107.6,86.0
IWA,2018-08-05,109.4,86.0
IWA,2018-08-06,111.2,84.2
IWA,2018-08-07,107.6,84.2
IWA,2018-08-08,98.6,78.8
IWA,2018-08-09,98.6,71.6
IWA,2018-08-10,95.0,71.1
IWA,2018-08-11,98.6,75.2
IWA,2018-08-12,98.6,75.2
IWA,2018-08-13,96.8,74.8
IWA,2018-08-14,100.4,78.8
IWA,2018-08-15,93.2,78.8
IWA,2018-08-16,96.8,78.8
IWA,2018-08-17,100.4,82.4
IWA,2018-08-18,102.2,82.4
IWA,2018-08-19,104.0,82.4
IWA,2018-08-20,102.2,84.2
IWA,2018-08-21,98.6,84.2
IWA,2018-08-22,96.8,80.6
IWA,2018-08-23,96.8,77.0
IWA,2018-08-24,98.6,75.2
IWA,2018-08-25,98.6,76.1
IWA,2018-08-26,98.6,78.4
IWA,2018-08-27,100.4,78.8
IWA,2018-08-28,100.4,75.2
IWA,2018-08-29,102.2,75.2
IWA,2018-08-30,100.4,80.6
IWA,2018-08-31,100.4,78.8
IWA,2018-09-01,100.4,80.6
IWA,2018-09-02,98.6,77.0
IWA,2018-09-03,95.0,71.6
IWA,2018-09-04,96.8,75.2
IWA,2018-09-05,100.4,77.0
IWA,2018-09-06,102.2,75.2
IWA,2018-09-07,102.2,78.8
IWA,2018-09-08,104.0,77.0
IWA,2018-09-09,104.0,80.2
IWA,2018-09-10,102.2,78.8
IWA,2018-09-11,104.0,75.2
IWA,2018-09-12,102.2,77.2
IWA,2018-09-13,102.2,71.6
IWA,2018-09-14,105.8,71.6
IWA,2018-09-15,105.8,75.2
IWA,2018-09-16,102.2,78.8
IWA,2018-09-17,104.0,78.8
IWA,2018-09-18,100.4,78.8
IWA,2018-09-19,87.8,73.4
IWA,2018-09-20,93.2,69.8
IWA,2018-09-21,96.8,73.4
IWA,2018-09-22,102.2,73.9
IWA,2018-09-23,100.4,75.2
IWA,2018-09-24,96.8,76.3
IWA,2018-09-25,96.8,71.6
IWA,2018-09-26,98.6,71.6
IWA,2018-09-27,100.4,69.8
IWA,2018-09-28,100.4,71.6
IWA,2018-09-29,98.6,73.4
IWA,2018-09-30,96.8,73.4
IWA,2018-10-01,77.0,69.8
IWA,2018-10-02,78.8,71.2
IWA,2018-10-03,84.2,71.6
IWA,2018-10-04,84.2,68.0
IWA,2018-10-05,84.2,66.2
IWA,2018-10-06,84.2,62.6
IWA,2018-10-07,74.1,57.2
IWA,2018-10-08,73.4,55.4
IWA,2018-10-09,77.0,55.4
IWA,2018-10-10,80.6,55.4
IWA,2018-10-11,80.6,63.7
IWA,2018-10-12,78.8,66.2
IWA,2018-10-13,69.8,62.6
IWA,2018-10-14,73.4,57.2
IWA,2018-10-15,75.2,60.8
IWA,2018-10-16,69.8,55.4
IWA,2018-10-17,75.2,53.6
IWA,2018-10-18,78.8,55.4
IWA,2018-10-19,84.2,55.4
IWA,2018-10-20,89.6,66.2
IWA,2018-10-21,87.8,69.8
IWA,2018-10-22,84.2,67.1
IWA,2018-10-23,87.8,68.0
IWA,2018-10-24,80.6,60.4
IWA,2018-10-25,82.4,59.0
IWA,2018-10-26,84.2,57.2
IWA,2018-10-27,87.8,57.2
IWA,2018-10-28,87.8,57.2
IWA,2018-10-29,87.8,59.0
IWA,2018-10-30,84.2,55.4
IWA,2018-10-31,73.4,53.6
IWA,2018-11-01,75.2,50.0
IWA,2018-11-02,78.8,48.2
IWA,2018-11-03,78.8,51.8
IWA,2018-11-04,78.8,53.6
IWA,2018-11-05,80.6,53.6
IWA,2018-11-06,82.4,51.8
IWA,2018-11-07,80.6,53.6
IWA,2018-11-08,78.8,53.6
IWA,2018-11-09,78.8,55.4
IWA,2018-11-10,77.0,51.8
IWA,2018-11-11,71.6,50.0
IWA,2018-11-12,64.4,39.2
IWA,2018-11-13,64.4,47.1
IWA,2018-11-14,69.8,46.0
IWA,2018-11-15,73.4,39.2
IWA,2018-11-16,84.2,42.8
IWA,2018-11-17,71.6,41.0
IWA,2018-11-18,71.6,44.6
IWA,2018-11-19,73.4,42.8
IWA,2018-11-20,77.0,44.6
IWA,2018-11-21,73.4,46.4
IWA,2018-11-22,64.4,50.0
IWA,2018-11-23,68.0,44.6
IWA,2018-11-24,69.8,43.7
IWA,2018-11-25,71.6,42.8
IWA,2018-11-26,86.0,42.3
IWA,2018-11-27,73.4,42.8
IWA,2018-11-28,75.2,44.6
IWA,2018-11-29,69.8,46.4
IWA,2018-11-30,62.6,48.2
IWA,2018-12-01,62.6,46.4
IWA,2018-12-02,60.8,42.8
IWA,2018-12-03,60.8,37.4
IWA,2018-12-04,64.4,35.6
IWA,2018-12-05,71.6,41.0
IWA,2018-12-06,62.6,50.7
IWA,2018-12-07,66.2,50.0
IWA,2018-12-08,64.4,46.4
IWA,2018-12-09,69.8,42.8
IWA,2018-12-10,71.6,39.7
IWA,2018-12-11,66.2,48.2
IWA,2018-12-12,66.2,42.8
IWA,2018-12-13,66.2,37.4
IWA,2018-12-14,64.4,33.8
IWA,2018-12-15,68.0,44.1
IWA,2018-12-16,68.0,42.8
IWA,2018-12-17,69.8,44.6
IWA,2018-12-18,66.2,42.8
IWA,2018-12-19,66.2,39.2
IWA,2018-12-20,71.6,39.2
IWA,2018-12-21,66.2,42.8
IWA,2018-12-22,69.8,41.0
IWA,2018-12-23,71.6,41.0
IWA,2018-12-24,69.8,41.0
IWA,2018-12-25,64.4,42.8
IWA,2018-12-26,57.2,42.8
IWA,2018-12-27,59.0,39.2
IWA,2018-12-28,51.8,33.8
IWA,2018-12-29,53.6,28.4
IWA,2018-12-30,53.6,26.6
IWA,2018-12-31,51.8,32.0
IWA,2019-01-01,48.2,39.2
IWA,2019-01-02,48.2,30.2
IWA,2019-01-03,51.8,30.2
IWA,2019-01-04,62.6,32.0
IWA,2019-01-05,66.2,35.6
IWA,2019-01-06,53.6,44.6
IWA,2019-01-07,60.8,37.4
IWA,2019-01-08,68.0,39.2
IWA,2019-01-09,69.8,44.6
IWA,2019-01-10,62.6,46.4
IWA,2019-01-11,62.6,42.8
IWA,2019-01-12,66.2,41.5
IWA,2019-01-13,60.8,48.2
IWA,2019-01-14,68.0,48.2
IWA,2019-01-15,66.2,51.8
IWA,2019-01-16,66.2,47.8
IWA,2019-01-17,66.2,44.6
IWA,2019-01-18,68.0,50.0
IWA,2019-01-19,69.8,39.2
IWA,2019-01-20,71.6,39.2
IWA,2019-01-21,66.2,46.4
IWA,2019-01-22,60.8,35.6
IWA,2019-01-23,59.0,33.8
IWA,2019-01-24,66.2,33.8
IWA,2019-01-25,68.0,35.6
IWA,2019-01-26,69.8,35.6
IWA,2019-01-27,71.6,39.2
IWA,2019-01-28,68.0,39.2
IWA,2019-01-29,71.6,46.8
IWA,2019-01-30,71.6,51.8
IWA,2019-01-31,71.6,46.4
IWA,2019-02-01,71.6,53.6
IWA,2019-02-02,71.6,52.3
IWA,2019-02-03,65.5,53.6
IWA,2019-02-04,64.4,51.8
IWA,2019-02-05,64.4,47.8
IWA,2019-02-06,55.2,41.0
IWA,2019-02-07,53.6,31.8
IWA,2019-02-08,66.2,33.8
IWA,2019-02-09,59.0,35.6
IWA,2019-02-10,62.6,32.0
IWA,2019-02-11,57.2,39.2
IWA,2019-02-12,68.0,32.0
IWA,2019-02-13,68.0,42.8
IWA,2019-02-14,60.8,53.4
IWA,2019-02-15,64.4,53.6
IWA,2019-02-16,60.8,44.6
IWA,2019-02-17,57.2,37.4
IWA,2019-02-18,51.8,39.2
IWA,2019-02-19,53.6,33.8
IWA,2019-02-20,53.6,30.2
IWA,2019-02-21,50.0,39.2
IWA,2019-02-22,44.6,37.4
IWA,2019-02-23,51.8,33.8
IWA,2019-02-24,62.6,33.8
IWA,2019-02-25,64.4,37.4
IWA,2019-02-26,69.8,40.8
IWA,2019-02-27,73.4,51.4
IWA,2019-02-28,73.4,44.6
IWA,2019-03-01,75.2,50.7
IWA,2019-03-02,71.6,53.6
IWA,2019-03-03,71.6,48.2
IWA,2019-03-04,71.6,48.2
IWA,2019-03-05,77.0,44.6
IWA,2019-03-06,82.4,51.8
IWA,2019-03-07,73.4,53.6
IWA,2019-03-08,66.0,48.2
IWA,2019-03-09,64.4,39.2
IWA,2019-03-10,69.8,39.2
IWA,2019-03-11,68.0,44.6
IWA,2019-03-12,57.2,50.0
IWA,2019-03-13,64.4,46.4
IWA,2019-03-14,60.8,37.2
IWA,2019-03-15,71.6,41.0
IWA,2019-03-16,75.2,53.1
IWA,2019-03-17,77.0,48.2
IWA,2019-03-18,80.6,51.3
IWA,2019-03-19,82.4,52.3
IWA,2019-03-20,82.4,54.7
IWA,2019-03-21,66.2,53.6
IWA,2019-03-22,69.8,42.8
IWA,2019-03-23,73.4,44.6
IWA,2019-03-24,77.0,46.4
IWA,2019-03-25,84.2,46.4
IWA,2019-03-26,84.2,51.8
IWA,2019-03-27,80.6,55.4
IWA,2019-03-28,82.4,50.0
IWA,2019-03-29,78.8,48.2
IWA,2019-03-30,80.6,48.2
IWA,2019-03-31,78.8,46.9
IWA,2019-04-01,80.6,51.8
IWA,2019-04-02,84.2,50.5
IWA,2019-04-03,77.0,53.2
IWA,2019-04-04,82.4,51.8
IWA,2019-04-05,80.6,51.8
IWA,2019-04-06,78.8,61.3
IWA,2019-04-07,84.2,54.9
IWA,2019-04-08,93.2,55.4
IWA,2019-04-09,93.2,59.0
IWA,2019-04-10,82.4,55.4
IWA,2019-04-11,73.4,54.1
IWA,2019-04-12,71.6,59.0
IWA,2019-04-13,77.0,48.2
IWA,2019-04-14,82.4,51.8
IWA,2019-04-15,87.8,55.4
IWA,2019-04-16,78.8,57.0
IWA,2019-04-17,75.2,53.6
IWA,2019-04-18,87.8,53.6
IWA,2019-04-19,96.8,57.2
IWA,2019-04-20,91.4,64.4
IWA,2019-04-21,87.8,60.8
IWA,2019-04-22,84.2,57.2
IWA,2019-04-23,82.4,59.0
IWA,2019-04-24,89.6,55.9
IWA,2019-04-25,95.0,60.8
IWA,2019-04-26,96.8,64.4
IWA,2019-04-27,93.2,64.4
IWA,2019-04-28,93.2,64.4
IWA,2019-04-29,84.2,62.6
IWA,2019-04-30,80.6,57.2
IWA,2019-05-01,86.0,53.6
IWA,2019-05-02,84.2,57.2
IWA,2019-05-03,89.6,55.4
IWA,2019-05-04,93.2,57.2
IWA,2019-05-05,91.4,60.8
IWA,2019-05-06,84.2,62.4
IWA,2019-05-07,77.0,55.4
IWA,2019-05-08,84.2,59.7
IWA,2019-05-09,86.0,57.9
IWA,2019-05-10,84.2,60.8
IWA,2019-05-11,84.2,62.6
IWA,2019-05-12,82.4,62.2
IWA,2019-05-13,87.8,58.8
IWA,2019-05-14,95.0,64.4
IWA,2019-05-15,96.8,66.2
IWA,2019-05-16,91.4,68.0
IWA,2019-05-17,80.6,59.0
IWA,2019-05-18,82.4,53.6
IWA,2019-05-19,80.6,62.6
IWA,2019-05-20,73.4,57.2
IWA,2019-05-21,80.6,51.3
IWA,2019-05-22,71.6,57.2
IWA,2019-05-23,75.2,53.6
IWA,2019-05-24,86.0,53.4
IWA,2019-05-25,89.6,56.7
IWA,2019-05-26,82.4,60.6
IWA,2019-05-27,77.0,60.8
IWA,2019-05-28,80.6,53.1
IWA,2019-05-29,87.8,56.7
IWA,2019-05-30,93.2,62.4
IWA,2019-05-31,96.8,66.0
IWA,2019-06-01,95.0,50.0
IWA,2019-06-02,93.2,68.0
IWA,2019-06-03,95.0,67.3
IWA,2019-06-04,96.8,67.3
IWA,2019-06-05,98.6,69.6
IWA,2019-06-06,98.6,70.7
IWA,2019-06-07,98.6,73.4
IWA,2019-06-08,96.8,66.2
IWA,2019-06-09,102.2,68.0
IWA,2019-06-10,105.8,73.4
IWA,2019-06-11,105.8,80.6
IWA,2019-06-12,107.6,73.4
IWA,2019-06-13,105.8,75.2
IWA,2019-06-14,102.2,72.7
IWA,2019-06-15,100.4,71.6
IWA,2019-06-16,102.2,68.0
IWA,2019-06-17,102.2,75.2
IWA,2019-06-18,100.4,72.9
IWA,2019-06-19,102.2,68.0
IWA,2019-06-20,100.4,69.8
IWA,2019-06-21,100.4,73.4
IWA,2019-06-22,96.8,73.4
IWA,2019-06-23,96.8,69.8
IWA,2019-06-24,100.4,68.0
IWA,2019-06-25,102.2,69.8
IWA,2019-06-26,100.4,69.8
IWA,2019-06-27,102.2,71.6
IWA,2019-06-28,109.4,73.4
IWA,2019-06-29,109.4,78.8
IWA,2019-06-30,107.6,78.8
IWA,2019-07-01,107.6,78.8
IWA,2019-07-02,105.8,78.3
IWA,2019-07-03,104.0,75.2
IWA,2019-07-04,104.0,73.4
IWA,2019-07-05,102.2,73.4
IWA,2019-07-06,102.2,78.6
IWA,2019-07-07,104.0,82.4
IWA,2019-07-08,102.2,72.3
IWA,2019-07-09,102.2,71.6
IWA,2019-07-10,109.4,73.4
IWA,2019-07-11,111.2,83.5
IWA,2019-07-12,107.6,86.9
IWA,2019-07-13,109.4,82.4
IWA,2019-07-14,107.6,86.0
IWA,2019-07-15,111.2,83.1
IWA,2019-07-16,113.0,84.2
IWA,2019-07-17,104.0,84.2
IWA,2019-07-18,105.8,81.9
IWA,2019-07-19,105.8,82.4
IWA,2019-07-20,105.8,77.0
IWA,2019-07-21,105.8,80.6
IWA,2019-07-22,100.4,77.0
IWA,2019-07-23,104.0,78.3
IWA,2019-07-24,102.2,80.6
IWA,2019-07-25,104.0,82.4
IWA,2019-07-26,107.6,86.0
IWA,2019-07-27,111.2,86.0
IWA,2019-07-28,107.6,87.6
IWA,2019-07-29,107.6,86.0
IWA,2019-07-30,104.0,75.2
IWA,2019-07-31,96.8,76.3
IWA,2019-08-01,100.4,78.8
IWA,2019-08-02,105.8,82.4
IWA,2019-08-03,107.6,84.2
IWA,2019-08-04,107.6,82.4
IWA,2019-08-05,111.2,77.0
IWA,2019-08-06,102.2,86.0
IWA,2019-08-07,104.0,86.0
IWA,2019-08-08,105.8,82.2
IWA,2019-08-09,96.8,86.0
IWA,2019-08-10,98.6,80.6
IWA,2019-08-11,100.4,80.6
IWA,2019-08-12,104.0,80.6
IWA,2019-08-13,105.8,75.2
IWA,2019-08-14,111.2,77.0
IWA,2019-08-15,113.0,79.9
IWA,2019-08-16,105.8,80.6
IWA,2019-08-17,105.8,80.6
IWA,2019-08-18,100.4,78.8
IWA,2019-08-19,105.8,75.9
IWA,2019-08-20,111.2,75.2
IWA,2019-08-21,113.0,80.1
IWA,2019-08-22,105.8,80.6
IWA,2019-08-23,100.4,80.6
IWA,2019-08-24,100.4,80.6
IWA,2019-08-25,100.4,82.4
IWA,2019-08-26,104.0,82.4
IWA,2019-08-27,107.6,82.4
IWA,2019-08-28,107.6,78.8
IWA,2019-08-29,102.2,78.8
IWA,2019-08-30,105.8,82.4
IWA,2019-08-31,104.0,82.4
IWA,2019-09-01,104.0,84.2
IWA,2019-09-02,104.0,78.8
IWA,2019-09-03,105.8,80.6
IWA,2019-09-04,109.4,80.6
IWA,2019-09-05,107.6,82.4
IWA,2019-09-06,105.8,83.8
IWA,2019-09-07,104.0,85.3
IWA,2019-09-08,98.6,82.4
IWA,2019-09-09,96.8,77.0
IWA,2019-09-10,96.8,80.6
IWA,2019-09-11,95.0,80.6
IWA,2019-09-12,100.4,73.4
IWA,2019-09-13,104.0,72.0
IWA,2019-09-14,102.2,80.6
IWA,2019-09-15,96.8,78.4
IWA,2019-09-16,96.8,75.2
IWA,2019-09-17,96.8,69.8
IWA,2019-09-18,100.4,75.2
IWA,2019-09-19,100.4,76.3
IWA,2019-09-20,95.0,68.0
IWA,2019-09-21,91.4,68.0
IWA,2019-09-22,95.0,65.7
IWA,2019-09-23,93.2,71.6
IWA,2019-09-24,86.0,68.0
IWA,2019-09-25,89.6,67.5
IWA,2019-09-26,86.0,71.6
IWA,2019-09-27,84.2,68.0
IWA,2019-09-28,91.4,68.0
IWA,2019-09-29,89.6,69.8
IWA,2019-09-30,89.6,62.6
IWA,2019-10-01,89.6,59.0
IWA,2019-10-02,87.8,64.4
IWA,2019-10-03,93.2,60.8
IWA,2019-10-04,93.2,68.5
IWA,2019-10-05,93.2,64.4
IWA,2019-10-06,91.4,63.7
IWA,2019-10-07,96.8,62.6
IWA,2019-10-08,95.0,66.2
IWA,2019-10-09,93.2,64.4
IWA,2019-10-10,86.0,62.6
IWA,2019-10-11,86.0,55.4
IWA,2019-10-12,87.8,59.0
IWA,2019-10-13,89.6,57.2
IWA,2019-10-14,86.0,60.8
IWA,2019-10-15,89.6,63.7
IWA,2019-10-16,95.0,61.2
IWA,2019-10-17,93.2,66.2
IWA,2019-10-18,82.4,60.8
IWA,2019-10-19,82.4,55.4
IWA,2019-10-20,82.4,50.0
IWA,2019-10-21,84.2,51.4
IWA,2019-10-22,87.8,51.8
IWA,2019-10-23,91.4,53.6
IWA,2019-10-24,82.4,53.6
IWA,2019-10-25,82.4,53.6
IWA,2019-10-26,82.4,51.8
IWA,2019-10-27,87.8,51.8
IWA,2019-10-28,71.6,46.4
IWA,2019-10-29,71.6,41.0
IWA,2019-10-30,68.0,46.4
IWA,2019-10-31,75.2,33.8
IWA,2019-11-01,78.8,41.0
IWA,2019-11-02,86.0,46.4
IWA,2019-11-03,82.4,51.8
IWA,2019-11-04,84.2,51.3
IWA,2019-11-05,86.0,53.6
IWA,2019-11-06,84.2,60.8
IWA,2019-11-07,84.2,53.6
IWA,2019-11-08,86.0,59.5
IWA,2019-11-09,93.2,58.3
IWA,2019-11-10,84.2,60.8
IWA,2019-11-11,84.2,57.2
IWA,2019-11-12,78.8,59.0
IWA,2019-11-13,75.2,50.0
IWA,2019-11-14,78.8,49.6
IWA,2019-11-15,80.6,52.5
IWA,2019-11-16,80.6,52.3
IWA,2019-11-17,84.2,49.1
IWA,2019-11-18,82.4,48.2
IWA,2019-11-19,77.0,52.3
IWA,2019-11-20,68.0,55.4
IWA,2019-11-21,60.8,51.8
IWA,2019-11-22,62.6,50.0
IWA,2019-11-23,69.8,44.6
IWA,2019-11-24,69.8,46.4
IWA,2019-11-25,66.2,46.4
IWA,2019-11-26,57.2,39.2
IWA,2019-11-27,68.0,37.6
IWA,2019-11-28,68.0,55.4
IWA,2019-11-29,63.1,42.8
IWA,2019-11-30,57.2,39.2
IWA,2019-12-01,66.2,37.4
IWA,2019-12-02,66.2,41.0
IWA,2019-12-03,64.4,42.8
IWA,2019-12-04,73.4,53.6
IWA,2019-12-05,68.0,51.8
IWA,2019-12-06,69.8,48.7
IWA,2019-12-07,68.0,48.2
IWA,2019-12-08,62.6,55.2
IWA,2019-12-09,62.6,50.0
IWA,2019-12-10,64.4,42.8
IWA,2019-12-11,66.2,44.6
IWA,2019-12-12,66.2,42.8
IWA,2019-12-13,66.2,42.8
IWA,2019-12-14,69.8,44.6
IWA,2019-12-15,62.6,42.8
IWA,2019-12-16,59.0,35.6
IWA,2019-12-17,60.8,32.0
IWA,2019-12-18,64.4,39.2
IWA,2019-12-19,62.6,37.4
IWA,2019-12-20,68.0,35.6
IWA,2019-12-21,68.0,39.0
IWA,2019-12-22,73.4,42.8
IWA,2019-12-23,64.4,44.6
IWA,2019-12-24,55.8,50.0
IWA,2019-12-25,53.6,42.8
IWA,2019-12-26,60.8,39.2
IWA,2019-12-27,48.2,45.9
IWA,2019-12-28,51.8,39.2
IWA,2019-12-29,50.0,31.8
IWA,2019-12-30,53.6,35.6
IWA,2019-12-31,57.2,41.0
IWA,2020-01-01,57.2,36.7
IWA,2020-01-02,60.8,37.4
IWA,2020-01-03,60.8,35.6
IWA,2020-01-04,66.2,37.4
IWA,2020-01-05,66.2,35.6
IWA,2020-01-06,69.8,37.4
IWA,2020-01-07,71.6,35.6
IWA,2020-01-08,66.2,37.4
IWA,2020-01-09,59.0,40.6
IWA,2020-01-10,59.0,37.4
IWA,2020-01-11,60.8,35.6
IWA,2020-01-12,62.6,33.8
IWA,2020-01-13,66.2,35.6
IWA,2020-01-14,68.0,35.6
IWA,2020-01-15,68.0,42.8
IWA,2020-01-16,64.4,47.8
IWA,2020-01-17,64.4,42.8
IWA,2020-01-18,69.8,38.7
IWA,2020-01-19,73.4,37.4
IWA,2020-01-20,73.4,49.8
IWA,2020-01-21,60.8,51.8
IWA,2020-01-22,62.6,46.4
IWA,2020-01-23,68.0,41.0
IWA,2020-01-24,69.8,42.8
IWA,2020-01-25,68.0,42.8
IWA,2020-01-26,69.8,42.8
IWA,2020-01-27,69.8,46.4
IWA,2020-01-28,68.0,39.2
IWA,2020-01-29,62.6,41.0
IWA,2020-01-30,66.2,42.8
IWA,2020-01-31,69.8,37.4
IWA,2020-02-01,75.2,39.7
IWA,2020-02-02,77.0,42.8
IWA,2020-02-03,60.8,44.6
IWA,2020-02-04,51.8,28.4
IWA,2020-02-05,50.0,28.4
IWA,2020-02-06,57.2,30.2
IWA,2020-02-07,64.4,33.8
IWA,2020-02-08,69.8,37.4
IWA,2020-02-09,71.6,41.0
IWA,2020-02-10,68.0,46.4
IWA,2020-02-11,59.0,44.6
IWA,2020-02-12,60.8,37.4
IWA,2020-02-13,66.2,37.4
IWA,2020-02-14,69.8,41.0
IWA,2020-02-15,69.8,39.2
IWA,2020-02-16,71.6,39.2
IWA,2020-02-17,73.4,41.0
IWA,2020-02-18,75.2,46.4
IWA,2020-02-19,75.2,47.8
IWA,2020-02-20,77.0,44.6
IWA,2020-02-21,73.4,60.0
IWA,2020-02-22,66.7,53.6
IWA,2020-02-23,60.8,46.4
IWA,2020-02-24,66.2,44.6
IWA,2020-02-25,64.4,41.0
IWA,2020-02-26,66.2,42.8
IWA,2020-02-27,73.4,35.6
IWA,2020-02-28,75.2,44.6
IWA,2020-02-29,75.2,46.4
IWA,2020-03-01,73.4,48.2
IWA,2020-03-02,68.0,42.8
IWA,2020-03-03,73.4,44.6
IWA,2020-03-04,71.6,46.4
IWA,2020-03-05,82.4,46.4
IWA,2020-03-06,84.2,59.0
IWA,2020-03-07,82.4,55.4
IWA,2020-03-08,73.4,57.2
IWA,2020-03-09,75.2,50.0
IWA,2020-03-10,71.6,58.0
IWA,2020-03-11,68.0,60.3
IWA,2020-03-12,71.6,60.8
IWA,2020-03-13,66.2,51.8
IWA,2020-03-14,71.6,46.4
IWA,2020-03-15,73.4,50.0
IWA,2020-03-16,75.2,48.2
IWA,2020-03-17,75.2,51.8
IWA,2020-03-18,66.2,48.2
IWA,2020-03-19,60.8,46.4
IWA,2020-03-20,68.0,42.8
IWA,2020-03-21,71.6,50.0
IWA,2020-03-22,69.8,48.2
IWA,2020-03-23,75.2,53.6
IWA,2020-03-24,75.2,48.0
IWA,2020-03-25,75.2,48.2
IWA,2020-03-26,66.2,53.6
IWA,2020-03-27,62.6,44.6
IWA,2020-03-28,68.0,39.2
IWA,2020-03-29,73.4,46.4
IWA,2020-03-30,75.2,44.6
IWA,2020-03-31,77.0,48.2
IWA,2020-04-01,82.4,55.4
IWA,2020-04-02,82.4,53.6
IWA,2020-04-03,82.4,50.0
IWA,2020-04-04,82.4,53.6
IWA,2020-04-05,82.4,50.0
IWA,2020-04-06,82.4,48.2
IWA,2020-04-07,82.4,51.8
IWA,2020-04-08,82.4,53.6
IWA,2020-04-09,71.6,51.8
IWA,2020-04-10,75.2,46.0
IWA,2020-04-11,66.2,51.8
IWA,2020-04-12,75.2,48.2
IWA,2020-04-13,75.2,53.6
IWA,2020-04-14,77.0,51.6
IWA,2020-04-15,78.8,48.2
IWA,2020-04-16,84.2,48.2
IWA,2020-04-17,86.0,51.8
IWA,2020-04-18,77.0,50.0
IWA,2020-04-19,80.6,51.8
IWA,2020-04-20,84.2,55.4
IWA,2020-04-21,80.6,53.6
IWA,2020-04-22,87.8,55.2
IWA,2020-04-23,93.2,57.2
IWA,2020-04-24,95.0,60.8
IWA,2020-04-25,96.8,60.8
IWA,2020-04-26,98.6,62.6
IWA,2020-04-27,98.6,68.0
IWA,2020-04-28,98.6,62.6
IWA,2020-04-29,100.4,66.2
IWA,2020-04-30,100.4,69.8
IWA,2020-05-01,100.4,65.3
IWA,2020-05-02,96.8,67.0
IWA,2020-05-03,93.2,64.4
IWA,2020-05-04,95.0,62.6
IWA,2020-05-05,98.6,62.6
IWA,2020-05-06,104.0,64.4
IWA,2020-05-07,102.2,66.2
IWA,2020-05-08,98.6,69.8
IWA,2020-05-09,98.6,71.6
IWA,2020-05-10,96.8,75.2
IWA,2020-05-11,96.8,71.6
IWA,2020-05-12,93.2,68.0
IWA,2020-05-13,89.6,64.4
IWA,2020-05-14,87.8,63.3
IWA,2020-05-15,91.4,62.6
IWA,2020-05-16,95.0,64.4
IWA,2020-05-17,100.4,65.5
IWA,2020-05-18,100.4,66.2
IWA,2020-05-19,89.6,66.2
IWA,2020-05-20,84.2,55.4
IWA,2020-05-21,87.8,55.4
IWA,2020-05-22,93.2,59.0
IWA,2020-05-23,91.4,62.6
IWA,2020-05-24,91.4,62.6
IWA,2020-05-25,95.0,60.8
IWA,2020-05-26,100.4,65.0
IWA,2020-05-27,104.0,69.6
IWA,2020-05-28,107.6,73.4
IWA,2020-05-29,111.2,75.2
IWA,2020-05-30,107.6,77.0
IWA,2020-05-31,105.8,77.0
IWA,2020-06-01,102.2,77.0
IWA,2020-06-02,105.8,78.0
IWA,2020-06-03,107.6,77.0
IWA,2020-06-04,107.6,71.6
IWA,2020-06-05,102.2,78.8
IWA,2020-06-06,93.2,69.8
IWA,2020-06-07,95.0,69.8
IWA,2020-06-08,87.8,68.7
IWA,2020-06-09,91.4,64.2
IWA,2020-06-10,100.4,64.0
IWA,2020-06-11,105.8,69.8
IWA,2020-06-12,107.6,73.4
IWA,2020-06-13,104.0,72.3
IWA,2020-06-14,104.0,66.2
IWA,2020-06-15,104.0,71.6
IWA,2020-06-16,105.8,73.4
IWA,2020-06-17,102.2,71.6
IWA,2020-06-18,102.2,69.8
IWA,2020-06-19,100.4,69.8
IWA,2020-06-20,104.0,69.8
IWA,2020-06-21,105.8,73.0
IWA,2020-06-22,105.8,74.3
IWA,2020-06-23,105.8,73.4
IWA,2020-06-24,107.6,71.6
IWA,2020-06-25,107.6,75.2
IWA,2020-06-26,107.6,75.7
IWA,2020-06-27,105.8,75.2
IWA,2020-06-28,102.2,75.2
IWA,2020-06-29,98.6,77.0
IWA,2020-06-30,100.4,71.6
IWA,2020-07-01,102.2,69.4
IWA,2020-07-02,100.4,75.2
IWA,2020-07-03,102.2,80.6
IWA,2020-07-04,107.6,80.6
IWA,2020-07-05,109.4,80.0
IWA,2020-07-06,109.4,73.4
IWA,2020-07-07,109.4,77.0
IWA,2020-07-08,109.4,82.4
IWA,2020-07-09,107.6,82.4
IWA,2020-07-10,109.4,85.3
IWA,2020-07-11,111.2,87.8
IWA,2020-07-12,114.8,87.8
IWA,2020-07-13,107.6,89.6
IWA,2020-07-14,109.4,84.2
IWA,2020-07-15,105.8,84.2
IWA,2020-07-16,109.4,82.4
IWA,2020-07-17,105.8,86.0
IWA,2020-07-18,109.4,85.8
IWA,2020-07-19,107.6,87.8
IWA,2020-07-20,105.8,86.0
IWA,2020-07-21,105.8,86.0
IWA,2020-07-22,104.0,84.2
IWA,2020-07-23,93.4,80.6
IWA,2020-07-24,100.4,77.0
IWA,2020-07-25,100.4,75.6
IWA,2020-07-26,105.8,82.4
IWA,2020-07-27,107.6,86.0
IWA,2020-07-28,111.2,87.8
IWA,2020-07-29,113.0,83.7
IWA,2020-07-30,114.8,80.6
IWA,2020-07-31,114.8,82.4
IWA,2020-08-01,107.6,89.6
IWA,2020-08-02,104.0,89.6
IWA,2020-08-03,109.4,84.2
IWA,2020-08-04,105.8,84.2
IWA,2020-08-05,109.4,84.2
IWA,2020-08-06,107.6,77.0
IWA,2020-08-07,105.8,78.8
IWA,2020-08-08,109.4,82.2
IWA,2020-08-09,109.4,77.0
IWA,2020-08-10,109.4,77.0
IWA,2020-08-11,107.6,80.4
IWA,2020-08-12,109.4,84.2
IWA,2020-08-13,113.0,85.8
IWA,2020-08-14,114.8,84.2
IWA,2020-08-15,111.2,78.8
IWA,2020-08-16,111.2,87.8
IWA,2020-08-17,113.0,84.2
IWA,2020-08-18,111.2,82.4
IWA,2020-08-19,111.2,84.2
IWA,2020-08-20,109.4,82.4
IWA,2020-08-21,98.6,80.2
IWA,2020-08-22,104.0,83.8
IWA,2020-08-23,107.6,86.0
IWA,2020-08-24,111.2,86.0
IWA,2020-08-25,109.4,87.8
IWA,2020-08-26,109.4,84.2
IWA,2020-08-27,109.4,75.2
IWA,2020-08-28,109.4,84.2
IWA,2020-08-29,102.2,75.2
IWA,2020-08-30,98.6,75.2
IWA,2020-08-31,98.6,73.4
IWA,2020-09-01,100.4,78.8
IWA,2020-09-02,100.4,80.6
IWA,2020-09-03,104.0,78.8
IWA,2020-09-04,111.2,80.6
IWA,2020-09-05,111.2,84.2
IWA,2020-09-06,109.4,82.4
IWA,2020-09-07,105.8,80.6
IWA,2020-09-08,96.8,77.0
IWA,2020-09-09,86.0,62.6
IWA,2020-09-10,89.6,64.4
IWA,2020-09-11,87.8,65.5
IWA,2020-09-12,95.0,66.2
IWA,2020-09-13,100.4,68.0
IWA,2020-09-14,100.4,73.4
IWA,2020-09-15,102.2,77.0
IWA,2020-09-16,105.8,71.6
IWA,2020-09-17,105.8,71.6
IWA,2020-09-18,104.0,75.0
IWA,2020-09-19,102.2,77.0
IWA,2020-09-20,102.2,73.4
IWA,2020-09-21,102.2,77.0
IWA,2020-09-22,98.6,78.8
IWA,2020-09-23,102.2,71.6
IWA,2020-09-24,102.2,71.6
IWA,2020-09-25,102.2,71.6
IWA,2020-09-26,100.4,71.6
IWA,2020-09-27,98.6,69.8
IWA,2020-09-28,100.4,68.0
IWA,2020-09-29,98.6,77.0
IWA,2020-09-30,100.4,68.4
IWA,2020-10-01,104.0,68.0
IWA,2020-10-02,104.0,68.0
IWA,2020-10-03,102.2,64.4
IWA,2020-10-04,102.2,64.4
IWA,2020-10-05,102.2,66.2
IWA,2020-10-06,100.4,66.2
IWA,2020-10-07,102.2,64.4
IWA,2020-10-08,100.4,66.2
IWA,2020-10-09,96.8,66.2
IWA,2020-10-10,95.0,66.2
IWA,2020-10-11,91.4,65.7
IWA,2020-10-12,95.0,64.0
IWA,2020-10-13,98.6,62.6
IWA,2020-10-14,96.8,64.2
IWA,2020-10-15,95.0,62.6
IWA,2020-10-16,100.4,64.4
IWA,2020-10-17,93.2,62.6
IWA,2020-10-18,95.0,59.0
IWA,2020-10-19,93.2,60.8
IWA,2020-10-20,93.2,59.0
IWA,2020-10-21,93.2,60.8
IWA,2020-10-22,91.4,62.6
IWA,2020-10-23,91.4,64.8
IWA,2020-10-24,84.2,66.2
IWA,2020-10-25,84.2,65.0
IWA,2020-10-26,69.0,50.0
IWA,2020-10-27,64.4,46.4
IWA,2020-10-28,68.0,39.2
IWA,2020-10-29,82.4,44.6
IWA,2020-10-30,84.2,53.6
IWA,2020-10-31,86.0,57.4
IWA,2020-11-01,91.4,60.8
IWA,2020-11-02,93.2,70.2
IWA,2020-11-03,91.4,60.8
IWA,2020-11-04,89.6,57.2
IWA,2020-11-05,96.8,57.2
IWA,2020-11-06,89.6,71.6
IWA,2020-11-07,82.4,59.0
IWA,2020-11-08,66.2,50.0
IWA,2020-11-09,60.8,42.8
IWA,2020-11-10,64.4,38.8
IWA,2020-11-11,68.0,37.4
IWA,2020-11-12,69.8,41.0
IWA,2020-11-13,73.4,44.6
IWA,2020-11-14,73.4,42.8
IWA,2020-11-15,80.6,42.3
IWA,2020-11-16,87.8,46.4
IWA,2020-11-17,91.4,53.4
IWA,2020-11-18,89.6,57.2
IWA,2020-11-19,84.2,55.4
IWA,2020-11-20,86.0,55.4
IWA,2020-11-21,82.4,57.2
IWA,2020-11-22,80.6,53.6
IWA,2020-11-23,77.0,53.6
IWA,2020-11-24,69.8,46.4
IWA,2020-11-25,69.8,41.0
IWA,2020-11-26,69.8,39.2
IWA,2020-11-27,60.8,37.4
IWA,2020-11-28,68.0,37.4
IWA,2020-11-29,73.4,37.4
IWA,2020-11-30,71.6,42.8
IWA,2020-12-01,68.0,39.2
IWA,2020-12-02,66.2,35.6
IWA,2020-12-03,62.6,42.8
IWA,2020-12-04,64.4,32.0
IWA,2020-12-05,68.0,35.6
IWA,2020-12-06,71.6,35.6
IWA,2020-12-07,78.8,37.4
IWA,2020-12-08,78.8,42.3
IWA,2020-12-09,78.8,44.6
IWA,2020-12-10,57.2,48.2
IWA,2020-12-11,64.4,44.6
IWA,2020-12-12,64.4,42.8
IWA,2020-12-13,60.8,35.6
IWA,2020-12-14,66.2,38.0
IWA,2020-12-15,59.0,30.2
IWA,2020-12-16,62.6,32.0
IWA,2020-12-17,62.6,35.6
IWA,2020-12-18,62.6,33.8
IWA,2020-12-19,64.4,33.8
IWA,2020-12-20,68.0,35.6
IWA,2020-12-21,71.6,37.4
IWA,2020-12-22,69.8,39.0
IWA,2020-12-23,68.0,35.6
IWA,2020-12-24,59.0,37.4
IWA,2020-12-25,68.0,35.0
IWA,2020-12-26,68.0,37.4
IWA,2020-12-27,71.6,37.4
IWA,2020-12-28,68.0,51.8
IWA,2020-12-29,59.0,41.0
IWA,2020-12-30,62.6,35.2
IWA,2020-12-31,59.0,35.0
IWA,2021-01-01,62.6,33.8
IWA,2021-01-02,60.8,33.8
IWA,2021-01-03,60.8,32.0
IWA,2021-01-04,68.0,35.6
IWA,2021-01-05,68.0,39.2
IWA,2021-01-06,68.0,35.6
IWA,2021-01-07,68.0,37.4
IWA,2021-01-08,66.2,37.4
IWA,2021-01-09,66.2,37.4
IWA,2021-01-10,64.4,32.0
IWA,2021-01-11,64.4,39.2
IWA,2021-01-12,64.4,33.8
IWA,2021-01-13,64.4,33.8
IWA,2021-01-14,69.8,37.4
IWA,2021-01-15,77.0,37.4
IWA,2021-01-16,75.2,44.0
IWA,2021-01-17,77.0,39.2
IWA,2021-01-18,69.8,37.4
IWA,2021-01-19,73.4,53.6
IWA,2021-01-20,71.6,57.2
IWA,2021-01-21,69.8,53.0
IWA,2021-01-22,68.0,51.0
IWA,2021-01-23,62.6,51.4
IWA,2021-01-24,53.6,44.6
IWA,2021-01-25,51.8,39.2
IWA,2021-01-26,51.8,38.5
IWA,2021-01-27,60.8,34.0
IWA,2021-01-28,71.6,42.8
IWA,2021-01-29,68.0,44.6
IWA,2021-01-30,60.8,39.2
IWA,2021-01-31,71.6,37.4
IWA,2021-02-01,71.6,48.2
IWA,2021-02-02,80.6,53.6
IWA,2021-02-03,78.8,60.0
IWA,2021-02-04,71.6,50.0
IWA,2021-02-05,66.2,41.0
IWA,2021-02-06,69.8,39.2
IWA,2021-02-07,69.8,39.2
IWA,2021-02-08,73.4,41.0
IWA,2021-02-09,73.4,44.0
IWA,2021-02-10,71.6,50.0
IWA,2021-02-11,73.4,33.8
IWA,2021-02-12,73.4,50.2
IWA,2021-02-13,69.8,44.6
IWA,2021-02-14,62.6,46.4
IWA,2021-02-15,62.6,39.2
IWA,2021-02-16,68.0,44.2
IWA,2021-02-17,64.4,37.4
IWA,2021-02-18,62.6,37.4
IWA,2021-02-19,68.0,39.0
IWA,2021-02-20,78.8,42.8
IWA,2021-02-21,68.0,41.0
IWA,2021-02-22,75.2,37.4
IWA,2021-02-23,77.0,44.6
IWA,2021-02-24,77.0,42.8
IWA,2021-02-25,66.2,42.8
IWA,2021-02-26,68.0,37.4
IWA,2021-02-27,69.8,39.2
IWA,2021-02-28,60.8,41.0
IWA,2021-03-01,68.0,33.8
IWA,2021-03-02,77.0,44.6
IWA,2021-03-03,84.2,42.8
IWA,2021-03-04,68.0,46.4
IWA,2021-03-05,80.6,44.0
IWA,2021-03-06,82.4,55.4
IWA,2021-03-07,86.0,50.0
IWA,2021-03-08,84.2,62.0
IWA,2021-03-09,78.8,55.4
IWA,2021-03-10,66.2,44.6
IWA,2021-03-11,66.2,42.8
IWA,2021-03-12,59.0,41.0
IWA,2021-03-13,57.2,43.7
IWA,2021-03-14,64.4,39.2
IWA,2021-03-15,71.6,44.6
IWA,2021-03-16,59.5,44.6
IWA,2021-03-17,69.8,37.4
IWA,2021-03-18,78.8,44.6
IWA,2021-03-19,82.4,46.4
IWA,2021-03-20,84.2,51.8
IWA,2021-03-21,75.2,53.6
IWA,2021-03-22,68.0,49.6
IWA,2021-03-23,66.2,48.6
IWA,2021-03-24,68.0,48.2
IWA,2021-03-25,69.8,48.2
IWA,2021-03-26,60.8,50.0
IWA,2021-03-27,75.2,40.6
IWA,2021-03-28,84.2,46.4
IWA,2021-03-29,84.2,51.8
IWA,2021-03-30,84.2,55.4
IWA,2021-03-31,86.0,50.0
IWA,2021-04-01,93.2,58.5
IWA,2021-04-02,89.6,66.2
IWA,2021-04-03,93.2,59.0
IWA,2021-04-04,95.0,62.6
IWA,2021-04-05,93.2,62.6
IWA,2021-04-06,87.8,66.2
IWA,2021-04-07,87.8,51.8
IWA,2021-04-08,89.6,60.8
IWA,2021-04-09,91.4,59.0
IWA,2021-04-10,91.4,58.0
IWA,2021-04-11,89.6,59.0
IWA,2021-04-12,89.6,60.8
IWA,2021-04-13,87.8,60.8
IWA,2021-04-14,86.0,60.6
IWA,2021-04-15,78.8,57.2
IWA,2021-04-16,80.6,51.8
IWA,2021-04-17,84.2,50.0
IWA,2021-04-18,78.8,57.2
IWA,2021-04-19,84.2,58.6
IWA,2021-04-20,89.6,55.4
IWA,2021-04-21,89.6,61.7
IWA,2021-04-22,80.6,57.2
IWA,2021-04-23,82.4,58.6
IWA,2021-04-24,89.6,57.2
IWA,2021-04-25,91.4,59.0
IWA,2021-04-26,77.0,62.0
IWA,2021-04-27,71.6,55.4
IWA,2021-04-28,73.4,51.8
IWA,2021-04-29,91.4,50.4
IWA,2021-04-30,93.2,60.8
IWA,2021-05-01,95.0,64.4
IWA,2021-05-02,91.4,64.4
IWA,2021-05-03,86.0,62.6
IWA,2021-05-04,91.4,59.0
IWA,2021-05-05,96.8,60.8
IWA,2021-05-06,98.6,66.2
IWA,2021-05-07,95.0,68.0
IWA,2021-05-08,91.4,64.4
IWA,2021-05-09,93.2,64.4
IWA,2021-05-10,95.0,64.0
IWA,2021-05-11,93.2,60.8
IWA,2021-05-12,96.8,62.6
IWA,2021-05-13,98.6,64.4
IWA,2021-05-14,98.6,66.2
IWA,2021-05-15,96.8,69.8
IWA,2021-05-16,91.4,65.0
IWA,2021-05-17,86.0,63.7
IWA,2021-05-18,93.2,64.4
IWA,2021-05-19,96.8,69.4
IWA,2021-05-20,96.8,68.0
IWA,2021-05-21,86.0,71.6
IWA,2021-05-22,80.6,57.2
IWA,2021-05-23,84.2,51.8
IWA,2021-05-24,89.6,57.0
IWA,2021-05-25,95.0,60.8
IWA,2021-05-26,93.2,69.8
IWA,2021-05-27,95.0,66.2
IWA,2021-05-28,98.6,66.2
IWA,2021-05-29,100.4,66.2
IWA,2021-05-30,96.8,64.4
IWA,2021-05-31,96.8,69.8
IWA,2021-06-01,102.2,71.6
IWA,2021-06-02,102.2,75.2
IWA,2021-06-03,104.0,75.2
IWA,2021-06-04,105.8,77.2
IWA,2021-06-05,105.8,75.2
IWA,2021-06-06,102.2,71.6
IWA,2021-06-07,100.4,68.0
IWA,2021-06-08,95.0,69.8
IWA,2021-06-09,100.4,69.0
IWA,2021-06-10,98.6,69.8
IWA,2021-06-11,102.2,69.8
IWA,2021-06-12,107.6,68.0
IWA,2021-06-13,111.2,73.0
IWA,2021-06-14,109.4,73.4
IWA,2021-06-15,111.2,80.6
IWA,2021-06-16,111.2,86.0
IWA,2021-06-17,114.8,84.2
IWA,2021-06-18,114.8,86.7
IWA,2021-06-19,113.0,86.0
IWA,2021-06-20,111.2,84.2
IWA,2021-06-21,105.8,84.2
IWA,2021-06-22,104.0,80.6
IWA,2021-06-23,90.3,78.8
IWA,2021-06-24,100.4,73.4
IWA,2021-06-25,102.2,78.8
IWA,2021-06-26,105.8,77.0
IWA,2021-06-27,109.4,75.7
IWA,2021-06-28,105.8,86.0
IWA,2021-06-29,102.2,82.4
IWA,2021-06-30,104.0,84.0
IWA,2021-07-01,104.0,80.6
IWA,2021-07-02,102.2,87.4
IWA,2021-07-03,104.0,78.8
IWA,2021-07-04,98.6,78.6
IWA,2021-07-05,105.8,86.0
IWA,2021-07-06,107.6,84.2
IWA,2021-07-07,107.6,84.2
IWA,2021-07-08,109.4,87.8
IWA,2021-07-09,109.4,82.4
IWA,2021-07-10,109.4,78.8
IWA,2021-07-11,105.8,80.6
IWA,2021-07-12,102.2,87.3
IWA,2021-07-13,105.8,82.4
IWA,2021-07-14,94.6,69.8
IWA,2021-07-15,98.6,78.4
IWA,2021-07-16,96.8,78.8
IWA,2021-07-17,98.6,78.8
IWA,2021-07-18,96.8,80.6
IWA,2021-07-19,102.2,84.2
IWA,2021-07-20,102.2,87.8
IWA,2021-07-21,105.8,86.0
IWA,2021-07-22,102.2,78.8
IWA,2021-07-23,81.0,73.4
IWA,2021-07-24,77.0,71.6
IWA,2021-07-25,80.6,71.6
IWA,2021-07-26,95.0,73.4
IWA,2021-07-27,100.4,77.0
IWA,2021-07-28,102.2,80.0
IWA,2021-07-29,102.2,82.4
IWA,2021-07-30,100.4,77.0
IWA,2021-07-31,96.8,76.3
IWA,2021-08-01,100.4,80.6
IWA,2021-08-02,105.8,83.0
IWA,2021-08-03,107.6,86.0
IWA,2021-08-04,109.4,82.4
IWA,2021-08-05,105.8,86.0
IWA,2021-08-06,105.8,86.0
IWA,2021-08-07,104.0,84.2
IWA,2021-08-08,104.0,84.2
IWA,2021-08-09,93.2,77.0
IWA,2021-08-10,91.4,73.4
IWA,2021-08-11,91.4,74.0
IWA,2021-08-12,93.2,75.2
IWA,2021-08-13,96.8,73.4
IWA,2021-08-14,91.4,73.2
IWA,2021-08-15,96.8,78.8
IWA,2021-08-16,96.8,71.6
IWA,2021-08-17,91.4,72.7
IWA,2021-08-18,96.8,78.8
IWA,2021-08-19,95.0,75.2
IWA,2021-08-20,96.8,77.0
IWA,2021-08-21,98.6,75.2
IWA,2021-08-22,100.4,75.2
IWA,2021-08-23,102.2,73.4
IWA,2021-08-24,102.2,76.0
IWA,2021-08-25,105.8,78.8
IWA,2021-08-26,107.6,80.6
IWA,2021-08-27,109.4,80.6
IWA,2021-08-28,102.2,84.2
IWA,2021-08-29,105.8,84.2
IWA,2021-08-30,102.2,86.0
IWA,2021-08-31,95.0,71.6
IWA,2021-09-01,91.4,71.4
IWA,2021-09-02,91.4,72.5
IWA,2021-09-03,98.6,75.2
IWA,2021-09-04,102.2,78.3
IWA,2021-09-05,102.2,78.8
IWA,2021-09-06,100.4,77.0
IWA,2021-09-07,102.2,78.6
IWA,2021-09-08,104.0,80.6
IWA,2021-09-09,107.6,80.6
IWA,2021-09-10,105.8,78.6
IWA,2021-09-11,104.0,78.8
IWA,2021-09-12,105.8,77.0
IWA,2021-09-13,105.8,77.0
IWA,2021-09-14,104.0,75.2
IWA,2021-09-15,104.0,73.4
IWA,2021-09-16,102.2,73.4
IWA,2021-09-17,96.8,78.8
IWA,2021-09-18,98.6,77.0
IWA,2021-09-19,96.8,75.2
IWA,2021-09-20,96.8,71.6
IWA,2021-09-21,100.4,68.0
IWA,2021-09-22,100.4,71.6
IWA,2021-09-23,95.0,75.2
IWA,2021-09-24,87.8,73.2
IWA,2021-09-25,93.2,71.6
IWA,2021-09-26,77.2,69.8
IWA,2021-09-27,86.0,69.4
IWA,2021-09-28,89.6,69.8
IWA,2021-09-29,84.2,68.0
IWA,2021-09-30,86.0,68.7
IWA,2021-10-01,87.8,64.2
IWA,2021-10-02,91.4,62.6
IWA,2021-10-03,95.0,66.2
IWA,2021-10-04,96.8,69.8
IWA,2021-10-05,84.2,68.0
IWA,2021-10-06,87.8,64.4
IWA,2021-10-07,91.4,64.4
IWA,2021-10-08,89.6,66.2
IWA,2021-10-09,84.2,69.8
IWA,2021-10-10,80.6,53.6
IWA,2021-10-11,86.0,53.6
IWA,2021-10-12,68.0,53.6
IWA,2021-10-13,73.4,46.4
IWA,2021-10-14,77.0,48.2
IWA,2021-10-15,84.2,50.7
IWA,2021-10-16,91.4,55.4
IWA,2021-10-17,89.6,64.0
IWA,2021-10-18,82.4,60.6
IWA,2021-10-19,77.0,57.2
IWA,2021-10-20,84.2,55.4
IWA,2021-10-21,89.6,56.3
IWA,2021-10-22,86.0,57.2
IWA,2021-10-23,84.2,57.2
IWA,2021-10-24,84.2,57.2
IWA,2021-10-25,89.6,59.0
IWA,2021-10-26,73.4,55.4
IWA,2021-10-27,75.2,46.4
IWA,2021-10-28,87.8,48.2
IWA,2021-10-29,91.4,53.6
IWA,2021-10-30,86.0,55.4
IWA,2021-10-31,86.0,57.2
IWA,2021-11-01,82.4,57.2
IWA,2021-11-02,80.6,57.2
IWA,2021-11-03,84.2,53.6
IWA,2021-11-04,87.8,55.4
IWA,2021-11-05,87.8,53.6
IWA,2021-11-06,87.8,53.6
IWA,2021-11-07,86.0,55.4
IWA,2021-11-08,86.0,55.4
IWA,2021-11-09,80.6,51.8
IWA,2021-11-10,80.6,51.8
IWA,2021-11-11,84.2,51.8
IWA,2021-11-12,86.0,50.0
IWA,2021-11-13,86.0,50.0
IWA,2021-11-14,84.2,53.6
IWA,2021-11-15,84.2,48.2
IWA,2021-11-16,80.6,51.8
IWA,2021-11-17,77.0,48.2
IWA,2021-11-18,82.4,42.8
IWA,2021-11-19,80.6,50.0
IWA,2021-11-20,77.0,46.4
IWA,2021-11-21,82.4,51.8
IWA,2021-11-22,80.6,53.6
IWA,2021-11-23,75.2,59.7
IWA,2021-11-24,71.6,55.4
IWA,2021-11-25,75.2,58.3
IWA,2021-11-26,77.0,48.2
IWA,2021-11-27,73.4,48.2
IWA,2021-11-28,78.8,44.6
IWA,2021-11-29,80.6,46.4
IWA,2021-11-30,77.0,50.0
IWA,2021-12-01,82.4,46.4
IWA,2021-12-02,80.6,51.8
IWA,2021-12-03,77.0,50.0
IWA,2021-12-04,75.2,48.2
IWA,2021-12-05,73.4,42.8
IWA,2021-12-06,75.2,44.6
IWA,2021-12-07,75.2,50.0
IWA,2021-12-08,71.6,49.8
IWA,2021-12-09,71.6,46.4
IWA,2021-12-10,60.8,50.0
IWA,2021-12-11,64.4,42.8
IWA,2021-12-12,71.6,39.2
IWA,2021-12-13,71.6,42.8
IWA,2021-12-14,69.8,53.6
IWA,2021-12-15,59.2,41.0
IWA,2021-12-16,60.8,33.8
IWA,2021-12-17,59.0,36.5
IWA,2021-12-18,66.2,33.8
IWA,2021-12-19,66.2,35.6
IWA,2021-12-20,68.0,39.2
IWA,2021-12-21,64.4,45.3
IWA,2021-12-22,69.8,44.6
IWA,2021-12-23,75.2,54.7
IWA,2021-12-24,62.4,53.6
IWA,2021-12-25,60.8,51.8
IWA,2021-12-26,62.6,50.0
IWA,2021-12-27,57.2,46.4
IWA,2021-12-28,59.0,42.0
IWA,2021-12-29,57.2,44.6
IWA,2021-12-30,60.8,46.4
IWA,2021-12-31,57.2,49.8
IWA,2022-01-01,53.6,37.4
IWA,2022-01-02,57.2,32.0
IWA,2022-01-03,62.6,33.8
IWA,2022-01-04,60.8,37.4
IWA,2022-01-05,62.6,37.4
IWA,2022-01-06,64.4,39.2
IWA,2022-01-07,69.8,39.2
IWA,2022-01-08,66.2,44.4
IWA,2022-01-09,73.4,39.2
IWA,2022-01-10,71.6,46.4
IWA,2022-01-11,69.8,44.6
IWA,2022-01-12,69.8,41.0
IWA,2022-01-13,68.0,41.0
IWA,2022-01-14,68.0,46.4
IWA,2022-01-15,68.0,43.5
IWA,2022-01-16,69.8,39.2
IWA,2022-01-17,69.8,44.6
IWA,2022-01-18,68.0,49.8
IWA,2022-01-19,66.2,48.2
IWA,2022-01-20,71.6,42.8
IWA,2022-01-21,68.0,41.0
IWA,2022-01-22,68.0,48.7
IWA,2022-01-23,68.0,46.4
IWA,2022-01-24,66.2,41.0
IWA,2022-01-25,66.2,39.2
IWA,2022-01-26,66.2,39.2
IWA,2022-01-27,66.2,38.5
IWA,2022-01-28,69.8,50.0
IWA,2022-01-29,71.6,44.6
IWA,2022-01-30,69.8,48.2
IWA,2022-01-31,66.2,41.0
IWA,2022-02-01,66.2,43.0
IWA,2022-02-02,57.2,41.0
IWA,2022-02-03,53.6,30.2
IWA,2022-02-04,62.6,33.0
IWA,2022-02-05,62.6,33.8
IWA,2022-02-06,69.8,35.0
IWA,2022-02-07,69.8,43.7
IWA,2022-02-08,73.4,39.2
IWA,2022-02-09,77.0,41.0
IWA,2022-02-10,78.8,44.6
IWA,2022-02-11,77.0,45.0
IWA,2022-02-12,78.8,44.6
IWA,2022-02-13,78.8,44.6
IWA,2022-02-14,78.8,42.8
IWA,2022-02-15,77.0,46.0
IWA,2022-02-16,61.5,46.4
IWA,2022-02-17,62.6,42.8
IWA,2022-02-18,69.8,37.4
IWA,2022-02-19,77.0,42.8
IWA,2022-02-20,77.0,44.6
IWA,2022-02-21,69.8,44.6
IWA,2022-02-22,64.4,46.4
IWA,2022-02-23,55.4,39.2
IWA,2022-02-24,53.6,33.8
IWA,2022-02-25,62.6,35.6
IWA,2022-02-26,66.2,37.4
IWA,2022-02-27,71.6,39.0
IWA,2022-02-28,78.8,46.4
IWA,2022-03-01,82.4,44.6
IWA,2022-03-02,84.2,46.4
IWA,2022-03-03,86.0,52.5
IWA,2022-03-04,71.2,55.4
IWA,2022-03-05,68.0,51.0
IWA,2022-03-06,73.4,42.8
IWA,2022-03-07,64.4,39.2
IWA,2022-03-08,62.6,39.2
IWA,2022-03-09,68.0,37.4
IWA,2022-03-10,69.8,42.8
IWA,2022-03-11,66.2,39.2
IWA,2022-03-12,75.2,35.6
IWA,2022-03-13,77.0,42.8
IWA,2022-03-14,78.8,46.4
IWA,2022-03-15,84.2,49.3
IWA,2022-03-16,80.6,50.0
IWA,2022-03-17,77.0,53.6
IWA,2022-03-18,80.6,50.0
IWA,2022-03-19,82.4,48.2
IWA,2022-03-20,71.6,57.2
IWA,2022-03-21,71.6,48.2
IWA,2022-03-22,78.8,44.4
IWA,2022-03-23,77.0,55.4
IWA,2022-03-24,82.4,46.4
IWA,2022-03-25,91.4,55.0
IWA,2022-03-26,91.4,55.4
IWA,2022-03-27,93.2,55.4
IWA,2022-03-28,80.6,60.8
IWA,2022-03-29,66.2,51.8
IWA,2022-03-30,75.2,50.0
IWA,2022-03-31,78.8,53.6
IWA,2022-04-01,82.4,55.4
IWA,2022-04-02,86.0,57.2
IWA,2022-04-03,82.4,55.4
IWA,2022-04-04,84.2,58.0
IWA,2022-04-05,89.6,60.4
IWA,2022-04-06,91.4,62.2
IWA,2022-04-07,91.4,59.0
IWA,2022-04-08,93.2,58.6
IWA,2022-04-09,93.2,59.0
IWA,2022-04-10,87.8,62.6
IWA,2022-04-11,86.0,60.8
IWA,2022-04-12,73.4,57.2
IWA,2022-04-13,71.6,41.0
IWA,2022-04-14,80.6,46.4
IWA,2022-04-15,86.0,51.8
IWA,2022-04-16,87.8,57.0
IWA,2022-04-17,87.8,55.4
IWA,2022-04-18,93.2,55.4
IWA,2022-04-19,95.0,64.0
IWA,2022-04-20,87.8,64.4
IWA,2022-04-21,91.4,60.8
IWA,2022-04-22,77.0,62.6
IWA,2022-04-23,78.8,53.6
IWA,2022-04-24,82.4,53.6
IWA,2022-04-25,91.4,53.6
IWA,2022-04-26,96.8,59.5
IWA,2022-04-27,91.4,60.8
IWA,2022-04-28,89.6,60.8
IWA,2022-04-29,87.8,59.0
IWA,2022-04-30,91.4,57.2
IWA,2022-05-01,95.0,60.8
IWA,2022-05-02,91.4,62.6
IWA,2022-05-03,89.6,64.2
IWA,2022-05-04,89.6,60.8
IWA,2022-05-05,93.2,59.0
IWA,2022-05-06,95.0,62.6
IWA,2022-05-07,98.6,66.2
IWA,2022-05-08,93.2,68.0
IWA,2022-05-09,87.8,63.0
IWA,2022-05-10,87.8,61.3
IWA,2022-05-11,87.8,59.0
IWA,2022-05-12,84.2,53.6
IWA,2022-05-13,93.2,53.6
IWA,2022-05-14,100.4,62.6
IWA,2022-05-15,102.2,64.4
IWA,2022-05-16,102.2,66.2
IWA,2022-05-17,98.6,69.8
IWA,2022-05-18,96.8,69.8
IWA,2022-05-19,96.8,69.8
IWA,2022-05-20,96.8,67.5
IWA,2022-05-21,93.2,66.2
IWA,2022-05-22,95.0,66.2
IWA,2022-05-23,93.2,66.2
IWA,2022-05-24,95.0,66.2
IWA,2022-05-25,100.4,69.8
IWA,2022-05-26,102.2,71.2
IWA,2022-05-27,102.2,72.0
IWA,2022-05-28,100.4,73.4
IWA,2022-05-29,91.4,69.8
IWA,2022-05-30,93.2,67.5
IWA,2022-05-31,95.0,66.2
IWA,2022-06-01,96.8,67.3
IWA,2022-06-02,100.4,68.0
IWA,2022-06-03,100.4,71.4
IWA,2022-06-04,98.6,68.4
IWA,2022-06-05,98.6,71.6
IWA,2022-06-06,102.2,75.0
IWA,2022-06-07,102.2,77.0
IWA,2022-06-08,104.0,77.5
IWA,2022-06-09,105.8,80.2
IWA,2022-06-10,109.4,82.4
IWA,2022-06-11,111.2,82.4
IWA,2022-06-12,109.4,82.8
IWA,2022-06-13,105.8,84.2
IWA,2022-06-14,102.2,75.2
IWA,2022-06-15,104.0,75.2
IWA,2022-06-16,109.4,76.0
IWA,2022-06-17,107.6,85.6
IWA,2022-06-18,91.6,75.2
IWA,2022-06-19,98.6,73.4
IWA,2022-06-20,100.4,69.3
IWA,2022-06-21,104.0,75.2
IWA,2022-06-22,102.2,82.4
IWA,2022-06-23,105.8,82.4
IWA,2022-06-24,104.0,82.2
IWA,2022-06-25,102.2,75.4
IWA,2022-06-26,102.2,78.8
IWA,2022-06-27,100.4,75.2
IWA,2022-06-28,104.0,83.8
IWA,2022-06-29,105.8,84.2
IWA,2022-06-30,102.2,82.4
IWA,2022-07-01,105.8,84.2
IWA,2022-07-02,102.2,84.2
IWA,2022-07-03,104.0,82.4
IWA,2022-07-04,102.2,82.4
IWA,2022-07-05,102.2,82.4
IWA,2022-07-06,102.2,77.0
IWA,2022-07-07,105.8,76.6
IWA,2022-07-08,109.4,80.6
IWA,2022-07-09,109.4,84.2
IWA,2022-07-10,109.4,84.2
IWA,2022-07-11,113.0,86.0
IWA,2022-07-12,107.6,87.8
IWA,2022-07-13,109.4,87.8
IWA,2022-07-14,107.6,82.4
IWA,2022-07-15,109.4,82.6
IWA,2022-07-16,109.4,86.0
IWA,2022-07-17,109.4,84.2
IWA,2022-07-18,105.8,86.0
IWA,2022-07-19,109.4,89.6
IWA,2022-07-20,107.6,89.6
IWA,2022-07-21,105.8,87.8
IWA,2022-07-22,109.4,89.6
IWA,2022-07-23,104.0,80.6
IWA,2022-07-24,96.8,77.0
IWA,2022-07-25,95.0,80.4
IWA,2022-07-26,96.8,79.7
IWA,2022-07-27,95.0,78.8
IWA,2022-07-28,89.6,78.8
IWA,2022-07-29,95.0,78.6
IWA,2022-07-30,100.4,78.8
IWA,2022-07-31,100.4,77.0
IWA,2022-08-01,100.4,80.6
IWA,2022-08-02,102.2,86.0
IWA,2022-08-03,98.6,80.6
IWA,2022-08-04,91.4,73.4
IWA,2022-08-05,100.4,77.0
IWA,2022-08-06,105.8,82.4
IWA,2022-08-07,102.2,80.6
IWA,2022-08-08,100.4,84.0
IWA,2022-08-09,98.6,73.4
IWA,2022-08-10,102.2,80.6
IWA,2022-08-11,102.2,80.6
IWA,2022-08-12,102.2,77.0
IWA,2022-08-13,102.2,77.0
IWA,2022-08-14,98.6,80.6
IWA,2022-08-15,98.6,77.0
IWA,2022-08-16,102.2,82.4
IWA,2022-08-17,104.0,78.8
IWA,2022-08-18,100.4,77.0
IWA,2022-08-19,93.2,71.6
IWA,2022-08-20,89.6,76.3
IWA,2022-08-21,95.0,77.0
IWA,2022-08-22,96.8,75.2
IWA,2022-08-23,100.4,80.6
IWA,2022-08-24,96.8,80.6
IWA,2022-08-25,100.4,82.4
IWA,2022-08-26,102.2,82.4
IWA,2022-08-27,100.4,82.4
IWA,2022-08-28,100.4,80.6
IWA,2022-08-29,102.2,82.4
IWA,2022-08-30,107.6,80.6
IWA,2022-08-31,104.0,82.4
IWA,2022-09-01,104.0,78.8
IWA,2022-09-02,104.0,78.8
IWA,2022-09-03,105.8,78.8
IWA,2022-09-04,105.8,83.5
IWA,2022-09-05,105.8,78.8
IWA,2022-09-06,105.8,80.6
IWA,2022-09-07,105.8,80.6
IWA,2022-09-08,104.0,82.4
IWA,2022-09-09,96.8,73.4
IWA,2022-09-10,91.4,72.7
IWA,2022-09-11,100.4,73.4
IWA,2022-09-12,93.2,74.7
IWA,2022-09-13,93.2,76.8
IWA,2022-09-14,93.2,75.0
IWA,2022-09-15,93.2,73.4
IWA,2022-09-16,93.2,74.7
IWA,2022-09-17,96.8,71.6
IWA,2022-09-18,98.6,69.8
IWA,2022-09-19,102.2,73.4
IWA,2022-09-20,95.0,77.0
IWA,2022-09-21,87.8,74.8
IWA,2022-09-22,91.4,75.2
IWA,2022-09-23,96.8,77.0
IWA,2022-09-24,98.6,73.4
IWA,2022-09-25,100.4,73.4
IWA,2022-09-26,102.2,73.4
IWA,2022-09-27,100.4,80.6
IWA,2022-09-28,98.6,75.2
IWA,2022-09-29,95.0,71.6
IWA,2022-09-30,95.0,71.6
IWA,2022-10-01,95.0,71.6
IWA,2022-10-02,93.2,73.4
IWA,2022-10-03,96.8,73.4
IWA,2022-10-04,89.6,66.2
IWA,2022-10-05,95.0,67.8
IWA,2022-10-06,91.4,71.6
IWA,2022-10-07,89.6,66.7
IWA,2022-10-08,87.8,66.2
IWA,2022-10-09,87.8,64.4
IWA,2022-10-10,87.8,66.2
IWA,2022-10-11,89.6,66.2
IWA,2022-10-12,91.4,66.2
IWA,2022-10-13,93.2,66.2
IWA,2022-10-14,93.2,67.5
IWA,2022-10-15,78.8,64.4
IWA,2022-10-16,73.4,62.0
IWA,2022-10-17,80.6,57.2
IWA,2022-10-18,84.2,62.6
IWA,2022-10-19,86.0,62.6
IWA,2022-10-20,87.8,60.8
IWA,2022-10-21,87.8,62.6
IWA,2022-10-22,86.0,67.5
IWA,2022-10-23,75.2,66.2
IWA,2022-10-24,69.8,53.6
IWA,2022-10-25,73.4,46.4
IWA,2022-10-26,77.0,48.2
IWA,2022-10-27,77.0,48.2
IWA,2022-10-28,78.8,48.2
IWA,2022-10-29,89.6,51.8
IWA,2022-10-30,77.0,50.0
IWA,2022-10-31,78.8,48.2
IWA,2022-11-01,77.0,54.3
IWA,2022-11-02,77.0,54.7
IWA,2022-11-03,64.0,46.4
IWA,2022-11-04,60.8,39.2
IWA,2022-11-05,66.2,42.6
IWA,2022-11-06,78.8,42.8
IWA,2022-11-07,77.0,50.0
IWA,2022-11-08,78.8,50.0
IWA,2022-11-09,69.8,53.6
IWA,2022-11-10,66.2,50.0
IWA,2022-11-11,68.0,42.8
IWA,2022-11-12,71.6,41.0
IWA,2022-11-13,66.2,41.0
IWA,2022-11-14,64.4,39.2
IWA,2022-11-15,69.8,39.2
IWA,2022-11-16,68.0,41.0
IWA,2022-11-17,68.0,42.8
IWA,2022-11-18,68.0,42.8
IWA,2022-11-19,71.6,42.8
IWA,2022-11-20,69.8,47.8
IWA,2022-11-21,71.6,41.0
IWA,2022-11-22,84.2,42.8
IWA,2022-11-23,69.8,39.2
IWA,2022-11-24,68.0,38.8
IWA,2022-11-25,68.0,42.8
IWA,2022-11-26,66.2,39.0
IWA,2022-11-27,66.2,37.4
IWA,2022-11-28,69.8,41.0
IWA,2022-11-29,64.4,43.2
IWA,2022-11-30,69.8,41.0
IWA,2022-12-01,71.6,44.2
IWA,2022-12-02,68.0,49.3
IWA,2022-12-03,57.0,33.8
IWA,2022-12-04,64.4,56.3
IWA,2022-12-05,68.0,56.0
IWA,2022-12-06,66.2,53.0
IWA,2022-12-07,62.6,47.0
IWA,2022-12-08,62.6,41.0
IWA,2022-12-09,62.6,42.8
IWA,2022-12-10,62.6,39.2
IWA,2022-12-11,68.0,39.0
IWA,2022-12-12,58.6,44.6
IWA,2022-12-13,51.8,39.6
IWA,2022-12-14,51.8,35.6
IWA,2022-12-15,53.6,33.8
IWA,2022-12-16,57.2,35.6
IWA,2022-12-17,59.0,30.2
IWA,2022-12-18,59.0,41.2
IWA,2022-12-19,60.8,35.0
IWA,2022-12-20,60.8,37.4
IWA,2022-12-21,60.8,37.0
IWA,2022-12-22,62.6,35.6
IWA,2022-12-23,66.2,40.8
IWA,2022-12-24,68.0,39.2
IWA,2022-12-25,71.6,41.0
IWA,2022-12-26,71.6,42.0
IWA,2022-12-27,73.4,46.2
IWA,2022-12-28,58.8,50.5
IWA,2022-12-29,60.8,44.6
IWA,2022-12-30,59.0,51.8
IWA,2022-12-31,66.2,46.4
IWA,2023-01-01,58.6,46.0
IWA,2023-01-02,55.4,46.0
IWA,2023-01-03,59.0,46.4
IWA,2023-01-04,64.4,45.3
IWA,2023-01-05,60.8,43.5
IWA,2023-01-06,60.8,44.4
IWA,2023-01-07,68.0,37.4
IWA,2023-01-08,68.0,41.5
IWA,2023-01-09,68.0,42.8
IWA,2023-01-10,69.8,44.6
IWA,2023-01-11,62.6,43.5
IWA,2023-01-12,71.6,39.2
IWA,2023-01-13,73.4,44.4
IWA,2023-01-14,66.2,44.6
IWA,2023-01-15,59.0,50.0
IWA,2023-01-16,55.4,48.2
IWA,2023-01-17,58.0,44.6
IWA,2023-01-18,55.4,41.0
IWA,2023-01-19,57.2,37.4
IWA,2023-01-20,53.6,40.5
IWA,2023-01-21,55.4,33.8
IWA,2023-01-22,59.0,33.8
IWA,2023-01-23,48.2,37.4
IWA,2023-01-24,51.8,30.2
IWA,2023-01-25,59.0,33.4
IWA,2023-01-26,60.8,32.0
IWA,2023-01-27,60.8,31.5
IWA,2023-01-28,62.6,32.0
IWA,2023-01-29,69.8,35.6
IWA,2023-01-30,60.8,39.2
IWA,2023-01-31,60.8,38.8
IWA,2023-02-01,64.4,37.4
IWA,2023-02-02,66.2,37.4
IWA,2023-02-03,73.4,38.7
IWA,2023-02-04,73.4,44.6
IWA,2023-02-05,71.6,41.0
IWA,2023-02-06,62.6,42.8
IWA,2023-02-07,64.4,43.7
IWA,2023-02-08,64.4,36.7
IWA,2023-02-09,66.2,37.4
IWA,2023-02-10,69.8,37.2
IWA,2023-02-11,71.6,47.5
IWA,2023-02-12,77.0,39.2
IWA,2023-02-13,55.4,42.3
IWA,2023-02-14,57.2,39.6
IWA,2023-02-15,50.0,35.6
IWA,2023-02-16,55.4,30.2
IWA,2023-02-17,64.4,41.0
IWA,2023-02-18,71.6,46.4
IWA,2023-02-19,69.8,48.2
IWA,2023-02-20,73.4,48.2
IWA,2023-02-21,60.8,52.0
IWA,2023-02-22,56.0,44.6
IWA,2023-02-23,57.2,43.2
IWA,2023-02-24,64.4,39.2
IWA,2023-02-25,73.4,47.0
IWA,2023-02-26,55.6,40.0
IWA,2023-02-27,60.8,35.2
IWA,2023-02-28,60.8,39.2
IWA,2023-03-01,64.4,39.2
IWA,2023-03-02,50.0,36.0
IWA,2023-03-03,59.0,38.8
IWA,2023-03-04,66.2,39.2
IWA,2023-03-05,69.8,42.8
IWA,2023-03-06,71.6,46.4
IWA,2023-03-07,71.6,49.3
IWA,2023-03-08,73.4,44.0
IWA,2023-03-09,71.6,42.8
IWA,2023-03-10,75.2,46.4
IWA,2023-03-11,73.4,57.2
IWA,2023-03-12,77.0,53.0
IWA,2023-03-13,77.0,51.8
IWA,2023-03-14,77.0,46.4
IWA,2023-03-15,60.8,55.8
IWA,2023-03-16,68.0,51.4
IWA,2023-03-17,69.8,46.0
IWA,2023-03-18,71.6,44.6
IWA,2023-03-19,69.8,50.0
IWA,2023-03-20,71.6,53.6
IWA,2023-03-21,64.4,59.0
IWA,2023-03-22,64.2,51.0
IWA,2023-03-23,66.2,42.8
IWA,2023-03-24,66.2,46.8
IWA,2023-03-25,68.0,41.0
IWA,2023-03-26,68.0,39.2
IWA,2023-03-27,71.6,37.4
IWA,2023-03-28,78.8,41.5
IWA,2023-03-29,80.6,45.7
IWA,2023-03-30,65.0,48.2
IWA,2023-03-31,68.0,41.0
IWA,2023-04-01,78.8,42.8
IWA,2023-04-02,78.8,48.2
IWA,2023-04-03,82.4,50.0
IWA,2023-04-04,59.0,42.8
IWA,2023-04-05,66.2,34.2
IWA,2023-04-06,77.0,38.5
IWA,2023-04-07,82.4,46.2
IWA,2023-04-08,82.4,48.2
IWA,2023-04-09,86.0,51.8
IWA,2023-04-10,96.8,55.4
IWA,2023-04-11,96.8,62.0
IWA,2023-04-12,91.4,62.0
IWA,2023-04-13,84.2,62.6
IWA,2023-04-14,77.0,53.6
IWA,2023-04-15,84.2,51.8
IWA,2023-04-16,87.8,53.6
IWA,2023-04-17,89.6,56.0
IWA,2023-04-18,84.2,58.3
IWA,2023-04-19,78.8,55.4
IWA,2023-04-20,82.4,50.0
IWA,2023-04-21,86.0,51.4
IWA,2023-04-22,89.6,56.5
IWA,2023-04-23,89.6,60.3
IWA,2023-04-24,87.8,59.0
IWA,2023-04-25,87.8,62.4
IWA,2023-04-26,86.0,60.4
IWA,2023-04-27,93.2,58.0
IWA,2023-04-28,95.0,60.8
IWA,2023-04-29,96.8,59.0
IWA,2023-04-30,98.6,62.6
IWA,2023-05-01,93.2,66.0
IWA,2023-05-02,89.6,62.0
IWA,2023-05-03,87.8,60.8
IWA,2023-05-04,80.6,60.0
IWA,2023-05-05,78.8,53.6
IWA,2023-05-06,84.2,55.4
IWA,2023-05-07,86.0,56.0
IWA,2023-05-08,89.6,57.6
IWA,2023-05-09,91.4,60.8
IWA,2023-05-10,89.6,60.8
IWA,2023-05-11,86.0,55.2
IWA,2023-05-12,93.2,60.4
IWA,2023-05-13,95.0,64.4
IWA,2023-05-14,96.8,71.4
IWA,2023-05-15,98.6,76.5
IWA,2023-05-16,100.4,74.0
IWA,2023-05-17,96.8,69.8
IWA,2023-05-18,96.8,74.0
IWA,2023-05-19,89.6,71.6
IWA,2023-05-20,95.0,67.0
IWA,2023-05-21,96.8,69.8
IWA,2023-05-22,96.8,70.7
IWA,2023-05-23,96.8,68.0
IWA,2023-05-24,95.0,70.3
IWA,2023-05-25,96.8,65.3
IWA,2023-05-26,95.0,67.5
IWA,2023-05-27,93.2,65.3
IWA,2023-05-28,96.8,66.2
IWA,2023-05-29,96.8,67.0
IWA,2023-05-30,96.8,67.3
IWA,2023-05-31,91.4,64.2
IWA,2023-06-01,87.8,64.0
IWA,2023-06-02,91.4,67.0
IWA,2023-06-03,96.8,67.3
IWA,2023-06-04,100.4,69.8
IWA,2023-06-05,102.2,70.5
IWA,2023-06-06,98.6,64.4
IWA,2023-06-07,93.2,64.4
IWA,2023-06-08,91.4,63.7
IWA,2023-06-09,93.2,63.5
IWA,2023-06-10,98.6,67.0
IWA,2023-06-11,93.2,66.2
IWA,2023-06-12,87.8,64.0
IWA,2023-06-13,91.4,65.8
IWA,2023-06-14,95.0,67.0
IWA,2023-06-15,96.8,69.4
IWA,2023-06-16,98.6,71.0
IWA,2023-06-17,98.6,69.8
IWA,2023-06-18,104.0,71.6
IWA,2023-06-19,100.4,73.4
IWA,2023-06-20,100.4,73.4
IWA,2023-06-21,102.2,69.8
IWA,2023-06-22,100.4,69.3
IWA,2023-06-23,96.8,70.7
IWA,2023-06-24,100.4,63.5
IWA,2023-06-25,105.8,71.4
IWA,2023-06-26,107.6,75.2
IWA,2023-06-27,105.8,73.4
IWA,2023-06-28,104.0,74.3
IWA,2023-06-29,102.2,73.2
IWA,2023-06-30,104.0,74.5
IWA,2023-07-01,109.4,69.8
IWA,2023-07-02,111.2,78.8
IWA,2023-07-03,111.2,80.4
IWA,2023-07-04,107.6,79.2
IWA,2023-07-05,107.6,78.8
IWA,2023-07-06,111.2,76.6
IWA,2023-07-07,109.4,80.4
IWA,2023-07-08,107.6,79.0
IWA,2023-07-09,107.6,80.4
IWA,2023-07-10,105.8,82.4
IWA,2023-07-11,105.8,87.4
IWA,2023-07-12,107.6,87.6
IWA,2023-07-13,109.4,88.7
IWA,2023-07-14,111.2,86.0
IWA,2023-07-15,113.0,87.8
IWA,2023-07-16,109.4,87.8
IWA,2023-07-17,111.2,88.7
IWA,2023-07-18,113.0,86.0
IWA,2023-07-19,114.8,86.0
IWA,2023-07-20,114.8,86.0
IWA,2023-07-21,113.0,86.0
IWA,2023-07-22,113.0,89.2
IWA,2023-07-23,107.6,86.5
IWA,2023-07-24,111.2,89.0
IWA,2023-07-25,113.0,86.0
IWA,2023-07-26,113.0,77.0
IWA,2023-07-27,109.4,82.4
IWA,2023-07-28,111.2,87.3
IWA,2023-07-29,109.4,91.4
IWA,2023-07-30,105.8,86.0
IWA,2023-07-31,102.2,78.8
IWA,2023-08-01,104.0,78.8
IWA,2023-08-02,105.8,85.3
IWA,2023-08-03,107.6,84.2
IWA,2023-08-04,109.4,80.0
IWA,2023-08-05,111.2,82.4
IWA,2023-08-06,107.6,80.8
IWA,2023-08-07,107.6,89.2
IWA,2023-08-08,105.8,78.8
IWA,2023-08-09,104.0,86.0
IWA,2023-08-10,104.0,82.0
IWA,2023-08-11,102.2,84.2
IWA,2023-08-12,102.2,82.4
IWA,2023-08-13,104.0,82.4
IWA,2023-08-14,104.0,84.0
IWA,2023-08-15,105.8,83.3
IWA,2023-08-16,109.4,87.8
IWA,2023-08-17,109.4,87.4
IWA,2023-08-18,102.2,85.0
IWA,2023-08-19,93.2,82.2
IWA,2023-08-20,100.4,68.0
IWA,2023-08-21,91.4,75.2
IWA,2023-08-22,102.2,74.3
IWA,2023-08-23,102.2,78.0
IWA,2023-08-24,102.2,82.4
IWA,2023-08-25,107.6,82.4
IWA,2023-08-26,107.6,86.0
IWA,2023-08-27,109.4,86.0
IWA,2023-08-28,113.0,87.8
IWA,2023-08-29,111.2,87.0
IWA,2023-08-30,107.6,87.3
IWA,2023-08-31,105.8,75.0
IWA,2023-09-01,100.4,77.0
IWA,2023-09-02,96.8,76.6
IWA,2023-09-03,98.6,76.6
IWA,2023-09-04,98.6,76.6
IWA,2023-09-05,100.4,73.4
IWA,2023-09-06,102.2,73.0
IWA,2023-09-07,104.0,73.4
IWA,2023-09-08,105.8,80.6
IWA,2023-09-09,109.4,55.4
IWA,2023-09-10,111.2,82.4
IWA,2023-09-11,102.2,82.2
IWA,2023-09-12,95.0,80.6
IWA,2023-09-13,102.2,78.8
IWA,2023-09-14,96.8,77.0
IWA,2023-09-15,98.6,75.2
IWA,2023-09-16,100.4,73.4
IWA,2023-09-17,102.2,75.0
IWA,2023-09-18,98.6,72.3
IWA,2023-09-19,96.8,69.3
IWA,2023-09-20,96.8,69.8
IWA,2023-09-21,96.8,65.5
IWA,2023-09-22,93.2,64.4
IWA,2023-09-23,93.2,70.3
IWA,2023-09-24,95.0,68.7
IWA,2023-09-25,98.6,68.4
IWA,2023-09-26,102.2,70.7
IWA,2023-09-27,100.4,68.7
IWA,2023-09-28,98.6,71.8
IWA,2023-09-29,98.6,68.0
IWA,2023-09-30,98.6,68.0
IWA,2023-10-01,87.8,64.4
IWA,2023-10-02,84.2,60.8
IWA,2023-10-03,84.2,60.8
IWA,2023-10-04,91.4,60.8
IWA,2023-10-05,96.8,62.4
IWA,2023-10-06,102.2,66.0
IWA,2023-10-07,98.6,79.0
IWA,2023-10-08,98.6,72.0
IWA,2023-10-09,96.8,72.3
IWA,2023-10-10,96.8,68.0
IWA,2023-10-11,91.4,69.0
IWA,2023-10-12,86.0,62.6
IWA,2023-10-13,100.4,59.0
IWA,2023-10-14,89.6,64.0
IWA,2023-10-15,96.8,60.8
IWA,2023-10-16,100.4,66.2
IWA,2023-10-17,98.6,69.6
IWA,2023-10-18,98.6,64.4
IWA,2023-10-19,100.4,66.2
IWA,2023-10-20,100.4,66.2
IWA,2023-10-21,96.8,66.6
IWA,2023-10-22,95.0,68.4
IWA,2023-10-23,86.0,64.4
IWA,2023-10-24,82.4,62.6
IWA,2023-10-25,80.6,60.8
IWA,2023-10-26,80.6,59.0
IWA,2023-10-27,86.0,59.0
IWA,2023-10-28,82.4,59.0
IWA,2023-10-29,77.0,51.8
IWA,2023-10-30,78.8,48.0
IWA,2023-10-31,78.8,51.8
IWA,2023-11-01,80.6,52.5
IWA,2023-11-02,82.4,50.0
IWA,2023-11-03,84.2,51.8
IWA,2023-11-04,86.0,51.8
IWA,2023-11-05,89.6,53.6
IWA,2023-11-06,89.6,56.3
IWA,2023-11-07,86.0,59.0
IWA,2023-11-08,77.0,52.5
IWA,2023-11-09,75.2,46.4
IWA,2023-11-10,73.4,46.4
IWA,2023-11-11,77.0,48.2
IWA,2023-11-12,82.4,55.4
IWA,2023-11-13,84.2,62.6
IWA,2023-11-14,86.0,65.0
IWA,2023-11-15,86.0,61.5
IWA,2023-11-16,75.2,61.7
IWA,2023-11-17,78.8,60.0
IWA,2023-11-18,71.6,59.0
IWA,2023-11-19,69.8,55.2
IWA,2023-11-20,71.6,46.4
IWA,2023-11-21,75.2,53.6
IWA,2023-11-22,73.4,50.0
IWA,2023-11-23,69.8,47.0
IWA,2023-11-24,69.8,47.0
IWA,2023-11-25,66.2,44.6
IWA,2023-11-26,69.8,39.2
IWA,2023-11-27,71.6,48.2
IWA,2023-11-28,75.2,49.0
IWA,2023-11-29,69.8,48.2
IWA,2023-11-30,62.6,51.6
IWA,2023-12-01,60.8,48.2
IWA,2023-12-02,62.6,42.4
IWA,2023-12-03,64.4,39.2
IWA,2023-12-04,66.2,41.5
IWA,2023-12-05,78.8,44.4
IWA,2023-12-06,82.4,48.2
IWA,2023-12-07,75.2,46.4
IWA,2023-12-08,68.0,44.2
IWA,2023-12-09,66.2,37.4
IWA,2023-12-10,69.8,35.6
IWA,2023-12-11,68.0,37.4
IWA,2023-12-12,71.6,42.6
IWA,2023-12-13,68.0,39.2
IWA,2023-12-14,66.2,37.0
IWA,2023-12-15,71.6,39.0
IWA,2023-12-16,77.0,45.3
IWA,2023-12-17,75.2,41.0
IWA,2023-12-18,73.4,45.7
IWA,2023-12-19,71.6,54.5
IWA,2023-12-20,73.4,51.3
IWA,2023-12-21,75.2,46.0
IWA,2023-12-22,57.7,53.0
IWA,2023-12-23,57.2,47.0
IWA,2023-12-24,57.2,41.0
IWA,2023-12-25,60.8,42.3
IWA,2023-12-26,60.8,37.4
IWA,2023-12-27,62.6,37.0
IWA,2023-12-28,64.4,39.2
IWA,2023-12-29,69.8,37.4
IWA,2023-12-30,73.4,41.0
IWA,2023-12-31,60.8,41.0
IWA,2024-01-01,59.0,40.5
IWA,2024-01-02,62.6,41.0
IWA,2024-01-03,62.6,39.2
IWA,2024-01-04,53.6,39.2
IWA,2024-01-05,55.4,39.0
IWA,2024-01-06,57.2,33.8
IWA,2024-01-07,50.0,37.4
IWA,2024-01-08,50.0,30.2
IWA,2024-01-09,51.8,28.4
IWA,2024-01-10,57.2,30.2
IWA,2024-01-11,55.4,35.6
IWA,2024-01-12,53.6,30.2
IWA,2024-01-13,59.0,30.2
IWA,2024-01-14,62.6,35.6
IWA,2024-01-15,62.6,35.6
IWA,2024-01-16,66.2,37.4
IWA,2024-01-17,64.4,39.2
IWA,2024-01-18,71.6,39.2
IWA,2024-01-19,71.6,44.6
IWA,2024-01-20,68.0,46.4
IWA,2024-01-21,62.8,48.2
IWA,2024-01-22,62.6,48.2
IWA,2024-01-23,57.2,51.8
IWA,2024-01-24,59.0,50.0
IWA,2024-01-25,62.6,47.5
IWA,2024-01-26,66.2,42.8
IWA,2024-01-27,71.6,41.0
IWA,2024-01-28,77.0,46.4
IWA,2024-01-29,77.0,46.4
IWA,2024-01-30,77.0,46.4
IWA,2024-01-31,77.0,48.2
IWA,2024-02-01,78.8,53.6
IWA,2024-02-02,59.0,48.2
IWA,2024-02-03,60.8,42.8
IWA,2024-02-04,66.2,42.0
IWA,2024-02-05,73.4,45.7
IWA,2024-02-06,62.6,50.0
IWA,2024-02-07,66.2,46.4
IWA,2024-02-08,59.0,39.2
IWA,2024-02-09,87.8,35.6
IWA,2024-02-10,53.6,41.0
IWA,2024-02-11,57.2,35.6
IWA,2024-02-12,62.6,37.4
IWA,2024-02-13,68.0,39.2
IWA,2024-02-14,66.2,41.0
IWA,2024-02-15,69.8,41.0
IWA,2024-02-16,68.0,41.0
IWA,2024-02-17,71.6,44.6
IWA,2024-02-18,73.4,46.4
IWA,2024-02-19,73.4,46.4
IWA,2024-02-20,78.8,46.4
IWA,2024-02-21,69.8,51.8
IWA,2024-02-22,71.6,48.2
IWA,2024-02-23,77.0,46.4
IWA,2024-02-24,75.2,50.0
IWA,2024-02-25,78.8,50.0
IWA,2024-02-26,73.4,60.8
IWA,2024-02-27,71.6,53.6
IWA,2024-02-28,73.4,48.0
IWA,2024-02-29,71.6,46.4
IWA,2024-03-01,75.2,48.2
IWA,2024-03-02,75.2,49.3
IWA,2024-03-03,68.0,48.2
IWA,2024-03-04,68.0,46.2
IWA,2024-03-05,73.4,45.7
IWA,2024-03-06,69.8,50.0
IWA,2024-03-07,62.6,48.2
IWA,2024-03-08,64.4,50.0
IWA,2024-03-09,71.6,44.6
IWA,2024-03-10,75.2,44.6
IWA,2024-03-11,78.8,50.0
IWA,2024-03-12,75.2,46.4
IWA,2024-03-13,73.4,48.2
IWA,2024-03-14,69.8,46.4
IWA,2024-03-15,57.4,44.6
IWA,2024-03-16,66.2,39.2
IWA,2024-03-17,66.2,50.0
IWA,2024-03-18,73.4,42.8
IWA,2024-03-19,73.4,46.4
IWA,2024-03-20,75.2,48.2
IWA,2024-03-21,78.8,50.0
IWA,2024-03-22,80.6,51.8
IWA,2024-03-23,78.8,57.2
IWA,2024-03-24,65.5,50.0
IWA,2024-03-25,66.2,44.6
IWA,2024-03-26,68.0,50.0
IWA,2024-03-27,73.4,42.8
IWA,2024-03-28,77.0,46.2
IWA,2024-03-29,80.6,53.6
IWA,2024-03-30,82.4,51.8
IWA,2024-03-31,63.5,50.0
IWA,2024-04-01,60.8,47.3
IWA,2024-04-02,71.6,46.4
IWA,2024-04-03,78.8,50.0
IWA,2024-04-04,86.0,50.0
IWA,2024-04-05,67.6,41.0
IWA,2024-04-06,62.6,42.8
IWA,2024-04-07,71.6,43.3
IWA,2024-04-08,71.6,48.2
IWA,2024-04-09,80.6,44.6
IWA,2024-04-10,82.4,50.0
IWA,2024-04-11,91.4,55.0
IWA,2024-04-12,89.6,58.3
IWA,2024-04-13,86.0,53.6
IWA,2024-04-14,84.2,52.0
IWA,2024-04-15,73.4,53.6
IWA,2024-04-16,84.2,51.8
IWA,2024-04-17,87.8,53.6
IWA,2024-04-18,89.6,57.2
IWA,2024-04-19,91.4,57.2
IWA,2024-04-20,89.6,60.8
IWA,2024-04-21,95.0,59.0
IWA,2024-04-22,96.8,62.6
IWA,2024-04-23,93.2,62.6
IWA,2024-04-24,89.6,61.3
IWA,2024-04-25,87.8,59.0
IWA,2024-04-26,82.4,57.2
IWA,2024-04-27,77.0,59.0
IWA,2024-04-28,82.4,55.4
IWA,2024-04-29,87.8,59.0
IWA,2024-04-30,91.4,62.6
IWA,2024-05-01,89.6,62.6
IWA,2024-05-02,89.6,62.6
IWA,2024-05-03,91.4,65.0
IWA,2024-05-04,91.4,64.4
IWA,2024-05-05,84.2,66.2
IWA,2024-05-06,82.4,55.4
IWA,2024-05-07,87.8,55.4
IWA,2024-05-08,87.8,60.8
IWA,2024-05-09,86.0,55.4
IWA,2024-05-10,87.8,57.2
IWA,2024-05-11,89.6,59.0
IWA,2024-05-12,91.4,60.3
IWA,2024-05-13,96.8,64.4
IWA,2024-05-14,95.0,68.0
IWA,2024-05-15,93.2,69.3
IWA,2024-05-16,91.4,68.0
IWA,2024-05-17,96.8,69.8
IWA,2024-05-18,98.6,69.8
IWA,2024-05-19,95.0,68.0
IWA,2024-05-20,87.8,67.0
IWA,2024-05-21,91.4,62.6
IWA,2024-05-22,93.2,60.8
IWA,2024-05-23,93.2,60.8
IWA,2024-05-24,96.8,66.2
IWA,2024-05-25,89.6,66.2
IWA,2024-05-26,93.2,64.0
IWA,2024-05-27,98.6,41.0
IWA,2024-05-28,102.2,68.0
IWA,2024-05-29,100.4,69.8
IWA,2024-05-30,100.4,69.6
IWA,2024-05-31,102.2,69.8
IWA,2024-06-01,102.2,68.0
IWA,2024-06-02,100.4,71.6
IWA,2024-06-03,98.6,73.4
IWA,2024-06-04,98.6,71.6
IWA,2024-06-05,104.0,71.6
IWA,2024-06-06,107.6,77.0
IWA,2024-06-07,109.4,80.0
IWA,2024-06-08,104.0,77.0
IWA,2024-06-09,102.2,76.0
IWA,2024-06-10,102.2,73.4
IWA,2024-06-11,107.6,73.4
IWA,2024-06-12,107.6,75.2
IWA,2024-06-13,104.0,78.8
IWA,2024-06-14,102.2,75.0
IWA,2024-06-15,109.4,73.4
IWA,2024-06-16,109.4,77.0
IWA,2024-06-17,104.0,77.0
IWA,2024-06-18,100.4,73.4
IWA,2024-06-19,102.2,78.0
IWA,2024-06-20,109.4,75.2
IWA,2024-06-21,109.4,91.4
IWA,2024-06-22,100.4,86.4
IWA,2024-06-23,104.0,85.6
IWA,2024-06-24,107.6,84.2
IWA,2024-06-25,102.2,82.4
IWA,2024-06-26,107.6,82.4
IWA,2024-06-27,109.4,86.0
IWA,2024-06-28,107.6,86.0
IWA,2024-06-29,105.8,84.2
IWA,2024-06-30,107.6,86.0
IWA,2024-07-01,104.0,82.4
IWA,2024-07-02,109.4,86.0
IWA,2024-07-03,109.4,87.8
IWA,2024-07-04,109.4,78.8
IWA,2024-07-05,113.0,85.6
IWA,2024-07-06,111.2,57.2
IWA,2024-07-07,109.4,84.2
IWA,2024-07-08,114.8,84.2
IWA,2024-07-09,111.2,86.0
IWA,2024-07-10,111.2,86.0
IWA,2024-07-11,111.2,50.0
IWA,2024-07-12,111.2,80.6
IWA,2024-07-13,109.4,87.8
IWA,2024-07-14,105.8,87.8
IWA,2024-07-15,104.0,84.2
IWA,2024-07-16,105.8,84.2
IWA,2024-07-17,107.6,86.0
IWA,2024-07-18,107.6,89.6
IWA,2024-07-19,109.4,87.8
IWA,2024-07-20,109.4,87.8
IWA,2024-07-21,107.6,86.0
IWA,2024-07-22,105.8,82.4
IWA,2024-07-23,109.4,89.6
IWA,2024-07-24,111.2,84.2
IWA,2024-07-25,109.4,77.0
IWA,2024-07-26,104.0,78.4
IWA,2024-07-27,107.6,84.2
IWA,2024-07-28,105.8,84.2
IWA,2024-07-29,104.0,84.2
IWA,2024-07-30,104.0,86.0
IWA,2024-07-31,105.8,82.4
IWA,2024-08-01,102.2,84.2
IWA,2024-08-02,107.6,88.5
IWA,2024-08-03,109.4,90.0
IWA,2024-08-04,111.2,87.8
IWA,2024-08-05,107.6,87.0
IWA,2024-08-06,107.6,86.0
IWA,2024-08-07,98.6,72.5
IWA,2024-08-08,102.2,82.4
IWA,2024-08-09,102.2,84.2
IWA,2024-08-10,107.6,87.8
IWA,2024-08-11,98.6,82.4
IWA,2024-08-12,102.2,82.4
IWA,2024-08-13,102.2,84.2
IWA,2024-08-14,104.0,86.0
IWA,2024-08-15,107.6,82.4
IWA,2024-08-16,107.6,84.2
IWA,2024-08-17,107.6,87.8
IWA,2024-08-18,98.6,76.0
IWA,2024-08-19,105.8,82.0
IWA,2024-08-20,107.6,84.2
IWA,2024-08-21,98.6,86.0
IWA,2024-08-22,104.0,81.3
IWA,2024-08-23,102.2,80.6
IWA,2024-08-24,100.4,80.6
IWA,2024-08-25,102.2,80.6
IWA,2024-08-26,105.8,78.8
IWA,2024-08-27,104.0,80.6
IWA,2024-08-28,98.6,82.4
IWA,2024-08-29,104.0,78.8
IWA,2024-08-30,105.8,78.4
IWA,2024-08-31,104.0,80.0
IWA,2024-09-01,102.2,78.8
IWA,2024-09-02,104.0,80.8
IWA,2024-09-03,102.2,82.4
IWA,2024-09-04,105.8,78.8
IWA,2024-09-05,111.2,82.4
IWA,2024-09-06,105.8,91.4
IWA,2024-09-07,105.8,86.0
IWA,2024-09-08,105.8,83.0
IWA,2024-09-09,105.8,80.6
IWA,2024-09-10,105.8,75.2
IWA,2024-09-11,104.0,75.2
IWA,2024-09-12,104.0,78.0
IWA,2024-09-13,102.2,71.6
IWA,2024-09-14,98.6,78.8
IWA,2024-09-15,100.4,78.3
IWA,2024-09-16,98.6,78.4
IWA,2024-09-17,93.2,75.2
IWA,2024-09-18,91.4,70.7
IWA,2024-09-19,95.0,68.0
IWA,2024-09-20,93.2,71.6
IWA,2024-09-21,87.8,71.6
IWA,2024-09-22,93.2,66.2
IWA,2024-09-23,100.4,69.8
IWA,2024-09-24,102.2,71.6
IWA,2024-09-25,107.6,75.2
IWA,2024-09-26,105.8,78.8
IWA,2024-09-27,109.4,77.0
IWA,2024-09-28,111.2,79.5
IWA,2024-09-29,107.6,80.0
IWA,2024-09-30,104.0,77.0
IWA,2024-10-01,109.4,77.0
IWA,2024-10-02,104.0,80.6
IWA,2024-10-03,104.0,75.2
IWA,2024-10-04,105.8,75.2
IWA,2024-10-05,104.0,75.2
IWA,2024-10-06,107.6,73.4
IWA,2024-10-07,104.0,73.4
IWA,2024-10-08,104.0,73.4
IWA,2024-10-09,100.4,73.0
IWA,2024-10-10,102.2,71.6
IWA,2024-10-11,100.4,73.0
IWA,2024-10-12,100.4,69.8
IWA,2024-10-13,98.6,68.0
IWA,2024-10-14,96.8,68.0
IWA,2024-10-15,93.2,66.2
IWA,2024-10-16,95.0,60.8
IWA,2024-10-17,86.0,64.4
IWA,2024-10-18,71.8,55.4
IWA,2024-10-19,68.0,51.6
IWA,2024-10-20,77.0,48.2
IWA,2024-10-21,84.2,53.6
IWA,2024-10-22,93.2,53.6
IWA,2024-10-23,93.2,60.0
IWA,2024-10-24,91.4,59.0
IWA,2024-10-25,93.2,57.2
IWA,2024-10-26,96.8,57.2
IWA,2024-10-27,93.2,60.8
IWA,2024-10-28,91.4,57.2
IWA,2024-10-29,77.0,57.2
IWA,2024-10-30,71.6,50.0
IWA,2024-10-31,77.0,42.8
IWA,2024-11-01,78.8,47.5
IWA,2024-11-02,77.0,48.2
IWA,2024-11-03,69.8,53.6
IWA,2024-11-04,68.0,44.6
IWA,2024-11-05,69.8,44.6
IWA,2024-11-06,66.2,44.6
IWA,2024-11-07,62.6,39.2
IWA,2024-11-08,66.2,39.0
IWA,2024-11-09,73.4,41.0
IWA,2024-11-10,80.6,43.3
IWA,2024-11-11,77.0,48.2
IWA,2024-11-12,73.4,46.4
IWA,2024-11-13,75.2,42.8
IWA,2024-11-14,80.6,44.2
IWA,2024-11-15,71.6,48.2
IWA,2024-11-16,62.6,50.0
IWA,2024-11-17,66.2,42.8
IWA,2024-11-18,66.2,42.8
IWA,2024-11-19,68.0,40.5
IWA,2024-11-20,75.2,41.4
IWA,2024-11-21,98.6,39.2
IWA,2024-11-22,80.6,39.2
IWA,2024-11-23,77.0,44.6
IWA,2024-11-24,73.4,46.4
IWA,2024-11-25,75.2,50.0
IWA,2024-11-26,77.0,48.2
IWA,2024-11-27,73.4,53.6
IWA,2024-11-28,71.6,48.2
IWA,2024-11-29,73.4,44.6
IWA,2024-11-30,78.8,48.2
IWA,2024-12-01,77.0,46.4
IWA,2024-12-02,78.8,46.4
IWA,2024-12-03,80.6,50.0
IWA,2024-12-04,75.2,48.2
IWA,2024-12-05,77.0,48.2
IWA,2024-12-06,77.0,48.2
IWA,2024-12-07,73.4,50.0
IWA,2024-12-08,71.6,46.4
IWA,2024-12-09,69.8,44.6
IWA,2024-12-10,62.6,42.8
IWA,2024-12-11,69.8,35.6
IWA,2024-12-12,73.4,46.4
IWA,2024-12-13,66.2,44.6
IWA,2024-12-14,69.8,41.0
IWA,2024-12-15,69.8,39.2
IWA,2024-12-16,69.8,37.4
IWA,2024-12-17,68.0,37.4
IWA,2024-12-18,80.6,39.2
IWA,2024-12-19,77.0,44.6
IWA,2024-12-20,78.8,42.8
IWA,2024-12-21,77.0,42.8
IWA,2024-12-22,71.6,41.0
IWA,2024-12-23,73.4,48.2
IWA,2024-12-24,75.2,44.6
IWA,2024-12-25,66.2,46.4
IWA,2024-12-26,60.8,40.6
IWA,2024-12-27,66.2,39.2
IWA,2024-12-28,64.4,37.4
IWA,2024-12-29,73.4,41.0
IWA,2024-12-30,71.6,41.0
IWA,2024-12-31,69.8,42.8
IWA,2025-01-01,70.0,41.0
IWA,2025-01-02,73.0,39.0
IWA,2025-01-03,77.0,41.0
IWA,2025-01-04,70.0,41.0
IWA,2025-01-05,66.0,37.0
IWA,2025-01-06,66.0,37.0
IWA,2025-01-07,66.0,43.0
IWA,2025-01-08,63.0,55.0
IWA,2025-01-09,57.0,36.0
IWA,2025-01-10,61.0,32.0
IWA,2025-01-11,61.0,32.0
IWA,2025-01-12,61.0,28.0
IWA,2025-01-13,59.0,30.0
IWA,2025-01-14,64.0,28.0
IWA,2025-01-15,72.0,33.0
IWA,2025-01-16,73.0,43.0
IWA,2025-01-17,68.0,43.0
IWA,2025-01-18,63.0,36.0
IWA,2025-01-19,63.0,34.0
IWA,2025-01-20,63.0,32.0
IWA,2025-01-21,59.0,30.0
IWA,2025-01-22,61.0,30.0
IWA,2025-01-23,63.0,34.0
IWA,2025-01-24,68.0,34.0
IWA,2025-01-25,70.0,43.0
IWA,2025-01-26,70.0,39.0
IWA,2025-01-27,64.0,37.0
IWA,2025-01-28,59.0,41.0
IWA,2025-01-29,54.0,39.0
IWA,2025-01-30,59.0,37.0
IWA,2025-01-31,64.0,36.0
IWA,2025-02-01,72.0,39.0
IWA,2025-02-02,79.0,45.0
IWA,2025-02-03,82.0,46.0
IWA,2025-02-04,84.0,52.0
IWA,2025-02-05,84.0,48.0
IWA,2025-02-06,77.0,46.0
IWA,2025-02-07,75.0,48.0
IWA,2025-02-08,75.0,50.0
IWA,2025-02-09,73.0,50.0
IWA,2025-02-10,75.0,50.0
IWA,2025-02-11,73.0,49.0
IWA,2025-02-12,61.0,47.0
IWA,2025-02-13,70.0,43.0
IWA,2025-02-14,72.0,54.0
IWA,2025-02-15,68.0,43.0
IWA,2025-02-16,73.0,45.0
IWA,2025-02-17,73.0,48.0
IWA,2025-02-18,73.0,46.0
IWA,2025-02-19,77.0,45.0
IWA,2025-02-20,75.0,46.0
IWA,2025-02-21,75.0,43.0
IWA,2025-02-22,75.0,45.0
IWA,2025-02-23,79.0,45.0
IWA,2025-02-24,90.0,48.0
IWA,2025-02-25,99.0,48.0
IWA,2025-02-26,84.0,54.0
IWA,2025-02-27,84.0,50.0
IWA,2025-02-28,79.0,50.0
IWA,2025-03-01,81.0,48.0
IWA,2025-03-02,75.0,48.0
IWA,2025-03-03,75.0,48.0
IWA,2025-03-04,68.0,43.0
IWA,2025-03-05,75.0,43.0
IWA,2025-03-06,73.0,58.0
IWA,2025-03-07,64.0,45.0
IWA,2025-03-08,64.0,45.0
IWA,2025-03-09,75.0,43.0
IWA,2025-03-10,81.0,48.0
IWA,2025-03-11,81.0,54.0
IWA,2025-03-12,73.0,55.0
IWA,2025-03-13,72.0,54.0
IWA,2025-03-14,55.0,42.0
IWA,2025-03-15,63.0,45.0
IWA,2025-03-16,73.0,43.0
IWA,2025-03-17,79.0,52.0
IWA,2025-03-18,77.0,55.0
IWA,2025-03-19,68.0,44.0
IWA,2025-03-20,77.0,43.0
IWA,2025-03-21,81.0,46.0
IWA,2025-03-22,82.0,52.0
IWA,2025-03-23,84.0,54.0
IWA,2025-03-24,91.0,60.0
IWA,2025-03-25,95.0,61.0
IWA,2025-03-26,95.0,67.0
IWA,2025-03-27,90.0,63.0
IWA,2025-03-28,88.0,61.0
IWA,2025-03-29,129.2,57.0
IWA,2025-03-30,79.0,54.0
IWA,2025-03-31,86.0,55.0
IWA,2025-04-01,82.0,61.0
IWA,2025-04-02,70.0,54.0
IWA,2025-04-03,66.0,46.0
IWA,2025-04-04,68.0,52.0
IWA,2025-04-05,73.0,48.0
IWA,2025-04-06,75.0,54.0
IWA,2025-04-07,82.0,52.0
IWA,2025-04-08,90.0,55.0
IWA,2025-04-09,93.0,59.0
IWA,2025-04-10,95.0,61.0
IWA,2025-04-11,96.8,64.0
IWA,2025-04-12,97.0,61.0
IWA,2025-04-13,93.0,66.0
IWA,2025-04-14,91.0,64.0
IWA,2025-04-15,91.0,63.0
IWA,2025-04-16,93.0,63.0
IWA,2025-04-17,90.0,63.0
IWA,2025-04-18,77.0,59.0
IWA,2025-04-19,73.0,50.0
IWA,2025-04-20,81.0,51.0
IWA,2025-04-21,88.0,57.0
IWA,2025-04-22,90.0,57.0
IWA,2025-04-23,88.0,59.0
IWA,2025-04-24,86.0,61.0
IWA,2025-04-25,90.0,61.0
IWA,2025-04-26,90.0,61.0
IWA,2025-04-27,81.0,55.0
IWA,2025-04-28,79.0,52.0
IWA,2025-04-29,82.0,55.0
IWA,2025-04-30,86.0,57.0
IWA,2025-05-01,90.0,61.0
IWA,2025-05-02,90.0,64.0
IWA,2025-05-03,93.0,64.0
IWA,2025-05-04,91.0,64.0
IWA,2025-05-05,73.0,55.0
IWA,2025-05-06,72.0,59.0
IWA,2025-05-07,81.0,57.0
IWA,2025-05-08,90.0,59.0
IWA,2025-05-09,100.0,68.0
IWA,2025-05-10,99.0,77.0
IWA,2025-05-11,100.0,70.0
IWA,2025-05-12,99.0,75.0
IWA,2025-05-13,93.0,75.0
IWA,2025-05-14,84.0,63.0
IWA,2025-05-15,86.0,59.0
IWA,2025-05-16,91.0,61.0
IWA,2025-05-17,91.0,63.0
IWA,2025-05-18,90.0,64.0
IWA,2025-05-19,91.0,63.0
IWA,2025-05-20,95.0,66.0
IWA,2025-05-21,99.0,64.0
IWA,2025-05-22,104.0,70.0
IWA,2025-05-23,102.0,70.0
IWA,2025-05-24,100.0,72.0
IWA,2025-05-25,93.0,69.0
IWA,2025-05-26,97.0,66.0
IWA,2025-05-27,97.0,66.0
IWA,2025-05-28,100.0,66.0
IWA,2025-05-29,99.0,73.0
IWA,2025-05-30,102.0,68.0
IWA,2025-05-31,100.0,79.0
IWA,2025-06-01,99.0,72.0
IWA,2025-06-02,86.0,66.0
IWA,2025-06-03,93.0,73.0
IWA,2025-06-04,95.0,73.0
IWA,2025-06-05,99.0,74.0
IWA,2025-06-06,100.0,72.0
IWA,2025-06-07,102.0,73.0
IWA,2025-06-08,102.0,72.0
IWA,2025-06-09,106.0,74.0
IWA,2025-06-10,106.0,77.0
IWA,2025-06-11,106.0,75.0
IWA,2025-06-12,106.0,77.0
IWA,2025-06-13,104.0,79.0
IWA,2025-06-14,108.0,75.0
IWA,2025-06-15,111.0,75.0
IWA,2025-06-16,111.0,79.0
IWA,2025-06-17,109.0,79.0
IWA,2025-06-18,109.0,79.0
IWA,2025-06-19,113.0,75.0
IWA,2025-06-20,113.0,79.0
IWA,2025-06-21,108.0,79.0
IWA,2025-06-22,102.0,72.0
IWA,2025-06-23,100.0,73.0
IWA,2025-06-24,102.0,77.0
IWA,2025-06-25,100.0,73.0
IWA,2025-06-26,104.0,73.0
IWA,2025-06-27,104.0,77.0
IWA,2025-06-28,106.0,79.0
IWA,2025-06-29,111.0,77.0
IWA,2025-06-30,113.0,82.0
IWA,2025-07-01,113.0,90.0
IWA,2025-07-02,108.0,91.0
IWA,2025-07-03,104.0,75.0
IWA,2025-07-04,100.0,77.0
IWA,2025-07-05,104.0,84.0
IWA,2025-07-06,108.0,81.0
IWA,2025-07-07,109.0,86.0
IWA,2025-07-08,109.0,88.0
IWA,2025-07-09,115.0,86.0
IWA,2025-07-10,113.0,86.0
IWA,2025-07-11,109.0,90.0
IWA,2025-07-12,108.0,84.0
IWA,2025-07-13,106.0,84.0
IWA,2025-07-14,106.0,86.0
IWA,2025-07-15,104.0,79.0
IWA,2025-07-16,104.0,81.0
IWA,2025-07-17,100.0,82.0
IWA,2025-07-18,104.0,84.0
IWA,2025-07-19,104.0,84.0
IWA,2025-07-20,104.0,88.0
IWA,2025-07-21,100.0,82.0
IWA,2025-07-22,99.0,79.0
IWA,2025-07-23,100.0,79.0
IWA,2025-07-24,102.0,73.0
IWA,2025-07-25,106.0,73.0
IWA,2025-07-26,104.0,75.0
IWA,2025-07-27,106.0,75.0
IWA,2025-07-28,109.0,81.0
IWA,2025-07-29,109.0,84.0
IWA,2025-07-30,109.0,82.0
IWA,2025-07-31,108.0,84.0
IWA,2025-08-01,108.0,84.0
IWA,2025-08-02,111.0,84.0
IWA,2025-08-03,109.0,80.0
IWA,2025-08-04,109.0,81.0
IWA,2025-08-05,111.0,84.0
IWA,2025-08-06,113.0,84.0
IWA,2025-08-07,115.0,89.0
IWA,2025-08-08,113.0,84.0
IWA,2025-08-09,111.0,89.0
IWA,2025-08-10,108.0,86.0
IWA,2025-08-11,109.0,88.0
IWA,2025-08-12,108.0,88.0
IWA,2025-08-13,108.0,86.0
IWA,2025-08-14,106.0,84.0
IWA,2025-08-15,104.0,75.0
IWA,2025-08-16,100.0,77.0
IWA,2025-08-17,100.0,81.0
IWA,2025-08-18,102.0,81.0
IWA,2025-08-19,104.0,82.0
IWA,2025-08-20,109.0,84.0
IWA,2025-08-21,109.0,70.0
IWA,2025-08-22,109.0,85.0
IWA,2025-08-23,108.0,86.0
IWA,2025-08-24,108.0,88.0
IWA,2025-08-25,106.0,86.0
IWA,2025-08-26,93.0,75.0
IWA,2025-08-27,102.0,79.0
IWA,2025-08-28,102.0,84.0
IWA,2025-08-29,100.0,75.0
IWA,2025-08-30,102.2,78.8
IWA,2025-08-31,105.8,77.0
IWA,2025-09-01,102.2,84.2
IWA,2025-09-02,107.6,84.2
IWA,2025-09-03,100.0,81.0
IWA,2025-09-04,100.0,73.0
IWA,2025-09-05,95.0,75.0
IWA,2025-09-06,97.0,79.0
IWA,2025-09-07,99.0,81.0
IWA,2025-09-08,100.0,81.0
IWA,2025-09-09,102.0,81.0
IWA,2025-09-10,104.0,81.0
IWA,2025-09-11,102.0,81.0
IWA,2025-09-12,99.0,79.0
IWA,2025-09-13,97.0,72.0
IWA,2025-09-14,97.0,70.0
IWA,2025-09-15,100.0,73.0
IWA,2025-09-16,100.0,79.0
IWA,2025-09-17,99.0,82.0
IWA,2025-09-18,97.0,79.0
IWA,2025-09-19,95.0,76.0
IWA,2025-09-20,99.0,77.0
IWA,2025-09-21,99.0,80.0
IWA,2025-09-22,95.0,78.0
IWA,2025-09-23,99.0,75.0
IWA,2025-09-24,104.0,77.0
IWA,2025-09-25,104.0,81.0
IWA,2025-09-26,102.0,72.0
IWA,2025-09-27,86.0,68.0
IWA,2025-09-28,88.0,68.0
IWA,2025-09-29,91.0,68.0
IWA,2025-09-30,93.0,70.0
IWA,2025-10-01,95.0,70.0
IWA,2025-10-02,99.0,72.0
IWA,2025-10-03,100.0,73.0
IWA,2025-10-04,95.0,68.0
IWA,2025-10-05,86.0,61.0
IWA,2025-10-06,91.0,59.0
IWA,2025-10-07,97.0,64.0
IWA,2025-10-08,100.0,70.0
IWA,2025-10-09,95.0,81.0
IWA,2025-10-10,97.0,74.0
IWA,2025-10-11,86.0,68.0
IWA,2025-10-12,95.0,68.0
IWA,2025-10-13,81.0,70.0
IWA,2025-10-14,84.0,66.0
IWA,2025-10-15,79.0,63.0
IWA,2025-10-16,77.0,57.0
IWA,2025-10-17,79.0,55.0
IWA,2025-10-18,82.0,57.0
IWA,2025-10-19,86.0,59.0
IWA,2025-10-20,84.0,59.0
IWA,2025-10-21,88.0,57.0
IWA,2025-10-22,88.0,67.0
IWA,2025-10-23,82.0,61.0
IWA,2025-10-24,81.0,59.0
IWA,2025-10-25,84.0,55.0
IWA,2025-10-26,86.0,57.0
IWA,2025-10-27,88.0,57.0
IWA,2025-10-28,91.0,59.0
IWA,2025-10-29,90.0,61.0
IWA,2025-10-30,86.0,57.0
IWA,2025-10-31,86.0,54.0
IWA,2025-11-01,86.0,54.0
IWA,2025-11-02,88.0,57.0
IWA,2025-11-03,88.0,59.0
IWA,2025-11-04,88.0,55.0
IWA,2025-11-05,86.0,54.0
IWA,2025-11-06,84.0,54.0
IWA,2025-11-07,82.0,55.0
IWA,2025-11-08,84.0,54.0
IWA,2025-11-09,90.0,55.0
IWA,2025-11-10,88.0,59.0
IWA,2025-11-11,84.0,55.0
IWA,2025-11-12,84.0,54.0
IWA,2025-11-13,84.0,57.0
IWA,2025-11-14,86.0,55.0
IWA,2025-11-15,82.0,55.0
IWA,2025-11-16,75.0,64.0
IWA,2025-11-17,73.0,54.0
IWA,2025-11-18,73.0,57.0
IWA,2025-11-19,66.0,57.0
IWA,2025-11-20,61.0,52.0
IWA,2025-11-21,64.0,47.0
IWA,2025-11-22,68.0,50.0
IWA,2025-11-23,64.0,55.0
IWA,2025-11-24,66.0,48.0
IWA,2025-11-25,70.0,48.0
IWA,2025-11-26,72.0,46.0
IWA,2025-11-27,73.0,46.0
IWA,2025-11-28,73.0,48.0
IWA,2025-11-29,70.0,46.0
IWA,2025-11-30,72.0,46.0
IWA,2025-12-01,68.0,48.0
IWA,2025-12-02,66.0,43.0
IWA,2025-12-03,64.0,43.0
IWA,2025-12-04,64.0,39.0
IWA,2025-12-05,63.0,39.0
IWA,2025-12-06,66.0,41.0
IWA,2025-12-07,70.0,41.0
IWA,2025-12-08,72.0,43.0
IWA,2025-12-09,73.0,41.0
IWA,2025-12-10,73.0,41.0
IWA,2025-12-11,75.0,46.0
IWA,2025-12-12,77.0,48.0
IWA,2025-12-13,75.0,48.0
IWA,2025-12-14,79.0,45.0
IWA,2025-12-15,79.0,48.0
IWA,2025-12-16,73.0,46.0
IWA,2025-12-17,73.0,45.0
IWA,2025-12-18,72.0,46.0
IWA,2025-12-19,75.0,45.0
IWA,2025-12-20,77.0,46.0
IWA,2025-12-21,77.0,46.0
IWA,2025-12-22,77.0,46.0
IWA,2025-12-23,77.0,49.0
IWA,2025-12-24,70.0,62.0
IWA,2025-12-25,72.0,61.0
IWA,2025-12-26,72.0,54.0
IWA,2025-12-27,68.0,57.0
IWA,2025-12-28,68.0,43.0
IWA,2025-12-29,75.0,48.0
IWA,2025-12-30,72.0,54.0
IWA,2025-12-31,68.0,48.0
GYR,2016-01-01,64.4,32.0
GYR,2016-01-02,68.0,46.4
GYR,2016-01-03,69.8,48.2
GYR,2016-01-04,60.8,53.6
GYR,2016-01-05,55.4,51.8
GYR,2016-01-06,60.8,50.0
GYR,2016-01-07,55.4,48.2
GYR,2016-01-08,55.4,42.8
GYR,2016-01-09,57.2,37.4
GYR,2016-01-10,55.4,42.8
GYR,2016-01-11,60.8,37.4
GYR,2016-01-12,64.4,37.4
GYR,2016-01-13,64.4,37.4
GYR,2016-01-14,62.6,39.2
GYR,2016-01-15,59.0,41.0
GYR,2016-01-16,60.8,37.4
GYR,2016-01-17,66.2,39.2
GYR,2016-01-18,64.4,42.8
GYR,2016-01-19,69.8,41.0
GYR,2016-01-20,68.0,42.8
GYR,2016-01-21,69.8,44.6
GYR,2016-01-22,73.4,42.8
GYR,2016-01-23,69.8,46.4
GYR,2016-01-24,66.2,44.6
GYR,2016-01-25,64.4,44.6
GYR,2016-01-26,66.2,44.6
GYR,2016-01-27,68.0,42.8
GYR,2016-01-28,69.8,42.8
GYR,2016-01-29,69.8,42.8
GYR,2016-01-30,71.6,44.6
GYR,2016-01-31,77.0,44.6
GYR,2016-02-01,53.6,46.4
GYR,2016-02-02,55.4,37.4
GYR,2016-02-03,55.4,35.6
GYR,2016-02-04,60.8,33.8
GYR,2016-02-05,69.8,42.8
GYR,2016-02-06,71.6,41.0
GYR,2016-02-07,75.2,42.8
GYR,2016-02-08,82.4,55.4
GYR,2016-02-09,86.0,46.4
GYR,2016-02-10,82.4,48.2
GYR,2016-02-11,80.6,48.2
GYR,2016-02-12,84.2,48.2
GYR,2016-02-13,82.4,48.2
GYR,2016-02-14,80.6,48.2
GYR,2016-02-15,82.4,51.8
GYR,2016-02-16,86.0,51.8
GYR,2016-02-17,87.8,51.8
GYR,2016-02-18,78.8,55.4
GYR,2016-02-19,78.8,57.2
GYR,2016-02-20,82.4,51.8
GYR,2016-02-21,82.4,50.0
GYR,2016-02-22,86.0,50.0
GYR,2016-02-23,73.4,53.6
GYR,2016-02-24,75.2,50.0
GYR,2016-02-25,80.6,46.4
GYR,2016-02-26,86.0,51.8
GYR,2016-02-27,84.2,53.6
GYR,2016-02-28,82.4,53.6
GYR,2016-02-29,86.0,53.6
GYR,2016-03-01,86.0,55.4
GYR,2016-03-02,86.0,55.4
GYR,2016-03-03,87.8,55.4
GYR,2016-03-04,86.0,55.4
GYR,2016-03-05,80.6,53.6
GYR,2016-03-06,78.8,60.8
GYR,2016-03-07,68.0,48.2
GYR,2016-03-08,73.4,48.2
GYR,2016-03-09,78.8,46.4
GYR,2016-03-10,86.0,55.4
GYR,2016-03-11,82.4,55.4
GYR,2016-03-12,71.6,51.8
GYR,2016-03-13,75.2,51.8
GYR,2016-03-14,77.0,55.4
GYR,2016-03-15,86.0,53.6
GYR,2016-03-16,86.0,57.2
GYR,2016-03-17,86.0,53.6
GYR,2016-03-18,87.8,53.6
GYR,2016-03-19,89.6,59.0
GYR,2016-03-20,89.6,62.6
GYR,2016-03-21,91.4,57.2
GYR,2016-03-22,80.6,62.6
GYR,2016-03-23,73.4,53.6
GYR,2016-03-24,78.8,51.8
GYR,2016-03-25,86.0,51.8
GYR,2016-03-26,86.0,60.8
GYR,2016-03-27,86.0,51.8
GYR,2016-03-28,82.4,60.8
GYR,2016-03-29,68.0,55.4
GYR,2016-03-30,68.0,51.8
GYR,2016-03-31,78.8,46.4
GYR,2016-04-01,78.8,42.8
GYR,2016-04-02,84.2,53.6
GYR,2016-04-03,87.8,55.4
GYR,2016-04-04,91.4,57.2
GYR,2016-04-05,91.4,42.8
GYR,2016-04-06,95.0,68.0
GYR,2016-04-07,87.8,69.8
GYR,2016-04-08,78.8,62.6
GYR,2016-04-09,82.4,59.0
GYR,2016-04-10,69.8,57.2
GYR,2016-04-11,73.4,53.6
GYR,2016-04-12,80.6,59.0
GYR,2016-04-13,86.0,60.8
GYR,2016-04-14,89.6,60.8
GYR,2016-04-15,84.2,64.4
GYR,2016-04-16,82.4,57.2
GYR,2016-04-17,82.4,62.6
GYR,2016-04-18,87.8,55.4
GYR,2016-04-19,89.6,60.8
GYR,2016-04-20,95.0,62.6
GYR,2016-04-21,96.8,60.8
GYR,2016-04-22,96.8,66.2
GYR,2016-04-23,87.8,69.8
GYR,2016-04-24,87.8,60.8
GYR,2016-04-25,82.4,66.2
GYR,2016-04-26,78.8,57.2
GYR,2016-04-27,82.4,55.4
GYR,2016-04-28,75.2,60.8
GYR,2016-04-29,80.6,62.6
GYR,2016-04-30,80.6,62.6
GYR,2016-05-01,78.8,57.2
GYR,2016-05-02,87.8,60.8
GYR,2016-05-03,93.2,66.2
GYR,2016-05-04,100.4,64.4
GYR,2016-05-05,98.6,69.8
GYR,2016-05-06,78.8,62.6
GYR,2016-05-07,78.8,55.4
GYR,2016-05-08,80.6,60.8
GYR,2016-05-09,86.0,59.0
GYR,2016-05-10,89.6,64.4
GYR,2016-05-11,93.2,66.2
GYR,2016-05-12,100.4,66.2
GYR,2016-05-13,100.4,71.6
GYR,2016-05-14,100.4,78.8
GYR,2016-05-15,95.0,69.8
GYR,2016-05-16,91.4,66.2
GYR,2016-05-17,91.4,68.0
GYR,2016-05-18,86.0,68.0
GYR,2016-05-19,98.6,69.8
GYR,2016-05-20,98.6,73.4
GYR,2016-05-21,91.4,66.2
GYR,2016-05-22,87.8,75.2
GYR,2016-05-23,89.6,64.4
GYR,2016-05-24,89.6,66.2
GYR,2016-05-25,91.4,57.2
GYR,2016-05-26,86.0,64.4
GYR,2016-05-27,93.2,66.2
GYR,2016-05-28,98.6,66.2
GYR,2016-05-29,96.8,69.8
GYR,2016-05-30,91.4,64.4
GYR,2016-05-31,96.8,69.8
GYR,2016-06-01,102.2,75.2
GYR,2016-06-02,105.8,75.2
GYR,2016-06-03,111.2,78.8
GYR,2016-06-04,113.0,78.8
GYR,2016-06-05,111.2,82.4
GYR,2016-06-06,109.4,82.4
GYR,2016-06-07,105.8,77.0
GYR,2016-06-08,105.8,77.0
GYR,2016-06-09,105.8,77.0
GYR,2016-06-10,98.6,78.8
GYR,2016-06-11,100.4,78.8
GYR,2016-06-12,102.2,71.6
GYR,2016-06-13,98.6,75.2
GYR,2016-06-14,98.6,73.4
GYR,2016-06-15,100.4,77.0
GYR,2016-06-16,102.2,75.2
GYR,2016-06-17,104.0,75.2
GYR,2016-06-18,109.4,71.6
GYR,2016-06-19,116.6,80.6
GYR,2016-06-20,114.8,91.4
GYR,2016-06-21,109.4,82.4
GYR,2016-06-22,111.2,87.8
GYR,2016-06-23,111.2,89.6
GYR,2016-06-24,109.4,82.4
GYR,2016-06-25,105.8,80.6
GYR,2016-06-26,105.8,86.0
GYR,2016-06-27,107.6,86.0
GYR,2016-06-28,109.4,87.8
GYR,2016-06-29,105.8,87.8
GYR,2016-06-30,96.8,69.8
GYR,2016-07-01,100.4,82.4
GYR,2016-07-02,102.2,80.6
GYR,2016-07-03,105.8,82.4
GYR,2016-07-04,107.6,86.0
GYR,2016-07-05,107.6,86.0
GYR,2016-07-06,105.8,86.0
GYR,2016-07-07,105.8,80.6
GYR,2016-07-08,107.6,82.4
GYR,2016-07-09,109.4,86.0
GYR,2016-07-10,109.4,87.8
GYR,2016-07-11,107.6,86.0
GYR,2016-07-12,107.6,78.8
GYR,2016-07-13,107.6,80.6
GYR,2016-07-14,111.2,77.0
GYR,2016-07-15,111.2,87.8
GYR,2016-07-16,107.6,87.8
GYR,2016-07-17,102.2,89.6
GYR,2016-07-18,104.0,87.8
GYR,2016-07-19,105.8,84.2
GYR,2016-07-20,105.8,84.2
GYR,2016-07-21,109.4,86.0
GYR,2016-07-22,111.2,91.4
GYR,2016-07-23,109.4,89.6
GYR,2016-07-24,105.8,87.8
GYR,2016-07-25,105.8,87.8
GYR,2016-07-26,109.4,86.0
GYR,2016-07-27,111.2,89.6
GYR,2016-07-28,109.4,87.8
GYR,2016-07-29,111.2,89.6
GYR,2016-07-30,102.2,80.6
GYR,2016-07-31,102.2,82.4
GYR,2016-08-01,98.6,80.6
GYR,2016-08-03,100.4,78.8
GYR,2016-08-04,100.4,82.4
GYR,2016-08-05,96.8,78.8
GYR,2016-08-06,105.8,82.4
GYR,2016-08-07,107.6,86.0
GYR,2016-08-08,109.4,82.4
GYR,2016-08-09,98.6,87.8
GYR,2016-08-10,100.4,82.4
GYR,2016-08-11,96.8,82.4
GYR,2016-08-12,102.2,82.4
GYR,2016-08-13,107.6,84.2
GYR,2016-08-14,105.8,86.0
GYR,2016-08-15,107.6,86.0
GYR,2016-08-16,109.4,86.0
GYR,2016-08-17,107.6,87.8
GYR,2016-08-18,102.2,82.4
GYR,2016-08-19,102.2,75.2
GYR,2016-08-20,98.6,80.6
GYR,2016-08-21,98.6,80.6
GYR,2016-08-22,96.8,77.0
GYR,2016-08-23,96.8,73.4
GYR,2016-08-24,102.2,77.0
GYR,2016-08-25,100.4,78.8
GYR,2016-08-26,98.6,78.8
GYR,2016-08-27,95.0,80.6
GYR,2016-08-28,100.4,71.6
GYR,2016-08-29,104.0,77.0
GYR,2016-08-30,107.6,80.6
GYR,2016-08-31,104.0,86.0
GYR,2016-09-01,100.4,86.0
GYR,2016-09-02,102.2,86.0
GYR,2016-09-03,102.2,80.6
GYR,2016-09-04,100.4,77.0
GYR,2016-09-05,100.4,71.6
GYR,2016-09-06,98.6,75.2
GYR,2016-09-07,86.0,75.2
GYR,2016-09-08,93.2,75.2
GYR,2016-09-09,100.4,77.0
GYR,2016-09-10,104.0,80.6
GYR,2016-09-11,100.4,75.2
GYR,2016-09-12,98.6,80.6
GYR,2016-09-13,96.8,75.2
GYR,2016-09-14,96.8,55.4
GYR,2016-09-15,96.8,62.6
GYR,2016-09-16,96.8,66.2
GYR,2016-09-17,98.6,68.0
GYR,2016-09-18,102.2,71.6
GYR,2016-09-19,98.6,71.6
GYR,2016-09-20,89.6,78.8
GYR,2016-09-21,96.8,78.8
GYR,2016-09-22,84.2,73.4
GYR,2016-09-23,86.0,66.2
GYR,2016-09-24,89.6,60.8
GYR,2016-09-25,95.0,66.2
GYR,2016-09-26,89.6,77.0
GYR,2016-09-27,87.8,71.6
GYR,2016-09-28,95.0,73.4
GYR,2016-09-29,91.4,75.2
GYR,2016-09-30,96.8,75.2
GYR,2016-10-01,95.0,73.4
GYR,2016-10-02,82.4,73.4
GYR,2016-10-03,86.0,64.4
GYR,2016-10-04,86.0,57.2
GYR,2016-10-05,87.8,60.8
GYR,2016-10-06,87.8,62.6
GYR,2016-10-07,93.2,64.4
GYR,2016-10-08,96.8,77.0
GYR,2016-10-09,95.0,69.8
GYR,2016-10-10,95.0,68.0
GYR,2016-10-11,95.0,68.0
GYR,2016-10-12,91.4,62.6
GYR,2016-10-13,91.4,64.4
GYR,2016-10-14,95.0,62.6
GYR,2016-10-15,91.4,62.6
GYR,2016-10-16,93.2,64.4
GYR,2016-10-17,87.8,62.6
GYR,2016-10-18,87.8,62.6
GYR,2016-10-19,91.4,60.8
GYR,2016-10-20,95.0,60.8
GYR,2016-10-21,96.8,68.0
GYR,2016-10-22,102.2,71.6
GYR,2016-10-23,95.0,64.4
GYR,2016-10-24,89.6,71.6
GYR,2016-10-25,89.6,69.8
GYR,2016-10-26,95.0,66.2
GYR,2016-10-27,98.6,69.8
GYR,2016-10-28,91.4,73.4
GYR,2016-10-29,95.0,66.2
GYR,2016-10-30,91.4,69.8
GYR,2016-10-31,82.4,64.4
GYR,2016-11-01,78.8,60.8
GYR,2016-11-02,82.4,55.4
GYR,2016-11-03,86.0,62.6
GYR,2016-11-04,78.8,57.2
GYR,2016-11-05,80.6,60.8
GYR,2016-11-06,82.4,60.8
GYR,2016-11-07,86.0,60.8
GYR,2016-11-08,91.4,64.4
GYR,2016-11-09,84.2,64.4
GYR,2016-11-10,80.6,55.4
GYR,2016-11-11,82.4,57.2
GYR,2016-11-12,82.4,57.2
GYR,2016-11-13,84.2,57.2
GYR,2016-11-14,86.0,55.4
GYR,2016-11-15,84.2,57.2
GYR,2016-11-16,75.2,59.0
GYR,2016-11-17,71.6,53.6
GYR,2016-11-18,75.2,44.6
GYR,2016-11-19,82.4,51.8
GYR,2016-11-20,71.6,60.8
GYR,2016-11-21,68.0,57.2
GYR,2016-11-22,68.0,48.2
GYR,2016-11-23,73.4,48.2
GYR,2016-11-24,77.0,46.4
GYR,2016-11-25,78.8,46.4
GYR,2016-11-26,69.8,53.6
GYR,2016-11-27,62.6,48.2
GYR,2016-11-28,59.0,42.8
GYR,2016-11-29,60.8,41.0
GYR,2016-11-30,60.8,33.8
GYR,2016-12-01,60.8,37.4
GYR,2016-12-02,60.8,42.8
GYR,2016-12-03,69.8,39.2
GYR,2016-12-04,69.8,41.0
GYR,2016-12-05,66.2,42.8
GYR,2016-12-06,66.2,44.6
GYR,2016-12-07,64.4,46.4
GYR,2016-12-08,66.2,41.0
GYR,2016-12-09,69.8,44.6
GYR,2016-12-10,69.8,44.6
GYR,2016-12-11,71.6,48.2
GYR,2016-12-12,73.4,48.2
GYR,2016-12-13,73.4,51.8
GYR,2016-12-14,73.4,50.0
GYR,2016-12-15,73.4,50.0
GYR,2016-12-16,73.4,57.2
GYR,2016-12-17,60.8,46.4
GYR,2016-12-18,64.4,35.6
GYR,2016-12-19,71.6,42.8
GYR,2016-12-20,71.6,50.0
GYR,2016-12-21,69.8,57.2
GYR,2016-12-22,62.6,57.2
GYR,2016-12-23,62.6,55.4
GYR,2016-12-24,57.2,46.4
GYR,2016-12-25,53.6,39.2
GYR,2016-12-26,60.8,35.6
GYR,2016-12-27,66.2,41.0
GYR,2016-12-28,60.8,44.6
GYR,2016-12-29,75.2,46.4
GYR,2016-12-30,69.8,53.6
GYR,2016-12-31,60.8,53.6
GYR,2017-01-01,55.4,51.8
GYR,2017-01-02,57.2,46.4
GYR,2017-01-03,60.8,42.8
GYR,2017-01-04,66.2,44.6
GYR,2017-01-05,66.2,46.4
GYR,2017-01-06,64.4,48.2
GYR,2017-01-07,64.4,42.8
GYR,2017-01-08,71.6,48.2
GYR,2017-01-09,62.6,51.8
GYR,2017-01-10,69.8,46.4
GYR,2017-01-11,64.4,44.6
GYR,2017-01-12,68.0,44.6
GYR,2017-01-13,62.6,53.6
GYR,2017-01-14,66.2,51.8
GYR,2017-01-15,59.0,50.0
GYR,2017-01-16,60.8,46.4
GYR,2017-01-17,62.6,41.0
GYR,2017-01-18,64.4,42.8
GYR,2017-01-19,57.2,44.6
GYR,2017-01-20,53.6,44.6
GYR,2017-01-21,60.8,48.2
GYR,2017-01-22,60.8,44.6
GYR,2017-01-23,57.2,50.0
GYR,2017-01-24,55.4,42.8
GYR,2017-01-25,55.4,35.6
GYR,2017-01-26,57.2,35.6
GYR,2017-01-27,59.0,42.8
GYR,2017-01-28,64.4,33.8
GYR,2017-01-29,73.4,35.6
GYR,2017-01-30,73.4,44.6
GYR,2017-01-31,71.6,42.8
GYR,2017-02-01,73.4,44.6
GYR,2017-02-02,71.6,44.6
GYR,2017-02-03,69.8,46.4
GYR,2017-02-04,75.2,44.6
GYR,2017-02-05,73.4,46.4
GYR,2017-02-06,66.2,50.0
GYR,2017-02-07,71.6,48.2
GYR,2017-02-08,75.2,51.8
GYR,2017-02-09,80.6,53.6
GYR,2017-02-10,82.4,55.4
GYR,2017-02-11,75.2,59.0
GYR,2017-02-12,73.4,60.8
GYR,2017-02-13,71.6,57.2
GYR,2017-02-14,73.4,51.8
GYR,2017-02-15,75.2,51.8
GYR,2017-02-16,73.4,48.2
GYR,2017-02-17,75.2,55.4
GYR,2017-02-18,66.2,53.6
GYR,2017-02-19,60.8,51.8
GYR,2017-02-20,68.0,48.2
GYR,2017-02-21,73.4,51.8
GYR,2017-02-22,75.2,53.6
GYR,2017-02-23,62.6,46.4
GYR,2017-02-24,62.6,37.4
GYR,2017-02-25,64.4,39.2
GYR,2017-02-26,68.0,51.8
GYR,2017-02-27,60.8,48.2
GYR,2017-02-28,64.4,53.6
GYR,2017-03-01,69.8,42.8
GYR,2017-03-02,78.8,46.4
GYR,2017-03-03,78.8,51.8
GYR,2017-03-04,77.0,50.0
GYR,2017-03-05,73.4,55.4
GYR,2017-03-06,64.4,46.4
GYR,2017-03-07,73.4,44.6
GYR,2017-03-08,82.4,46.4
GYR,2017-03-09,86.0,53.6
GYR,2017-03-10,87.8,51.8
GYR,2017-03-11,87.8,53.6
GYR,2017-03-12,87.8,57.2
GYR,2017-03-13,91.4,59.0
GYR,2017-03-14,93.2,60.8
GYR,2017-03-15,89.6,57.2
GYR,2017-03-16,91.4,55.4
GYR,2017-03-17,93.2,60.8
GYR,2017-03-18,93.2,60.8
GYR,2017-03-19,93.2,64.4
GYR,2017-03-20,93.2,62.6
GYR,2017-03-21,89.6,60.8
GYR,2017-03-22,78.8,64.4
GYR,2017-03-23,71.6,55.4
GYR,2017-03-24,77.0,53.6
GYR,2017-03-25,82.4,55.4
GYR,2017-03-26,80.6,53.6
GYR,2017-03-27,82.4,53.6
GYR,2017-03-28,78.8,55.4
GYR,2017-03-29,84.2,55.4
GYR,2017-03-30,89.6,53.6
GYR,2017-03-31,66.2,53.6
GYR,2017-04-01,73.4,50.0
GYR,2017-04-02,80.6,51.8
GYR,2017-04-03,84.2,59.0
GYR,2017-04-04,80.6,53.6
GYR,2017-04-05,84.2,57.2
GYR,2017-04-06,89.6,55.4
GYR,2017-04-07,89.6,57.2
GYR,2017-04-08,87.8,57.2
GYR,2017-04-09,80.6,57.2
GYR,2017-04-10,82.4,51.8
GYR,2017-04-11,87.8,53.6
GYR,2017-04-12,89.6,59.0
GYR,2017-04-13,93.2,60.8
GYR,2017-04-14,87.8,60.8
GYR,2017-04-15,86.0,57.2
GYR,2017-04-16,89.6,57.2
GYR,2017-04-17,91.4,57.2
GYR,2017-04-18,91.4,62.6
GYR,2017-04-19,89.6,66.2
GYR,2017-04-20,93.2,59.0
GYR,2017-04-21,95.0,60.8
GYR,2017-04-22,93.2,64.4
GYR,2017-04-23,98.6,64.4
GYR,2017-04-24,91.4,66.2
GYR,2017-04-25,87.8,64.4
GYR,2017-04-26,89.6,62.6
GYR,2017-04-27,89.6,68.0
GYR,2017-04-28,86.0,69.8
GYR,2017-04-29,82.4,57.2
GYR,2017-04-30,87.8,57.2
GYR,2017-05-01,93.2,60.8
GYR,2017-05-02,95.0,64.4
GYR,2017-05-03,98.6,68.0
GYR,2017-05-04,102.2,71.6
GYR,2017-05-05,107.6,69.8
GYR,2017-05-06,95.0,73.4
GYR,2017-05-07,73.4,60.8
GYR,2017-05-08,80.6,55.4
GYR,2017-05-09,87.8,57.2
GYR,2017-05-10,78.8,57.2
GYR,2017-05-11,89.6,60.8
GYR,2017-05-12,96.8,69.8
GYR,2017-05-13,98.6,71.6
GYR,2017-05-14,91.4,66.2
GYR,2017-05-15,84.2,62.6
GYR,2017-05-16,78.8,57.2
GYR,2017-05-17,84.2,60.8
GYR,2017-05-18,86.0,66.2
GYR,2017-05-19,102.2,60.8
GYR,2017-05-20,95.0,66.2
GYR,2017-05-21,98.6,68.0
GYR,2017-05-22,102.2,69.8
GYR,2017-05-23,104.0,73.4
GYR,2017-05-24,107.6,71.6
GYR,2017-05-25,98.6,75.2
GYR,2017-05-26,93.2,71.6
GYR,2017-05-27,95.0,68.0
GYR,2017-05-28,100.4,68.0
GYR,2017-05-29,102.2,69.8
GYR,2017-05-30,102.2,75.2
GYR,2017-05-31,98.6,73.4
GYR,2017-06-01,96.8,78.8
GYR,2017-06-02,100.4,73.4
GYR,2017-06-03,105.8,77.0
GYR,2017-06-04,105.8,78.8
GYR,2017-06-05,105.8,80.6
GYR,2017-06-06,105.8,77.0
GYR,2017-06-07,105.8,75.2
GYR,2017-06-08,102.2,73.4
GYR,2017-06-09,105.8,80.6
GYR,2017-06-10,100.4,75.2
GYR,2017-06-11,98.6,71.6
GYR,2017-06-12,91.4,71.6
GYR,2017-06-13,93.2,64.4
GYR,2017-06-14,102.2,66.2
GYR,2017-06-15,105.8,69.8
GYR,2017-06-16,107.6,71.6
GYR,2017-06-17,109.4,78.8
GYR,2017-06-18,113.0,78.8
GYR,2017-06-19,116.6,84.2
GYR,2017-06-20,118.4,84.2
GYR,2017-06-21,116.6,84.2
GYR,2017-06-22,111.2,87.8
GYR,2017-06-23,111.2,80.6
GYR,2017-06-24,114.8,82.4
GYR,2017-06-25,114.8,89.6
GYR,2017-06-26,111.2,87.8
GYR,2017-06-27,109.4,84.2
GYR,2017-06-28,107.6,77.0
GYR,2017-06-29,105.8,82.4
GYR,2017-06-30,107.6,78.8
GYR,2017-07-01,109.4,80.6
GYR,2017-07-02,107.6,80.6
GYR,2017-07-03,105.8,82.4
GYR,2017-07-04,109.4,84.2
GYR,2017-07-05,111.2,84.2
GYR,2017-07-06,111.2,87.8
GYR,2017-07-07,116.6,87.8
GYR,2017-07-08,111.2,95.0
GYR,2017-07-09,107.6,84.2
GYR,2017-07-10,109.4,86.0
GYR,2017-07-11,104.0,84.2
GYR,2017-07-12,107.6,84.2
GYR,2017-07-13,107.6,84.2
GYR,2017-07-14,107.6,84.2
GYR,2017-07-15,107.6,87.8
GYR,2017-07-16,102.2,82.4
GYR,2017-07-17,98.6,78.8
GYR,2017-07-18,100.4,78.8
GYR,2017-07-19,98.6,84.2
GYR,2017-07-20,102.2,82.4
GYR,2017-07-21,102.2,82.4
GYR,2017-07-22,105.8,84.2
GYR,2017-07-23,100.4,84.2
GYR,2017-07-24,87.8,73.4
GYR,2017-07-25,100.4,80.6
GYR,2017-07-26,102.2,82.4
GYR,2017-07-27,107.6,86.0
GYR,2017-07-28,98.6,84.2
GYR,2017-07-29,102.2,80.6
GYR,2017-07-30,96.8,77.0
GYR,2017-07-31,104.0,84.2
GYR,2017-08-01,96.8,84.2
GYR,2017-08-02,96.8,84.2
GYR,2017-08-03,104.0,84.2
GYR,2017-08-04,102.2,71.6
GYR,2017-08-05,104.0,84.2
GYR,2017-08-06,104.0,80.6
GYR,2017-08-07,105.8,80.6
GYR,2017-08-08,105.8,78.8
GYR,2017-08-09,109.4,78.8
GYR,2017-08-10,105.8,87.8
GYR,2017-08-11,105.8,80.6
GYR,2017-08-12,102.2,82.4
GYR,2017-08-13,98.6,75.2
GYR,2017-08-14,102.2,80.6
GYR,2017-08-15,100.4,80.6
GYR,2017-08-16,100.4,75.2
GYR,2017-08-17,102.2,77.0
GYR,2017-08-18,104.0,73.4
GYR,2017-08-19,102.2,78.8
GYR,2017-08-20,100.4,82.4
GYR,2017-08-21,102.2,84.2
GYR,2017-08-22,107.6,78.8
GYR,2017-08-24,102.2,78.8
GYR,2017-08-25,107.6,82.4
GYR,2017-08-26,109.4,84.2
GYR,2017-08-27,109.4,87.8
GYR,2017-08-28,109.4,91.4
GYR,2017-08-29,109.4,84.2
GYR,2017-08-30,107.6,84.2
GYR,2017-08-31,107.6,84.2
GYR,2017-09-01,107.6,78.8
GYR,2017-09-02,100.4,80.6
GYR,2017-09-03,100.4,80.6
GYR,2017-09-04,102.2,78.8
GYR,2017-09-05,105.8,80.6
GYR,2017-09-06,107.6,82.4
GYR,2017-09-07,102.2,80.6
GYR,2017-09-08,96.8,82.4
GYR,2017-09-09,93.2,80.6
GYR,2017-09-10,102.2,75.2
GYR,2017-09-11,105.8,84.2
GYR,2017-09-12,107.6,82.4
GYR,2017-09-13,107.6,82.4
GYR,2017-09-14,100.4,84.2
GYR,2017-09-15,96.8,73.4
GYR,2017-09-16,96.8,69.8
GYR,2017-09-17,95.0,73.4
GYR,2017-09-18,96.8,69.8
GYR,2017-09-19,98.6,66.2
GYR,2017-09-20,96.8,69.8
GYR,2017-09-21,96.8,69.8
GYR,2017-09-22,87.8,71.6
GYR,2017-09-23,84.2,60.8
GYR,2017-09-24,84.2,57.2
GYR,2017-09-25,98.6,57.2
GYR,2017-09-26,87.8,60.8
GYR,2017-09-27,89.6,62.6
GYR,2017-09-28,93.2,62.6
GYR,2017-09-29,96.8,64.4
GYR,2017-09-30,96.8,68.0
GYR,2017-10-01,96.8,66.2
GYR,2017-10-02,100.4,64.4
GYR,2017-10-03,93.2,62.6
GYR,2017-10-04,96.8,64.4
GYR,2017-10-05,96.8,66.2
GYR,2017-10-06,96.8,60.8
GYR,2017-10-07,93.2,62.6
GYR,2017-10-08,93.2,60.8
GYR,2017-10-09,87.8,66.2
GYR,2017-10-10,91.4,66.2
GYR,2017-10-11,93.2,66.2
GYR,2017-10-12,91.4,55.4
GYR,2017-10-13,93.2,62.6
GYR,2017-10-14,91.4,60.8
GYR,2017-10-15,96.8,62.6
GYR,2017-10-16,96.8,37.4
GYR,2017-10-17,96.8,62.6
GYR,2017-10-18,95.0,62.6
GYR,2017-10-19,95.0,71.6
GYR,2017-10-20,86.0,64.4
GYR,2017-10-21,82.4,60.8
GYR,2017-10-22,91.4,57.2
GYR,2017-10-23,95.0,59.0
GYR,2017-10-24,98.6,68.0
GYR,2017-10-25,93.2,64.4
GYR,2017-10-26,91.4,59.0
GYR,2017-10-27,91.4,57.2
GYR,2017-10-28,91.4,57.2
GYR,2017-10-29,89.6,57.2
GYR,2017-10-30,84.2,59.0
GYR,2017-10-31,78.8,57.2
GYR,2017-11-01,82.4,60.8
GYR,2017-11-02,78.8,60.8
GYR,2017-11-03,78.8,57.2
GYR,2017-11-04,80.6,62.6
GYR,2017-11-05,78.8,60.8
GYR,2017-11-06,80.6,57.2
GYR,2017-11-07,80.6,62.6
GYR,2017-11-08,82.4,59.0
GYR,2017-11-09,84.2,59.0
GYR,2017-11-10,82.4,55.4
GYR,2017-11-11,84.2,55.4
GYR,2017-11-12,84.2,55.4
GYR,2017-11-13,87.8,59.0
GYR,2017-11-14,84.2,55.4
GYR,2017-11-15,82.4,51.8
GYR,2017-11-16,84.2,55.4
GYR,2017-11-17,80.6,59.0
GYR,2017-11-18,78.8,55.4
GYR,2017-11-19,80.6,48.2
GYR,2017-11-20,75.2,51.8
GYR,2017-11-21,78.8,48.2
GYR,2017-11-22,86.0,53.6
GYR,2017-11-23,87.8,53.6
GYR,2017-11-24,84.2,53.6
GYR,2017-11-25,84.2,55.4
GYR,2017-11-26,86.0,53.6
GYR,2017-11-27,78.8,53.6
GYR,2017-11-28,73.4,48.2
GYR,2017-11-29,75.2,53.6
GYR,2017-11-30,75.2,57.2
GYR,2017-12-01,77.0,57.2
GYR,2017-12-02,82.4,55.4
GYR,2017-12-03,80.6,53.6
GYR,2017-12-04,71.6,48.2
GYR,2017-12-05,64.4,44.6
GYR,2017-12-06,73.4,51.8
GYR,2017-12-07,66.2,53.6
GYR,2017-12-08,64.4,35.6
GYR,2017-12-09,73.4,39.2
GYR,2017-12-10,78.8,53.6
GYR,2017-12-11,75.2,53.6
GYR,2017-12-12,71.6,39.2
GYR,2017-12-13,75.2,42.8
GYR,2017-12-14,71.6,39.2
GYR,2017-12-15,71.6,44.6
GYR,2017-12-16,66.2,48.2
GYR,2017-12-17,62.6,50.0
GYR,2017-12-18,66.2,42.8
GYR,2017-12-19,64.4,39.2
GYR,2017-12-20,66.2,42.8
GYR,2017-12-21,55.4,42.8
GYR,2017-12-22,57.2,28.4
GYR,2017-12-23,60.8,35.6
GYR,2017-12-24,68.0,37.4
GYR,2017-12-25,64.4,41.0
GYR,2017-12-26,69.8,39.2
GYR,2017-12-27,69.8,42.8
GYR,2017-12-28,73.4,41.0
GYR,2017-12-29,77.0,41.0
GYR,2017-12-30,73.4,42.8
GYR,2017-12-31,68.0,42.8
GYR,2018-01-01,73.4,39.2
GYR,2018-01-02,73.4,46.4
GYR,2018-01-03,75.2,44.6
GYR,2018-01-04,77.0,50.0
GYR,2018-01-05,77.0,46.4
GYR,2018-01-06,73.4,48.2
GYR,2018-01-07,73.4,48.2
GYR,2018-01-08,73.4,53.6
GYR,2018-01-09,78.8,53.6
GYR,2018-01-10,62.6,51.8
GYR,2018-01-11,66.2,46.4
GYR,2018-01-12,69.8,42.8
GYR,2018-01-13,78.8,42.8
GYR,2018-01-14,75.2,44.6
GYR,2018-01-15,71.6,42.8
GYR,2018-01-16,71.6,48.2
GYR,2018-01-17,69.8,51.8
GYR,2018-01-18,73.4,42.8
GYR,2018-01-19,73.4,46.4
GYR,2018-01-20,62.6,48.2
GYR,2018-01-21,59.0,39.2
GYR,2018-01-22,60.8,37.4
GYR,2018-01-23,68.0,37.4
GYR,2018-01-24,73.4,39.2
GYR,2018-01-25,73.4,44.6
GYR,2018-01-26,66.2,42.8
GYR,2018-01-27,73.4,39.2
GYR,2018-01-28,80.6,42.8
GYR,2018-01-29,82.4,46.4
GYR,2018-01-30,78.8,51.8
GYR,2018-01-31,78.8,44.6
GYR,2018-02-01,78.8,48.2
GYR,2018-02-02,78.8,46.4
GYR,2018-02-03,77.0,46.4
GYR,2018-02-04,78.8,48.2
GYR,2018-02-05,78.8,48.2
GYR,2018-02-06,78.8,50.0
GYR,2018-02-07,75.2,53.6
GYR,2018-02-08,80.6,48.2
GYR,2018-02-09,80.6,46.4
GYR,2018-02-10,77.0,51.8
GYR,2018-02-11,75.2,55.4
GYR,2018-02-12,66.2,51.8
GYR,2018-02-13,71.6,57.2
GYR,2018-02-14,59.0,48.2
GYR,2018-02-15,64.4,53.6
GYR,2018-02-16,64.4,51.8
GYR,2018-02-17,69.8,44.6
GYR,2018-02-18,71.6,46.4
GYR,2018-02-19,64.4,51.8
GYR,2018-02-20,57.2,35.6
GYR,2018-02-21,60.8,35.6
GYR,2018-02-22,60.8,37.4
GYR,2018-02-23,60.8,37.4
GYR,2018-02-24,59.0,35.6
GYR,2018-02-25,64.4,32.0
GYR,2018-02-26,66.2,35.6
GYR,2018-02-27,66.2,42.8
GYR,2018-02-28,59.0,41.0
GYR,2018-03-01,68.0,41.0
GYR,2018-03-02,73.4,42.8
GYR,2018-03-03,73.4,44.6
GYR,2018-03-04,66.2,48.2
GYR,2018-03-05,71.6,41.0
GYR,2018-03-06,77.0,44.6
GYR,2018-03-07,78.8,42.8
GYR,2018-03-08,80.6,51.8
GYR,2018-03-09,82.4,53.6
GYR,2018-03-10,73.4,60.8
GYR,2018-03-11,75.2,57.2
GYR,2018-03-12,82.4,55.4
GYR,2018-03-13,84.2,57.2
GYR,2018-03-14,84.2,57.2
GYR,2018-03-15,71.6,51.8
GYR,2018-03-16,71.6,48.2
GYR,2018-03-17,69.8,51.8
GYR,2018-03-18,66.2,50.0
GYR,2018-03-19,71.6,44.6
GYR,2018-03-20,78.8,46.4
GYR,2018-03-21,82.4,55.4
GYR,2018-03-22,86.0,57.2
GYR,2018-03-23,82.4,66.2
GYR,2018-03-24,80.6,57.2
GYR,2018-03-25,73.4,50.0
GYR,2018-03-26,73.4,51.8
GYR,2018-03-27,75.2,51.8
GYR,2018-03-28,78.8,50.0
GYR,2018-03-29,86.0,55.4
GYR,2018-03-30,89.6,57.2
GYR,2018-03-31,91.4,60.8
GYR,2018-04-01,91.4,64.4
GYR,2018-04-02,87.8,60.8
GYR,2018-04-03,86.0,62.6
GYR,2018-04-04,87.8,60.8
GYR,2018-04-05,89.6,60.8
GYR,2018-04-06,91.4,66.2
GYR,2018-04-07,93.2,69.8
GYR,2018-04-08,91.4,71.6
GYR,2018-04-09,93.2,60.8
GYR,2018-04-10,96.8,66.2
GYR,2018-04-11,96.8,59.0
GYR,2018-04-12,86.0,66.2
GYR,2018-04-13,77.0,57.2
GYR,2018-04-14,91.4,50.0
GYR,2018-04-15,87.8,53.6
GYR,2018-04-16,86.0,64.4
GYR,2018-04-17,73.4,53.6
GYR,2018-04-18,82.4,53.6
GYR,2018-04-19,80.6,53.6
GYR,2018-04-20,78.8,51.8
GYR,2018-04-21,87.8,59.0
GYR,2018-04-22,93.2,59.0
GYR,2018-04-23,95.0,64.4
GYR,2018-04-24,96.8,68.0
GYR,2018-04-25,96.8,69.8
GYR,2018-04-26,96.8,69.8
GYR,2018-04-27,98.6,73.4
GYR,2018-04-28,96.8,71.6
GYR,2018-04-29,91.4,66.2
GYR,2018-04-30,84.2,62.6
GYR,2018-05-01,73.4,59.0
GYR,2018-05-02,75.2,57.2
GYR,2018-05-03,82.4,57.2
GYR,2018-05-04,95.0,64.4
GYR,2018-05-05,102.2,66.2
GYR,2018-05-06,104.0,75.2
GYR,2018-05-07,102.2,75.2
GYR,2018-05-08,102.2,66.2
GYR,2018-05-09,102.2,71.6
GYR,2018-05-10,105.8,71.6
GYR,2018-05-11,98.6,71.6
GYR,2018-05-12,87.8,66.2
GYR,2018-05-13,87.8,62.6
GYR,2018-05-14,93.2,64.4
GYR,2018-05-15,93.2,69.8
GYR,2018-05-16,98.6,66.2
GYR,2018-05-17,96.8,68.0
GYR,2018-05-18,91.4,68.0
GYR,2018-05-19,95.0,66.2
GYR,2018-05-20,96.8,69.8
GYR,2018-05-21,93.2,64.4
GYR,2018-05-22,91.4,68.0
GYR,2018-05-23,91.4,62.6
GYR,2018-05-24,96.8,64.4
GYR,2018-05-25,98.6,69.8
GYR,2018-05-26,89.6,68.0
GYR,2018-05-27,91.4,66.2
GYR,2018-05-28,96.8,69.8
GYR,2018-05-29,102.2,73.4
GYR,2018-05-30,100.4,75.2
GYR,2018-05-31,98.6,69.8
GYR,2018-06-01,98.6,73.4
GYR,2018-06-02,102.2,71.6
GYR,2018-06-03,104.0,73.4
GYR,2018-06-04,107.6,75.2
GYR,2018-06-05,102.2,75.2
GYR,2018-06-06,100.4,75.2
GYR,2018-06-07,102.2,71.6
GYR,2018-06-08,105.8,71.6
GYR,2018-06-09,107.6,71.6
GYR,2018-06-10,104.0,78.8
GYR,2018-06-11,105.8,75.2
GYR,2018-06-12,107.6,73.4
GYR,2018-06-13,107.6,80.6
GYR,2018-06-14,107.6,87.8
GYR,2018-06-15,93.2,84.2
GYR,2018-06-16,84.2,71.6
GYR,2018-06-17,98.6,69.8
GYR,2018-06-18,98.6,66.2
GYR,2018-06-19,102.2,73.4
GYR,2018-06-20,107.6,75.2
GYR,2018-06-21,107.6,77.0
GYR,2018-06-22,109.4,78.8
GYR,2018-06-23,107.6,78.8
GYR,2018-06-24,102.2,75.2
GYR,2018-06-25,105.8,75.2
GYR,2018-06-26,107.6,80.6
GYR,2018-06-27,109.4,77.0
GYR,2018-06-28,107.6,82.4
GYR,2018-06-29,102.2,78.8
GYR,2018-06-30,102.2,77.0
GYR,2018-07-01,96.8,75.2
GYR,2018-07-02,105.8,75.2
GYR,2018-07-03,107.6,78.8
GYR,2018-07-04,105.8,78.8
GYR,2018-07-05,114.8,84.2
GYR,2018-07-06,111.2,93.2
GYR,2018-07-07,111.2,89.6
GYR,2018-07-08,109.4,91.4
GYR,2018-07-09,105.8,78.8
GYR,2018-07-10,95.0,75.2
GYR,2018-07-11,100.4,80.6
GYR,2018-07-12,100.4,78.8
GYR,2018-07-13,104.0,82.4
GYR,2018-07-14,102.2,87.8
GYR,2018-07-15,100.4,87.8
GYR,2018-07-16,104.0,82.4
GYR,2018-07-17,104.0,82.4
GYR,2018-07-18,100.4,82.4
GYR,2018-07-19,105.8,84.2
GYR,2018-07-20,107.6,87.8
GYR,2018-07-21,100.4,75.2
GYR,2018-07-22,107.6,80.6
GYR,2018-07-23,114.8,87.8
GYR,2018-07-24,116.6,87.8
GYR,2018-07-25,114.8,89.6
GYR,2018-07-26,111.2,89.6
GYR,2018-07-27,107.6,89.6
GYR,2018-07-28,105.8,89.6
GYR,2018-07-29,102.2,86.0
GYR,2018-07-30,107.6,89.6
GYR,2018-07-31,107.6,84.2
GYR,2018-08-01,109.4,87.8
GYR,2018-08-02,109.4,86.0
GYR,2018-08-03,107.6,80.6
GYR,2018-08-04,109.4,87.8
GYR,2018-08-05,111.2,89.6
GYR,2018-08-06,113.0,87.8
GYR,2018-08-07,109.4,87.8
GYR,2018-08-08,102.2,80.6
GYR,2018-08-09,100.4,84.2
GYR,2018-08-10,98.6,78.8
GYR,2018-08-11,100.4,78.8
GYR,2018-08-12,102.2,82.4
GYR,2018-08-13,100.4,78.8
GYR,2018-08-14,104.0,84.2
GYR,2018-08-15,98.6,82.4
GYR,2018-08-16,98.6,84.2
GYR,2018-08-17,102.2,82.4
GYR,2018-08-18,105.8,86.0
GYR,2018-08-19,107.6,84.2
GYR,2018-08-20,105.8,87.8
GYR,2018-08-21,102.2,87.8
GYR,2018-08-22,98.6,84.2
GYR,2018-08-23,102.2,80.6
GYR,2018-08-24,100.4,80.6
GYR,2018-08-25,100.4,80.6
GYR,2018-08-26,102.2,82.4
GYR,2018-08-27,105.8,82.4
GYR,2018-08-28,102.2,78.8
GYR,2018-08-29,105.8,80.6
GYR,2018-08-30,102.2,84.2
GYR,2018-08-31,102.2,82.4
GYR,2018-09-01,104.0,84.2
GYR,2018-09-02,100.4,78.8
GYR,2018-09-03,98.6,73.4
GYR,2018-09-04,100.4,78.8
GYR,2018-09-05,102.2,80.6
GYR,2018-09-06,104.0,78.8
GYR,2018-09-07,105.8,84.2
GYR,2018-09-08,107.6,80.6
GYR,2018-09-09,105.8,82.4
GYR,2018-09-10,105.8,82.4
GYR,2018-09-11,107.6,78.8
GYR,2018-09-12,105.8,78.8
GYR,2018-09-13,102.2,71.6
GYR,2018-09-14,105.8,75.2
GYR,2018-09-15,109.4,78.8
GYR,2018-09-16,102.2,80.6
GYR,2018-09-17,105.8,82.4
GYR,2018-09-18,102.2,82.4
GYR,2018-09-19,87.8,73.4
GYR,2018-09-20,96.8,73.4
GYR,2018-09-21,100.4,75.2
GYR,2018-09-22,102.2,78.8
GYR,2018-09-23,100.4,80.6
GYR,2018-09-24,100.4,80.6
GYR,2018-09-25,98.6,78.8
GYR,2018-09-26,102.2,75.2
GYR,2018-09-27,102.2,73.4
GYR,2018-09-28,102.2,71.6
GYR,2018-09-29,102.2,78.8
GYR,2018-09-30,93.2,73.4
GYR,2018-10-01,77.0,71.6
GYR,2018-10-02,80.6,69.8
GYR,2018-10-03,102.2,73.4
GYR,2018-10-04,84.2,71.6
GYR,2018-10-05,84.2,66.2
GYR,2018-10-06,84.2,66.2
GYR,2018-10-07,73.4,57.2
GYR,2018-10-08,75.2,57.2
GYR,2018-10-09,78.8,57.2
GYR,2018-10-10,80.6,60.8
GYR,2018-10-11,82.4,66.2
GYR,2018-10-12,80.6,69.8
GYR,2018-10-13,69.8,62.6
GYR,2018-10-14,75.2,60.8
GYR,2018-10-15,75.2,60.8
GYR,2018-10-16,69.8,60.8
GYR,2018-10-17,77.0,55.4
GYR,2018-10-18,80.6,59.0
GYR,2018-10-19,84.2,62.6
GYR,2018-10-20,91.4,66.2
GYR,2018-10-21,87.8,73.4
GYR,2018-10-22,87.8,69.8
GYR,2018-10-23,87.8,66.2
GYR,2018-10-24,82.4,62.6
GYR,2018-10-25,84.2,62.6
GYR,2018-10-26,84.2,62.6
GYR,2018-10-27,87.8,57.2
GYR,2018-10-28,87.8,60.8
GYR,2018-10-29,86.0,60.8
GYR,2018-10-30,84.2,62.6
GYR,2018-10-31,75.2,53.6
GYR,2018-11-01,75.2,51.8
GYR,2018-11-02,80.6,51.8
GYR,2018-11-03,80.6,51.8
GYR,2018-11-04,78.8,57.2
GYR,2018-11-05,80.6,55.4
GYR,2018-11-06,80.6,55.4
GYR,2018-11-07,80.6,55.4
GYR,2018-11-08,80.6,55.4
GYR,2018-11-09,78.8,60.8
GYR,2018-11-10,75.2,53.6
GYR,2018-11-11,73.4,48.2
GYR,2018-11-12,66.2,48.2
GYR,2018-11-13,66.2,42.8
GYR,2018-11-14,68.0,46.4
GYR,2018-11-15,73.4,42.8
GYR,2018-11-16,73.4,44.6
GYR,2018-11-17,71.6,42.8
GYR,2018-11-18,71.6,46.4
GYR,2018-11-19,73.4,42.8
GYR,2018-11-20,75.2,51.8
GYR,2018-11-21,73.4,46.4
GYR,2018-11-22,66.2,53.6
GYR,2018-11-23,69.8,48.2
GYR,2018-11-24,69.8,46.4
GYR,2018-11-25,71.6,48.2
GYR,2018-11-26,73.4,44.6
GYR,2018-11-27,75.2,46.4
GYR,2018-11-28,73.4,46.4
GYR,2018-11-29,66.2,48.2
GYR,2018-11-30,64.4,48.2
GYR,2018-12-01,62.6,44.6
GYR,2018-12-02,60.8,48.2
GYR,2018-12-03,62.6,41.0
GYR,2018-12-04,62.6,41.0
GYR,2018-12-05,71.6,46.4
GYR,2018-12-06,57.2,51.8
GYR,2018-12-07,66.2,53.6
GYR,2018-12-08,66.2,46.4
GYR,2018-12-09,68.0,44.6
GYR,2018-12-10,69.8,48.2
GYR,2018-12-11,69.8,53.6
GYR,2018-12-12,64.4,39.2
GYR,2018-12-13,66.2,39.2
GYR,2018-12-14,62.6,37.4
GYR,2018-12-15,68.0,51.8
GYR,2018-12-16,68.0,44.6
GYR,2018-12-17,66.2,39.2
GYR,2018-12-18,68.0,42.8
GYR,2018-12-19,66.2,41.0
GYR,2018-12-20,73.4,42.8
GYR,2018-12-21,66.2,44.6
GYR,2018-12-22,71.6,42.8
GYR,2018-12-23,71.6,42.8
GYR,2018-12-24,69.8,42.8
GYR,2018-12-25,62.6,42.8
GYR,2018-12-26,62.6,41.0
GYR,2018-12-27,57.2,39.2
GYR,2018-12-28,53.6,33.8
GYR,2018-12-29,55.4,28.4
GYR,2018-12-30,55.4,32.0
GYR,2018-12-31,44.6,33.8
GYR,2019-01-01,50.0,33.8
GYR,2019-01-02,50.0,30.2
GYR,2019-01-03,55.4,28.4
GYR,2019-01-04,62.6,30.2
GYR,2019-01-05,64.4,39.2
GYR,2019-01-06,55.4,46.4
GYR,2019-01-07,62.6,39.2
GYR,2019-01-08,68.0,39.2
GYR,2019-01-09,69.8,44.6
GYR,2019-01-10,64.4,48.2
GYR,2019-01-11,64.4,44.6
GYR,2019-01-12,66.2,44.6
GYR,2019-01-13,60.8,42.8
GYR,2019-01-14,66.2,51.8
GYR,2019-01-15,62.6,53.6
GYR,2019-01-16,68.0,50.0
GYR,2019-01-17,66.2,46.4
GYR,2019-01-18,69.8,50.0
GYR,2019-01-19,69.8,41.0
GYR,2019-01-20,60.8,57.2
GYR,2019-01-21,64.4,46.4
GYR,2019-01-22,62.6,42.8
GYR,2019-01-23,60.8,39.2
GYR,2019-01-24,69.8,35.6
GYR,2019-01-25,68.0,37.4
GYR,2019-01-26,71.6,37.4
GYR,2019-01-27,73.4,44.6
GYR,2019-01-28,69.8,42.8
GYR,2019-01-29,69.8,48.2
GYR,2019-01-30,71.6,51.8
GYR,2019-01-31,71.6,46.4
GYR,2019-02-01,73.4,53.6
GYR,2019-02-02,73.4,55.4
GYR,2019-02-03,64.4,57.2
GYR,2019-02-04,64.4,53.6
GYR,2019-02-05,66.2,48.2
GYR,2019-02-06,55.4,42.8
GYR,2019-02-07,55.4,32.0
GYR,2019-02-08,64.4,35.6
GYR,2019-02-09,57.2,39.2
GYR,2019-02-10,64.4,33.8
GYR,2019-02-11,59.0,39.2
GYR,2019-02-12,68.0,37.4
GYR,2019-02-13,66.2,44.6
GYR,2019-02-14,59.0,53.6
GYR,2019-02-15,66.2,48.2
GYR,2019-02-16,62.6,46.4
GYR,2019-02-17,57.2,41.0
GYR,2019-02-18,55.4,42.8
GYR,2019-02-19,57.2,33.8
GYR,2019-02-20,62.6,28.4
GYR,2019-02-21,50.0,42.8
GYR,2019-02-22,48.2,39.2
GYR,2019-02-23,55.4,33.8
GYR,2019-02-24,60.8,37.4
GYR,2019-02-25,64.4,39.2
GYR,2019-02-26,69.8,42.8
GYR,2019-02-27,73.4,51.8
GYR,2019-02-28,75.2,48.2
GYR,2019-03-01,77.0,53.6
GYR,2019-03-02,73.4,57.2
GYR,2019-03-03,73.4,53.6
GYR,2019-03-04,73.4,51.8
GYR,2019-03-05,78.8,51.8
GYR,2019-03-06,84.2,59.0
GYR,2019-03-07,75.2,57.2
GYR,2019-03-08,66.2,57.2
GYR,2019-03-09,66.2,42.8
GYR,2019-03-10,69.8,44.6
GYR,2019-03-11,66.2,48.2
GYR,2019-03-12,57.2,51.8
GYR,2019-03-13,64.4,51.8
GYR,2019-03-14,62.6,39.2
GYR,2019-03-15,73.4,42.8
GYR,2019-03-16,78.8,55.4
GYR,2019-03-17,78.8,55.4
GYR,2019-03-18,82.4,55.4
GYR,2019-03-19,84.2,55.4
GYR,2019-03-20,84.2,57.2
GYR,2019-03-21,68.0,51.8
GYR,2019-03-22,71.6,48.2
GYR,2019-03-23,75.2,51.8
GYR,2019-03-24,78.8,53.6
GYR,2019-03-25,84.2,50.0
GYR,2019-03-26,86.0,55.4
GYR,2019-03-27,80.6,59.0
GYR,2019-03-28,84.2,51.8
GYR,2019-03-29,80.6,53.6
GYR,2019-03-30,82.4,55.4
GYR,2019-03-31,80.6,51.8
GYR,2019-04-01,82.4,60.8
GYR,2019-04-02,87.8,55.4
GYR,2019-04-03,77.0,55.4
GYR,2019-04-04,82.4,55.4
GYR,2019-04-05,80.6,53.6
GYR,2019-04-06,78.8,60.8
GYR,2019-04-07,89.6,57.2
GYR,2019-04-08,95.0,60.8
GYR,2019-04-09,95.0,62.6
GYR,2019-04-10,75.2,57.2
GYR,2019-04-11,77.0,51.8
GYR,2019-04-12,75.2,64.4
GYR,2019-04-13,78.8,51.8
GYR,2019-04-14,84.2,57.2
GYR,2019-04-15,87.8,59.0
GYR,2019-04-16,77.0,59.0
GYR,2019-04-17,78.8,55.4
GYR,2019-04-18,89.6,57.2
GYR,2019-04-19,98.6,64.4
GYR,2019-04-20,93.2,69.8
GYR,2019-04-21,87.8,64.4
GYR,2019-04-22,86.0,60.8
GYR,2019-04-23,86.0,60.8
GYR,2019-04-24,93.2,64.4
GYR,2019-04-25,98.6,66.2
GYR,2019-04-26,100.4,66.2
GYR,2019-04-27,96.8,71.6
GYR,2019-04-28,96.8,68.0
GYR,2019-04-29,87.8,71.6
GYR,2019-04-30,82.4,60.8
GYR,2019-05-01,86.0,62.6
GYR,2019-05-02,84.2,60.8
GYR,2019-05-03,91.4,60.8
GYR,2019-05-04,95.0,64.4
GYR,2019-05-05,93.2,68.0
GYR,2019-05-06,82.4,66.2
GYR,2019-05-07,80.6,60.8
GYR,2019-05-08,87.8,64.4
GYR,2019-05-09,87.8,62.6
GYR,2019-05-10,82.4,60.8
GYR,2019-05-11,84.2,60.8
GYR,2019-05-12,84.2,64.4
GYR,2019-05-13,91.4,64.4
GYR,2019-05-14,96.8,71.6
GYR,2019-05-15,98.6,73.4
GYR,2019-05-16,91.4,71.6
GYR,2019-05-17,80.6,57.2
GYR,2019-05-18,86.0,59.0
GYR,2019-05-19,80.6,69.8
GYR,2019-05-20,75.2,57.2
GYR,2019-05-21,82.4,60.8
GYR,2019-05-22,73.4,57.2
GYR,2019-05-23,75.2,55.4
GYR,2019-05-24,84.2,55.4
GYR,2019-05-25,91.4,62.6
GYR,2019-05-26,82.4,66.2
GYR,2019-05-27,78.8,62.6
GYR,2019-05-28,82.4,59.0
GYR,2019-05-29,89.6,62.6
GYR,2019-05-30,95.0,68.0
GYR,2019-05-31,96.8,69.8
GYR,2019-06-01,96.8,68.0
GYR,2019-06-02,91.4,69.8
GYR,2019-06-03,95.0,73.4
GYR,2019-06-04,98.6,71.6
GYR,2019-06-05,102.2,73.4
GYR,2019-06-06,100.4,71.6
GYR,2019-06-07,98.6,75.2
GYR,2019-06-08,98.6,68.0
GYR,2019-06-09,104.0,75.2
GYR,2019-06-10,107.6,75.2
GYR,2019-06-11,107.6,82.4
GYR,2019-06-12,109.4,75.2
GYR,2019-06-13,105.8,82.4
GYR,2019-06-14,104.0,77.0
GYR,2019-06-15,102.2,75.2
GYR,2019-06-16,104.0,77.0
GYR,2019-06-17,102.2,75.2
GYR,2019-06-18,100.4,73.4
GYR,2019-06-19,102.2,73.4
GYR,2019-06-20,102.2,77.0
GYR,2019-06-21,102.2,75.2
GYR,2019-06-22,98.6,73.4
GYR,2019-06-23,98.6,75.2
GYR,2019-06-24,102.2,71.6
GYR,2019-06-25,102.2,73.4
GYR,2019-06-26,102.2,77.0
GYR,2019-06-27,102.2,77.0
GYR,2019-06-28,107.6,75.2
GYR,2019-06-29,111.2,80.6
GYR,2019-06-30,109.4,75.2
GYR,2019-07-01,109.4,82.4
GYR,2019-07-02,105.8,82.4
GYR,2019-07-03,105.8,80.6
GYR,2019-07-04,104.0,77.0
GYR,2019-07-05,105.8,73.4
GYR,2019-07-06,105.8,78.8
GYR,2019-07-07,105.8,80.6
GYR,2019-07-08,102.2,75.2
GYR,2019-07-09,102.2,73.4
GYR,2019-07-10,109.4,80.6
GYR,2019-07-11,109.4,86.0
GYR,2019-07-12,111.2,89.6
GYR,2019-07-13,107.6,89.6
GYR,2019-07-14,109.4,87.8
GYR,2019-07-15,111.2,86.0
GYR,2019-07-17,104.0,86.0
GYR,2019-07-18,107.6,78.8
GYR,2019-07-19,105.8,87.8
GYR,2019-07-20,107.6,82.4
GYR,2019-07-21,107.6,84.2
GYR,2019-07-22,104.0,66.2
GYR,2019-07-23,105.8,78.8
GYR,2019-07-24,96.8,80.6
GYR,2019-07-25,105.8,86.0
GYR,2019-07-26,109.4,89.6
GYR,2019-07-27,111.2,89.6
GYR,2019-07-28,109.4,91.4
GYR,2019-07-29,109.4,87.8
GYR,2019-07-30,105.8,86.0
GYR,2019-07-31,93.2,78.8
GYR,2019-08-01,104.0,82.4
GYR,2019-08-02,109.4,89.6
GYR,2019-08-03,111.2,89.6
GYR,2019-08-04,111.2,84.2
GYR,2019-08-05,116.6,89.6
GYR,2019-08-06,98.6,87.8
GYR,2019-08-07,105.8,86.0
GYR,2019-08-08,107.6,84.2
GYR,2019-08-09,100.4,87.8
GYR,2019-08-10,102.2,84.2
GYR,2019-08-11,102.2,80.6
GYR,2019-08-12,105.8,82.4
GYR,2019-08-13,107.6,82.4
GYR,2019-08-14,111.2,78.8
GYR,2019-08-15,113.0,82.4
GYR,2019-08-16,109.4,84.2
GYR,2019-08-17,107.6,80.6
GYR,2019-08-18,105.8,80.6
GYR,2019-08-19,107.6,80.6
GYR,2019-08-20,111.2,80.6
GYR,2019-08-21,113.0,80.6
GYR,2019-08-22,107.6,82.4
GYR,2019-08-23,104.0,80.6
GYR,2019-08-24,100.4,84.2
GYR,2019-08-25,102.2,82.4
GYR,2019-08-26,105.8,84.2
GYR,2019-08-27,109.4,87.8
GYR,2019-08-28,107.6,89.6
GYR,2019-08-29,102.2,80.6
GYR,2019-08-30,109.4,84.2
GYR,2019-08-31,107.6,87.8
GYR,2019-09-01,105.8,82.4
GYR,2019-09-02,104.0,82.4
GYR,2019-09-03,107.6,84.2
GYR,2019-09-04,109.4,84.2
GYR,2019-09-05,109.4,87.8
GYR,2019-09-06,107.6,86.0
GYR,2019-09-07,107.6,86.0
GYR,2019-09-08,100.4,82.4
GYR,2019-09-09,96.8,80.6
GYR,2019-09-10,98.6,80.6
GYR,2019-09-11,95.0,78.8
GYR,2019-09-12,100.4,75.2
GYR,2019-09-13,105.8,78.8
GYR,2019-09-14,102.2,82.4
GYR,2019-09-15,98.6,78.8
GYR,2019-09-16,98.6,80.6
GYR,2019-09-17,96.8,73.4
GYR,2019-09-18,100.4,73.4
GYR,2019-09-19,98.6,77.0
GYR,2019-09-20,96.8,71.6
GYR,2019-09-21,93.2,64.4
GYR,2019-09-22,96.8,68.0
GYR,2019-09-23,93.2,69.8
GYR,2019-09-24,87.8,66.2
GYR,2019-09-25,87.8,71.6
GYR,2019-09-26,84.2,69.8
GYR,2019-09-27,84.2,69.8
GYR,2019-09-28,91.4,69.8
GYR,2019-09-29,87.8,73.4
GYR,2019-09-30,87.8,64.4
GYR,2019-10-01,87.8,60.8
GYR,2019-10-02,89.6,62.6
GYR,2019-10-03,93.2,66.2
GYR,2019-10-04,93.2,68.0
GYR,2019-10-05,93.2,66.2
GYR,2019-10-06,93.2,64.4
GYR,2019-10-07,96.8,64.4
GYR,2019-10-08,93.2,62.6
GYR,2019-10-09,93.2,64.4
GYR,2019-10-10,87.8,62.6
GYR,2019-10-11,87.8,64.4
GYR,2019-10-12,87.8,60.8
GYR,2019-10-13,89.6,59.0
GYR,2019-10-14,87.8,64.4
GYR,2019-10-15,91.4,64.4
GYR,2019-10-16,96.8,64.4
GYR,2019-10-17,93.2,66.2
GYR,2019-10-18,84.2,64.4
GYR,2019-10-19,82.4,55.4
GYR,2019-10-20,86.0,53.6
GYR,2019-10-21,84.2,53.6
GYR,2019-10-22,89.6,59.0
GYR,2019-10-23,87.8,57.2
GYR,2019-10-24,98.6,59.0
GYR,2019-10-25,82.4,59.0
GYR,2019-10-26,82.4,55.4
GYR,2019-10-27,87.8,53.6
GYR,2019-10-28,71.6,53.6
GYR,2019-10-29,71.6,44.6
GYR,2019-10-30,69.8,50.0
GYR,2019-10-31,75.2,44.6
GYR,2019-11-01,78.8,42.8
GYR,2019-11-02,84.2,50.0
GYR,2019-11-03,84.2,55.4
GYR,2019-11-04,84.2,53.6
GYR,2019-11-05,87.8,55.4
GYR,2019-11-06,84.2,57.2
GYR,2019-11-07,84.2,57.2
GYR,2019-11-08,87.8,59.0
GYR,2019-11-09,84.2,57.2
GYR,2019-11-10,86.0,57.2
GYR,2019-11-11,84.2,57.2
GYR,2019-11-12,80.6,59.0
GYR,2019-11-13,78.8,55.4
GYR,2019-11-14,82.4,53.6
GYR,2019-11-15,82.4,53.6
GYR,2019-11-16,80.6,55.4
GYR,2019-11-17,84.2,53.6
GYR,2019-11-18,82.4,51.8
GYR,2019-11-19,71.6,57.2
GYR,2019-11-20,66.2,55.4
GYR,2019-11-21,60.8,53.6
GYR,2019-11-22,64.4,50.0
GYR,2019-11-23,69.8,50.0
GYR,2019-11-24,71.6,50.0
GYR,2019-11-25,66.2,46.4
GYR,2019-11-26,62.6,44.6
GYR,2019-11-27,64.4,39.2
GYR,2019-11-28,69.8,51.8
GYR,2019-11-29,57.2,46.4
GYR,2019-11-30,57.2,41.0
GYR,2019-12-01,64.4,41.0
GYR,2019-12-02,66.2,48.2
GYR,2019-12-03,62.6,46.4
GYR,2019-12-04,71.6,55.4
GYR,2019-12-05,69.8,51.8
GYR,2019-12-06,68.0,53.6
GYR,2019-12-07,68.0,48.2
GYR,2019-12-08,60.8,55.4
GYR,2019-12-09,64.4,51.8
GYR,2019-12-10,66.2,46.4
GYR,2019-12-11,66.2,48.2
GYR,2019-12-12,66.2,44.6
GYR,2019-12-13,68.0,46.4
GYR,2019-12-14,68.0,46.4
GYR,2019-12-15,64.4,50.0
GYR,2019-12-16,60.8,42.8
GYR,2019-12-17,62.6,37.4
GYR,2019-12-18,64.4,46.4
GYR,2019-12-19,62.6,35.6
GYR,2019-12-20,66.2,37.4
GYR,2019-12-21,69.8,41.0
GYR,2019-12-22,69.8,51.8
GYR,2019-12-23,62.6,50.0
GYR,2019-12-24,59.0,51.8
GYR,2019-12-25,57.2,48.2
GYR,2019-12-26,60.8,42.8
GYR,2019-12-27,51.8,46.4
GYR,2019-12-28,53.6,41.0
GYR,2019-12-29,51.8,32.0
GYR,2019-12-30,53.6,37.4
GYR,2019-12-31,62.6,46.4
GYR,2020-01-01,57.2,33.8
GYR,2020-01-02,62.6,37.4
GYR,2020-01-03,62.6,39.2
GYR,2020-01-04,66.2,39.2
GYR,2020-01-05,66.2,39.2
GYR,2020-01-06,68.0,39.2
GYR,2020-01-07,71.6,39.2
GYR,2020-01-08,66.2,42.8
GYR,2020-01-09,62.6,44.6
GYR,2020-01-10,62.6,42.8
GYR,2020-01-11,62.6,37.4
GYR,2020-01-12,62.6,37.4
GYR,2020-01-13,66.2,37.4
GYR,2020-01-14,66.2,39.2
GYR,2020-01-15,66.2,42.8
GYR,2020-01-16,64.4,48.2
GYR,2020-01-17,62.6,44.6
GYR,2020-01-18,69.8,39.2
GYR,2020-01-19,75.2,44.6
GYR,2020-01-20,73.4,53.6
GYR,2020-01-21,57.2,53.6
GYR,2020-01-22,62.6,46.4
GYR,2020-01-23,69.8,44.6
GYR,2020-01-24,71.6,46.4
GYR,2020-01-25,71.6,46.4
GYR,2020-01-26,69.8,46.4
GYR,2020-01-27,73.4,48.2
GYR,2020-01-28,69.8,46.4
GYR,2020-01-29,64.4,42.8
GYR,2020-01-30,68.0,46.4
GYR,2020-01-31,71.6,46.4
GYR,2020-02-01,75.2,42.8
GYR,2020-02-02,75.2,46.4
GYR,2020-02-03,62.6,44.6
GYR,2020-02-04,53.6,32.0
GYR,2020-02-05,53.6,32.0
GYR,2020-02-06,60.8,33.8
GYR,2020-02-07,66.2,37.4
GYR,2020-02-08,71.6,41.0
GYR,2020-02-09,69.8,44.6
GYR,2020-02-10,68.0,51.8
GYR,2020-02-11,60.8,46.4
GYR,2020-02-12,62.6,41.0
GYR,2020-02-13,66.2,39.2
GYR,2020-02-14,69.8,44.6
GYR,2020-02-15,69.8,44.6
GYR,2020-02-16,73.4,44.6
GYR,2020-02-17,73.4,46.4
GYR,2020-02-18,75.2,48.2
GYR,2020-02-19,77.0,48.2
GYR,2020-02-20,78.8,48.2
GYR,2020-02-21,77.0,60.8
GYR,2020-02-22,68.0,55.4
GYR,2020-02-23,64.4,48.2
GYR,2020-02-24,69.8,48.2
GYR,2020-02-25,69.8,42.8
GYR,2020-02-26,66.2,44.6
GYR,2020-02-27,75.2,39.2
GYR,2020-02-28,75.2,48.2
GYR,2020-02-29,77.0,46.4
GYR,2020-03-01,75.2,51.8
GYR,2020-03-02,66.2,50.0
GYR,2020-03-03,75.2,46.4
GYR,2020-03-04,71.6,48.2
GYR,2020-03-05,82.4,50.0
GYR,2020-03-06,84.2,57.2
GYR,2020-03-07,82.4,55.4
GYR,2020-03-08,71.6,57.2
GYR,2020-03-09,75.2,53.6
GYR,2020-03-10,73.4,60.8
GYR,2020-03-11,66.2,60.8
GYR,2020-03-12,69.8,62.6
GYR,2020-03-13,64.4,53.6
GYR,2020-03-14,69.8,51.8
GYR,2020-03-15,73.4,51.8
GYR,2020-03-16,75.2,53.6
GYR,2020-03-17,71.6,55.4
GYR,2020-03-18,66.2,50.0
GYR,2020-03-19,62.6,48.2
GYR,2020-03-20,68.0,46.4
GYR,2020-03-21,71.6,48.2
GYR,2020-03-22,71.6,51.8
GYR,2020-03-23,73.4,55.4
GYR,2020-03-24,75.2,51.8
GYR,2020-03-25,73.4,53.6
GYR,2020-03-26,69.8,55.4
GYR,2020-03-27,64.4,48.2
GYR,2020-03-28,69.8,44.6
GYR,2020-03-29,75.2,51.8
GYR,2020-03-30,77.0,51.8
GYR,2020-03-31,78.8,53.6
GYR,2020-04-01,84.2,59.0
GYR,2020-04-02,82.4,60.8
GYR,2020-04-03,82.4,53.6
GYR,2020-04-04,80.6,53.6
GYR,2020-04-05,80.6,57.2
GYR,2020-04-06,80.6,55.4
GYR,2020-04-07,80.6,55.4
GYR,2020-04-08,78.8,55.4
GYR,2020-04-09,71.6,48.2
GYR,2020-04-10,75.2,48.2
GYR,2020-04-11,69.8,55.4
GYR,2020-04-12,77.0,51.8
GYR,2020-04-13,77.0,55.4
GYR,2020-04-14,80.6,55.4
GYR,2020-04-15,80.6,51.8
GYR,2020-04-16,84.2,53.6
GYR,2020-04-17,87.8,57.2
GYR,2020-04-18,78.8,57.2
GYR,2020-04-19,80.6,59.0
GYR,2020-04-20,86.0,60.8
GYR,2020-04-21,82.4,62.6
GYR,2020-04-22,91.4,59.0
GYR,2020-04-23,96.8,62.6
GYR,2020-04-24,96.8,64.4
GYR,2020-04-25,98.6,66.2
GYR,2020-04-26,102.2,69.8
GYR,2020-04-27,100.4,73.4
GYR,2020-04-28,100.4,71.6
GYR,2020-04-29,102.2,69.8
GYR,2020-04-30,100.4,73.4
GYR,2020-05-01,100.4,69.8
GYR,2020-05-02,98.6,71.6
GYR,2020-05-03,96.8,71.6
GYR,2020-05-04,96.8,68.0
GYR,2020-05-05,100.4,73.4
GYR,2020-05-06,105.8,69.8
GYR,2020-05-07,104.0,69.8
GYR,2020-05-08,102.2,75.2
GYR,2020-05-09,100.4,73.4
GYR,2020-05-10,100.4,84.2
GYR,2020-05-11,98.6,73.4
GYR,2020-05-12,93.2,69.8
GYR,2020-05-13,89.6,66.2
GYR,2020-05-14,89.6,69.8
GYR,2020-05-15,93.2,66.2
GYR,2020-05-16,96.8,71.6
GYR,2020-05-17,100.4,71.6
GYR,2020-05-18,100.4,69.8
GYR,2020-05-19,87.8,69.8
GYR,2020-05-20,86.0,60.8
GYR,2020-05-21,91.4,62.6
GYR,2020-05-22,95.0,64.4
GYR,2020-05-23,91.4,69.8
GYR,2020-05-24,95.0,69.8
GYR,2020-05-25,96.8,69.8
GYR,2020-05-26,102.2,71.6
GYR,2020-05-27,107.6,73.4
GYR,2020-05-28,107.6,78.8
GYR,2020-05-29,109.4,80.6
GYR,2020-05-30,107.6,82.4
GYR,2020-05-31,105.8,80.6
GYR,2020-06-01,104.0,78.8
GYR,2020-06-02,105.8,84.2
GYR,2020-06-03,109.4,82.4
GYR,2020-06-04,109.4,84.2
GYR,2020-06-05,107.6,84.2
GYR,2020-06-06,91.4,71.6
GYR,2020-06-07,95.0,75.2
GYR,2020-06-08,89.6,68.0
GYR,2020-06-09,95.0,69.8
GYR,2020-06-10,102.2,69.8
GYR,2020-06-11,107.6,73.4
GYR,2020-06-12,105.8,78.8
GYR,2020-06-13,102.2,78.8
GYR,2020-06-14,102.2,71.6
GYR,2020-06-15,102.2,73.4
GYR,2020-06-16,105.8,78.8
GYR,2020-06-17,102.2,75.2
GYR,2020-06-18,100.4,75.2
GYR,2020-06-19,102.2,77.0
GYR,2020-06-20,104.0,78.8
GYR,2020-06-21,107.6,75.2
GYR,2020-06-22,107.6,80.6
GYR,2020-06-23,107.6,75.2
GYR,2020-06-24,109.4,80.6
GYR,2020-06-25,107.6,78.8
GYR,2020-06-26,109.4,82.4
GYR,2020-06-27,105.8,78.8
GYR,2020-06-28,104.0,78.8
GYR,2020-06-29,98.6,75.2
GYR,2020-06-30,98.6,75.2
GYR,2020-07-01,102.2,73.4
GYR,2020-07-02,102.2,78.8
GYR,2020-07-03,104.0,82.4
GYR,2020-07-04,107.6,84.2
GYR,2020-07-05,111.2,86.0
GYR,2020-07-06,111.2,82.4
GYR,2020-07-07,109.4,78.8
GYR,2020-07-08,109.4,86.0
GYR,2020-07-09,109.4,84.2
GYR,2020-07-10,109.4,87.8
GYR,2020-07-11,114.8,89.6
GYR,2020-07-12,114.8,91.4
GYR,2020-07-13,111.2,93.2
GYR,2020-07-14,109.4,87.8
GYR,2020-07-15,109.4,87.8
GYR,2020-07-16,109.4,84.2
GYR,2020-07-17,107.6,84.2
GYR,2020-07-18,109.4,86.0
GYR,2020-07-19,107.6,89.6
GYR,2020-07-20,102.2,86.0
GYR,2020-07-21,109.4,80.6
GYR,2020-07-22,107.6,91.4
GYR,2020-07-23,96.8,80.6
GYR,2020-07-24,102.2,78.8
GYR,2020-07-25,105.8,82.4
GYR,2020-07-26,109.4,82.4
GYR,2020-07-27,111.2,82.4
GYR,2020-07-28,113.0,89.6
GYR,2020-07-29,113.0,84.2
GYR,2020-07-30,116.6,87.8
GYR,2020-07-31,114.8,89.6
GYR,2020-08-01,111.2,87.8
GYR,2020-08-02,107.6,87.8
GYR,2020-08-03,113.0,87.8
GYR,2020-08-04,109.4,84.2
GYR,2020-08-05,107.6,87.8
GYR,2020-08-06,107.6,82.4
GYR,2020-08-07,107.6,80.6
GYR,2020-08-08,109.4,84.2
GYR,2020-08-09,109.4,80.6
GYR,2020-08-10,111.2,80.6
GYR,2020-08-11,107.6,84.2
GYR,2020-08-12,109.4,84.2
GYR,2020-08-13,114.8,87.8
GYR,2020-08-14,116.6,89.6
GYR,2020-08-15,111.2,89.6
GYR,2020-08-16,114.8,87.8
GYR,2020-08-17,113.0,89.6
GYR,2020-08-18,113.0,89.6
GYR,2020-08-19,111.2,89.6
GYR,2020-08-20,111.2,89.6
GYR,2020-08-21,100.4,86.0
GYR,2020-08-22,105.8,87.8
GYR,2020-08-23,109.4,89.6
GYR,2020-08-24,114.8,89.6
GYR,2020-08-25,111.2,86.0
GYR,2020-08-26,111.2,87.8
GYR,2020-08-27,111.2,86.0
GYR,2020-08-28,109.4,91.4
GYR,2020-08-29,102.2,80.6
GYR,2020-08-30,102.2,75.2
GYR,2020-08-31,98.6,75.2
GYR,2020-09-01,102.2,82.4
GYR,2020-09-02,102.2,75.2
GYR,2020-09-03,107.6,82.4
GYR,2020-09-04,114.8,82.4
GYR,2020-09-05,114.8,86.0
GYR,2020-09-06,111.2,86.0
GYR,2020-09-07,107.6,82.4
GYR,2020-09-08,98.6,82.4
GYR,2020-09-09,89.6,66.2
GYR,2020-09-10,91.4,69.8
GYR,2020-09-11,89.6,55.4
GYR,2020-09-12,96.8,66.2
GYR,2020-09-13,100.4,71.6
GYR,2020-09-14,104.0,78.8
GYR,2020-09-15,102.2,78.8
GYR,2020-09-16,107.6,73.4
GYR,2020-09-17,107.6,75.2
GYR,2020-09-18,105.8,78.8
GYR,2020-09-19,104.0,82.4
GYR,2020-09-20,105.8,77.0
GYR,2020-09-21,102.2,80.6
GYR,2020-09-22,102.2,82.4
GYR,2020-09-23,102.2,75.2
GYR,2020-09-24,105.8,75.2
GYR,2020-09-25,104.0,75.2
GYR,2020-09-26,102.2,75.2
GYR,2020-09-27,100.4,73.4
GYR,2020-09-28,102.2,71.6
GYR,2020-09-29,100.4,78.8
GYR,2020-09-30,102.2,71.6
GYR,2020-10-01,104.0,68.0
GYR,2020-10-02,105.8,73.4
GYR,2020-10-03,104.0,71.6
GYR,2020-10-04,102.2,69.8
GYR,2020-10-05,102.2,69.8
GYR,2020-10-06,102.2,66.2
GYR,2020-10-07,102.2,69.8
GYR,2020-10-08,98.6,68.0
GYR,2020-10-09,98.6,71.6
GYR,2020-10-10,93.2,69.8
GYR,2020-10-11,93.2,64.4
GYR,2020-10-12,96.8,69.8
GYR,2020-10-13,100.4,62.6
GYR,2020-10-14,98.6,64.4
GYR,2020-10-15,98.6,68.0
GYR,2020-10-16,100.4,71.6
GYR,2020-10-17,93.2,64.4
GYR,2020-10-18,95.0,62.6
GYR,2020-10-19,95.0,66.2
GYR,2020-10-20,95.0,62.6
GYR,2020-10-21,95.0,62.6
GYR,2020-10-22,91.4,64.4
GYR,2020-10-23,91.4,66.2
GYR,2020-10-24,84.2,66.2
GYR,2020-10-25,100.4,66.2
GYR,2020-10-26,66.2,57.2
GYR,2020-10-27,66.2,50.0
GYR,2020-10-28,69.8,48.2
GYR,2020-10-29,82.4,48.2
GYR,2020-10-30,84.2,57.2
GYR,2020-10-31,82.4,57.2
GYR,2020-11-01,95.0,60.8
GYR,2020-11-02,95.0,71.6
GYR,2020-11-03,91.4,68.0
GYR,2020-11-04,91.4,57.2
GYR,2020-11-05,96.8,62.6
GYR,2020-11-06,87.8,73.4
GYR,2020-11-07,75.2,62.6
GYR,2020-11-08,66.2,48.2
GYR,2020-11-09,62.6,46.4
GYR,2020-11-10,66.2,42.8
GYR,2020-11-11,69.8,41.0
GYR,2020-11-12,71.6,42.8
GYR,2020-11-13,75.2,44.6
GYR,2020-11-14,75.2,46.4
GYR,2020-11-15,80.6,46.4
GYR,2020-11-16,89.6,51.8
GYR,2020-11-17,89.6,55.4
GYR,2020-11-18,87.8,57.2
GYR,2020-11-19,84.2,55.4
GYR,2020-11-20,87.8,57.2
GYR,2020-11-21,84.2,55.4
GYR,2020-11-22,82.4,55.4
GYR,2020-11-23,78.8,55.4
GYR,2020-11-24,71.6,51.8
GYR,2020-11-25,69.8,44.6
GYR,2020-11-26,69.8,42.8
GYR,2020-11-27,64.4,42.8
GYR,2020-11-28,68.0,41.0
GYR,2020-11-29,71.6,41.0
GYR,2020-11-30,73.4,44.6
GYR,2020-12-01,69.8,37.4
GYR,2020-12-02,69.8,42.8
GYR,2020-12-03,64.4,48.2
GYR,2020-12-04,66.2,32.0
GYR,2020-12-05,69.8,39.2
GYR,2020-12-06,71.6,39.2
GYR,2020-12-07,78.8,41.0
GYR,2020-12-08,77.0,48.2
GYR,2020-12-09,78.8,53.6
GYR,2020-12-10,59.0,51.8
GYR,2020-12-11,62.6,44.6
GYR,2020-12-12,64.4,44.6
GYR,2020-12-13,60.8,41.0
GYR,2020-12-14,62.6,39.2
GYR,2020-12-15,60.8,37.4
GYR,2020-12-16,62.6,37.4
GYR,2020-12-17,60.8,39.2
GYR,2020-12-18,64.4,33.8
GYR,2020-12-19,66.2,37.4
GYR,2020-12-20,66.2,35.6
GYR,2020-12-21,71.6,39.2
GYR,2020-12-22,69.8,42.8
GYR,2020-12-23,69.8,41.0
GYR,2020-12-24,57.2,42.8
GYR,2020-12-25,69.8,46.4
GYR,2020-12-26,69.8,41.0
GYR,2020-12-27,69.8,42.8
GYR,2020-12-28,66.2,42.8
GYR,2020-12-29,59.0,41.0
GYR,2020-12-30,64.4,41.0
GYR,2020-12-31,57.2,37.4
GYR,2021-01-01,64.4,30.2
GYR,2021-01-02,62.6,35.6
GYR,2021-01-03,62.6,35.6
GYR,2021-01-04,69.8,37.4
GYR,2021-01-05,69.8,41.0
GYR,2021-01-06,69.8,39.2
GYR,2021-01-07,69.8,39.2
GYR,2021-01-08,66.2,41.0
GYR,2021-01-09,69.8,39.2
GYR,2021-01-10,64.4,35.6
GYR,2021-01-11,66.2,44.6
GYR,2021-01-12,64.4,39.2
GYR,2021-01-13,64.4,37.4
GYR,2021-01-14,71.6,39.2
GYR,2021-01-15,77.0,50.0
GYR,2021-01-16,75.2,44.6
GYR,2021-01-17,77.0,44.6
GYR,2021-01-18,69.8,42.8
GYR,2021-01-19,66.2,53.6
GYR,2021-01-20,73.4,57.2
GYR,2021-01-21,69.8,55.4
GYR,2021-01-22,64.4,53.6
GYR,2021-01-23,60.8,51.8
GYR,2021-01-24,55.4,46.4
GYR,2021-01-25,55.4,37.4
GYR,2021-01-26,53.6,42.8
GYR,2021-01-27,60.8,37.4
GYR,2021-01-28,71.6,44.6
GYR,2021-01-29,66.2,48.2
GYR,2021-01-30,60.8,42.8
GYR,2021-01-31,71.6,42.8
GYR,2021-02-01,69.8,53.6
GYR,2021-02-02,82.4,57.2
GYR,2021-02-03,80.6,60.8
GYR,2021-02-04,73.4,55.4
GYR,2021-02-05,68.0,42.8
GYR,2021-02-06,71.6,42.8
GYR,2021-02-07,71.6,42.8
GYR,2021-02-08,75.2,44.6
GYR,2021-02-09,71.6,46.4
GYR,2021-02-10,71.6,51.8
GYR,2021-02-11,73.4,48.2
GYR,2021-02-12,71.6,55.4
GYR,2021-02-13,71.6,48.2
GYR,2021-02-14,66.2,48.2
GYR,2021-02-15,64.4,41.0
GYR,2021-02-16,71.6,48.2
GYR,2021-02-17,66.2,44.6
GYR,2021-02-18,64.4,44.6
GYR,2021-02-19,71.6,44.6
GYR,2021-02-20,75.2,42.8
GYR,2021-02-21,69.8,48.2
GYR,2021-02-22,75.2,44.6
GYR,2021-02-23,78.8,44.6
GYR,2021-02-24,78.8,48.2
GYR,2021-02-25,68.0,50.0
GYR,2021-02-26,69.8,44.6
GYR,2021-02-27,71.6,42.8
GYR,2021-02-28,64.4,41.0
GYR,2021-03-01,69.8,35.6
GYR,2021-03-02,77.0,48.2
GYR,2021-03-03,84.2,48.2
GYR,2021-03-04,69.8,51.8
GYR,2021-03-05,80.6,44.6
GYR,2021-03-06,84.2,57.2
GYR,2021-03-07,87.8,53.6
GYR,2021-03-08,82.4,66.2
GYR,2021-03-09,77.0,60.8
GYR,2021-03-10,68.0,46.4
GYR,2021-03-11,68.0,48.2
GYR,2021-03-12,60.8,48.2
GYR,2021-03-13,62.6,44.6
GYR,2021-03-14,69.8,39.2
GYR,2021-03-15,73.4,50.0
GYR,2021-03-16,60.8,44.6
GYR,2021-03-17,71.6,42.8
GYR,2021-03-18,78.8,48.2
GYR,2021-03-19,82.4,50.0
GYR,2021-03-20,84.2,55.4
GYR,2021-03-21,75.2,55.4
GYR,2021-03-22,71.6,55.4
GYR,2021-03-23,64.4,48.2
GYR,2021-03-24,73.4,42.8
GYR,2021-03-25,73.4,50.0
GYR,2021-03-26,64.4,53.6
GYR,2021-03-27,78.8,44.6
GYR,2021-03-28,84.2,48.2
GYR,2021-03-29,87.8,57.2
GYR,2021-03-30,84.2,53.6
GYR,2021-03-31,87.8,60.8
GYR,2021-04-01,93.2,64.4
GYR,2021-04-02,91.4,69.8
GYR,2021-04-03,96.8,62.6
GYR,2021-04-04,96.8,64.4
GYR,2021-04-05,95.0,64.4
GYR,2021-04-06,91.4,68.0
GYR,2021-04-07,89.6,57.2
GYR,2021-04-08,91.4,66.2
GYR,2021-04-09,93.2,64.4
GYR,2021-04-10,93.2,62.6
GYR,2021-04-11,91.4,62.6
GYR,2021-04-12,91.4,64.4
GYR,2021-04-13,89.6,62.6
GYR,2021-04-14,84.2,57.2
GYR,2021-04-15,80.6,60.8
GYR,2021-04-16,82.4,55.4
GYR,2021-04-17,84.2,55.4
GYR,2021-04-18,82.4,66.2
GYR,2021-04-19,86.0,60.8
GYR,2021-04-20,93.2,59.0
GYR,2021-04-21,91.4,64.4
GYR,2021-04-22,80.6,60.8
GYR,2021-04-23,84.2,62.6
GYR,2021-04-24,91.4,62.6
GYR,2021-04-25,93.2,62.6
GYR,2021-04-26,78.8,66.2
GYR,2021-04-27,73.4,59.0
GYR,2021-04-28,84.2,53.6
GYR,2021-04-29,91.4,59.0
GYR,2021-04-30,96.8,66.2
GYR,2021-05-01,98.6,69.8
GYR,2021-05-02,91.4,66.2
GYR,2021-05-03,89.6,64.4
GYR,2021-05-04,93.2,64.4
GYR,2021-05-05,96.8,66.2
GYR,2021-05-06,98.6,71.6
GYR,2021-05-07,95.0,69.8
GYR,2021-05-08,91.4,66.2
GYR,2021-05-09,93.2,68.0
GYR,2021-05-10,93.2,66.2
GYR,2021-05-11,93.2,66.2
GYR,2021-05-12,98.6,66.2
GYR,2021-05-13,100.4,71.6
GYR,2021-05-14,100.4,71.6
GYR,2021-05-15,96.8,69.8
GYR,2021-05-16,91.4,68.0
GYR,2021-05-17,87.8,64.4
GYR,2021-05-18,95.0,69.8
GYR,2021-05-19,100.4,73.4
GYR,2021-05-20,98.6,71.6
GYR,2021-05-21,84.2,69.8
GYR,2021-05-22,80.6,57.2
GYR,2021-05-23,86.0,57.2
GYR,2021-05-24,91.4,60.8
GYR,2021-05-25,96.8,71.6
GYR,2021-05-26,96.8,75.2
GYR,2021-05-27,96.8,69.8
GYR,2021-05-28,100.4,68.0
GYR,2021-05-29,100.4,71.6
GYR,2021-05-30,98.6,69.8
GYR,2021-05-31,100.4,71.6
GYR,2021-06-01,102.2,75.2
GYR,2021-06-02,105.8,78.8
GYR,2021-06-03,107.6,78.8
GYR,2021-06-04,107.6,78.8
GYR,2021-06-05,107.6,78.8
GYR,2021-06-06,104.0,73.4
GYR,2021-06-07,100.4,71.6
GYR,2021-06-08,96.8,69.8
GYR,2021-06-09,102.2,73.4
GYR,2021-06-10,98.6,75.2
GYR,2021-06-11,102.2,66.2
GYR,2021-06-12,107.6,73.4
GYR,2021-06-13,111.2,75.2
GYR,2021-06-14,113.0,80.6
GYR,2021-06-15,113.0,82.4
GYR,2021-06-16,111.2,86.0
GYR,2021-06-17,114.8,89.6
GYR,2021-06-18,114.8,89.6
GYR,2021-06-19,114.8,87.8
GYR,2021-06-20,113.0,87.8
GYR,2021-06-21,107.6,84.2
GYR,2021-06-22,105.8,84.2
GYR,2021-06-23,91.4,77.0
GYR,2021-06-24,102.2,80.6
GYR,2021-06-25,105.8,82.4
GYR,2021-06-26,107.6,82.4
GYR,2021-06-27,113.0,82.4
GYR,2021-06-28,107.6,87.8
GYR,2021-06-29,102.2,84.2
GYR,2021-06-30,105.8,84.2
GYR,2021-07-01,105.8,84.2
GYR,2021-07-02,102.2,89.6
GYR,2021-07-03,107.6,77.0
GYR,2021-07-04,102.2,80.6
GYR,2021-07-05,107.6,87.8
GYR,2021-07-06,109.4,86.0
GYR,2021-07-07,109.4,87.8
GYR,2021-07-08,109.4,89.6
GYR,2021-07-09,111.2,91.4
GYR,2021-07-10,111.2,87.8
GYR,2021-07-11,109.4,82.4
GYR,2021-07-12,105.8,89.6
GYR,2021-07-13,105.8,87.8
GYR,2021-07-14,98.6,75.2
GYR,2021-07-15,102.2,84.2
GYR,2021-07-16,104.0,87.8
GYR,2021-07-17,100.4,82.4
GYR,2021-07-18,100.4,87.8
GYR,2021-07-19,102.2,86.0
GYR,2021-07-20,105.8,89.6
GYR,2021-07-21,109.4,89.6
GYR,2021-07-22,105.8,84.2
GYR,2021-07-23,82.4,73.4
GYR,2021-07-24,84.2,73.4
GYR,2021-07-25,82.4,71.6
GYR,2021-07-26,100.4,80.6
GYR,2021-07-27,102.2,82.4
GYR,2021-07-28,104.0,82.4
GYR,2021-07-29,105.8,87.8
GYR,2021-07-30,102.2,84.2
GYR,2021-07-31,100.4,78.8
GYR,2021-08-01,105.8,86.0
GYR,2021-08-02,107.6,89.6
GYR,2021-08-03,111.2,102.2
GYR,2021-08-04,113.0,89.6
GYR,2021-08-05,107.6,89.6
GYR,2021-08-06,107.6,87.8
GYR,2021-08-07,105.8,87.8
GYR,2021-08-09,93.2,87.8
GYR,2021-08-10,93.2,78.8
GYR,2021-08-11,95.0,78.8
GYR,2021-08-12,96.8,82.4
GYR,2021-08-13,98.6,82.4
GYR,2021-08-20,95.0,89.6
GYR,2021-08-21,100.4,80.6
GYR,2021-08-22,102.2,78.8
GYR,2021-08-23,102.2,75.2
GYR,2021-08-24,102.2,80.6
GYR,2021-08-25,107.6,82.4
GYR,2021-08-26,109.4,82.4
GYR,2021-08-27,111.2,84.2
GYR,2021-08-28,102.2,89.6
GYR,2021-08-29,107.6,86.0
GYR,2021-08-30,104.0,89.6
GYR,2021-08-31,89.6,77.0
GYR,2021-09-01,93.2,73.4
GYR,2021-09-02,93.2,75.2
GYR,2021-09-03,98.6,78.8
GYR,2021-09-04,104.0,80.6
GYR,2021-09-05,105.8,80.6
GYR,2021-09-06,102.2,82.4
GYR,2021-09-07,105.8,82.4
GYR,2021-09-08,104.0,86.0
GYR,2021-09-09,109.4,82.4
GYR,2021-09-10,105.8,82.4
GYR,2021-09-11,105.8,84.2
GYR,2021-09-12,107.6,80.6
GYR,2021-09-13,107.6,82.4
GYR,2021-09-14,105.8,82.4
GYR,2021-09-15,104.0,80.6
GYR,2021-09-16,104.0,75.2
GYR,2021-09-17,96.8,80.6
GYR,2021-09-18,95.0,80.6
GYR,2021-09-19,102.2,77.0
GYR,2021-09-20,98.6,73.4
GYR,2021-09-21,100.4,68.0
GYR,2021-09-22,100.4,73.4
GYR,2021-09-23,98.6,77.0
GYR,2021-09-24,89.6,75.2
GYR,2021-09-25,93.2,73.4
GYR,2021-09-26,75.2,69.8
GYR,2021-09-27,86.0,69.8
GYR,2021-09-28,91.4,71.6
GYR,2021-09-29,84.2,69.8
GYR,2021-09-30,87.8,68.0
GYR,2021-10-01,89.6,68.0
GYR,2021-10-02,91.4,66.2
GYR,2021-10-03,95.0,71.6
GYR,2021-10-04,96.8,73.4
GYR,2021-10-05,87.8,71.6
GYR,2021-10-06,89.6,69.8
GYR,2021-10-07,89.6,68.0
GYR,2021-10-08,89.6,66.2
GYR,2021-10-09,82.4,68.0
GYR,2021-10-10,84.2,60.8
GYR,2021-10-11,87.8,57.2
GYR,2021-10-12,69.8,53.6
GYR,2021-10-13,73.4,50.0
GYR,2021-10-14,78.8,53.6
GYR,2021-10-15,84.2,59.0
GYR,2021-10-16,91.4,60.8
GYR,2021-10-17,89.6,66.2
GYR,2021-10-18,84.2,60.8
GYR,2021-10-19,77.0,57.2
GYR,2021-10-20,84.2,57.2
GYR,2021-10-21,87.8,60.8
GYR,2021-10-22,87.8,60.8
GYR,2021-10-23,84.2,57.2
GYR,2021-10-24,86.0,62.6
GYR,2021-10-25,87.8,60.8
GYR,2021-10-26,75.2,57.2
GYR,2021-10-27,78.8,55.4
GYR,2021-10-28,86.0,55.4
GYR,2021-10-29,91.4,60.8
GYR,2021-10-30,87.8,57.2
GYR,2021-10-31,86.0,60.8
GYR,2021-11-01,84.2,60.8
GYR,2021-11-02,82.4,60.8
GYR,2021-11-03,82.4,55.4
GYR,2021-11-04,87.8,57.2
GYR,2021-11-05,87.8,57.2
GYR,2021-11-06,89.6,60.8
GYR,2021-11-07,84.2,55.4
GYR,2021-11-08,84.2,57.2
GYR,2021-11-09,80.6,55.4
GYR,2021-11-10,82.4,51.8
GYR,2021-11-11,84.2,57.2
GYR,2021-11-12,87.8,53.6
GYR,2021-11-13,86.0,57.2
GYR,2021-11-14,84.2,53.6
GYR,2021-11-15,84.2,51.8
GYR,2021-11-16,78.8,53.6
GYR,2021-11-17,80.6,51.8
GYR,2021-11-18,80.6,48.2
GYR,2021-11-19,78.8,57.2
GYR,2021-11-20,78.8,51.8
GYR,2021-11-21,80.6,57.2
GYR,2021-11-22,82.4,57.2
GYR,2021-11-23,77.0,64.4
GYR,2021-11-24,71.6,59.0
GYR,2021-11-25,75.2,57.2
GYR,2021-11-26,77.0,51.8
GYR,2021-11-27,75.2,46.4
GYR,2021-11-28,82.4,48.2
GYR,2021-11-29,80.6,51.8
GYR,2021-11-30,78.8,48.2
GYR,2021-12-01,82.4,46.4
GYR,2021-12-02,82.4,53.6
GYR,2021-12-03,78.8,51.8
GYR,2021-12-04,75.2,51.8
GYR,2021-12-05,75.2,46.4
GYR,2021-12-06,75.2,48.2
GYR,2021-12-07,73.4,51.8
GYR,2021-12-08,71.6,53.6
GYR,2021-12-09,69.8,50.0
GYR,2021-12-10,60.8,50.0
GYR,2021-12-11,64.4,44.6
GYR,2021-12-12,69.8,37.4
GYR,2021-12-13,68.0,46.4
GYR,2021-12-14,69.8,53.6
GYR,2021-12-15,57.2,42.8
GYR,2021-12-16,60.8,37.4
GYR,2021-12-17,62.6,35.6
GYR,2021-12-18,68.0,35.6
GYR,2021-12-19,68.0,42.8
GYR,2021-12-20,69.8,42.8
GYR,2021-12-21,64.4,51.8
GYR,2021-12-22,69.8,48.2
GYR,2021-12-23,73.4,55.4
GYR,2021-12-24,60.8,53.6
GYR,2021-12-25,60.8,51.8
GYR,2021-12-26,62.6,50.0
GYR,2021-12-27,57.2,46.4
GYR,2021-12-28,55.4,44.6
GYR,2021-12-29,57.2,48.2
GYR,2021-12-30,60.8,46.4
GYR,2021-12-31,60.8,51.8
GYR,2022-01-01,55.4,44.6
GYR,2022-01-02,57.2,37.4
GYR,2022-01-03,62.6,35.6
GYR,2022-01-04,62.6,37.4
GYR,2022-01-05,64.4,37.4
GYR,2022-01-06,64.4,42.8
GYR,2022-01-07,69.8,42.8
GYR,2022-01-08,66.2,46.4
GYR,2022-01-09,68.0,44.6
GYR,2022-01-10,73.4,48.2
GYR,2022-01-11,71.6,48.2
GYR,2022-01-12,69.8,44.6
GYR,2022-01-13,69.8,41.0
GYR,2022-01-14,69.8,51.8
GYR,2022-01-15,71.6,53.6
GYR,2022-01-16,71.6,46.4
GYR,2022-01-17,69.8,44.6
GYR,2022-01-18,69.8,51.8
GYR,2022-01-19,68.0,48.2
GYR,2022-01-20,71.6,44.6
GYR,2022-01-21,69.8,41.0
GYR,2022-01-22,68.0,50.0
GYR,2022-01-23,69.8,44.6
GYR,2022-01-24,66.2,42.8
GYR,2022-01-25,68.0,41.0
GYR,2022-01-26,66.2,39.2
GYR,2022-01-27,66.2,39.2
GYR,2022-01-28,71.6,46.4
GYR,2022-01-29,71.6,46.4
GYR,2022-01-30,71.6,53.6
GYR,2022-01-31,68.0,42.8
GYR,2022-02-01,68.0,46.4
GYR,2022-02-02,60.8,44.6
GYR,2022-02-03,57.2,41.0
GYR,2022-02-04,64.4,41.0
GYR,2022-02-05,64.4,39.2
GYR,2022-02-06,71.6,39.2
GYR,2022-02-07,71.6,42.8
GYR,2022-02-08,73.4,41.0
GYR,2022-02-09,78.8,46.4
GYR,2022-02-10,80.6,50.0
GYR,2022-02-11,78.8,44.6
GYR,2022-02-12,80.6,48.2
GYR,2022-02-13,80.6,51.8
GYR,2022-02-14,80.6,48.2
GYR,2022-02-15,78.8,46.4
GYR,2022-02-16,62.6,50.0
GYR,2022-02-17,66.2,42.8
GYR,2022-02-18,69.8,39.2
GYR,2022-02-19,77.0,44.6
GYR,2022-02-20,77.0,44.6
GYR,2022-02-21,69.8,48.2
GYR,2022-02-22,64.4,51.8
GYR,2022-02-23,55.4,44.6
GYR,2022-02-24,57.2,35.6
GYR,2022-02-25,62.6,37.4
GYR,2022-02-26,66.2,41.0
GYR,2022-02-27,71.6,42.8
GYR,2022-02-28,80.6,53.6
GYR,2022-03-01,82.4,48.2
GYR,2022-03-02,84.2,53.6
GYR,2022-03-03,84.2,53.6
GYR,2022-03-04,69.8,53.6
GYR,2022-03-05,69.8,51.8
GYR,2022-03-06,62.6,42.8
GYR,2022-03-07,68.0,42.8
GYR,2022-03-08,64.4,46.4
GYR,2022-03-09,71.6,42.8
GYR,2022-03-10,71.6,46.4
GYR,2022-03-11,68.0,51.8
GYR,2022-03-12,75.2,44.6
GYR,2022-03-13,78.8,46.4
GYR,2022-03-14,82.4,53.6
GYR,2022-03-15,84.2,53.6
GYR,2022-03-16,84.2,55.4
GYR,2022-03-17,78.8,59.0
GYR,2022-03-18,82.4,51.8
GYR,2022-03-19,84.2,50.0
GYR,2022-03-20,71.6,59.0
GYR,2022-03-21,78.8,55.4
GYR,2022-03-22,80.6,51.8
GYR,2022-03-23,78.8,64.4
GYR,2022-03-24,84.2,50.0
GYR,2022-03-25,93.2,55.4
GYR,2022-03-26,91.4,59.0
GYR,2022-03-27,93.2,59.0
GYR,2022-03-28,80.6,66.2
GYR,2022-03-29,71.6,55.4
GYR,2022-03-30,80.6,53.6
GYR,2022-03-31,82.4,57.2
GYR,2022-04-01,84.2,55.4
GYR,2022-04-02,86.0,60.8
GYR,2022-04-03,84.2,62.6
GYR,2022-04-04,87.8,57.2
GYR,2022-04-05,91.4,64.4
GYR,2022-04-06,93.2,64.4
GYR,2022-04-07,95.0,64.4
GYR,2022-04-08,95.0,66.2
GYR,2022-04-09,96.8,62.6
GYR,2022-04-10,89.6,62.6
GYR,2022-04-11,84.2,62.6
GYR,2022-04-12,73.4,57.2
GYR,2022-04-13,73.4,46.4
GYR,2022-04-14,82.4,48.2
GYR,2022-04-15,87.8,55.4
GYR,2022-04-16,89.6,59.0
GYR,2022-04-17,89.6,62.6
GYR,2022-04-18,93.2,60.8
GYR,2022-04-19,98.6,66.2
GYR,2022-04-20,89.6,60.8
GYR,2022-04-21,91.4,64.4
GYR,2022-04-22,78.8,64.4
GYR,2022-04-23,82.4,55.4
GYR,2022-04-24,84.2,64.4
GYR,2022-04-25,91.4,64.4
GYR,2022-04-26,96.8,60.8
GYR,2022-04-27,91.4,64.4
GYR,2022-04-28,89.6,66.2
GYR,2022-04-29,89.6,62.6
GYR,2022-04-30,95.0,60.8
GYR,2022-05-01,96.8,68.0
GYR,2022-05-02,91.4,66.2
GYR,2022-05-03,89.6,62.6
GYR,2022-05-04,91.4,62.6
GYR,2022-05-05,95.0,66.2
GYR,2022-05-06,98.6,69.8
GYR,2022-05-07,100.4,71.6
GYR,2022-05-08,93.2,71.6
GYR,2022-05-09,87.8,62.6
GYR,2022-05-10,89.6,62.6
GYR,2022-05-11,82.4,62.6
GYR,2022-05-12,84.2,55.4
GYR,2022-05-13,95.0,59.0
GYR,2022-05-14,102.2,64.4
GYR,2022-05-15,104.0,69.8
GYR,2022-05-16,102.2,71.6
GYR,2022-05-17,98.6,71.6
GYR,2022-05-18,98.6,69.8
GYR,2022-05-19,98.6,71.6
GYR,2022-05-20,96.8,69.8
GYR,2022-05-21,91.4,68.0
GYR,2022-05-22,95.0,69.8
GYR,2022-05-23,93.2,69.8
GYR,2022-05-24,98.6,69.8
GYR,2022-05-25,102.2,77.0
GYR,2022-05-26,102.2,75.2
GYR,2022-05-27,104.0,77.0
GYR,2022-05-28,100.4,73.4
GYR,2022-05-29,93.2,77.0
GYR,2022-05-30,93.2,71.6
GYR,2022-05-31,96.8,71.6
GYR,2022-06-01,98.6,71.6
GYR,2022-06-02,100.4,73.4
GYR,2022-06-03,100.4,75.2
GYR,2022-06-04,100.4,73.4
GYR,2022-06-05,100.4,75.2
GYR,2022-06-06,102.2,78.8
GYR,2022-06-07,105.8,82.4
GYR,2022-06-08,107.6,78.8
GYR,2022-06-09,109.4,82.4
GYR,2022-06-10,111.2,86.0
GYR,2022-06-11,113.0,84.2
GYR,2022-06-12,109.4,87.8
GYR,2022-06-13,105.8,86.0
GYR,2022-06-14,100.4,80.6
GYR,2022-06-15,105.8,80.6
GYR,2022-06-16,111.2,78.8
GYR,2022-06-17,109.4,84.2
GYR,2022-06-18,96.8,84.2
GYR,2022-06-19,96.8,89.6
GYR,2022-06-20,100.4,69.8
GYR,2022-06-21,107.6,77.0
GYR,2022-06-22,104.0,84.2
GYR,2022-06-23,109.4,80.6
GYR,2022-06-24,105.8,84.2
GYR,2022-06-25,107.6,82.4
GYR,2022-06-26,105.8,80.6
GYR,2022-06-27,102.2,78.8
GYR,2022-06-28,105.8,87.8
GYR,2022-06-29,107.6,89.6
GYR,2022-06-30,104.0,84.2
GYR,2022-07-01,107.6,86.0
GYR,2022-07-02,105.8,86.0
GYR,2022-07-03,105.8,84.2
GYR,2022-07-04,102.2,82.4
GYR,2022-07-05,104.0,84.2
GYR,2022-07-06,105.8,80.6
GYR,2022-07-07,105.8,80.6
GYR,2022-07-08,109.4,84.2
GYR,2022-07-09,111.2,86.0
GYR,2022-07-10,111.2,87.8
GYR,2022-07-11,114.8,89.6
GYR,2022-07-12,109.4,84.2
GYR,2022-07-13,111.2,91.4
GYR,2022-07-14,109.4,93.2
GYR,2022-07-15,109.4,87.8
GYR,2022-07-16,113.0,89.6
GYR,2022-07-17,109.4,86.0
GYR,2022-07-18,107.6,82.4
GYR,2022-07-19,107.6,89.6
GYR,2022-07-20,109.4,89.6
GYR,2022-07-21,109.4,91.4
GYR,2022-07-22,111.2,91.4
GYR,2022-07-23,105.8,84.2
GYR,2022-07-24,96.8,78.8
GYR,2022-07-25,96.8,78.8
GYR,2022-07-26,96.8,77.0
GYR,2022-07-27,96.8,82.4
GYR,2022-07-28,91.4,80.6
GYR,2022-07-29,96.8,75.2
GYR,2022-07-30,100.4,78.8
GYR,2022-07-31,100.4,80.6
GYR,2022-08-01,102.2,84.2
GYR,2022-08-02,105.8,84.2
GYR,2022-08-03,100.4,89.6
GYR,2022-08-04,87.8,75.2
GYR,2022-08-05,100.4,77.0
GYR,2022-08-06,107.6,84.2
GYR,2022-08-07,102.2,87.8
GYR,2022-08-08,100.4,84.2
GYR,2022-08-09,98.6,75.2
GYR,2022-08-10,102.2,82.4
GYR,2022-08-11,104.0,82.4
GYR,2022-08-12,100.4,84.2
GYR,2022-08-13,104.0,82.4
GYR,2022-08-14,104.0,80.6
GYR,2022-08-15,100.4,77.0
GYR,2022-08-16,102.2,86.0
GYR,2022-08-17,104.0,86.0
GYR,2022-08-18,102.2,80.6
GYR,2022-08-19,96.8,78.8
GYR,2022-08-20,96.8,78.8
GYR,2022-08-21,95.0,75.2
GYR,2022-08-22,98.6,78.8
GYR,2022-08-23,102.2,84.2
GYR,2022-08-24,100.4,80.6
GYR,2022-08-25,100.4,84.2
GYR,2022-08-26,105.8,87.8
GYR,2022-08-27,102.2,87.8
GYR,2022-08-28,102.2,84.2
GYR,2022-08-29,105.8,86.0
GYR,2022-08-30,109.4,87.8
GYR,2022-08-31,107.6,69.8
GYR,2022-09-01,105.8,84.2
GYR,2022-09-02,105.8,84.2
GYR,2022-09-03,107.6,84.2
GYR,2022-09-04,107.6,87.8
GYR,2022-09-05,107.6,84.2
GYR,2022-09-06,109.4,84.2
GYR,2022-09-07,105.8,82.4
GYR,2022-09-08,100.4,82.4
GYR,2022-09-09,98.6,75.2
GYR,2022-09-10,93.2,73.4
GYR,2022-09-11,98.6,78.8
GYR,2022-09-12,93.2,75.2
GYR,2022-09-13,95.0,78.8
GYR,2022-09-14,96.8,77.0
GYR,2022-09-15,96.8,77.0
GYR,2022-09-16,95.0,77.0
GYR,2022-09-17,98.6,75.2
GYR,2022-09-18,98.6,71.6
GYR,2022-09-19,102.2,77.0
GYR,2022-09-20,93.2,78.8
GYR,2022-09-21,82.4,77.0
GYR,2022-09-22,89.6,75.2
GYR,2022-09-23,96.8,78.8
GYR,2022-09-24,100.4,78.8
GYR,2022-09-25,102.2,80.6
GYR,2022-09-26,104.0,78.8
GYR,2022-09-27,102.2,82.4
GYR,2022-09-28,100.4,80.6
GYR,2022-09-29,96.8,75.2
GYR,2022-09-30,96.8,73.4
GYR,2022-10-01,98.6,75.2
GYR,2022-10-02,95.0,77.0
GYR,2022-10-03,96.8,78.8
GYR,2022-10-04,91.4,71.6
GYR,2022-10-05,93.2,71.6
GYR,2022-10-06,91.4,75.2
GYR,2022-10-07,91.4,73.4
GYR,2022-10-08,89.6,73.4
GYR,2022-10-09,87.8,69.8
GYR,2022-10-10,89.6,71.6
GYR,2022-10-11,91.4,71.6
GYR,2022-10-12,93.2,68.0
GYR,2022-10-13,96.8,66.2
GYR,2022-10-14,96.8,69.8
GYR,2022-10-15,78.8,66.2
GYR,2022-10-16,78.8,62.6
GYR,2022-10-17,82.4,62.6
GYR,2022-10-18,86.0,66.2
GYR,2022-10-19,87.8,64.4
GYR,2022-10-20,89.6,64.4
GYR,2022-10-21,82.4,64.4
GYR,2022-10-22,87.8,66.2
GYR,2022-10-23,77.0,66.2
GYR,2022-10-24,69.8,55.4
GYR,2022-10-25,75.2,50.0
GYR,2022-10-26,77.0,50.0
GYR,2022-10-27,80.6,53.6
GYR,2022-10-28,78.8,53.6
GYR,2022-10-29,80.6,55.4
GYR,2022-10-30,77.0,51.8
GYR,2022-10-31,80.6,51.8
GYR,2022-11-01,78.8,57.2
GYR,2022-11-02,78.8,57.2
GYR,2022-11-03,60.8,53.6
GYR,2022-11-04,62.6,42.8
GYR,2022-11-05,68.0,46.4
GYR,2022-11-06,77.0,46.4
GYR,2022-11-07,78.8,51.8
GYR,2022-11-08,78.8,53.6
GYR,2022-11-09,64.4,53.6
GYR,2022-11-10,66.2,48.2
GYR,2022-11-11,68.0,44.6
GYR,2022-11-12,69.8,42.8
GYR,2022-11-13,66.2,42.8
GYR,2022-11-14,64.4,33.8
GYR,2022-11-15,69.8,39.2
GYR,2022-11-16,69.8,51.8
GYR,2022-11-17,71.6,46.4
GYR,2022-11-18,69.8,44.6
GYR,2022-11-19,73.4,42.8
GYR,2022-11-20,71.6,48.2
GYR,2022-11-21,71.6,46.4
GYR,2022-11-22,73.4,48.2
GYR,2022-11-23,69.8,41.0
GYR,2022-11-24,71.6,55.4
GYR,2022-11-25,69.8,48.2
GYR,2022-11-26,66.2,41.0
GYR,2022-11-27,66.2,39.2
GYR,2022-11-28,69.8,44.6
GYR,2022-11-29,66.2,44.6
GYR,2022-11-30,69.8,46.4
GYR,2022-12-01,69.8,44.6
GYR,2022-12-02,68.0,50.0
GYR,2022-12-03,55.4,48.2
GYR,2022-12-04,64.4,57.2
GYR,2022-12-05,69.8,59.0
GYR,2022-12-06,66.2,53.6
GYR,2022-12-07,62.6,48.2
GYR,2022-12-08,64.4,44.6
GYR,2022-12-09,62.6,42.8
GYR,2022-12-10,64.4,37.4
GYR,2022-12-11,66.2,42.8
GYR,2022-12-12,55.4,46.4
GYR,2022-12-13,53.6,41.0
GYR,2022-12-14,53.6,37.4
GYR,2022-12-15,55.4,35.6
GYR,2022-12-16,57.2,39.2
GYR,2022-12-17,57.2,33.8
GYR,2022-12-18,57.2,42.8
GYR,2022-12-19,60.8,33.8
GYR,2022-12-20,62.6,39.2
GYR,2022-12-21,62.6,35.6
GYR,2022-12-22,62.6,37.4
GYR,2022-12-23,64.4,41.0
GYR,2022-12-24,69.8,41.0
GYR,2022-12-25,71.6,44.6
GYR,2022-12-26,71.6,44.6
GYR,2022-12-27,69.8,46.4
GYR,2022-12-28,57.2,51.8
GYR,2022-12-29,60.8,46.4
GYR,2022-12-30,59.0,53.6
GYR,2022-12-31,66.2,46.4
GYR,2023-01-01,60.8,51.8
GYR,2023-01-02,57.2,46.4
GYR,2023-01-03,60.8,48.2
GYR,2023-01-04,64.4,51.8
GYR,2023-01-05,62.6,48.2
GYR,2023-01-06,60.8,46.4
GYR,2023-01-07,66.2,39.2
GYR,2023-01-08,68.0,42.8
GYR,2023-01-09,66.2,46.4
GYR,2023-01-10,66.2,46.4
GYR,2023-01-11,62.6,46.4
GYR,2023-01-12,71.6,44.6
GYR,2023-01-13,73.4,51.8
GYR,2023-01-14,62.6,44.6
GYR,2023-01-15,59.0,50.0
GYR,2023-01-16,60.8,50.0
GYR,2023-01-17,57.2,46.4
GYR,2023-01-18,57.2,42.8
GYR,2023-01-19,57.2,39.2
GYR,2023-01-20,55.4,42.8
GYR,2023-01-21,57.2,35.6
GYR,2023-01-22,57.2,33.8
GYR,2023-01-23,48.2,35.6
GYR,2023-01-24,53.6,32.0
GYR,2023-01-25,59.0,35.6
GYR,2023-01-26,62.6,44.6
GYR,2023-01-27,62.6,39.2
GYR,2023-01-28,62.6,35.6
GYR,2023-01-29,66.2,37.4
GYR,2023-01-30,57.2,48.2
GYR,2023-01-31,60.8,46.4
GYR,2023-02-01,64.4,41.0
GYR,2023-02-02,66.2,41.0
GYR,2023-02-03,71.6,44.6
GYR,2023-02-04,71.6,39.2
GYR,2023-02-05,71.6,44.6
GYR,2023-02-06,69.8,44.6
GYR,2023-02-07,66.2,46.4
GYR,2023-02-08,66.2,42.8
GYR,2023-02-09,69.8,41.0
GYR,2023-02-10,69.8,46.4
GYR,2023-02-11,73.4,53.6
GYR,2023-02-12,77.0,46.4
GYR,2023-02-13,55.4,46.4
GYR,2023-02-14,59.0,42.8
GYR,2023-02-15,53.6,37.4
GYR,2023-02-16,57.2,35.6
GYR,2023-02-17,64.4,35.6
GYR,2023-02-18,71.6,48.2
GYR,2023-02-19,73.4,48.2
GYR,2023-02-20,75.2,50.0
GYR,2023-02-21,69.8,53.6
GYR,2023-02-22,57.2,26.6
GYR,2023-02-23,60.8,41.0
GYR,2023-02-24,64.4,44.6
GYR,2023-02-25,75.2,51.8
GYR,2023-02-26,57.2,44.6
GYR,2023-02-27,62.6,39.2
GYR,2023-02-28,64.4,39.2
GYR,2023-03-01,64.4,44.6
GYR,2023-03-02,53.6,39.2
GYR,2023-03-03,60.8,41.0
GYR,2023-03-04,66.2,42.8
GYR,2023-03-05,69.8,46.4
GYR,2023-03-06,69.8,51.8
GYR,2023-03-07,71.6,51.8
GYR,2023-03-08,73.4,50.0
GYR,2023-03-09,73.4,48.2
GYR,2023-03-10,78.8,48.2
GYR,2023-03-11,75.2,60.8
GYR,2023-03-12,80.6,57.2
GYR,2023-03-13,78.8,55.4
GYR,2023-03-14,80.6,53.6
GYR,2023-03-15,62.6,55.4
GYR,2023-03-16,69.8,51.8
GYR,2023-03-17,71.6,50.0
GYR,2023-03-18,73.4,51.8
GYR,2023-03-19,71.6,55.4
GYR,2023-03-20,71.6,53.6
GYR,2023-03-21,64.4,60.8
GYR,2023-03-22,64.4,51.8
GYR,2023-03-23,66.2,42.8
GYR,2023-03-24,69.8,48.2
GYR,2023-03-25,68.0,46.4
GYR,2023-03-26,69.8,46.4
GYR,2023-03-27,71.6,50.0
GYR,2023-03-28,77.0,48.2
GYR,2023-03-29,80.6,50.0
GYR,2023-03-30,66.2,55.4
GYR,2023-03-31,69.8,46.4
GYR,2023-04-01,80.6,51.8
GYR,2023-04-02,80.6,50.0
GYR,2023-04-03,78.8,53.6
GYR,2023-04-04,62.6,46.4
GYR,2023-04-05,68.0,42.8
GYR,2023-04-06,78.8,42.8
GYR,2023-04-07,80.6,51.8
GYR,2023-04-08,82.4,53.6
GYR,2023-04-09,91.4,57.2
GYR,2023-04-10,98.6,60.8
GYR,2023-04-11,96.8,64.4
GYR,2023-04-12,89.6,68.0
GYR,2023-04-13,80.6,66.2
GYR,2023-04-14,75.2,57.2
GYR,2023-04-15,84.2,55.4
GYR,2023-04-16,89.6,57.2
GYR,2023-04-17,91.4,60.8
GYR,2023-04-18,84.2,62.6
GYR,2023-04-19,80.6,59.0
GYR,2023-04-20,84.2,51.8
GYR,2023-04-21,87.8,57.2
GYR,2023-04-22,93.2,60.8
GYR,2023-04-23,93.2,62.6
GYR,2023-04-24,91.4,66.2
GYR,2023-04-25,89.6,64.4
GYR,2023-04-26,89.6,68.0
GYR,2023-04-27,93.2,62.6
GYR,2023-04-28,98.6,62.6
GYR,2023-04-29,98.6,71.6
GYR,2023-04-30,100.4,66.2
GYR,2023-05-01,96.8,71.6
GYR,2023-05-02,87.8,60.8
GYR,2023-05-03,86.0,66.2
GYR,2023-05-04,78.8,60.8
GYR,2023-05-05,80.6,57.2
GYR,2023-05-06,84.2,59.0
GYR,2023-05-07,87.8,62.6
GYR,2023-05-08,91.4,60.8
GYR,2023-05-09,91.4,66.2
GYR,2023-05-10,78.8,64.4
GYR,2023-05-11,87.8,60.8
GYR,2023-05-12,93.2,66.2
GYR,2023-05-13,98.6,69.8
GYR,2023-05-14,98.6,73.4
GYR,2023-05-15,102.2,78.8
GYR,2023-05-16,100.4,82.4
GYR,2023-05-17,98.6,78.8
GYR,2023-05-18,98.6,78.8
GYR,2023-05-19,89.6,73.4
GYR,2023-05-20,96.8,68.0
GYR,2023-05-21,98.6,75.2
GYR,2023-05-22,98.6,75.2
GYR,2023-05-23,100.4,71.6
GYR,2023-05-24,96.8,71.6
GYR,2023-05-25,96.8,71.6
GYR,2023-05-26,93.2,71.6
GYR,2023-05-27,95.0,71.6
GYR,2023-05-28,96.8,71.6
GYR,2023-05-29,98.6,69.8
GYR,2023-05-30,96.8,69.8
GYR,2023-05-31,89.6,60.8
GYR,2023-06-01,89.6,66.2
GYR,2023-06-02,93.2,68.0
GYR,2023-06-03,98.6,71.6
GYR,2023-06-04,102.2,75.2
GYR,2023-06-05,104.0,73.4
GYR,2023-06-06,96.8,69.8
GYR,2023-06-07,93.2,68.0
GYR,2023-06-08,93.2,66.2
GYR,2023-06-09,95.0,69.8
GYR,2023-06-10,96.8,71.6
GYR,2023-06-11,89.6,69.8
GYR,2023-06-12,89.6,71.6
GYR,2023-06-13,93.2,71.6
GYR,2023-06-14,98.6,73.4
GYR,2023-06-15,98.6,71.6
GYR,2023-06-16,98.6,71.6
GYR,2023-06-17,102.2,73.4
GYR,2023-06-18,104.0,80.6
GYR,2023-06-19,102.2,77.0
GYR,2023-06-20,100.4,75.2
GYR,2023-06-21,102.2,75.2
GYR,2023-06-22,102.2,73.4
GYR,2023-06-23,96.8,71.6
GYR,2023-06-24,102.2,64.4
GYR,2023-06-25,105.8,75.2
GYR,2023-06-26,107.6,77.0
GYR,2023-06-27,105.8,80.6
GYR,2023-06-28,104.0,75.2
GYR,2023-06-29,102.2,75.2
GYR,2023-06-30,107.6,77.0
GYR,2023-07-01,109.4,80.6
GYR,2023-07-02,113.0,86.0
GYR,2023-07-03,113.0,84.2
GYR,2023-07-04,109.4,84.2
GYR,2023-07-05,107.6,84.2
GYR,2023-07-06,111.2,84.2
GYR,2023-07-07,107.6,84.2
GYR,2023-07-08,107.6,82.4
GYR,2023-07-09,107.6,84.2
GYR,2023-07-10,105.8,87.8
GYR,2023-07-11,107.6,87.8
GYR,2023-07-12,109.4,91.4
GYR,2023-07-13,111.2,89.6
GYR,2023-07-14,113.0,89.6
GYR,2023-07-15,114.8,89.6
GYR,2023-07-16,111.2,93.2
GYR,2023-07-17,113.0,89.6
GYR,2023-07-18,114.8,91.4
GYR,2023-07-19,114.8,91.4
GYR,2023-07-20,116.6,91.4
GYR,2023-07-21,113.0,89.6
GYR,2023-07-22,113.0,93.2
GYR,2023-07-23,109.4,87.8
GYR,2023-07-24,111.2,91.4
GYR,2023-07-25,114.8,89.6
GYR,2023-07-26,114.8,93.2
GYR,2023-07-27,111.2,87.8
GYR,2023-07-28,111.2,91.4
GYR,2023-07-29,111.2,91.4
GYR,2023-07-30,107.6,87.8
GYR,2023-07-31,104.0,80.6
GYR,2023-08-01,104.0,82.4
GYR,2023-08-02,107.6,89.6
GYR,2023-08-03,109.4,87.8
GYR,2023-08-04,111.2,84.2
GYR,2023-08-05,111.2,82.4
GYR,2023-08-06,109.4,84.2
GYR,2023-08-07,107.6,78.8
GYR,2023-08-08,105.8,87.8
GYR,2023-08-09,107.6,89.6
GYR,2023-08-10,105.8,91.4
GYR,2023-08-11,107.6,84.2
GYR,2023-08-12,104.0,84.2
GYR,2023-08-13,105.8,86.0
GYR,2023-08-14,104.0,84.2
GYR,2023-08-15,109.4,89.6
GYR,2023-08-16,109.4,87.8
GYR,2023-08-17,111.2,89.6
GYR,2023-08-18,105.8,84.2
GYR,2023-08-19,89.6,80.6
GYR,2023-08-20,98.6,80.6
GYR,2023-08-21,87.8,78.8
GYR,2023-08-22,98.6,77.0
GYR,2023-08-23,107.6,78.8
GYR,2023-08-24,104.0,84.2
GYR,2023-08-25,109.4,87.8
GYR,2023-08-26,111.2,86.0
GYR,2023-08-27,111.2,89.6
GYR,2023-08-28,114.8,91.4
GYR,2023-08-29,113.0,89.6
GYR,2023-08-30,109.4,87.8
GYR,2023-08-31,107.6,87.8
GYR,2023-09-01,84.2,75.2
GYR,2023-09-02,93.2,77.0
GYR,2023-09-03,98.6,75.2
GYR,2023-09-04,98.6,82.4
GYR,2023-09-05,100.4,73.4
GYR,2023-09-06,102.2,75.2
GYR,2023-09-07,105.8,73.4
GYR,2023-09-08,107.6,80.6
GYR,2023-09-09,111.2,84.2
GYR,2023-09-10,109.4,89.6
GYR,2023-09-11,104.0,84.2
GYR,2023-09-12,98.6,80.6
GYR,2023-09-13,96.8,78.8
GYR,2023-09-14,98.6,80.6
GYR,2023-09-15,100.4,77.0
GYR,2023-09-16,104.0,75.2
GYR,2023-09-17,102.2,78.8
GYR,2023-09-18,98.6,75.2
GYR,2023-09-19,96.8,73.4
GYR,2023-09-20,98.6,73.4
GYR,2023-09-21,96.8,71.6
GYR,2023-09-22,95.0,73.4
GYR,2023-09-23,95.0,75.2
GYR,2023-09-24,96.8,69.8
GYR,2023-09-25,100.4,69.8
GYR,2023-09-26,102.2,73.4
GYR,2023-09-27,102.2,68.0
GYR,2023-09-28,100.4,73.4
GYR,2023-09-29,98.6,68.0
GYR,2023-09-30,96.8,69.8
GYR,2023-10-01,84.2,69.8
GYR,2023-10-02,84.2,64.4
GYR,2023-10-03,86.0,64.4
GYR,2023-10-04,91.4,64.4
GYR,2023-10-05,98.6,66.2
GYR,2023-10-06,102.2,69.8
GYR,2023-10-07,100.4,75.2
GYR,2023-10-08,100.4,80.6
GYR,2023-10-09,98.6,75.2
GYR,2023-10-10,96.8,71.6
GYR,2023-10-11,91.4,71.6
GYR,2023-10-12,87.8,66.2
GYR,2023-10-13,89.6,62.6
GYR,2023-10-14,91.4,64.4
GYR,2023-10-15,98.6,62.6
GYR,2023-10-16,100.4,69.8
GYR,2023-10-17,98.6,73.4
GYR,2023-10-18,98.6,68.0
GYR,2023-10-19,102.2,69.8
GYR,2023-10-20,100.4,66.2
GYR,2023-10-21,98.6,66.2
GYR,2023-10-22,95.0,68.0
GYR,2023-10-23,82.4,69.8
GYR,2023-10-24,82.4,64.4
GYR,2023-10-25,82.4,62.6
GYR,2023-10-26,82.4,62.6
GYR,2023-10-27,86.0,62.6
GYR,2023-10-28,84.2,62.6
GYR,2023-10-29,77.0,55.4
GYR,2023-10-30,78.8,60.8
GYR,2023-10-31,80.6,55.4
GYR,2023-11-01,80.6,57.2
GYR,2023-11-02,84.2,53.6
GYR,2023-11-03,84.2,51.8
GYR,2023-11-04,87.8,55.4
GYR,2023-11-05,89.6,55.4
GYR,2023-11-06,89.6,62.6
GYR,2023-11-07,87.8,60.8
GYR,2023-11-08,78.8,55.4
GYR,2023-11-09,75.2,46.4
GYR,2023-11-10,75.2,44.6
GYR,2023-11-11,78.8,53.6
GYR,2023-11-12,82.4,51.8
GYR,2023-11-13,86.0,59.0
GYR,2023-11-14,84.2,64.4
GYR,2023-11-15,84.2,66.2
GYR,2023-11-16,75.2,62.6
GYR,2023-11-17,80.6,62.6
GYR,2023-11-18,73.4,60.8
GYR,2023-11-19,73.4,57.2
GYR,2023-11-20,73.4,53.6
GYR,2023-11-21,78.8,55.4
GYR,2023-11-22,75.2,51.8
GYR,2023-11-23,71.6,48.2
GYR,2023-11-24,71.6,48.2
GYR,2023-11-25,68.0,53.6
GYR,2023-11-26,69.8,48.2
GYR,2023-11-27,73.4,53.6
GYR,2023-11-28,75.2,55.4
GYR,2023-11-29,69.8,51.8
GYR,2023-11-30,62.6,50.0
GYR,2023-12-01,62.6,51.8
GYR,2023-12-02,64.4,44.6
GYR,2023-12-03,66.2,44.6
GYR,2023-12-04,69.8,44.6
GYR,2023-12-05,78.8,46.4
GYR,2023-12-06,80.6,53.6
GYR,2023-12-07,75.2,50.0
GYR,2023-12-08,69.8,44.6
GYR,2023-12-09,66.2,50.0
GYR,2023-12-10,69.8,44.6
GYR,2023-12-11,71.6,42.8
GYR,2023-12-12,68.0,48.2
GYR,2023-12-13,66.2,41.0
GYR,2023-12-14,66.2,42.8
GYR,2023-12-15,73.4,39.2
GYR,2023-12-16,78.8,44.6
GYR,2023-12-17,77.0,48.2
GYR,2023-12-18,71.6,48.2
GYR,2023-12-19,75.2,55.4
GYR,2023-12-20,73.4,57.2
GYR,2023-12-21,75.2,53.6
GYR,2023-12-22,59.0,53.6
GYR,2023-12-24,60.8,42.8
GYR,2023-12-25,60.8,44.6
GYR,2023-12-26,60.8,39.2
GYR,2023-12-27,62.6,39.2
GYR,2023-12-28,68.0,41.0
GYR,2023-12-29,69.8,42.8
GYR,2023-12-30,69.8,48.2
GYR,2023-12-31,62.6,42.8
GYR,2024-01-01,60.8,46.4
GYR,2024-01-02,64.4,41.0
GYR,2024-01-03,60.8,42.8
GYR,2024-01-04,57.2,42.8
GYR,2024-01-05,57.2,39.2
GYR,2024-01-06,60.8,35.6
GYR,2024-01-07,53.6,42.8
GYR,2024-01-08,53.6,35.6
GYR,2024-01-09,53.6,30.2
GYR,2024-01-10,57.2,30.2
GYR,2024-01-11,57.2,37.4
GYR,2024-01-12,55.4,32.0
GYR,2024-01-13,60.8,33.8
GYR,2024-01-14,64.4,39.2
GYR,2024-01-15,66.2,37.4
GYR,2024-01-16,66.2,39.2
GYR,2024-01-17,62.6,42.8
GYR,2024-01-18,73.4,42.8
GYR,2024-01-19,73.4,46.4
GYR,2024-01-20,66.2,48.2
GYR,2024-01-21,57.2,53.6
GYR,2024-01-22,60.8,48.2
GYR,2024-01-23,59.0,53.6
GYR,2024-01-24,62.6,51.8
GYR,2024-01-25,64.4,50.0
GYR,2024-01-26,66.2,44.6
GYR,2024-01-27,73.4,48.2
GYR,2024-01-28,75.2,51.8
GYR,2024-01-29,77.0,53.6
GYR,2024-01-30,78.8,51.8
GYR,2024-01-31,77.0,51.8
GYR,2024-02-01,77.0,53.6
GYR,2024-02-02,60.8,51.8
GYR,2024-02-03,62.6,46.4
GYR,2024-02-04,66.2,46.4
GYR,2024-02-05,71.6,50.0
GYR,2024-02-06,62.6,57.2
GYR,2024-02-07,59.0,46.4
GYR,2024-02-08,53.6,44.6
GYR,2024-02-09,57.2,39.2
GYR,2024-02-10,57.2,44.6
GYR,2024-02-11,59.0,39.2
GYR,2024-02-12,64.4,39.2
GYR,2024-02-13,66.2,41.0
GYR,2024-02-14,69.8,44.6
GYR,2024-02-15,69.8,46.4
GYR,2024-02-16,71.6,46.4
GYR,2024-02-17,73.4,48.2
GYR,2024-02-18,73.4,48.2
GYR,2024-02-19,75.2,50.0
GYR,2024-02-20,82.4,51.8
GYR,2024-02-21,71.6,53.6
GYR,2024-02-22,73.4,48.2
GYR,2024-02-23,78.8,51.8
GYR,2024-02-24,75.2,53.6
GYR,2024-02-25,78.8,55.4
GYR,2024-02-26,73.4,62.6
GYR,2024-02-27,73.4,55.4
GYR,2024-02-28,75.2,55.4
GYR,2024-02-29,73.4,51.8
GYR,2024-03-01,78.8,51.8
GYR,2024-03-02,75.2,51.8
GYR,2024-03-03,69.8,55.4
GYR,2024-03-04,69.8,51.8
GYR,2024-03-05,73.4,48.2
GYR,2024-03-06,73.4,53.6
GYR,2024-03-07,60.8,53.6
GYR,2024-03-08,68.0,51.8
GYR,2024-03-09,73.4,51.8
GYR,2024-03-10,77.0,51.8
GYR,2024-03-11,78.8,53.6
GYR,2024-03-12,77.0,53.6
GYR,2024-03-13,75.2,55.4
GYR,2024-03-14,69.8,48.2
GYR,2024-03-15,60.8,51.8
GYR,2024-03-16,64.4,46.4
GYR,2024-03-17,68.0,51.8
GYR,2024-03-18,75.2,50.0
GYR,2024-03-19,75.2,53.6
GYR,2024-03-20,78.8,51.8
GYR,2024-03-21,82.4,55.4
GYR,2024-03-22,84.2,57.2
GYR,2024-03-23,80.6,60.8
GYR,2024-03-24,64.4,50.0
GYR,2024-03-25,71.6,48.2
GYR,2024-03-26,71.6,55.4
GYR,2024-03-27,75.2,50.0
GYR,2024-03-28,78.8,53.6
GYR,2024-03-29,82.4,57.2
GYR,2024-03-30,84.2,59.0
GYR,2024-03-31,60.8,51.8
GYR,2024-04-01,62.6,48.2
GYR,2024-04-02,73.4,51.8
GYR,2024-04-03,80.6,55.4
GYR,2024-04-04,84.2,55.4
GYR,2024-04-05,66.2,59.0
GYR,2024-04-06,66.2,46.4
GYR,2024-04-07,73.4,44.6
GYR,2024-04-08,73.4,51.8
GYR,2024-04-09,82.4,53.6
GYR,2024-04-10,84.2,53.6
GYR,2024-04-11,91.4,57.2
GYR,2024-04-12,91.4,60.8
GYR,2024-04-13,87.8,60.8
GYR,2024-04-14,80.6,57.2
GYR,2024-04-15,75.2,53.6
GYR,2024-04-16,86.0,57.2
GYR,2024-04-17,89.6,60.8
GYR,2024-04-18,91.4,62.6
GYR,2024-04-19,91.4,64.4
GYR,2024-04-20,93.2,66.2
GYR,2024-04-21,96.8,66.2
GYR,2024-04-22,96.8,68.0
GYR,2024-04-23,95.0,69.8
GYR,2024-04-24,89.6,64.4
GYR,2024-04-25,82.4,66.2
GYR,2024-04-26,78.8,62.6
GYR,2024-04-27,78.8,59.0
GYR,2024-04-28,86.0,60.8
GYR,2024-04-29,91.4,64.4
GYR,2024-04-30,93.2,66.2
GYR,2024-05-01,89.6,68.0
GYR,2024-05-02,89.6,64.4
GYR,2024-05-03,91.4,69.8
GYR,2024-05-04,93.2,69.8
GYR,2024-05-05,82.4,69.8
GYR,2024-05-06,84.2,57.2
GYR,2024-05-07,89.6,59.0
GYR,2024-05-08,89.6,64.4
GYR,2024-05-09,86.0,60.8
GYR,2024-05-10,89.6,60.8
GYR,2024-05-11,91.4,64.4
GYR,2024-05-12,93.2,64.4
GYR,2024-05-13,98.6,69.8
GYR,2024-05-14,96.8,73.4
GYR,2024-05-15,95.0,69.8
GYR,2024-05-16,95.0,75.2
GYR,2024-05-17,100.4,69.8
GYR,2024-05-18,100.4,77.0
GYR,2024-05-19,96.8,77.0
GYR,2024-05-20,91.4,73.4
GYR,2024-05-21,91.4,68.0
GYR,2024-05-22,93.2,64.4
GYR,2024-05-23,95.0,66.2
GYR,2024-05-24,96.8,71.6
GYR,2024-05-25,89.6,69.8
GYR,2024-05-26,93.2,68.0
GYR,2024-05-27,98.6,69.8
GYR,2024-05-28,102.2,73.4
GYR,2024-05-29,100.4,80.6
GYR,2024-05-30,100.4,71.6
GYR,2024-05-31,102.2,73.4
GYR,2024-06-01,102.2,77.0
GYR,2024-06-02,102.2,73.4
GYR,2024-06-03,100.4,75.2
GYR,2024-06-04,100.4,77.0
GYR,2024-06-05,105.8,78.8
GYR,2024-06-06,109.4,82.4
GYR,2024-06-07,109.4,82.4
GYR,2024-06-08,105.8,82.4
GYR,2024-06-09,105.8,78.8
GYR,2024-06-10,102.2,77.0
GYR,2024-06-11,109.4,77.0
GYR,2024-06-12,107.6,82.4
GYR,2024-06-13,105.8,80.6
GYR,2024-06-14,105.8,78.8
GYR,2024-06-15,111.2,80.6
GYR,2024-06-16,109.4,82.4
GYR,2024-06-17,102.2,78.8
GYR,2024-06-18,100.4,77.0
GYR,2024-06-19,102.2,80.6
GYR,2024-06-20,109.4,78.8
GYR,2024-06-21,113.0,91.4
GYR,2024-06-22,105.8,89.6
GYR,2024-06-23,107.6,87.8
GYR,2024-06-24,109.4,89.6
GYR,2024-06-25,105.8,82.4
GYR,2024-06-26,109.4,82.4
GYR,2024-06-27,109.4,89.6
GYR,2024-06-28,109.4,89.6
GYR,2024-06-29,107.6,87.8
GYR,2024-06-30,107.6,91.4
GYR,2024-07-01,105.8,84.2
GYR,2024-07-02,111.2,87.8
GYR,2024-07-03,111.2,91.4
GYR,2024-07-04,111.2,87.8
GYR,2024-07-05,116.6,87.8
GYR,2024-07-06,113.0,89.6
GYR,2024-07-07,111.2,87.8
GYR,2024-07-08,114.8,87.8
GYR,2024-07-09,114.8,87.8
GYR,2024-07-10,113.0,93.2
GYR,2024-07-11,111.2,89.6
GYR,2024-07-12,111.2,89.6
GYR,2024-07-13,109.4,91.4
GYR,2024-07-14,107.6,86.0
GYR,2024-07-15,107.6,84.2
GYR,2024-07-16,109.4,87.8
GYR,2024-07-17,107.6,89.6
GYR,2024-07-18,109.4,89.6
GYR,2024-07-19,111.2,89.6
GYR,2024-07-20,113.0,91.4
GYR,2024-07-21,109.4,84.2
GYR,2024-07-22,107.6,82.4
GYR,2024-07-23,111.2,89.6
GYR,2024-07-24,113.0,91.4
GYR,2024-07-25,111.2,89.6
GYR,2024-07-26,107.6,82.4
GYR,2024-07-27,109.4,89.6
GYR,2024-07-28,107.6,87.8
GYR,2024-07-29,107.6,86.0
GYR,2024-07-30,105.8,89.6
GYR,2024-07-31,107.6,84.2
GYR,2024-08-01,105.8,86.0
GYR,2024-08-02,107.6,87.8
GYR,2024-08-03,113.0,91.4
GYR,2024-08-04,114.8,91.4
GYR,2024-08-05,109.4,89.6
GYR,2024-08-06,109.4,91.4
GYR,2024-08-07,100.4,80.6
GYR,2024-08-08,105.8,84.2
GYR,2024-08-09,105.8,84.2
GYR,2024-08-10,109.4,91.4
GYR,2024-08-11,100.4,84.2
GYR,2024-08-12,105.8,84.2
GYR,2024-08-13,105.8,89.6
GYR,2024-08-14,105.8,87.8
GYR,2024-08-15,109.4,87.8
GYR,2024-08-16,109.4,89.6
GYR,2024-08-17,109.4,91.4
GYR,2024-08-18,100.4,78.8
GYR,2024-08-19,109.4,80.6
GYR,2024-08-20,111.2,89.6
GYR,2024-08-21,102.2,87.8
GYR,2024-08-22,105.8,84.2
GYR,2024-08-23,107.6,82.4
GYR,2024-08-24,102.2,80.6
GYR,2024-08-25,104.0,84.2
GYR,2024-08-26,120.2,80.6
GYR,2024-08-27,105.8,80.6
GYR,2024-08-28,104.0,89.6
GYR,2024-08-29,107.6,82.4
GYR,2024-08-30,107.6,84.2
GYR,2024-08-31,107.6,82.4
GYR,2024-09-01,105.8,84.2
GYR,2024-09-02,105.8,84.2
GYR,2024-09-03,105.8,84.2
GYR,2024-09-04,107.6,84.2
GYR,2024-09-05,113.0,86.0
GYR,2024-09-06,109.4,91.4
GYR,2024-09-07,107.6,89.6
GYR,2024-09-08,107.6,84.2
GYR,2024-09-09,105.8,82.4
GYR,2024-09-10,107.6,82.4
GYR,2024-09-11,107.6,78.8
GYR,2024-09-12,105.8,78.8
GYR,2024-09-13,102.2,73.4
GYR,2024-09-14,98.6,80.6
GYR,2024-09-15,102.2,78.8
GYR,2024-09-16,98.6,75.2
GYR,2024-09-17,89.6,71.6
GYR,2024-09-18,91.4,66.2
GYR,2024-09-19,95.0,73.4
GYR,2024-09-20,93.2,71.6
GYR,2024-09-21,87.8,71.6
GYR,2024-09-22,96.8,69.8
GYR,2024-09-23,100.4,73.4
GYR,2024-09-24,105.8,75.2
GYR,2024-09-25,109.4,78.8
GYR,2024-09-26,105.8,80.6
GYR,2024-09-27,111.2,78.8
GYR,2024-09-28,114.8,82.4
GYR,2024-09-29,109.4,84.2
GYR,2024-09-30,104.0,80.6
GYR,2024-10-01,109.4,80.6
GYR,2024-10-02,105.8,82.4
GYR,2024-10-03,105.8,77.0
GYR,2024-10-04,107.6,77.0
GYR,2024-10-05,105.8,77.0
GYR,2024-10-06,107.6,73.4
GYR,2024-10-07,105.8,78.8
GYR,2024-10-08,104.0,77.0
GYR,2024-10-09,102.2,77.0
GYR,2024-10-10,105.8,73.4
GYR,2024-10-11,102.2,73.4
GYR,2024-10-12,102.2,73.4
GYR,2024-10-13,100.4,71.6
GYR,2024-10-14,96.8,71.6
GYR,2024-10-15,93.2,69.8
GYR,2024-10-16,93.2,66.2
GYR,2024-10-17,87.8,68.0
GYR,2024-10-18,75.2,64.4
GYR,2024-10-19,71.6,55.4
GYR,2024-10-20,80.6,53.6
GYR,2024-10-21,96.8,53.6
GYR,2024-10-22,93.2,55.4
GYR,2024-10-23,93.2,60.8
GYR,2024-10-24,93.2,60.8
GYR,2024-10-25,93.2,59.0
GYR,2024-10-26,96.8,60.8
GYR,2024-10-27,93.2,64.4
GYR,2024-10-28,91.4,60.8
GYR,2024-10-29,73.4,60.8
GYR,2024-10-30,73.4,51.8
GYR,2024-10-31,75.2,48.2
GYR,2024-11-01,78.8,51.8
GYR,2024-11-02,75.2,50.0
GYR,2024-11-03,73.4,55.4
GYR,2024-11-04,69.8,46.4
GYR,2024-11-05,71.6,46.4
GYR,2024-11-06,69.8,48.2
GYR,2024-11-07,66.2,44.6
GYR,2024-11-08,68.0,42.8
GYR,2024-11-09,73.4,39.2
GYR,2024-11-10,80.6,44.6
GYR,2024-11-11,80.6,48.2
GYR,2024-11-12,75.2,44.6
GYR,2024-11-13,75.2,44.6
GYR,2024-11-14,80.6,44.6
GYR,2024-11-15,69.8,46.4
GYR,2024-11-16,62.6,48.2
GYR,2024-11-17,69.8,41.0
GYR,2024-11-18,69.8,46.4
GYR,2024-11-19,69.8,44.6
GYR,2024-11-20,75.2,46.4
GYR,2024-11-21,78.8,44.6
GYR,2024-11-22,80.6,46.4
GYR,2024-11-23,75.2,48.2
GYR,2024-11-24,73.4,48.2
GYR,2024-11-25,75.2,51.8
GYR,2024-11-26,75.2,51.8
GYR,2024-11-27,75.2,57.2
GYR,2024-11-28,71.6,48.2
GYR,2024-11-29,73.4,51.8
GYR,2024-11-30,77.0,50.0
GYR,2024-12-01,75.2,46.4
GYR,2024-12-02,78.8,46.4
GYR,2024-12-03,80.6,51.8
GYR,2024-12-04,73.4,48.2
GYR,2024-12-05,77.0,48.2
GYR,2024-12-06,78.8,55.4
GYR,2024-12-07,73.4,48.2
GYR,2024-12-08,73.4,48.2
GYR,2024-12-09,71.6,33.8
GYR,2024-12-10,64.4,50.0
GYR,2024-12-11,66.2,42.8
GYR,2024-12-12,71.6,50.0
GYR,2024-12-13,66.2,42.8
GYR,2024-12-14,66.2,42.8
GYR,2024-12-15,69.8,42.8
GYR,2024-12-16,84.2,39.2
GYR,2024-12-17,69.8,42.8
GYR,2024-12-18,80.6,42.8
GYR,2024-12-19,78.8,51.8
GYR,2024-12-20,80.6,44.6
GYR,2024-12-21,77.0,46.4
GYR,2024-12-22,71.6,44.6
GYR,2024-12-23,73.4,48.2
GYR,2024-12-24,75.2,46.4
GYR,2024-12-25,68.0,55.4
GYR,2024-12-26,62.6,44.6
GYR,2024-12-27,66.2,41.0
GYR,2024-12-28,66.2,42.8
GYR,2024-12-29,73.4,44.6
GYR,2024-12-30,69.8,42.8
GYR,2024-12-31,69.8,41.0
GYR,2025-01-01,71.6,41.0
GYR,2025-01-02,73.4,42.8
GYR,2025-01-03,77.0,44.6
GYR,2025-01-04,69.8,42.8
GYR,2025-01-05,68.0,42.8
GYR,2025-01-06,69.8,41.0
GYR,2025-01-07,66.2,42.8
GYR,2025-01-08,66.2,51.8
GYR,2025-01-09,64.4,41.0
GYR,2025-01-10,62.6,42.8
GYR,2025-01-11,62.6,35.6
GYR,2025-01-12,62.6,35.6
GYR,2025-01-13,60.8,35.6
GYR,2025-01-14,64.4,30.2
GYR,2025-01-15,71.6,42.8
GYR,2025-01-16,71.6,46.4
GYR,2025-01-17,64.4,48.2
GYR,2025-01-18,64.4,39.2
GYR,2025-01-19,64.4,37.4
GYR,2025-01-20,64.4,33.8
GYR,2025-01-21,59.0,41.0
GYR,2025-01-22,62.6,30.2
GYR,2025-01-23,62.6,42.8
GYR,2025-01-24,66.2,39.2
GYR,2025-01-25,66.2,42.8
GYR,2025-01-26,66.2,37.4
GYR,2025-01-27,59.0,42.8
GYR,2025-01-28,59.0,39.2
GYR,2025-01-29,57.2,42.8
GYR,2025-01-30,62.6,41.0
GYR,2025-01-31,66.2,39.2
GYR,2025-02-01,71.6,42.8
GYR,2025-02-02,78.8,48.2
GYR,2025-02-03,82.4,51.8
GYR,2025-02-04,82.4,53.6
GYR,2025-02-05,78.8,51.8
GYR,2025-02-06,78.8,48.2
GYR,2025-02-07,75.2,50.0
GYR,2025-02-08,84.2,53.6
GYR,2025-02-09,73.4,51.8
GYR,2025-02-10,75.2,51.8
GYR,2025-02-11,68.0,48.2
GYR,2025-02-12,62.6,51.8
GYR,2025-02-13,66.2,46.4
GYR,2025-02-14,71.6,53.6
GYR,2025-02-15,71.6,46.4
GYR,2025-02-16,73.4,46.4
GYR,2025-02-17,75.2,50.0
GYR,2025-02-18,75.2,50.0
GYR,2025-02-19,77.0,48.2
GYR,2025-02-20,77.0,48.2
GYR,2025-02-21,75.2,44.6
GYR,2025-02-22,77.0,48.2
GYR,2025-02-23,80.6,46.4
GYR,2025-02-24,84.2,48.2
GYR,2025-02-25,86.0,53.6
GYR,2025-02-26,87.8,55.4
GYR,2025-02-27,80.6,62.6
GYR,2025-02-28,78.8,55.4
GYR,2025-03-01,80.6,53.6
GYR,2025-03-02,78.8,53.6
GYR,2025-03-03,64.4,48.2
GYR,2025-03-04,69.8,48.2
GYR,2025-03-05,73.4,48.2
GYR,2025-03-06,71.6,57.2
GYR,2025-03-07,51.8,46.4
GYR,2025-03-08,66.2,44.6
GYR,2025-03-09,75.2,46.4
GYR,2025-03-10,82.4,51.8
GYR,2025-03-11,77.0,53.6
GYR,2025-03-12,71.6,55.4
GYR,2025-03-13,69.8,51.8
GYR,2025-03-14,55.4,44.6
GYR,2025-03-15,66.2,46.4
GYR,2025-03-16,73.4,46.4
GYR,2025-03-17,78.8,55.4
GYR,2025-03-18,71.6,51.8
GYR,2025-03-19,71.6,53.6
GYR,2025-03-20,78.8,51.8
GYR,2025-03-21,80.6,53.6
GYR,2025-03-22,84.2,55.4
GYR,2025-03-23,87.8,57.2
GYR,2025-03-24,93.2,62.6
GYR,2025-03-25,96.8,64.4
GYR,2025-03-26,91.4,66.2
GYR,2025-03-27,89.6,64.4
GYR,2025-03-28,80.6,62.6
GYR,2025-03-29,78.8,62.6
GYR,2025-03-30,80.6,57.2
GYR,2025-03-31,80.6,60.8
GYR,2025-04-01,73.4,60.8
GYR,2025-04-02,66.2,51.8
GYR,2025-04-03,68.0,48.2
GYR,2025-04-04,69.8,48.2
GYR,2025-04-05,77.0,51.8
GYR,2025-04-06,78.8,55.4
GYR,2025-04-07,84.2,55.4
GYR,2025-04-08,89.6,57.2
GYR,2025-04-09,93.2,60.8
GYR,2025-04-10,96.8,62.6
GYR,2025-04-11,98.6,64.4
GYR,2025-04-12,96.8,68.0
GYR,2025-04-13,93.2,66.2
GYR,2025-04-14,91.4,68.0
GYR,2025-04-15,91.4,66.2
GYR,2025-04-16,91.4,62.6
GYR,2025-04-17,77.0,60.8
GYR,2025-04-18,75.2,57.2
GYR,2025-04-19,71.6,51.8
GYR,2025-04-20,84.2,55.4
GYR,2025-04-21,89.6,57.2
GYR,2025-04-22,91.4,64.4
GYR,2025-04-23,89.6,66.2
GYR,2025-04-24,87.8,64.4
GYR,2025-04-25,89.6,64.4
GYR,2025-04-26,80.6,60.8
GYR,2025-04-27,75.2,57.2
GYR,2025-04-28,78.8,55.4
GYR,2025-04-29,86.0,59.0
GYR,2025-04-30,87.8,62.6
GYR,2025-05-01,91.4,66.2
GYR,2025-05-02,91.4,66.2
GYR,2025-05-03,93.2,66.2
GYR,2025-05-04,80.6,59.0
GYR,2025-05-05,69.8,59.0
GYR,2025-05-06,75.2,60.8
GYR,2025-05-07,82.4,64.4
GYR,2025-05-08,91.4,64.4
GYR,2025-05-09,100.4,71.6
GYR,2025-05-10,100.4,78.8
GYR,2025-05-11,100.4,75.2
GYR,2025-05-12,96.8,80.6
GYR,2025-05-13,87.8,69.8
GYR,2025-05-14,82.4,60.8
GYR,2025-05-15,89.6,64.4
GYR,2025-05-16,91.4,64.4
GYR,2025-05-17,91.4,66.2
GYR,2025-05-18,86.0,62.6
GYR,2025-05-19,93.2,66.2
GYR,2025-05-20,96.8,73.4
GYR,2025-05-21,100.4,69.8
GYR,2025-05-22,104.0,71.6
GYR,2025-05-23,102.2,73.4
GYR,2025-05-24,96.8,73.4
GYR,2025-05-25,96.8,71.6
GYR,2025-05-26,98.6,78.8
GYR,2025-05-27,98.6,73.4
GYR,2025-05-28,98.6,73.4
GYR,2025-05-29,86.0,86.0
GYR,2025-05-30,100.4,71.6
GYR,2025-05-31,100.4,80.6
GYR,2025-06-01,87.8,69.8
GYR,2025-06-02,87.8,66.2
GYR,2025-06-03,95.0,73.4
GYR,2025-06-04,95.0,78.8
GYR,2025-06-05,100.4,75.2
GYR,2025-06-06,100.4,78.8
GYR,2025-06-07,102.2,75.2
GYR,2025-06-08,105.8,78.8
GYR,2025-06-09,107.6,80.6
GYR,2025-06-10,105.8,82.4
GYR,2025-06-11,107.6,77.0
GYR,2025-06-12,107.6,80.6
GYR,2025-06-13,105.8,80.6
GYR,2025-06-14,107.6,80.6
GYR,2025-06-15,111.2,78.8
GYR,2025-06-16,111.2,84.2
GYR,2025-06-17,107.6,80.6
GYR,2025-06-18,111.2,80.6
GYR,2025-06-19,114.8,82.4
GYR,2025-06-20,107.6,82.4
GYR,2025-06-21,104.0,78.8
GYR,2025-06-22,96.8,77.0
GYR,2025-06-23,100.4,75.2
GYR,2025-06-24,100.4,75.2
GYR,2025-06-25,100.4,75.2
GYR,2025-06-26,104.0,78.8
GYR,2025-06-27,105.8,82.4
GYR,2025-06-28,107.6,86.0
GYR,2025-06-29,111.2,84.2
GYR,2025-06-30,111.2,87.8
GYR,2025-07-01,111.2,89.6
GYR,2025-07-02,105.8,84.2
GYR,2025-07-03,98.6,77.0
GYR,2025-07-04,100.4,80.6
GYR,2025-07-05,105.8,80.6
GYR,2025-07-06,107.6,84.2
GYR,2025-07-07,109.4,87.8
GYR,2025-07-08,109.4,87.8
GYR,2025-07-09,116.6,89.6
GYR,2025-07-10,111.2,91.4
GYR,2025-07-11,109.4,87.8
GYR,2025-07-12,105.8,84.2
GYR,2025-07-13,107.6,86.0
GYR,2025-07-14,105.8,84.2
GYR,2025-07-15,105.8,86.0
GYR,2025-07-16,98.6,80.6
GYR,2025-07-17,98.6,78.8
GYR,2025-07-18,105.8,86.0
GYR,2025-07-19,105.8,87.8
GYR,2025-07-20,93.2,86.0
GYR,2025-07-21,102.2,86.0
GYR,2025-07-22,100.4,82.4
GYR,2025-07-23,102.2,78.8
GYR,2025-07-24,104.0,77.0
GYR,2025-07-25,105.8,78.8
GYR,2025-07-26,105.8,78.8
GYR,2025-07-27,107.6,82.4
GYR,2025-07-28,109.4,84.2
GYR,2025-07-29,107.6,86.0
GYR,2025-07-30,107.6,86.0
GYR,2025-07-31,107.6,84.2
GYR,2025-08-01,109.4,89.6
GYR,2025-08-02,113.0,87.8
GYR,2025-08-03,109.4,82.4
GYR,2025-08-04,109.4,82.4
GYR,2025-08-05,111.2,86.0
GYR,2025-08-06,114.8,89.6
GYR,2025-08-07,116.6,89.6
GYR,2025-08-08,113.0,89.6
GYR,2025-08-09,109.4,87.8
GYR,2025-08-10,105.8,89.6
GYR,2025-08-11,109.4,89.6
GYR,2025-08-12,111.2,87.8
GYR,2025-08-13,107.6,89.6
GYR,2025-08-14,107.6,86.0
GYR,2025-08-15,102.2,78.8
GYR,2025-08-16,104.0,80.6
GYR,2025-08-17,102.2,78.8
GYR,2025-08-18,105.8,84.2
GYR,2025-08-19,107.6,82.4
GYR,2025-08-20,111.2,87.8
GYR,2025-08-21,111.2,89.6
GYR,2025-08-22,109.4,91.4
GYR,2025-08-23,107.6,89.6
GYR,2025-08-24,107.6,91.4
GYR,2025-08-25,102.2,75.2
GYR,2025-08-26,96.8,78.8
GYR,2025-08-27,98.6,78.8
GYR,2025-08-28,102.2,87.8
GYR,2025-08-29,100.4,82.4
GYR,2025-08-30,102.2,82.4
GYR,2025-08-31,107.6,82.4
GYR,2025-09-01,105.8,84.2
GYR,2025-09-02,102.2,89.6
GYR,2025-09-03,102.2,82.4
GYR,2025-09-04,96.8,75.2
GYR,2025-09-05,96.8,78.8
GYR,2025-09-06,98.6,82.4
GYR,2025-09-07,100.4,82.4
GYR,2025-09-08,102.2,86.0
GYR,2025-09-09,105.8,82.4
GYR,2025-09-10,104.0,82.4
GYR,2025-09-11,102.2,77.0
GYR,2025-09-12,100.4,78.8
GYR,2025-09-13,96.8,73.4
GYR,2025-09-14,98.6,69.8
GYR,2025-09-15,100.4,75.2
GYR,2025-09-16,104.0,80.6
GYR,2025-09-17,100.4,82.4
GYR,2025-09-18,96.8,84.2
GYR,2025-09-19,98.6,78.8
GYR,2025-09-20,100.4,80.6
GYR,2025-09-21,98.6,82.4
GYR,2025-09-22,91.4,80.6
GYR,2025-09-23,100.4,78.8
GYR,2025-09-24,105.8,82.4
GYR,2025-09-25,105.8,82.4
GYR,2025-09-26,86.0,71.6
GYR,2025-09-27,86.0,69.8
GYR,2025-09-28,87.8,71.6
GYR,2025-09-29,91.4,71.6
GYR,2025-09-30,95.0,73.4
GYR,2025-10-01,95.0,73.4
GYR,2025-10-02,98.6,73.4
GYR,2025-10-03,98.6,75.2
GYR,2025-10-04,86.0,66.2
GYR,2025-10-05,87.8,64.4
GYR,2025-10-06,93.2,62.6
GYR,2025-10-07,96.8,66.2
GYR,2025-10-08,98.6,69.8
GYR,2025-10-09,89.6,77.0
GYR,2025-10-10,86.0,73.4
GYR,2025-10-11,80.6,69.8
GYR,2025-10-12,78.8,69.8
GYR,2025-10-13,84.2,69.8
GYR,2025-10-14,82.4,66.2
GYR,2025-10-15,77.0,62.6
GYR,2025-10-16,78.8,57.2
GYR,2025-10-17,80.6,57.2
GYR,2025-10-18,84.2,59.0
GYR,2025-10-19,87.8,60.8
GYR,2025-10-20,87.8,62.6
GYR,2025-10-21,89.6,60.8
GYR,2025-10-22,87.8,69.8
GYR,2025-10-23,82.4,62.6
GYR,2025-10-24,84.2,60.8
GYR,2025-10-25,86.0,60.8
GYR,2025-10-26,87.8,60.8
GYR,2025-10-27,87.8,60.8
GYR,2025-10-28,91.4,62.6
GYR,2025-10-29,89.6,69.8
GYR,2025-10-30,87.8,62.6
GYR,2025-10-31,87.8,57.2
GYR,2025-11-01,86.0,57.2
GYR,2025-11-02,87.8,57.2
GYR,2025-11-03,87.8,59.0
GYR,2025-11-04,87.8,59.0
GYR,2025-11-05,87.8,57.2
GYR,2025-11-06,84.2,57.2
GYR,2025-11-07,84.2,57.2
GYR,2025-11-08,84.2,55.4
GYR,2025-11-09,89.6,59.0
GYR,2025-11-10,87.8,66.2
GYR,2025-11-11,84.2,60.8
GYR,2025-11-12,84.2,57.2
GYR,2025-11-13,84.2,59.0
GYR,2025-11-14,86.0,57.2
GYR,2025-11-15,77.0,59.0
GYR,2025-11-16,71.6,62.6
GYR,2025-11-17,73.4,53.6
GYR,2025-11-18,68.0,60.8
GYR,2025-11-19,64.4,53.6
GYR,2025-11-20,64.4,53.6
GYR,2025-11-21,66.2,53.6
GYR,2025-11-22,69.8,55.4
GYR,2025-11-23,64.4,55.4
GYR,2025-11-24,66.2,51.8
GYR,2025-11-25,71.6,51.8
GYR,2025-11-26,77.0,53.6
GYR,2025-11-27,75.2,53.6
GYR,2025-11-28,73.4,51.8
GYR,2025-11-29,71.6,50.0
GYR,2025-11-30,69.8,48.2
GYR,2025-12-01,69.8,50.0
GYR,2025-12-02,68.0,46.4
GYR,2025-12-03,64.4,44.6
GYR,2025-12-04,62.6,44.6
GYR,2025-12-05,64.4,41.0
GYR,2025-12-06,66.2,41.0
GYR,2025-12-07,69.8,42.8
GYR,2025-12-08,71.6,44.6
GYR,2025-12-09,75.2,44.6
GYR,2025-12-10,73.4,44.6
GYR,2025-12-11,75.2,46.4
GYR,2025-12-12,75.2,48.2
GYR,2025-12-13,75.2,48.2
GYR,2025-12-14,78.8,48.2
GYR,2025-12-15,78.8,51.8
GYR,2025-12-16,75.2,48.2
GYR,2025-12-17,73.4,48.2
GYR,2025-12-18,73.4,46.4
GYR,2025-12-19,75.2,48.2
GYR,2025-12-20,73.4,46.4
GYR,2025-12-21,78.8,51.8
GYR,2025-12-22,78.8,51.8
GYR,2025-12-23,75.2,53.6
GYR,2025-12-24,66.2,62.6
GYR,2025-12-25,75.2,60.8
GYR,2025-12-26,71.6,53.6
GYR,2025-12-27,69.8,57.2
GYR,2025-12-28,66.2,44.6
GYR,2025-12-29,77.0,53.6
GYR,2025-12-30,73.4,55.4
GYR,2025-12-31,66.2,55.4
BXK,2016-01-01,60.8,32.0
BXK,2016-01-02,66.2,33.8
BXK,2016-01-03,68.0,53.6
BXK,2016-01-04,60.8,50.0
BXK,2016-01-05,55.4,51.8
BXK,2016-01-06,59.0,46.4
BXK,2016-01-07,55.4,44.6
BXK,2016-01-08,55.4,39.2
BXK,2016-01-09,55.4,35.6
BXK,2016-01-10,55.4,42.8
BXK,2016-01-11,57.2,39.2
BXK,2016-01-12,62.6,35.6
BXK,2016-01-13,62.6,33.8
BXK,2016-01-14,60.8,32.0
BXK,2016-01-15,59.0,39.2
BXK,2016-01-16,59.0,33.8
BXK,2016-01-17,66.2,35.6
BXK,2016-01-18,64.4,39.2
BXK,2016-01-19,68.0,37.4
BXK,2016-01-20,68.0,39.2
BXK,2016-01-21,68.0,39.2
BXK,2016-01-22,71.6,39.2
BXK,2016-01-23,68.0,39.2
BXK,2016-01-24,68.0,37.4
BXK,2016-01-25,64.4,37.4
BXK,2016-01-26,66.2,39.2
BXK,2016-01-27,68.0,37.4
BXK,2016-01-28,66.2,37.4
BXK,2016-01-29,68.0,37.4
BXK,2016-01-30,73.4,37.4
BXK,2016-01-31,75.2,42.8
BXK,2016-02-01,53.6,41.0
BXK,2016-02-02,53.6,32.0
BXK,2016-02-03,55.4,30.2
BXK,2016-02-04,60.8,30.2
BXK,2016-02-05,68.0,39.2
BXK,2016-02-06,71.6,35.6
BXK,2016-02-07,77.0,39.2
BXK,2016-02-08,80.6,44.6
BXK,2016-02-09,82.4,46.4
BXK,2016-02-10,80.6,42.8
BXK,2016-02-11,80.6,46.4
BXK,2016-02-12,80.6,44.6
BXK,2016-02-13,82.4,41.0
BXK,2016-02-14,78.8,42.8
BXK,2016-02-15,82.4,53.6
BXK,2016-02-16,84.2,48.2
BXK,2016-02-17,84.2,48.2
BXK,2016-02-18,80.6,51.8
BXK,2016-02-19,77.0,50.0
BXK,2016-02-20,82.4,44.6
BXK,2016-02-21,84.2,48.2
BXK,2016-02-22,82.4,44.6
BXK,2016-02-23,69.8,48.2
BXK,2016-02-24,73.4,44.6
BXK,2016-02-25,78.8,41.0
BXK,2016-02-26,82.4,44.6
BXK,2016-02-27,82.4,44.6
BXK,2016-02-28,84.2,44.6
BXK,2016-02-29,84.2,48.2
BXK,2016-03-01,84.2,48.2
BXK,2016-03-02,86.0,48.2
BXK,2016-03-03,84.2,48.2
BXK,2016-03-04,86.0,48.2
BXK,2016-03-05,80.6,46.4
BXK,2016-03-06,77.0,55.4
BXK,2016-03-07,68.0,41.0
BXK,2016-03-08,73.4,41.0
BXK,2016-03-09,77.0,46.4
BXK,2016-03-10,84.2,48.2
BXK,2016-03-11,82.4,46.4
BXK,2016-03-12,71.6,48.2
BXK,2016-03-13,75.2,41.0
BXK,2016-03-14,77.0,50.0
BXK,2016-03-15,84.2,50.0
BXK,2016-03-16,84.2,55.4
BXK,2016-03-17,86.0,48.2
BXK,2016-03-18,87.8,48.2
BXK,2016-03-19,89.6,53.6
BXK,2016-03-20,89.6,51.8
BXK,2016-03-21,91.4,51.8
BXK,2016-03-22,80.6,59.0
BXK,2016-03-23,73.4,50.0
BXK,2016-03-24,80.6,46.4
BXK,2016-03-25,86.0,46.4
BXK,2016-03-26,86.0,50.0
BXK,2016-03-27,84.2,44.6
BXK,2016-03-28,78.8,55.4
BXK,2016-03-29,68.0,50.0
BXK,2016-03-30,66.2,41.0
BXK,2016-03-31,73.4,42.8
BXK,2016-04-01,77.0,46.4
BXK,2016-04-02,82.4,48.2
BXK,2016-04-03,86.0,50.0
BXK,2016-04-04,89.6,51.8
BXK,2016-04-05,91.4,55.4
BXK,2016-04-06,93.2,55.4
BXK,2016-04-07,87.8,66.2
BXK,2016-04-08,80.6,59.0
BXK,2016-04-09,80.6,55.4
BXK,2016-04-10,66.2,53.6
BXK,2016-04-11,73.4,50.0
BXK,2016-04-12,80.6,53.6
BXK,2016-04-13,84.2,55.4
BXK,2016-04-14,87.8,57.2
BXK,2016-04-15,80.6,57.2
BXK,2016-04-16,80.6,55.4
BXK,2016-04-17,80.6,55.4
BXK,2016-04-18,86.0,53.6
BXK,2016-04-19,91.4,55.4
BXK,2016-04-20,93.2,53.6
BXK,2016-04-21,93.2,55.4
BXK,2016-04-22,95.0,59.0
BXK,2016-04-23,86.0,62.6
BXK,2016-04-24,86.0,51.8
BXK,2016-04-25,77.0,59.0
BXK,2016-04-26,77.0,50.0
BXK,2016-04-27,82.4,53.6
BXK,2016-04-28,75.2,55.4
BXK,2016-04-29,82.4,55.4
BXK,2016-04-30,78.8,55.4
BXK,2016-05-01,77.0,51.8
BXK,2016-05-02,84.2,53.6
BXK,2016-05-03,91.4,59.0
BXK,2016-05-04,100.4,59.0
BXK,2016-05-05,93.2,64.4
BXK,2016-05-06,77.0,57.2
BXK,2016-05-07,77.0,55.4
BXK,2016-05-08,80.6,53.6
BXK,2016-05-09,84.2,55.4
BXK,2016-05-10,89.6,59.0
BXK,2016-05-11,93.2,59.0
BXK,2016-05-12,98.6,62.6
BXK,2016-05-13,102.2,66.2
BXK,2016-05-14,100.4,73.4
BXK,2016-05-15,91.4,64.4
BXK,2016-05-16,89.6,62.6
BXK,2016-05-17,87.8,62.6
BXK,2016-05-18,84.2,64.4
BXK,2016-05-19,91.4,60.8
BXK,2016-05-20,95.0,66.2
BXK,2016-05-21,89.6,62.6
BXK,2016-05-22,84.2,60.8
BXK,2016-05-23,87.8,57.2
BXK,2016-05-24,86.0,59.0
BXK,2016-05-25,87.8,57.2
BXK,2016-05-26,84.2,57.2
BXK,2016-05-27,91.4,62.6
BXK,2016-05-28,95.0,62.6
BXK,2016-05-29,93.2,60.8
BXK,2016-05-30,91.4,59.0
BXK,2016-05-31,96.8,64.4
BXK,2016-06-01,102.2,68.0
BXK,2016-06-02,107.6,71.6
BXK,2016-06-03,111.2,69.8
BXK,2016-06-04,113.0,75.2
BXK,2016-06-05,111.2,71.6
BXK,2016-06-06,107.6,75.2
BXK,2016-06-07,104.0,73.4
BXK,2016-06-08,105.8,75.2
BXK,2016-06-09,104.0,77.0
BXK,2016-06-10,96.8,77.0
BXK,2016-06-11,98.6,73.4
BXK,2016-06-12,98.6,68.0
BXK,2016-06-13,98.6,66.2
BXK,2016-06-14,96.8,68.0
BXK,2016-06-15,98.6,66.2
BXK,2016-06-16,100.4,68.0
BXK,2016-06-17,102.2,68.0
BXK,2016-06-18,109.4,71.6
BXK,2016-06-19,116.6,84.2
BXK,2016-06-20,113.0,86.0
BXK,2016-06-21,109.4,82.4
BXK,2016-06-22,109.4,80.6
BXK,2016-06-23,109.4,80.6
BXK,2016-06-24,107.6,77.0
BXK,2016-06-25,107.6,77.0
BXK,2016-06-26,102.2,80.6
BXK,2016-06-27,107.6,84.2
BXK,2016-06-28,111.2,84.2
BXK,2016-06-29,104.0,87.8
BXK,2016-06-30,95.0,80.6
BXK,2016-07-01,98.6,77.0
BXK,2016-07-02,102.2,75.2
BXK,2016-07-03,104.0,80.6
BXK,2016-07-04,107.6,80.6
BXK,2016-07-05,107.6,80.6
BXK,2016-07-06,104.0,78.8
BXK,2016-07-07,104.0,77.0
BXK,2016-07-08,105.8,75.2
BXK,2016-07-09,109.4,80.6
BXK,2016-07-10,109.4,82.4
BXK,2016-07-11,105.8,78.8
BXK,2016-07-12,105.8,75.2
BXK,2016-07-13,107.6,75.2
BXK,2016-07-14,109.4,80.6
BXK,2016-07-15,109.4,82.4
BXK,2016-07-16,107.6,84.2
BXK,2016-07-17,102.2,86.0
BXK,2016-07-18,104.0,84.2
BXK,2016-07-19,105.8,84.2
BXK,2016-07-20,104.0,80.6
BXK,2016-07-21,111.2,80.6
BXK,2016-07-22,111.2,89.6
BXK,2016-07-23,111.2,84.2
BXK,2016-07-24,105.8,84.2
BXK,2016-07-25,107.6,82.4
BXK,2016-07-26,109.4,82.4
BXK,2016-07-27,111.2,86.0
BXK,2016-07-28,111.2,89.6
BXK,2016-07-29,111.2,77.0
BXK,2016-07-30,100.4,86.0
BXK,2016-07-31,102.2,80.6
BXK,2016-08-01,98.6,78.8
BXK,2016-08-02,100.4,82.4
BXK,2016-08-03,100.4,82.4
BXK,2016-08-04,102.2,82.4
BXK,2016-08-05,98.6,86.0
BXK,2016-08-06,104.0,78.8
BXK,2016-08-07,107.6,86.0
BXK,2016-08-08,107.6,82.4
BXK,2016-08-09,98.6,80.6
BXK,2016-08-10,100.4,77.0
BXK,2016-08-11,96.8,78.8
BXK,2016-08-12,104.0,80.6
BXK,2016-08-13,107.6,80.6
BXK,2016-08-14,104.0,86.0
BXK,2016-08-15,107.6,87.8
BXK,2016-08-16,109.4,84.2
BXK,2016-08-17,107.6,86.0
BXK,2016-08-18,102.2,77.0
BXK,2016-08-19,102.2,73.4
BXK,2016-08-20,98.6,77.0
BXK,2016-08-21,96.8,73.4
BXK,2016-08-22,96.8,78.8
BXK,2016-08-23,95.0,75.2
BXK,2016-08-24,102.2,73.4
BXK,2016-08-25,102.2,73.4
BXK,2016-08-26,96.8,82.4
BXK,2016-08-27,95.0,77.0
BXK,2016-08-28,100.4,69.8
BXK,2016-08-29,102.2,71.6
BXK,2016-08-30,105.8,75.2
BXK,2016-08-31,102.2,87.8
BXK,2016-09-01,100.4,82.4
BXK,2016-09-02,102.2,82.4
BXK,2016-09-03,102.2,77.0
BXK,2016-09-04,98.6,73.4
BXK,2016-09-05,98.6,66.2
BXK,2016-09-06,98.6,71.6
BXK,2016-09-07,84.2,73.4
BXK,2016-09-08,93.2,73.4
BXK,2016-09-09,98.6,75.2
BXK,2016-09-10,102.2,77.0
BXK,2016-09-11,100.4,71.6
BXK,2016-09-12,98.6,77.0
BXK,2016-09-13,93.2,75.2
BXK,2016-09-14,93.2,69.8
BXK,2016-09-15,95.0,59.0
BXK,2016-09-16,95.0,59.0
BXK,2016-09-17,98.6,62.6
BXK,2016-09-18,102.2,62.6
BXK,2016-09-19,95.0,62.6
BXK,2016-09-20,84.2,75.2
BXK,2016-09-21,95.0,71.6
BXK,2016-09-22,82.4,71.6
BXK,2016-09-23,86.0,59.0
BXK,2016-09-24,87.8,55.4
BXK,2016-09-25,93.2,73.4
BXK,2016-09-26,89.6,73.4
BXK,2016-09-27,86.0,71.6
BXK,2016-09-28,93.2,66.2
BXK,2016-09-29,91.4,75.2
BXK,2016-09-30,95.0,66.2
BXK,2016-10-01,93.2,69.8
BXK,2016-10-02,84.2,71.6
BXK,2016-10-03,84.2,59.0
BXK,2016-10-04,84.2,50.0
BXK,2016-10-05,86.0,53.6
BXK,2016-10-06,87.8,59.0
BXK,2016-10-07,91.4,59.0
BXK,2016-10-08,95.0,68.0
BXK,2016-10-09,93.2,66.2
BXK,2016-10-10,91.4,64.4
BXK,2016-10-12,89.6,68.0
BXK,2016-10-13,91.4,57.2
BXK,2016-10-14,93.2,57.2
BXK,2016-10-15,91.4,57.2
BXK,2016-10-16,91.4,57.2
BXK,2016-10-17,87.8,60.8
BXK,2016-10-18,87.8,59.0
BXK,2016-10-19,89.6,59.0
BXK,2016-10-20,93.2,59.0
BXK,2016-10-21,95.0,71.6
BXK,2016-10-22,95.0,64.4
BXK,2016-10-23,93.2,59.0
BXK,2016-10-24,89.6,64.4
BXK,2016-10-25,87.8,64.4
BXK,2016-10-26,91.4,64.4
BXK,2016-10-27,93.2,66.2
BXK,2016-10-28,89.6,66.2
BXK,2016-10-29,93.2,62.6
BXK,2016-10-30,89.6,62.6
BXK,2016-10-31,82.4,59.0
BXK,2016-11-01,78.8,55.4
BXK,2016-11-02,82.4,55.4
BXK,2016-11-03,86.0,59.0
BXK,2016-11-04,78.8,55.4
BXK,2016-11-05,80.6,55.4
BXK,2016-11-06,82.4,53.6
BXK,2016-11-07,84.2,55.4
BXK,2016-11-08,89.6,57.2
BXK,2016-11-09,82.4,68.0
BXK,2016-11-10,80.6,57.2
BXK,2016-11-11,80.6,55.4
BXK,2016-11-12,82.4,53.6
BXK,2016-11-13,82.4,51.8
BXK,2016-11-14,84.2,50.0
BXK,2016-11-15,82.4,50.0
BXK,2016-11-16,75.2,51.8
BXK,2016-11-17,69.8,48.2
BXK,2016-11-18,73.4,46.4
BXK,2016-11-19,80.6,41.0
BXK,2016-11-20,71.6,57.2
BXK,2016-11-21,68.0,50.0
BXK,2016-11-22,68.0,44.6
BXK,2016-11-23,73.4,46.4
BXK,2016-11-24,75.2,48.2
BXK,2016-11-25,77.0,41.0
BXK,2016-11-26,68.0,55.4
BXK,2016-11-27,62.6,44.6
BXK,2016-11-28,55.4,39.2
BXK,2016-11-29,59.0,44.6
BXK,2016-11-30,59.0,37.4
BXK,2016-12-01,59.0,37.4
BXK,2016-12-02,59.0,39.2
BXK,2016-12-03,68.0,44.6
BXK,2016-12-04,66.2,41.0
BXK,2016-12-05,64.4,35.6
BXK,2016-12-06,64.4,37.4
BXK,2016-12-07,64.4,41.0
BXK,2016-12-08,64.4,39.2
BXK,2016-12-09,68.0,39.2
BXK,2016-12-10,68.0,41.0
BXK,2016-12-11,69.8,46.4
BXK,2016-12-12,71.6,44.6
BXK,2016-12-13,71.6,48.2
BXK,2016-12-14,73.4,44.6
BXK,2016-12-15,71.6,44.6
BXK,2016-12-16,75.2,57.2
BXK,2016-12-17,64.4,41.0
BXK,2016-12-18,60.8,32.0
BXK,2016-12-19,69.8,39.2
BXK,2016-12-20,71.6,44.6
BXK,2016-12-21,68.0,55.4
BXK,2016-12-22,59.0,55.4
BXK,2016-12-23,60.8,53.6
BXK,2016-12-24,57.2,42.8
BXK,2016-12-25,51.8,35.6
BXK,2016-12-26,59.0,32.0
BXK,2016-12-27,66.2,39.2
BXK,2016-12-28,60.8,41.0
BXK,2016-12-29,73.4,46.4
BXK,2016-12-30,69.8,53.6
BXK,2016-12-31,62.6,50.0
BXK,2017-01-01,57.2,48.2
BXK,2017-01-02,57.2,44.6
BXK,2017-01-03,59.0,41.0
BXK,2017-01-04,62.6,41.0
BXK,2017-01-05,64.4,41.0
BXK,2017-01-06,60.8,41.0
BXK,2017-01-07,62.6,37.4
BXK,2017-01-08,71.6,41.0
BXK,2017-01-09,62.6,48.2
BXK,2017-01-10,66.2,42.8
BXK,2017-01-11,62.6,44.6
BXK,2017-01-12,64.4,44.6
BXK,2017-01-13,60.8,50.0
BXK,2017-01-14,64.4,48.2
BXK,2017-01-15,59.0,46.4
BXK,2017-01-16,59.0,44.6
BXK,2017-01-17,62.6,39.2
BXK,2017-01-18,64.4,39.2
BXK,2017-01-19,57.2,42.8
BXK,2017-01-20,53.6,41.0
BXK,2017-01-21,59.0,42.8
BXK,2017-01-22,59.0,41.0
BXK,2017-01-23,60.8,46.4
BXK,2017-01-24,55.4,37.4
BXK,2017-01-25,55.4,32.0
BXK,2017-01-26,55.4,32.0
BXK,2017-01-27,57.2,35.6
BXK,2017-01-28,64.4,33.8
BXK,2017-01-29,71.6,37.4
BXK,2017-01-30,73.4,39.2
BXK,2017-01-31,69.8,35.6
BXK,2017-02-01,71.6,35.6
BXK,2017-02-02,68.0,39.2
BXK,2017-02-03,68.0,41.0
BXK,2017-02-04,73.4,39.2
BXK,2017-02-05,73.4,41.0
BXK,2017-02-06,66.2,48.2
BXK,2017-02-07,71.6,48.2
BXK,2017-02-08,73.4,46.4
BXK,2017-02-09,80.6,50.0
BXK,2017-02-10,80.6,50.0
BXK,2017-02-11,75.2,55.4
BXK,2017-02-12,71.6,57.2
BXK,2017-02-13,71.6,53.6
BXK,2017-02-14,73.4,48.2
BXK,2017-02-15,73.4,51.8
BXK,2017-02-16,73.4,44.6
BXK,2017-02-17,73.4,50.0
BXK,2017-02-18,64.4,50.0
BXK,2017-02-19,59.0,50.0
BXK,2017-02-20,66.2,46.4
BXK,2017-02-21,73.4,46.4
BXK,2017-02-22,75.2,51.8
BXK,2017-02-23,60.8,41.0
BXK,2017-02-24,60.8,33.8
BXK,2017-02-25,62.6,32.0
BXK,2017-02-26,66.2,44.6
BXK,2017-02-27,59.0,44.6
BXK,2017-02-28,62.6,46.4
BXK,2017-03-01,68.0,39.2
BXK,2017-03-02,75.2,41.0
BXK,2017-03-03,75.2,44.6
BXK,2017-03-04,75.2,44.6
BXK,2017-03-05,71.6,53.6
BXK,2017-03-06,64.4,41.0
BXK,2017-03-07,71.6,39.2
BXK,2017-03-08,80.6,41.0
BXK,2017-03-09,82.4,44.6
BXK,2017-03-10,86.0,46.4
BXK,2017-03-11,86.0,51.8
BXK,2017-03-12,86.0,55.4
BXK,2017-03-13,89.6,51.8
BXK,2017-03-14,91.4,51.8
BXK,2017-03-15,89.6,51.8
BXK,2017-03-16,89.6,50.0
BXK,2017-03-17,91.4,53.6
BXK,2017-03-18,93.2,53.6
BXK,2017-03-19,93.2,50.0
BXK,2017-03-20,93.2,53.6
BXK,2017-03-21,89.6,55.4
BXK,2017-03-22,80.6,59.0
BXK,2017-03-23,69.8,53.6
BXK,2017-03-24,77.0,46.4
BXK,2017-03-25,80.6,44.6
BXK,2017-03-26,80.6,44.6
BXK,2017-03-27,80.6,50.0
BXK,2017-03-28,77.0,53.6
BXK,2017-03-29,84.2,53.6
BXK,2017-03-30,86.0,46.4
BXK,2017-03-31,66.2,50.0
BXK,2017-04-01,73.4,44.6
BXK,2017-04-02,82.4,42.8
BXK,2017-04-03,84.2,53.6
BXK,2017-04-04,78.8,50.0
BXK,2017-04-05,82.4,48.2
BXK,2017-04-06,89.6,50.0
BXK,2017-04-07,89.6,53.6
BXK,2017-04-08,86.0,53.6
BXK,2017-04-09,80.6,50.0
BXK,2017-04-10,80.6,44.6
BXK,2017-04-11,86.0,46.4
BXK,2017-04-12,89.6,50.0
BXK,2017-04-13,91.4,55.4
BXK,2017-04-14,86.0,53.6
BXK,2017-04-15,84.2,50.0
BXK,2017-04-16,87.8,50.0
BXK,2017-04-17,89.6,57.2
BXK,2017-04-18,91.4,57.2
BXK,2017-04-19,89.6,59.0
BXK,2017-04-20,91.4,50.0
BXK,2017-04-21,93.2,55.4
BXK,2017-04-22,93.2,59.0
BXK,2017-04-23,98.6,57.2
BXK,2017-04-24,89.6,60.8
BXK,2017-04-25,86.0,60.8
BXK,2017-04-26,89.6,57.2
BXK,2017-04-27,91.4,60.8
BXK,2017-04-28,84.2,57.2
BXK,2017-04-29,80.6,50.0
BXK,2017-04-30,87.8,53.6
BXK,2017-05-01,93.2,51.8
BXK,2017-05-02,96.8,57.2
BXK,2017-05-03,98.6,64.4
BXK,2017-05-04,100.4,64.4
BXK,2017-05-05,104.0,62.6
BXK,2017-05-06,93.2,66.2
BXK,2017-05-07,71.6,57.2
BXK,2017-05-08,77.0,51.8
BXK,2017-05-09,73.4,55.4
BXK,2017-05-10,77.0,53.6
BXK,2017-05-11,91.4,57.2
BXK,2017-05-12,95.0,62.6
BXK,2017-05-13,95.0,62.6
BXK,2017-05-14,89.6,59.0
BXK,2017-05-15,80.6,57.2
BXK,2017-05-16,77.0,53.6
BXK,2017-05-17,84.2,55.4
BXK,2017-05-18,84.2,60.8
BXK,2017-05-19,86.0,57.2
BXK,2017-05-20,93.2,57.2
BXK,2017-05-21,98.6,60.8
BXK,2017-05-22,102.2,64.4
BXK,2017-05-23,104.0,71.6
BXK,2017-05-24,105.8,69.8
BXK,2017-05-25,98.6,75.2
BXK,2017-05-26,91.4,62.6
BXK,2017-05-27,95.0,62.6
BXK,2017-05-28,100.4,64.4
BXK,2017-05-29,100.4,64.4
BXK,2017-05-30,100.4,69.8
BXK,2017-05-31,98.6,64.4
BXK,2017-06-01,95.0,73.4
BXK,2017-06-02,100.4,66.2
BXK,2017-06-03,104.0,68.0
BXK,2017-06-04,105.8,73.4
BXK,2017-06-05,104.0,77.0
BXK,2017-06-06,104.0,75.2
BXK,2017-06-07,104.0,71.6
BXK,2017-06-08,102.2,66.2
BXK,2017-06-09,102.2,73.4
BXK,2017-06-10,100.4,69.8
BXK,2017-06-11,95.0,68.0
BXK,2017-06-12,91.4,66.2
BXK,2017-06-13,95.0,62.6
BXK,2017-06-14,102.2,64.4
BXK,2017-06-15,104.0,62.6
BXK,2017-06-16,107.6,66.2
BXK,2017-06-17,107.6,69.8
BXK,2017-06-18,113.0,73.4
BXK,2017-06-19,116.6,75.2
BXK,2017-06-20,118.4,82.4
BXK,2017-06-21,116.6,84.2
BXK,2017-06-22,111.2,80.6
BXK,2017-06-23,111.2,77.0
BXK,2017-06-24,114.8,82.4
BXK,2017-06-25,113.0,89.6
BXK,2017-06-26,111.2,82.4
BXK,2017-06-27,109.4,77.0
BXK,2017-06-28,105.8,75.2
BXK,2017-06-29,104.0,73.4
BXK,2017-06-30,104.0,73.4
BXK,2017-07-01,109.4,73.4
BXK,2017-07-02,105.8,71.6
BXK,2017-07-03,105.8,80.6
BXK,2017-07-04,109.4,78.8
BXK,2017-07-05,111.2,80.6
BXK,2017-07-06,111.2,82.4
BXK,2017-07-07,113.0,82.4
BXK,2017-07-08,109.4,93.2
BXK,2017-07-09,107.6,82.4
BXK,2017-07-10,107.6,78.8
BXK,2017-07-11,104.0,84.2
BXK,2017-07-12,107.6,84.2
BXK,2017-07-13,109.4,82.4
BXK,2017-07-14,109.4,86.0
BXK,2017-07-15,107.6,80.6
BXK,2017-07-16,102.2,80.6
BXK,2017-07-17,98.6,77.0
BXK,2017-07-18,102.2,82.4
BXK,2017-07-19,100.4,80.6
BXK,2017-07-20,102.2,80.6
BXK,2017-07-21,104.0,84.2
BXK,2017-07-22,107.6,80.6
BXK,2017-07-23,102.2,80.6
BXK,2017-07-24,86.0,73.4
BXK,2017-07-25,100.4,80.6
BXK,2017-07-26,102.2,78.8
BXK,2017-07-27,107.6,80.6
BXK,2017-07-28,98.6,80.6
BXK,2017-07-29,102.2,77.0
BXK,2017-07-30,98.6,77.0
BXK,2017-07-31,102.2,82.4
BXK,2017-08-01,96.8,84.2
BXK,2017-08-02,98.6,80.6
BXK,2017-08-03,102.2,82.4
BXK,2017-08-04,102.2,78.8
BXK,2017-08-05,102.2,80.6
BXK,2017-08-06,102.2,77.0
BXK,2017-08-07,104.0,77.0
BXK,2017-08-08,105.8,77.0
BXK,2017-08-09,107.6,75.2
BXK,2017-08-10,98.6,84.2
BXK,2017-08-11,102.2,86.0
BXK,2017-08-12,102.2,80.6
BXK,2017-08-13,100.4,77.0
BXK,2017-08-14,102.2,80.6
BXK,2017-08-15,100.4,75.2
BXK,2017-08-16,100.4,71.6
BXK,2017-08-17,100.4,71.6
BXK,2017-08-18,104.0,69.8
BXK,2017-08-19,102.2,73.4
BXK,2017-08-20,98.6,77.0
BXK,2017-08-21,102.2,77.0
BXK,2017-08-22,104.0,78.8
BXK,2017-08-23,104.0,82.4
BXK,2017-08-24,100.4,77.0
BXK,2017-08-25,105.8,77.0
BXK,2017-08-26,109.4,77.0
BXK,2017-08-27,107.6,84.2
BXK,2017-08-28,109.4,89.6
BXK,2017-08-29,107.6,89.6
BXK,2017-08-30,105.8,89.6
BXK,2017-08-31,105.8,84.2
BXK,2017-09-01,107.6,75.2
BXK,2017-09-02,100.4,80.6
BXK,2017-09-03,98.6,78.8
BXK,2017-09-04,104.0,77.0
BXK,2017-09-06,105.8,77.0
BXK,2017-09-07,102.2,80.6
BXK,2017-09-08,93.2,80.6
BXK,2017-09-09,93.2,77.0
BXK,2017-09-10,100.4,73.4
BXK,2017-09-11,104.0,80.6
BXK,2017-09-12,107.6,82.4
BXK,2017-09-13,105.8,77.0
BXK,2017-09-14,98.6,75.2
BXK,2017-09-15,95.0,71.6
BXK,2017-09-16,95.0,66.2
BXK,2017-09-17,93.2,66.2
BXK,2017-09-18,96.8,64.4
BXK,2017-09-19,96.8,64.4
BXK,2017-09-20,96.8,68.0
BXK,2017-09-21,95.0,68.0
BXK,2017-09-22,86.0,62.6
BXK,2017-09-23,84.2,53.6
BXK,2017-09-24,86.0,55.4
BXK,2017-09-25,86.0,53.6
BXK,2017-09-26,86.0,55.4
BXK,2017-09-27,89.6,60.8
BXK,2017-09-28,91.4,55.4
BXK,2017-09-29,95.0,62.6
BXK,2017-09-30,95.0,59.0
BXK,2017-10-01,95.0,62.6
BXK,2017-10-02,89.6,60.8
BXK,2017-10-03,91.4,59.0
BXK,2017-10-04,95.0,59.0
BXK,2017-10-05,95.0,62.6
BXK,2017-10-06,98.6,59.0
BXK,2017-10-07,93.2,59.0
BXK,2017-10-08,93.2,50.0
BXK,2017-10-09,84.2,62.6
BXK,2017-10-10,89.6,68.0
BXK,2017-10-11,93.2,57.2
BXK,2017-10-12,91.4,55.4
BXK,2017-10-13,93.2,57.2
BXK,2017-10-14,93.2,55.4
BXK,2017-10-15,93.2,57.2
BXK,2017-10-16,95.0,59.0
BXK,2017-10-17,95.0,62.6
BXK,2017-10-18,93.2,62.6
BXK,2017-10-19,93.2,66.2
BXK,2017-10-20,84.2,62.6
BXK,2017-10-21,84.2,55.4
BXK,2017-10-22,91.4,53.6
BXK,2017-10-23,95.0,59.0
BXK,2017-10-24,95.0,59.0
BXK,2017-10-25,91.4,68.0
BXK,2017-10-26,91.4,55.4
BXK,2017-10-27,89.6,55.4
BXK,2017-10-28,89.6,51.8
BXK,2017-10-29,89.6,51.8
BXK,2017-10-30,82.4,55.4
BXK,2017-10-31,77.0,57.2
BXK,2017-11-01,80.6,55.4
BXK,2017-11-02,77.0,55.4
BXK,2017-11-03,77.0,53.6
BXK,2017-11-04,80.6,59.0
BXK,2017-11-05,77.0,55.4
BXK,2017-11-06,78.8,51.8
BXK,2017-11-07,78.8,59.0
BXK,2017-11-08,80.6,55.4
BXK,2017-11-09,82.4,53.6
BXK,2017-11-10,82.4,50.0
BXK,2017-11-11,82.4,50.0
BXK,2017-11-12,82.4,46.4
BXK,2017-11-13,84.2,55.4
BXK,2017-11-14,82.4,50.0
BXK,2017-11-15,80.6,50.0
BXK,2017-11-16,82.4,48.2
BXK,2017-11-17,78.8,55.4
BXK,2017-11-18,77.0,51.8
BXK,2017-11-19,80.6,46.4
BXK,2017-11-20,75.2,42.8
BXK,2017-11-21,80.6,46.4
BXK,2017-11-22,86.0,50.0
BXK,2017-11-23,84.2,51.8
BXK,2017-11-24,82.4,46.4
BXK,2017-11-25,82.4,48.2
BXK,2017-11-26,84.2,48.2
BXK,2017-11-27,75.2,44.6
BXK,2017-11-28,71.6,48.2
BXK,2017-11-29,73.4,51.8
BXK,2017-11-30,73.4,57.2
BXK,2017-12-01,75.2,53.6
BXK,2017-12-02,80.6,50.0
BXK,2017-12-03,77.0,48.2
BXK,2017-12-04,71.6,44.6
BXK,2017-12-05,64.4,42.8
BXK,2017-12-06,73.4,41.0
BXK,2017-12-07,68.0,46.4
BXK,2017-12-08,64.4,37.4
BXK,2017-12-09,73.4,32.0
BXK,2017-12-10,77.0,57.2
BXK,2017-12-11,77.0,50.0
BXK,2017-12-12,71.6,39.2
BXK,2017-12-13,73.4,39.2
BXK,2017-12-14,71.6,32.0
BXK,2017-12-15,69.8,42.8
BXK,2017-12-16,64.4,37.4
BXK,2017-12-17,62.6,41.0
BXK,2017-12-18,64.4,41.0
BXK,2017-12-19,64.4,32.0
BXK,2017-12-20,64.4,35.6
BXK,2017-12-21,55.4,37.4
BXK,2017-12-22,57.2,32.0
BXK,2017-12-23,59.0,30.2
BXK,2017-12-24,66.2,32.0
BXK,2017-12-25,64.4,33.8
BXK,2017-12-26,66.2,32.0
BXK,2017-12-27,69.8,35.6
BXK,2017-12-28,73.4,33.8
BXK,2017-12-29,75.2,35.6
BXK,2017-12-30,71.6,33.8
BXK,2017-12-31,66.2,35.6
BXK,2018-01-01,71.6,33.8
BXK,2018-01-02,73.4,42.8
BXK,2018-01-03,73.4,41.0
BXK,2018-01-04,75.2,44.6
BXK,2018-01-05,73.4,39.2
BXK,2018-01-06,71.6,42.8
BXK,2018-01-07,73.4,46.4
BXK,2018-01-08,73.4,50.0
BXK,2018-01-09,73.4,50.0
BXK,2018-01-10,60.8,48.2
BXK,2018-01-11,64.4,44.6
BXK,2018-01-12,68.0,41.0
BXK,2018-01-13,77.0,41.0
BXK,2018-01-14,73.4,41.0
BXK,2018-01-15,69.8,44.6
BXK,2018-01-16,69.8,46.4
BXK,2018-01-17,68.0,48.2
BXK,2018-01-18,71.6,39.2
BXK,2018-01-19,71.6,41.0
BXK,2018-01-20,62.6,41.0
BXK,2018-01-21,59.0,32.0
BXK,2018-01-22,59.0,32.0
BXK,2018-01-23,66.2,32.0
BXK,2018-01-24,73.4,35.6
BXK,2018-01-25,73.4,46.4
BXK,2018-01-26,66.2,39.2
BXK,2018-01-27,73.4,37.4
BXK,2018-01-28,80.6,44.6
BXK,2018-01-29,80.6,51.8
BXK,2018-01-30,77.0,44.6
BXK,2018-01-31,77.0,41.0
BXK,2018-02-01,77.0,39.2
BXK,2018-02-02,75.2,41.0
BXK,2018-02-03,77.0,39.2
BXK,2018-02-04,77.0,42.8
BXK,2018-02-05,77.0,41.0
BXK,2018-02-06,78.8,41.0
BXK,2018-02-07,75.2,46.4
BXK,2018-02-08,80.6,42.8
BXK,2018-02-09,78.8,41.0
BXK,2018-02-10,77.0,44.6
BXK,2018-02-11,71.6,50.0
BXK,2018-02-12,66.2,50.0
BXK,2018-02-13,68.0,50.0
BXK,2018-02-14,60.8,44.6
BXK,2018-02-15,64.4,53.6
BXK,2018-02-16,64.4,46.4
BXK,2018-02-17,68.0,39.2
BXK,2018-02-18,71.6,42.8
BXK,2018-02-19,62.6,41.0
BXK,2018-02-20,57.2,32.0
BXK,2018-02-21,59.0,30.2
BXK,2018-02-22,59.0,32.0
BXK,2018-02-23,59.0,37.4
BXK,2018-02-24,57.2,35.6
BXK,2018-02-25,62.6,32.0
BXK,2018-02-26,66.2,28.4
BXK,2018-02-27,64.4,35.6
BXK,2018-02-28,59.0,37.4
BXK,2018-03-01,64.4,35.6
BXK,2018-03-02,71.6,39.2
BXK,2018-03-03,73.4,39.2
BXK,2018-03-04,64.4,42.8
BXK,2018-03-05,71.6,41.0
BXK,2018-03-06,75.2,42.8
BXK,2018-03-07,75.2,41.0
BXK,2018-03-08,80.6,48.2
BXK,2018-03-09,82.4,48.2
BXK,2018-03-10,71.6,57.2
BXK,2018-03-11,75.2,57.2
BXK,2018-03-12,80.6,53.6
BXK,2018-03-13,80.6,57.2
BXK,2018-03-14,82.4,50.0
BXK,2018-03-15,71.6,48.2
BXK,2018-03-16,71.6,46.4
BXK,2018-03-17,68.0,44.6
BXK,2018-03-18,66.2,41.0
BXK,2018-03-19,71.6,44.6
BXK,2018-03-20,77.0,41.0
BXK,2018-03-21,82.4,46.4
BXK,2018-03-22,86.0,55.4
BXK,2018-03-23,82.4,57.2
BXK,2018-03-24,77.0,53.6
BXK,2018-03-25,73.4,46.4
BXK,2018-03-26,71.6,46.4
BXK,2018-03-27,75.2,46.4
BXK,2018-03-28,78.8,42.8
BXK,2018-03-29,86.0,46.4
BXK,2018-03-30,91.4,59.0
BXK,2018-03-31,91.4,55.4
BXK,2018-04-01,89.6,59.0
BXK,2018-04-02,86.0,57.2
BXK,2018-04-03,84.2,55.4
BXK,2018-04-04,87.8,55.4
BXK,2018-04-05,91.4,57.2
BXK,2018-04-06,89.6,62.6
BXK,2018-04-07,93.2,64.4
BXK,2018-04-08,91.4,66.2
BXK,2018-04-09,91.4,59.0
BXK,2018-04-10,95.0,59.0
BXK,2018-04-11,95.0,57.2
BXK,2018-04-12,84.2,62.6
BXK,2018-04-13,75.2,55.4
BXK,2018-04-14,77.0,51.8
BXK,2018-04-16,84.2,66.2
BXK,2018-04-17,73.4,51.8
BXK,2018-04-18,80.6,44.6
BXK,2018-04-19,77.0,50.0
BXK,2018-04-20,77.0,46.4
BXK,2018-04-21,86.0,50.0
BXK,2018-04-22,91.4,57.2
BXK,2018-04-23,93.2,57.2
BXK,2018-04-24,95.0,62.6
BXK,2018-04-25,95.0,64.4
BXK,2018-04-26,95.0,62.6
BXK,2018-04-27,96.8,66.2
BXK,2018-04-28,95.0,66.2
BXK,2018-04-29,89.6,59.0
BXK,2018-04-30,82.4,59.0
BXK,2018-05-01,71.6,55.4
BXK,2018-05-02,73.4,53.6
BXK,2018-05-03,82.4,50.0
BXK,2018-05-04,91.4,55.4
BXK,2018-05-05,100.4,59.0
BXK,2018-05-06,104.0,62.6
BXK,2018-05-07,100.4,68.0
BXK,2018-05-08,100.4,64.4
BXK,2018-05-09,102.2,68.0
BXK,2018-05-10,102.2,68.0
BXK,2018-05-11,95.0,69.8
BXK,2018-05-12,86.0,64.4
BXK,2018-05-13,86.0,59.0
BXK,2018-05-14,91.4,60.8
BXK,2018-05-15,91.4,60.8
BXK,2018-05-16,98.6,59.0
BXK,2018-05-17,95.0,62.6
BXK,2018-05-18,91.4,62.6
BXK,2018-05-19,93.2,62.6
BXK,2018-05-20,93.2,62.6
BXK,2018-05-21,93.2,62.6
BXK,2018-05-22,89.6,64.4
BXK,2018-05-23,91.4,59.0
BXK,2018-05-24,95.0,60.8
BXK,2018-05-25,95.0,64.4
BXK,2018-05-26,89.6,62.6
BXK,2018-05-27,89.6,59.0
BXK,2018-05-28,96.8,64.4
BXK,2018-05-29,100.4,68.0
BXK,2018-05-30,98.6,71.6
BXK,2018-05-31,95.0,64.4
BXK,2018-06-01,96.8,66.2
BXK,2018-06-02,100.4,64.4
BXK,2018-06-03,104.0,66.2
BXK,2018-06-04,107.6,68.0
BXK,2018-06-05,102.2,71.6
BXK,2018-06-06,98.6,71.6
BXK,2018-06-07,102.2,68.0
BXK,2018-06-08,104.0,66.2
BXK,2018-06-09,105.8,71.6
BXK,2018-06-10,102.2,73.4
BXK,2018-06-11,104.0,66.2
BXK,2018-06-12,104.0,71.6
BXK,2018-06-13,109.4,73.4
BXK,2018-06-14,107.6,82.4
BXK,2018-06-15,91.4,75.2
BXK,2018-06-16,84.2,71.6
BXK,2018-06-17,96.8,69.8
BXK,2018-06-18,96.8,64.4
BXK,2018-06-19,100.4,66.2
BXK,2018-06-20,107.6,68.0
BXK,2018-06-21,107.6,73.4
BXK,2018-06-22,109.4,71.6
BXK,2018-06-23,105.8,77.0
BXK,2018-06-24,102.2,75.2
BXK,2018-06-25,104.0,73.4
BXK,2018-06-26,107.6,71.6
BXK,2018-06-27,107.6,71.6
BXK,2018-06-28,104.0,77.0
BXK,2018-06-29,102.2,75.2
BXK,2018-06-30,100.4,71.6
BXK,2018-07-01,102.2,69.8
BXK,2018-07-02,105.8,71.6
BXK,2018-07-03,105.8,75.2
BXK,2018-07-04,104.0,75.2
BXK,2018-07-05,113.0,77.0
BXK,2018-07-06,109.4,93.2
BXK,2018-07-07,109.4,87.8
BXK,2018-07-08,109.4,89.6
BXK,2018-07-09,102.2,75.2
BXK,2018-07-10,95.0,75.2
BXK,2018-07-11,98.6,75.2
BXK,2018-07-12,100.4,75.2
BXK,2018-07-13,104.0,78.8
BXK,2018-07-14,104.0,84.2
BXK,2018-07-15,100.4,84.2
BXK,2018-07-16,104.0,82.4
BXK,2018-07-17,102.2,80.6
BXK,2018-07-18,100.4,78.8
BXK,2018-07-19,105.8,80.6
BXK,2018-07-20,107.6,84.2
BXK,2018-07-21,100.4,73.4
BXK,2018-07-22,107.6,77.0
BXK,2018-07-23,113.0,82.4
BXK,2018-07-24,113.0,84.2
BXK,2018-07-25,114.8,86.0
BXK,2018-07-26,109.4,89.6
BXK,2018-07-27,107.6,86.0
BXK,2018-07-28,104.0,82.4
BXK,2018-07-29,102.2,82.4
BXK,2018-07-30,107.6,86.0
BXK,2018-07-31,104.0,82.4
BXK,2018-08-01,109.4,84.2
BXK,2018-08-02,109.4,86.0
BXK,2018-08-03,107.6,80.6
BXK,2018-08-04,109.4,86.0
BXK,2018-08-05,111.2,86.0
BXK,2018-08-06,113.0,82.4
BXK,2018-08-07,107.6,86.0
BXK,2018-08-08,102.2,77.0
BXK,2018-08-09,100.4,80.6
BXK,2018-08-10,98.6,75.2
BXK,2018-08-11,98.6,75.2
BXK,2018-08-12,104.0,80.6
BXK,2018-08-13,100.4,77.0
BXK,2018-08-14,102.2,80.6
BXK,2018-08-15,98.6,80.6
BXK,2018-08-16,98.6,82.4
BXK,2018-08-17,100.4,77.0
BXK,2018-08-18,104.0,82.4
BXK,2018-08-19,107.6,82.4
BXK,2018-08-20,107.6,84.2
BXK,2018-08-21,100.4,84.2
BXK,2018-08-22,98.6,84.2
BXK,2018-08-23,100.4,80.6
BXK,2018-08-24,100.4,82.4
BXK,2018-08-25,100.4,80.6
BXK,2018-08-26,102.2,78.8
BXK,2018-08-27,104.0,75.2
BXK,2018-08-28,102.2,75.2
BXK,2018-08-29,104.0,75.2
BXK,2018-08-30,102.2,80.6
BXK,2018-08-31,102.2,80.6
BXK,2018-09-01,102.2,80.6
BXK,2018-09-02,98.6,77.0
BXK,2018-09-03,96.8,75.2
BXK,2018-09-04,98.6,73.4
BXK,2018-09-05,100.4,77.0
BXK,2018-09-06,102.2,77.0
BXK,2018-09-07,102.2,80.6
BXK,2018-09-08,105.8,75.2
BXK,2018-09-09,104.0,78.8
BXK,2018-09-10,104.0,78.8
BXK,2018-09-11,104.0,77.0
BXK,2018-09-12,104.0,73.4
BXK,2018-09-13,102.2,68.0
BXK,2018-09-14,104.0,73.4
BXK,2018-09-15,107.6,73.4
BXK,2018-09-16,102.2,82.4
BXK,2018-09-17,104.0,77.0
BXK,2018-09-18,102.2,77.0
BXK,2018-09-19,86.0,73.4
BXK,2018-09-20,96.8,68.0
BXK,2018-09-21,100.4,71.6
BXK,2018-09-22,102.2,73.4
BXK,2018-09-23,100.4,80.6
BXK,2018-09-24,98.6,80.6
BXK,2018-09-25,98.6,71.6
BXK,2018-09-26,100.4,71.6
BXK,2018-09-27,102.2,69.8
BXK,2018-09-28,102.2,66.2
BXK,2018-09-29,100.4,73.4
BXK,2018-09-30,91.4,71.6
BXK,2018-10-01,77.0,69.8
BXK,2018-10-02,78.8,68.0
BXK,2018-10-03,84.2,71.6
BXK,2018-10-04,82.4,68.0
BXK,2018-10-05,84.2,62.6
BXK,2018-10-06,82.4,64.4
BXK,2018-10-07,73.4,55.4
BXK,2018-10-08,73.4,53.6
BXK,2018-10-09,78.8,55.4
BXK,2018-10-10,80.6,55.4
BXK,2018-10-11,80.6,66.2
BXK,2018-10-12,80.6,66.2
BXK,2018-10-13,71.6,62.6
BXK,2018-10-14,75.2,59.0
BXK,2018-10-15,75.2,55.4
BXK,2018-10-16,68.0,55.4
BXK,2018-10-17,75.2,55.4
BXK,2018-10-18,78.8,53.6
BXK,2018-10-19,84.2,51.8
BXK,2018-10-20,89.6,60.8
BXK,2018-10-21,86.0,73.4
BXK,2018-10-22,84.2,66.2
BXK,2018-10-23,86.0,64.4
BXK,2018-10-24,82.4,57.2
BXK,2018-10-25,84.2,57.2
BXK,2018-10-26,84.2,55.4
BXK,2018-10-27,86.0,53.6
BXK,2018-10-28,84.2,53.6
BXK,2018-10-29,84.2,55.4
BXK,2018-10-30,82.4,57.2
BXK,2018-10-31,75.2,51.8
BXK,2018-11-01,73.4,46.4
BXK,2018-11-02,75.2,46.4
BXK,2018-11-03,78.8,46.4
BXK,2018-11-04,77.0,51.8
BXK,2018-11-05,80.6,48.2
BXK,2018-11-06,80.6,48.2
BXK,2018-11-07,80.6,48.2
BXK,2018-11-08,77.0,48.2
BXK,2018-11-09,77.0,50.0
BXK,2018-11-10,75.2,48.2
BXK,2018-11-11,73.4,41.0
BXK,2018-11-12,66.2,42.8
BXK,2018-11-13,64.4,44.6
BXK,2018-11-14,66.2,37.4
BXK,2018-11-15,71.6,35.6
BXK,2018-11-16,71.6,35.6
BXK,2018-11-17,71.6,35.6
BXK,2018-11-18,69.8,37.4
BXK,2018-11-19,73.4,37.4
BXK,2018-11-20,75.2,44.6
BXK,2018-11-21,69.8,37.4
BXK,2018-11-22,66.2,48.2
BXK,2018-11-23,68.0,41.0
BXK,2018-11-24,69.8,39.2
BXK,2018-11-25,71.6,41.0
BXK,2018-11-26,73.4,39.2
BXK,2018-11-27,73.4,41.0
BXK,2018-11-28,71.6,41.0
BXK,2018-11-29,66.2,41.0
BXK,2018-11-30,64.4,46.4
BXK,2018-12-01,62.6,41.0
BXK,2018-12-02,62.6,41.0
BXK,2018-12-03,59.0,35.6
BXK,2018-12-04,62.6,33.8
BXK,2018-12-05,68.0,37.4
BXK,2018-12-06,57.2,46.4
BXK,2018-12-07,64.4,50.0
BXK,2018-12-08,64.4,44.6
BXK,2018-12-09,66.2,41.0
BXK,2018-12-10,68.0,42.8
BXK,2018-12-20,71.6,42.8
BXK,2018-12-21,64.4,39.2
BXK,2018-12-22,68.0,37.4
BXK,2018-12-23,68.0,37.4
BXK,2018-12-24,68.0,37.4
BXK,2018-12-25,62.6,37.4
BXK,2018-12-26,62.6,37.4
BXK,2018-12-27,57.2,32.0
BXK,2018-12-28,53.6,33.8
BXK,2018-12-29,55.4,32.0
BXK,2018-12-30,55.4,28.4
BXK,2018-12-31,44.6,28.4
BXK,2019-01-01,48.2,28.4
BXK,2019-01-02,50.0,30.2
BXK,2019-01-03,53.6,23.0
BXK,2019-01-04,62.6,26.6
BXK,2019-01-05,62.6,35.6
BXK,2019-01-06,53.6,44.6
BXK,2019-01-07,60.8,39.2
BXK,2019-01-08,66.2,39.2
BXK,2019-01-09,69.8,41.0
BXK,2019-01-10,66.2,46.4
BXK,2019-01-11,64.4,39.2
BXK,2019-01-12,64.4,41.0
BXK,2019-01-13,59.0,41.0
BXK,2019-01-14,66.2,46.4
BXK,2019-01-15,59.0,48.2
BXK,2019-01-16,66.2,48.2
BXK,2019-01-17,64.4,41.0
BXK,2019-01-18,71.6,46.4
BXK,2019-01-19,68.0,41.0
BXK,2019-01-20,69.8,37.4
BXK,2019-01-21,64.4,42.8
BXK,2019-01-22,62.6,37.4
BXK,2019-01-23,59.0,35.6
BXK,2019-01-24,66.2,32.0
BXK,2019-01-25,68.0,39.2
BXK,2019-01-26,71.6,41.0
BXK,2019-01-27,69.8,39.2
BXK,2019-01-28,68.0,37.4
BXK,2019-01-29,68.0,42.8
BXK,2019-01-30,71.6,50.0
BXK,2019-01-31,71.6,41.0
BXK,2019-02-01,69.8,48.2
BXK,2019-02-02,69.8,53.6
BXK,2019-02-03,64.4,50.0
BXK,2019-02-04,62.6,48.2
BXK,2019-02-05,66.2,46.4
BXK,2019-02-06,55.4,35.6
BXK,2019-02-07,55.4,28.4
BXK,2019-02-08,62.6,28.4
BXK,2019-02-09,55.4,35.6
BXK,2019-02-10,62.6,28.4
BXK,2019-02-11,59.0,35.6
BXK,2019-02-12,66.2,28.4
BXK,2019-02-13,64.4,39.2
BXK,2019-02-14,62.6,50.0
BXK,2019-02-15,66.2,48.2
BXK,2019-02-16,60.8,41.0
BXK,2019-02-17,59.0,33.8
BXK,2019-02-18,55.4,37.4
BXK,2019-02-19,55.4,28.4
BXK,2019-02-20,55.4,28.4
BXK,2019-02-21,53.6,41.0
BXK,2019-02-22,50.0,37.4
BXK,2019-02-23,55.4,32.0
BXK,2019-02-24,60.8,32.0
BXK,2019-02-25,64.4,35.6
BXK,2019-02-26,68.0,37.4
BXK,2019-02-27,73.4,50.0
BXK,2019-02-28,73.4,42.8
BXK,2019-03-01,75.2,50.0
BXK,2019-03-02,71.6,53.6
BXK,2019-03-03,73.4,46.4
BXK,2019-03-04,71.6,48.2
BXK,2019-03-05,77.0,42.8
BXK,2019-03-06,82.4,55.4
BXK,2019-03-07,73.4,53.6
BXK,2019-03-08,66.2,46.4
BXK,2019-03-09,64.4,41.0
BXK,2019-03-10,68.0,35.6
BXK,2019-03-11,66.2,44.6
BXK,2019-03-12,59.0,48.2
BXK,2019-03-13,64.4,44.6
BXK,2019-03-14,60.8,39.2
BXK,2019-03-15,73.4,37.4
BXK,2019-03-16,77.0,55.4
BXK,2019-03-17,77.0,55.4
BXK,2019-03-18,80.6,48.2
BXK,2019-03-19,82.4,48.2
BXK,2019-03-20,80.6,50.0
BXK,2019-03-21,68.0,48.2
BXK,2019-03-22,73.4,41.0
BXK,2019-03-23,77.0,44.6
BXK,2019-03-24,78.8,48.2
BXK,2019-03-25,82.4,42.8
BXK,2019-03-26,84.2,48.2
BXK,2019-03-27,80.6,51.8
BXK,2019-03-28,84.2,46.4
BXK,2019-03-29,80.6,46.4
BXK,2019-03-30,80.6,51.8
BXK,2019-03-31,82.4,50.0
BXK,2019-04-01,80.6,48.2
BXK,2019-04-02,86.0,48.2
BXK,2019-04-03,77.0,53.6
BXK,2019-04-04,82.4,50.0
BXK,2019-04-05,77.0,50.0
BXK,2019-04-06,77.0,55.4
BXK,2019-04-07,89.6,55.4
BXK,2019-04-08,95.0,53.6
BXK,2019-04-09,95.0,57.2
BXK,2019-04-10,75.2,55.4
BXK,2019-04-11,77.0,48.2
BXK,2019-04-12,73.4,55.4
BXK,2019-04-13,77.0,50.0
BXK,2019-04-14,84.2,46.4
BXK,2019-04-15,86.0,53.6
BXK,2019-04-16,77.0,55.4
BXK,2019-04-17,77.0,50.0
BXK,2019-04-18,87.8,48.2
BXK,2019-04-19,95.0,55.4
BXK,2019-04-20,91.4,64.4
BXK,2019-04-21,86.0,59.0
BXK,2019-04-22,84.2,53.6
BXK,2019-04-23,86.0,55.4
BXK,2019-04-24,93.2,57.2
BXK,2019-04-25,98.6,62.6
BXK,2019-04-26,98.6,62.6
BXK,2019-04-27,95.0,64.4
BXK,2019-04-28,95.0,60.8
BXK,2019-04-29,84.2,66.2
BXK,2019-04-30,82.4,55.4
BXK,2019-05-01,84.2,55.4
BXK,2019-05-02,84.2,55.4
BXK,2019-05-03,91.4,57.2
BXK,2019-05-04,93.2,57.2
BXK,2019-05-05,91.4,59.0
BXK,2019-05-06,82.4,60.8
BXK,2019-05-07,80.6,57.2
BXK,2019-05-08,86.0,59.0
BXK,2019-05-09,86.0,64.4
BXK,2019-05-10,80.6,55.4
BXK,2019-05-11,82.4,55.4
BXK,2019-05-12,84.2,62.6
BXK,2019-05-13,91.4,59.0
BXK,2019-05-14,95.0,66.2
BXK,2019-05-15,98.6,66.2
BXK,2019-05-16,89.6,66.2
BXK,2019-05-17,80.6,53.6
BXK,2019-05-18,84.2,53.6
BXK,2019-05-19,80.6,66.2
BXK,2019-05-20,75.2,55.4
BXK,2019-05-21,78.8,62.6
BXK,2019-05-22,75.2,51.8
BXK,2019-05-23,75.2,50.0
BXK,2019-05-24,84.2,50.0
BXK,2019-05-25,89.6,55.4
BXK,2019-05-26,80.6,55.4
BXK,2019-05-27,78.8,59.0
BXK,2019-05-28,82.4,50.0
BXK,2019-05-29,89.6,57.2
BXK,2019-05-30,95.0,64.4
BXK,2019-05-31,95.0,66.2
BXK,2019-06-01,95.0,62.6
BXK,2019-06-02,93.2,62.6
BXK,2019-06-03,93.2,71.6
BXK,2019-06-04,98.6,66.2
BXK,2019-06-05,100.4,68.0
BXK,2019-06-06,100.4,71.6
BXK,2019-06-07,98.6,71.6
BXK,2019-06-08,96.8,64.4
BXK,2019-06-09,102.2,66.2
BXK,2019-06-10,105.8,71.6
BXK,2019-06-11,107.6,82.4
BXK,2019-06-12,109.4,71.6
BXK,2019-06-13,107.6,80.6
BXK,2019-06-14,102.2,71.6
BXK,2019-06-15,102.2,71.6
BXK,2019-06-16,102.2,73.4
BXK,2019-06-17,102.2,69.8
BXK,2019-06-18,100.4,68.0
BXK,2019-06-19,100.4,68.0
BXK,2019-06-20,102.2,66.2
BXK,2019-06-21,100.4,71.6
BXK,2019-06-22,96.8,69.8
BXK,2019-06-23,98.6,66.2
BXK,2019-06-24,102.2,68.0
BXK,2019-06-25,102.2,69.8
BXK,2019-06-26,100.4,71.6
BXK,2019-06-27,102.2,64.4
BXK,2019-06-28,107.6,69.8
BXK,2019-06-29,109.4,78.8
BXK,2019-06-30,107.6,78.8
BXK,2019-07-01,109.4,75.2
BXK,2019-07-02,104.0,75.2
BXK,2019-07-03,102.2,75.2
BXK,2019-07-04,102.2,71.6
BXK,2019-07-05,102.2,68.0
BXK,2019-07-06,102.2,73.4
BXK,2019-07-07,102.2,75.2
BXK,2019-07-08,100.4,73.4
BXK,2019-07-09,102.2,66.2
BXK,2019-07-10,109.4,73.4
BXK,2019-07-11,109.4,77.0
BXK,2019-07-12,109.4,86.0
BXK,2019-07-13,107.6,82.4
BXK,2019-07-14,109.4,84.2
BXK,2019-07-15,111.2,84.2
BXK,2019-07-16,113.0,80.6
BXK,2019-07-17,104.0,80.6
BXK,2019-07-18,107.6,78.8
BXK,2019-07-19,105.8,84.2
BXK,2019-07-20,107.6,77.0
BXK,2019-07-21,107.6,82.4
BXK,2019-07-22,105.8,78.8
BXK,2019-07-23,104.0,78.8
BXK,2019-07-24,98.6,77.0
BXK,2019-07-25,107.6,82.4
BXK,2019-07-26,109.4,86.0
BXK,2019-07-27,113.0,86.0
BXK,2019-07-28,111.2,86.0
BXK,2019-07-29,111.2,84.2
BXK,2019-07-30,105.8,77.0
BXK,2019-07-31,93.2,75.2
BXK,2019-08-01,102.2,78.8
BXK,2019-08-02,109.4,84.2
BXK,2019-08-03,111.2,84.2
BXK,2019-08-04,111.2,86.0
BXK,2019-08-05,114.8,87.8
BXK,2019-08-06,100.4,84.2
BXK,2019-08-07,105.8,84.2
BXK,2019-08-08,107.6,80.6
BXK,2019-08-09,100.4,84.2
BXK,2019-08-10,102.2,82.4
BXK,2019-08-11,102.2,82.4
BXK,2019-08-12,105.8,77.0
BXK,2019-08-13,107.6,77.0
BXK,2019-08-14,113.0,75.2
BXK,2019-08-15,113.0,77.0
BXK,2019-08-16,109.4,80.6
BXK,2019-08-17,105.8,80.6
BXK,2019-08-18,105.8,73.4
BXK,2019-08-19,107.6,77.0
BXK,2019-08-20,111.2,77.0
BXK,2019-08-21,113.0,77.0
BXK,2019-08-22,107.6,78.8
BXK,2019-08-23,102.2,82.4
BXK,2019-08-24,102.2,80.6
BXK,2019-08-25,102.2,80.6
BXK,2019-08-26,105.8,84.2
BXK,2019-08-27,109.4,84.2
BXK,2019-08-28,107.6,86.0
BXK,2019-08-29,105.8,80.6
BXK,2019-08-30,111.2,84.2
BXK,2019-08-31,107.6,84.2
BXK,2019-09-01,105.8,80.6
BXK,2019-09-02,104.0,77.0
BXK,2019-09-03,109.4,82.4
BXK,2019-09-04,107.6,84.2
BXK,2019-09-05,107.6,84.2
BXK,2019-09-06,107.6,84.2
BXK,2019-09-07,105.8,84.2
BXK,2019-09-08,100.4,80.6
BXK,2019-09-09,96.8,77.0
BXK,2019-09-10,98.6,77.0
BXK,2019-09-11,95.0,73.4
BXK,2019-09-12,100.4,73.4
BXK,2019-09-13,105.8,75.2
BXK,2019-09-14,102.2,75.2
BXK,2019-09-15,96.8,75.2
BXK,2019-09-16,96.8,71.6
BXK,2019-09-17,95.0,71.6
BXK,2019-09-18,98.6,69.8
BXK,2019-09-19,96.8,73.4
BXK,2019-09-20,93.2,64.4
BXK,2019-09-21,93.2,60.8
BXK,2019-09-22,96.8,62.6
BXK,2019-09-23,95.0,66.2
BXK,2019-09-24,86.0,66.2
BXK,2019-09-25,84.2,68.0
BXK,2019-09-26,84.2,68.0
BXK,2019-09-27,84.2,68.0
BXK,2019-09-28,89.6,66.2
BXK,2019-09-29,87.8,69.8
BXK,2019-09-30,86.0,57.2
BXK,2019-10-01,86.0,55.4
BXK,2019-10-02,87.8,59.0
BXK,2019-10-03,93.2,59.0
BXK,2019-10-04,93.2,66.2
BXK,2019-10-05,93.2,60.8
BXK,2019-10-06,93.2,59.0
BXK,2019-10-07,95.0,57.2
BXK,2019-10-08,95.0,59.0
BXK,2019-10-09,93.2,59.0
BXK,2019-10-10,86.0,55.4
BXK,2019-10-11,86.0,50.0
BXK,2019-10-12,86.0,51.8
BXK,2019-10-13,87.8,51.8
BXK,2019-10-14,86.0,59.0
BXK,2019-10-15,89.6,60.8
BXK,2019-10-16,95.0,57.2
BXK,2019-10-17,93.2,68.0
BXK,2019-10-18,84.2,59.0
BXK,2019-10-19,82.4,50.0
BXK,2019-10-20,86.0,48.2
BXK,2019-10-21,86.0,51.8
BXK,2019-10-22,87.8,51.8
BXK,2019-10-23,87.8,55.4
BXK,2019-10-24,86.0,59.0
BXK,2019-10-25,82.4,57.2
BXK,2019-10-26,82.4,48.2
BXK,2019-10-27,86.0,46.4
BXK,2019-10-28,71.6,46.4
BXK,2019-10-29,71.6,35.6
BXK,2019-10-30,68.0,44.6
BXK,2019-10-31,75.2,35.6
BXK,2019-11-01,78.8,37.4
BXK,2019-11-02,84.2,42.8
BXK,2019-11-03,82.4,48.2
BXK,2019-11-04,84.2,44.6
BXK,2019-11-05,86.0,51.8
BXK,2019-11-06,86.0,55.4
BXK,2019-11-07,84.2,51.8
BXK,2019-11-08,86.0,55.4
BXK,2019-11-09,84.2,55.4
BXK,2019-11-10,84.2,55.4
BXK,2019-11-11,84.2,55.4
BXK,2019-11-12,78.8,51.8
BXK,2019-11-27,64.4,37.4
BXK,2019-11-28,66.2,50.0
BXK,2019-11-29,62.6,46.4
BXK,2019-11-30,57.2,37.4
BXK,2019-12-01,64.4,39.2
BXK,2019-12-02,64.4,39.2
BXK,2019-12-03,64.4,42.8
BXK,2019-12-04,69.8,51.8
BXK,2019-12-05,68.0,50.0
BXK,2019-12-06,68.0,48.2
BXK,2019-12-07,66.2,48.2
BXK,2019-12-08,59.0,53.6
BXK,2019-12-09,66.2,48.2
BXK,2019-12-10,66.2,42.8
BXK,2019-12-11,66.2,44.6
BXK,2019-12-12,66.2,41.0
BXK,2019-12-13,66.2,41.0
BXK,2019-12-14,69.8,44.6
BXK,2019-12-15,62.6,44.6
BXK,2019-12-16,60.8,37.4
BXK,2019-12-17,60.8,33.8
BXK,2019-12-18,64.4,44.6
BXK,2019-12-19,60.8,33.8
BXK,2019-12-20,66.2,37.4
BXK,2019-12-21,69.8,37.4
BXK,2019-12-22,69.8,44.6
BXK,2019-12-23,64.4,55.4
BXK,2019-12-24,59.0,50.0
BXK,2019-12-25,59.0,46.4
BXK,2019-12-26,55.4,39.2
BXK,2019-12-27,51.8,42.8
BXK,2019-12-28,53.6,35.6
BXK,2019-12-29,50.0,32.0
BXK,2019-12-30,53.6,33.8
BXK,2019-12-31,62.6,41.0
BXK,2020-01-01,57.2,33.8
BXK,2020-01-02,64.4,35.6
BXK,2020-01-03,62.6,35.6
BXK,2020-01-04,64.4,35.6
BXK,2020-01-05,66.2,33.8
BXK,2020-01-06,69.8,41.0
BXK,2020-01-07,69.8,35.6
BXK,2020-01-08,66.2,37.4
BXK,2020-01-09,60.8,39.2
BXK,2020-01-10,64.4,35.6
BXK,2020-01-11,60.8,32.0
BXK,2020-01-12,62.6,30.2
BXK,2020-01-13,64.4,33.8
BXK,2020-01-14,66.2,33.8
BXK,2020-01-15,64.4,37.4
BXK,2020-01-16,64.4,41.0
BXK,2020-01-17,62.6,37.4
BXK,2020-01-18,69.8,37.4
BXK,2020-01-19,75.2,39.2
BXK,2020-01-20,71.6,46.4
BXK,2020-01-21,57.2,51.8
BXK,2020-01-22,64.4,42.8
BXK,2020-01-23,68.0,41.0
BXK,2020-01-24,69.8,41.0
BXK,2020-01-25,69.8,39.2
BXK,2020-01-26,69.8,39.2
BXK,2020-01-27,73.4,46.4
BXK,2020-01-28,68.0,42.8
BXK,2020-01-29,62.6,37.4
BXK,2020-01-30,69.8,46.4
BXK,2020-01-31,71.6,39.2
BXK,2020-02-01,75.2,39.2
BXK,2020-02-02,75.2,41.0
BXK,2020-02-03,62.6,41.0
BXK,2020-02-04,53.6,30.2
BXK,2020-02-05,55.4,32.0
BXK,2020-02-06,60.8,28.4
BXK,2020-02-07,66.2,32.0
BXK,2020-02-08,69.8,35.6
BXK,2020-02-09,69.8,37.4
BXK,2020-02-10,68.0,48.2
BXK,2020-02-11,60.8,44.6
BXK,2020-02-12,62.6,37.4
BXK,2020-02-13,66.2,35.6
BXK,2020-02-14,68.0,39.2
BXK,2020-02-15,71.6,37.4
BXK,2020-02-16,71.6,39.2
BXK,2020-02-17,73.4,41.0
BXK,2020-02-18,75.2,41.0
BXK,2020-02-19,75.2,46.4
BXK,2020-02-20,78.8,44.6
BXK,2020-02-21,77.0,51.8
BXK,2020-02-22,68.0,51.8
BXK,2020-02-23,64.4,44.6
BXK,2020-02-24,71.6,42.8
BXK,2020-02-25,69.8,46.4
BXK,2020-02-26,66.2,44.6
BXK,2020-02-27,73.4,35.6
BXK,2020-02-28,75.2,44.6
BXK,2020-02-29,75.2,39.2
BXK,2020-03-01,73.4,48.2
BXK,2020-03-02,64.4,46.4
BXK,2020-03-03,75.2,42.8
BXK,2020-03-04,71.6,42.8
BXK,2020-03-05,80.6,42.8
BXK,2020-03-06,84.2,57.2
BXK,2020-03-07,82.4,53.6
BXK,2020-03-08,71.6,51.8
BXK,2020-03-09,75.2,44.6
BXK,2020-03-10,73.4,57.2
BXK,2020-03-11,66.2,60.8
BXK,2020-03-12,69.8,55.4
BXK,2020-03-13,64.4,51.8
BXK,2020-03-14,69.8,50.0
BXK,2020-03-15,73.4,48.2
BXK,2020-03-16,75.2,48.2
BXK,2020-03-17,71.6,51.8
BXK,2020-03-18,64.4,48.2
BXK,2020-03-19,62.6,46.4
BXK,2020-03-20,68.0,42.8
BXK,2020-03-21,71.6,46.4
BXK,2020-03-22,71.6,50.0
BXK,2020-03-23,73.4,50.0
BXK,2020-03-24,75.2,46.4
BXK,2020-03-25,71.6,50.0
BXK,2020-03-26,68.0,48.2
BXK,2020-03-27,64.4,42.8
BXK,2020-03-28,68.0,37.4
BXK,2020-03-29,75.2,42.8
BXK,2020-03-30,77.0,46.4
BXK,2020-03-31,78.8,50.0
BXK,2020-04-01,84.2,55.4
BXK,2020-04-02,82.4,51.8
BXK,2020-04-03,82.4,48.2
BXK,2020-04-04,80.6,50.0
BXK,2020-04-05,80.6,50.0
BXK,2020-04-06,78.8,50.0
BXK,2020-04-07,80.6,50.0
BXK,2020-04-08,75.2,50.0
BXK,2020-04-09,69.8,42.8
BXK,2020-04-10,75.2,46.4
BXK,2020-04-11,69.8,51.8
BXK,2020-04-12,77.0,50.0
BXK,2020-04-14,80.6,48.2
BXK,2020-04-15,82.4,50.0
BXK,2020-04-16,84.2,53.6
BXK,2020-04-17,84.2,48.2
BXK,2020-04-18,78.8,50.0
BXK,2020-04-19,80.6,51.8
BXK,2020-04-20,84.2,55.4
BXK,2020-04-21,82.4,53.6
BXK,2020-04-22,93.2,53.6
BXK,2020-04-23,96.8,60.8
BXK,2020-04-24,96.8,57.2
BXK,2020-04-25,96.8,64.4
BXK,2020-04-26,102.2,60.8
BXK,2020-04-27,100.4,66.2
BXK,2020-04-28,100.4,64.4
BXK,2020-04-29,102.2,64.4
BXK,2020-04-30,98.6,66.2
BXK,2020-05-01,100.4,60.8
BXK,2020-05-02,96.8,62.6
BXK,2020-05-03,95.0,62.6
BXK,2020-05-04,96.8,59.0
BXK,2020-05-05,100.4,64.4
BXK,2020-05-06,104.0,66.2
BXK,2020-05-07,105.8,64.4
BXK,2020-05-08,102.2,69.8
BXK,2020-05-09,102.2,71.6
BXK,2020-05-10,100.4,73.4
BXK,2020-05-11,96.8,68.0
BXK,2020-05-12,93.2,62.6
BXK,2020-05-13,87.8,60.8
BXK,2020-05-14,89.6,62.6
BXK,2020-05-15,93.2,62.6
BXK,2020-05-16,96.8,62.6
BXK,2020-05-17,100.4,64.4
BXK,2020-05-18,98.6,64.4
BXK,2020-05-19,86.0,62.6
BXK,2020-05-20,86.0,50.0
BXK,2020-05-21,89.6,57.2
BXK,2020-05-22,95.0,57.2
BXK,2020-05-23,91.4,59.0
BXK,2020-05-24,95.0,60.8
BXK,2020-05-25,95.0,64.4
BXK,2020-05-26,102.2,60.8
BXK,2020-05-27,107.6,66.2
BXK,2020-05-28,107.6,71.6
BXK,2020-05-29,109.4,73.4
BXK,2020-05-30,107.6,77.0
BXK,2020-05-31,105.8,73.4
BXK,2020-06-01,104.0,68.0
BXK,2020-06-02,105.8,77.0
BXK,2020-06-03,109.4,77.0
BXK,2020-06-04,109.4,78.8
BXK,2020-06-05,104.0,77.0
BXK,2020-06-06,91.4,68.0
BXK,2020-06-07,95.0,66.2
BXK,2020-06-08,89.6,64.4
BXK,2020-06-09,95.0,64.4
BXK,2020-06-10,102.2,62.6
BXK,2020-06-11,107.6,66.2
BXK,2020-06-12,107.6,71.6
BXK,2020-06-13,102.2,71.6
BXK,2020-06-14,102.2,68.0
BXK,2020-06-15,104.0,68.0
BXK,2020-06-16,104.0,68.0
BXK,2020-06-17,100.4,69.8
BXK,2020-06-18,100.4,69.8
BXK,2020-06-19,100.4,68.0
BXK,2020-06-20,104.0,71.6
BXK,2020-06-21,107.6,71.6
BXK,2020-06-22,107.6,73.4
BXK,2020-06-23,107.6,69.8
BXK,2020-06-24,109.4,73.4
BXK,2020-06-25,107.6,73.4
BXK,2020-06-26,107.6,77.0
BXK,2020-06-27,104.0,77.0
BXK,2020-06-28,102.2,73.4
BXK,2020-06-29,96.8,73.4
BXK,2020-06-30,96.8,69.8
BXK,2020-07-01,100.4,69.8
BXK,2020-07-02,100.4,73.4
BXK,2020-07-03,104.0,82.4
BXK,2020-07-04,109.4,78.8
BXK,2020-07-05,111.2,78.8
BXK,2020-07-06,111.2,73.4
BXK,2020-07-07,109.4,71.6
BXK,2020-07-08,109.4,82.4
BXK,2020-07-09,109.4,80.6
BXK,2020-07-10,109.4,86.0
BXK,2020-07-11,114.8,84.2
BXK,2020-07-12,114.8,84.2
BXK,2020-07-13,111.2,89.6
BXK,2020-07-14,109.4,82.4
BXK,2020-07-15,109.4,80.6
BXK,2020-07-16,109.4,80.6
BXK,2020-07-17,107.6,78.8
BXK,2020-07-18,109.4,82.4
BXK,2020-07-19,111.2,84.2
BXK,2020-07-20,105.8,80.6
BXK,2020-07-21,109.4,80.6
BXK,2020-07-22,105.8,82.4
BXK,2020-07-23,98.6,73.4
BXK,2020-07-24,102.2,77.0
BXK,2020-07-25,104.0,78.8
BXK,2020-07-26,107.6,75.2
BXK,2020-07-27,109.4,78.8
BXK,2020-07-28,111.2,80.6
BXK,2020-07-29,113.0,80.6
BXK,2020-07-30,118.4,82.4
BXK,2020-07-31,114.8,84.2
BXK,2020-08-01,111.2,84.2
BXK,2020-08-02,109.4,82.4
BXK,2020-08-03,105.8,84.2
BXK,2020-08-06,105.8,82.4
BXK,2020-08-07,107.6,77.0
BXK,2020-08-08,109.4,77.0
BXK,2020-08-09,109.4,73.4
BXK,2020-08-10,111.2,73.4
BXK,2020-08-11,109.4,84.2
BXK,2020-08-12,109.4,82.4
BXK,2020-08-13,114.8,86.0
BXK,2020-08-14,114.8,80.6
BXK,2020-08-15,113.0,86.0
BXK,2020-08-16,113.0,89.6
BXK,2020-08-17,113.0,86.0
BXK,2020-08-18,111.2,84.2
BXK,2020-08-19,113.0,86.0
BXK,2020-08-20,111.2,80.6
BXK,2020-08-21,100.4,78.8
BXK,2020-08-22,105.8,82.4
BXK,2020-08-23,107.6,84.2
BXK,2020-08-24,113.0,82.4
BXK,2020-08-25,111.2,86.0
BXK,2020-08-26,111.2,84.2
BXK,2020-08-27,113.0,82.4
BXK,2020-08-28,109.4,87.8
BXK,2020-08-29,104.0,84.2
BXK,2020-08-30,102.2,71.6
BXK,2020-08-31,98.6,73.4
BXK,2020-09-01,102.2,78.8
BXK,2020-09-02,104.0,78.8
BXK,2020-09-03,107.6,80.6
BXK,2020-09-04,113.0,77.0
BXK,2020-09-05,113.0,82.4
BXK,2020-09-06,113.0,86.0
BXK,2020-09-07,109.4,77.0
BXK,2020-09-08,100.4,77.0
BXK,2020-09-09,89.6,60.8
BXK,2020-09-10,89.6,60.8
BXK,2020-09-11,89.6,60.8
BXK,2020-09-12,95.0,64.4
BXK,2020-09-13,100.4,64.4
BXK,2020-09-14,104.0,69.8
BXK,2020-09-15,102.2,71.6
BXK,2020-09-16,105.8,71.6
BXK,2020-09-17,105.8,68.0
BXK,2020-09-18,104.0,73.4
BXK,2020-09-19,104.0,77.0
BXK,2020-09-20,104.0,69.8
BXK,2020-09-21,100.4,78.8
BXK,2020-09-22,102.2,78.8
BXK,2020-09-23,102.2,71.6
BXK,2020-09-24,105.8,71.6
BXK,2020-09-25,104.0,68.0
BXK,2020-09-26,102.2,69.8
BXK,2020-09-27,100.4,66.2
BXK,2020-09-28,102.2,66.2
BXK,2020-09-29,98.6,73.4
BXK,2020-09-30,102.2,64.4
BXK,2020-10-01,104.0,64.4
BXK,2020-10-02,104.0,64.4
BXK,2020-10-03,105.8,64.4
BXK,2020-10-04,100.4,62.6
BXK,2020-10-05,102.2,66.2
BXK,2020-10-06,102.2,64.4
BXK,2020-10-07,100.4,62.6
BXK,2020-10-08,98.6,59.0
BXK,2020-10-09,96.8,64.4
BXK,2020-10-10,93.2,64.4
BXK,2020-10-11,93.2,62.6
BXK,2020-10-12,95.0,62.6
BXK,2020-10-13,100.4,62.6
BXK,2020-10-14,100.4,68.0
BXK,2020-10-15,100.4,60.8
BXK,2020-10-16,98.6,62.6
BXK,2020-10-17,93.2,62.6
BXK,2020-10-18,93.2,55.4
BXK,2020-10-19,93.2,59.0
BXK,2020-10-20,95.0,55.4
BXK,2020-10-21,93.2,57.2
BXK,2020-10-22,91.4,59.0
BXK,2020-10-23,89.6,59.0
BXK,2020-10-24,84.2,62.6
BXK,2020-10-25,86.0,64.4
BXK,2020-10-26,66.2,50.0
BXK,2020-10-27,68.0,41.0
BXK,2020-10-28,69.8,41.0
BXK,2020-10-29,82.4,42.8
BXK,2020-10-30,84.2,51.8
BXK,2020-10-31,84.2,53.6
BXK,2020-11-01,95.0,53.6
BXK,2020-11-02,93.2,78.8
BXK,2020-11-03,89.6,62.6
BXK,2020-11-04,91.4,55.4
BXK,2020-11-05,95.0,57.2
BXK,2020-11-06,87.8,73.4
BXK,2020-11-07,77.0,55.4
BXK,2020-11-08,66.2,44.6
BXK,2020-11-09,62.6,42.8
BXK,2020-11-10,68.0,37.4
BXK,2020-11-11,68.0,37.4
BXK,2020-11-12,69.8,39.2
BXK,2020-11-13,75.2,41.0
BXK,2020-11-14,73.4,39.2
BXK,2020-11-15,80.6,42.8
BXK,2020-11-16,87.8,46.4
BXK,2020-11-17,87.8,53.6
BXK,2020-11-18,86.0,53.6
BXK,2020-11-19,84.2,51.8
BXK,2020-11-20,86.0,53.6
BXK,2020-11-21,82.4,57.2
BXK,2020-11-22,82.4,50.0
BXK,2020-11-23,78.8,51.8
BXK,2020-11-24,71.6,46.4
BXK,2020-11-25,68.0,37.4
BXK,2020-11-26,69.8,37.4
BXK,2020-11-27,66.2,37.4
BXK,2020-11-28,68.0,37.4
BXK,2020-11-29,71.6,35.6
BXK,2020-11-30,73.4,41.0
BXK,2020-12-01,69.8,37.4
BXK,2020-12-02,69.8,35.6
BXK,2020-12-03,64.4,42.8
BXK,2020-12-04,66.2,33.8
BXK,2020-12-05,68.0,32.0
BXK,2020-12-06,69.8,33.8
BXK,2020-12-07,78.8,35.6
BXK,2020-12-08,77.0,55.4
BXK,2020-12-09,77.0,44.6
BXK,2020-12-10,62.6,51.8
BXK,2020-12-11,62.6,44.6
BXK,2020-12-12,64.4,41.0
BXK,2020-12-13,60.8,37.4
BXK,2020-12-14,64.4,37.4
BXK,2020-12-15,60.8,35.6
BXK,2020-12-16,62.6,35.6
BXK,2020-12-17,57.2,33.8
BXK,2020-12-18,64.4,33.8
BXK,2020-12-19,64.4,37.4
BXK,2020-12-20,66.2,33.8
BXK,2020-12-21,75.2,37.4
BXK,2020-12-22,68.0,37.4
BXK,2020-12-23,68.0,33.8
BXK,2020-12-24,59.0,37.4
BXK,2020-12-25,68.0,42.8
BXK,2020-12-26,68.0,37.4
BXK,2020-12-27,68.0,33.8
BXK,2021-01-23,60.8,48.2
BXK,2021-01-24,57.2,44.6
BXK,2021-01-25,51.8,39.2
BXK,2021-01-26,51.8,41.0
BXK,2021-01-27,60.8,33.8
BXK,2021-01-28,69.8,51.8
BXK,2021-01-29,64.4,44.6
BXK,2021-01-30,60.8,37.4
BXK,2021-01-31,71.6,39.2
BXK,2021-02-01,71.6,50.0
BXK,2021-02-02,78.8,53.6
BXK,2021-02-03,80.6,60.8
BXK,2021-02-04,75.2,48.2
BXK,2021-02-05,69.8,44.6
BXK,2021-02-06,71.6,41.0
BXK,2021-02-07,71.6,37.4
BXK,2021-02-08,73.4,37.4
BXK,2021-02-09,71.6,37.4
BXK,2021-02-10,71.6,48.2
BXK,2021-02-11,75.2,44.6
BXK,2021-02-12,71.6,50.0
BXK,2021-02-13,69.8,46.4
BXK,2021-02-14,66.2,42.8
BXK,2021-02-15,66.2,37.4
BXK,2021-02-16,69.8,44.6
BXK,2021-02-17,66.2,42.8
BXK,2021-02-18,64.4,41.0
BXK,2021-02-19,69.8,37.4
BXK,2021-02-20,77.0,37.4
BXK,2021-02-21,69.8,44.6
BXK,2021-02-22,75.2,42.8
BXK,2021-02-23,78.8,41.0
BXK,2021-02-24,78.8,41.0
BXK,2021-02-25,68.0,44.6
BXK,2021-02-26,69.8,35.6
BXK,2021-02-27,71.6,33.8
BXK,2021-02-28,64.4,39.2
BXK,2021-03-01,53.6,33.8
BXK,2021-03-22,71.6,53.6
BXK,2021-03-23,64.4,48.2
BXK,2021-03-24,73.4,42.8
BXK,2021-03-25,71.6,44.6
BXK,2021-03-26,66.2,48.2
BXK,2021-03-27,77.0,46.4
BXK,2021-03-28,84.2,46.4
BXK,2021-03-29,87.8,50.0
BXK,2021-03-30,86.0,51.8
BXK,2021-03-31,86.0,50.0
BXK,2021-04-01,93.2,53.6
BXK,2021-04-02,91.4,60.8
BXK,2021-04-03,96.8,59.0
BXK,2021-04-04,96.8,57.2
BXK,2021-04-05,95.0,59.0
BXK,2021-04-06,91.4,60.8
BXK,2021-04-07,91.4,53.6
BXK,2021-04-08,93.2,60.8
BXK,2021-04-09,93.2,55.4
BXK,2021-04-10,93.2,55.4
BXK,2021-04-11,91.4,59.0
BXK,2021-04-12,89.6,60.8
BXK,2021-04-13,87.8,59.0
BXK,2021-04-14,84.2,53.6
BXK,2021-04-15,82.4,53.6
BXK,2021-04-16,82.4,53.6
BXK,2021-04-17,86.0,51.8
BXK,2021-04-18,82.4,57.2
BXK,2021-04-19,87.8,51.8
BXK,2021-04-20,93.2,57.2
BXK,2021-04-21,87.8,60.8
BXK,2021-04-22,80.6,57.2
BXK,2021-04-23,84.2,57.2
BXK,2021-04-24,89.6,53.6
BXK,2021-04-25,91.4,57.2
BXK,2021-04-26,78.8,62.6
BXK,2021-04-27,73.4,55.4
BXK,2021-04-28,86.0,50.0
BXK,2021-04-29,89.6,55.4
BXK,2021-04-30,95.0,57.2
BXK,2021-05-01,98.6,60.8
BXK,2021-05-02,91.4,60.8
BXK,2021-05-03,89.6,59.0
BXK,2021-05-04,91.4,59.0
BXK,2021-05-05,96.8,60.8
BXK,2021-05-06,98.6,64.4
BXK,2021-05-07,93.2,62.6
BXK,2021-05-08,91.4,62.6
BXK,2021-05-09,93.2,64.4
BXK,2021-05-10,93.2,64.4
BXK,2021-05-11,93.2,60.8
BXK,2021-05-12,98.6,60.8
BXK,2021-05-13,98.6,64.4
BXK,2021-05-14,98.6,64.4
BXK,2021-05-15,95.0,69.8
BXK,2021-05-16,89.6,66.2
BXK,2021-05-17,87.8,62.6
BXK,2021-05-18,95.0,64.4
BXK,2021-05-19,98.6,68.0
BXK,2021-05-20,96.8,64.4
BXK,2021-05-21,82.4,62.6
BXK,2021-05-22,80.6,51.8
BXK,2021-05-23,84.2,50.0
BXK,2021-05-24,93.2,59.0
BXK,2021-05-25,96.8,60.8
BXK,2021-05-26,96.8,66.2
BXK,2021-05-27,96.8,64.4
BXK,2021-05-28,98.6,62.6
BXK,2021-05-29,98.6,62.6
BXK,2021-05-30,98.6,64.4
BXK,2021-05-31,98.6,68.0
BXK,2021-06-01,102.2,69.8
BXK,2021-06-02,105.8,71.6
BXK,2021-06-03,105.8,73.4
BXK,2021-06-04,107.6,75.2
BXK,2021-06-05,105.8,73.4
BXK,2021-06-06,102.2,68.0
BXK,2021-06-07,100.4,66.2
BXK,2021-06-08,95.0,64.4
BXK,2021-06-09,100.4,68.0
BXK,2021-06-10,98.6,68.0
BXK,2021-06-11,102.2,64.4
BXK,2021-06-12,107.6,68.0
BXK,2021-06-13,113.0,69.8
BXK,2021-06-14,114.8,71.6
BXK,2021-06-15,113.0,82.4
BXK,2021-06-16,113.0,84.2
BXK,2021-06-17,114.8,87.8
BXK,2021-06-18,114.8,84.2
BXK,2021-06-19,114.8,84.2
BXK,2021-06-20,113.0,82.4
BXK,2021-06-21,107.6,78.8
BXK,2021-06-22,105.8,80.6
BXK,2021-06-23,93.2,75.2
BXK,2021-06-24,102.2,75.2
BXK,2021-06-25,105.8,78.8
BXK,2021-06-26,89.6,71.6
BXK,2021-06-29,100.4,86.0
BXK,2021-06-30,105.8,82.4
BXK,2021-07-01,107.6,80.6
BXK,2021-07-02,104.0,86.0
BXK,2021-07-03,107.6,78.8
BXK,2021-07-04,104.0,78.8
BXK,2021-07-05,107.6,84.2
BXK,2021-07-06,111.2,84.2
BXK,2021-07-07,111.2,84.2
BXK,2021-07-08,109.4,86.0
BXK,2021-07-09,113.0,87.8
BXK,2021-07-10,113.0,86.0
BXK,2021-07-11,111.2,82.4
BXK,2021-07-12,105.8,89.6
BXK,2021-07-13,105.8,87.8
BXK,2021-07-14,100.4,77.0
BXK,2021-07-15,104.0,84.2
BXK,2021-07-16,105.8,82.4
BXK,2021-07-17,102.2,82.4
BXK,2021-07-18,98.6,86.0
BXK,2021-07-19,100.4,84.2
BXK,2021-07-20,105.8,86.0
BXK,2021-07-21,107.6,86.0
BXK,2021-07-22,105.8,86.0
BXK,2021-07-23,91.4,77.0
BXK,2021-07-24,84.2,73.4
BXK,2021-07-25,80.6,73.4
BXK,2021-07-26,95.0,75.2
BXK,2021-07-27,102.2,77.0
BXK,2021-07-28,104.0,82.4
BXK,2021-07-29,105.8,82.4
BXK,2021-07-30,100.4,80.6
BXK,2021-07-31,100.4,77.0
BXK,2021-08-01,105.8,86.0
BXK,2021-08-02,109.4,86.0
BXK,2021-08-03,111.2,82.4
BXK,2021-08-04,113.0,82.4
BXK,2021-08-05,109.4,86.0
BXK,2021-08-06,107.6,86.0
BXK,2021-08-07,107.6,84.2
BXK,2021-08-08,107.6,84.2
BXK,2021-08-09,95.0,82.4
BXK,2021-08-10,95.0,77.0
BXK,2021-08-11,95.0,75.2
BXK,2021-08-12,96.8,77.0
BXK,2021-08-13,98.6,78.8
BXK,2021-08-14,91.4,73.4
BXK,2021-08-15,96.8,80.6
BXK,2021-08-16,98.6,82.4
BXK,2021-08-17,95.0,73.4
BXK,2021-08-18,98.6,80.6
BXK,2021-08-19,96.8,77.0
BXK,2021-08-20,98.6,73.4
BXK,2021-08-21,100.4,77.0
BXK,2021-08-22,102.2,75.2
BXK,2021-08-23,104.0,71.6
BXK,2021-08-24,104.0,73.4
BXK,2021-08-25,107.6,78.8
BXK,2021-08-26,111.2,78.8
BXK,2021-08-27,111.2,78.8
BXK,2021-08-28,104.0,89.6
BXK,2021-08-29,105.8,86.0
BXK,2021-08-30,104.0,87.8
BXK,2021-08-31,89.6,77.0
BXK,2021-09-01,95.0,73.4
BXK,2021-09-17,96.8,82.4
BXK,2021-09-18,98.6,77.0
BXK,2021-09-19,98.6,73.4
BXK,2021-09-20,98.6,69.8
BXK,2021-09-21,100.4,64.4
BXK,2021-09-22,100.4,68.0
BXK,2021-09-23,98.6,71.6
BXK,2021-09-24,87.8,71.6
BXK,2021-09-25,93.2,69.8
BXK,2021-09-26,78.8,69.8
BXK,2021-09-27,86.0,66.2
BXK,2021-09-28,91.4,66.2
BXK,2021-09-29,84.2,69.8
BXK,2021-09-30,87.8,68.0
BXK,2021-10-01,89.6,62.6
BXK,2021-10-02,91.4,60.8
BXK,2021-10-03,95.0,62.6
BXK,2021-10-04,93.2,66.2
BXK,2021-10-05,87.8,68.0
BXK,2021-10-06,87.8,62.6
BXK,2021-10-07,87.8,64.4
BXK,2021-10-08,89.6,68.0
BXK,2021-10-09,84.2,60.8
BXK,2021-10-10,82.4,55.4
BXK,2021-10-11,86.0,50.0
BXK,2021-10-12,69.8,50.0
BXK,2021-10-13,75.2,46.4
BXK,2021-10-14,78.8,48.2
BXK,2021-10-15,82.4,50.0
BXK,2021-10-16,89.6,55.4
BXK,2021-10-17,87.8,59.0
BXK,2021-10-18,82.4,59.0
BXK,2021-10-19,77.0,51.8
BXK,2021-10-20,82.4,53.6
BXK,2021-10-21,87.8,53.6
BXK,2021-10-22,87.8,53.6
BXK,2021-10-23,84.2,51.8
BXK,2021-10-24,84.2,60.8
BXK,2021-10-25,87.8,60.8
BXK,2021-10-26,77.0,55.4
BXK,2021-10-27,78.8,51.8
BXK,2021-10-28,84.2,53.6
BXK,2021-10-29,89.6,53.6
BXK,2021-10-30,86.0,50.0
BXK,2021-10-31,84.2,53.6
BXK,2021-11-01,82.4,55.4
BXK,2021-11-02,82.4,51.8
BXK,2021-11-03,84.2,53.6
BXK,2021-11-04,86.0,53.6
BXK,2021-11-05,86.0,51.8
BXK,2021-11-06,87.8,51.8
BXK,2021-11-07,84.2,50.0
BXK,2021-11-08,84.2,50.0
BXK,2021-11-09,80.6,50.0
BXK,2021-11-10,82.4,50.0
BXK,2021-11-11,82.4,50.0
BXK,2021-11-12,86.0,53.6
BXK,2021-11-13,84.2,50.0
BXK,2021-11-14,84.2,48.2
BXK,2021-11-15,82.4,44.6
BXK,2021-11-16,77.0,48.2
BXK,2021-11-17,77.0,44.6
BXK,2021-11-18,80.6,44.6
BXK,2021-11-19,78.8,50.0
BXK,2021-11-20,77.0,42.8
BXK,2021-11-21,80.6,51.8
BXK,2021-11-22,80.6,53.6
BXK,2021-11-23,77.0,59.0
BXK,2021-11-24,73.4,51.8
BXK,2021-11-25,75.2,50.0
BXK,2021-11-26,75.2,48.2
BXK,2021-11-27,73.4,42.8
BXK,2021-11-28,78.8,41.0
BXK,2021-11-29,80.6,46.4
BXK,2021-11-30,73.4,44.6
BXK,2021-12-01,82.4,44.6
BXK,2021-12-02,80.6,48.2
BXK,2021-12-03,77.0,48.2
BXK,2021-12-04,77.0,44.6
BXK,2021-12-05,75.2,42.8
BXK,2021-12-06,75.2,41.0
BXK,2021-12-07,73.4,46.4
BXK,2021-12-08,69.8,53.6
BXK,2021-12-09,64.4,46.4
BXK,2021-12-10,60.8,46.4
BXK,2021-12-11,64.4,41.0
BXK,2021-12-12,68.0,33.8
BXK,2021-12-13,68.0,39.2
BXK,2021-12-14,69.8,48.2
BXK,2021-12-15,57.2,37.4
BXK,2021-12-16,60.8,33.8
BXK,2021-12-17,62.6,37.4
BXK,2021-12-18,66.2,39.2
BXK,2021-12-19,68.0,33.8
BXK,2021-12-20,68.0,35.6
BXK,2021-12-21,64.4,44.6
BXK,2021-12-22,68.0,41.0
BXK,2021-12-23,73.4,53.6
BXK,2021-12-24,64.4,53.6
BXK,2021-12-25,59.0,50.0
BXK,2021-12-26,64.4,48.2
BXK,2021-12-27,55.4,42.8
BXK,2021-12-28,55.4,41.0
BXK,2021-12-29,59.0,44.6
BXK,2021-12-30,59.0,44.6
BXK,2021-12-31,59.0,51.8
BXK,2022-01-01,55.4,37.4
BXK,2022-01-02,57.2,32.0
BXK,2022-01-03,62.6,33.8
BXK,2022-01-04,62.6,32.0
BXK,2022-01-05,62.6,35.6
BXK,2022-01-06,62.6,37.4
BXK,2022-01-07,68.0,37.4
BXK,2022-01-08,66.2,42.8
BXK,2022-01-09,71.6,39.2
BXK,2022-01-10,73.4,42.8
BXK,2022-01-11,69.8,42.8
BXK,2022-01-12,69.8,41.0
BXK,2022-01-13,69.8,35.6
BXK,2022-01-14,69.8,48.2
BXK,2022-01-15,69.8,46.4
BXK,2022-01-16,60.8,39.2
BXK,2022-01-17,69.8,48.2
BXK,2022-01-18,68.0,46.4
BXK,2022-01-19,68.0,44.6
BXK,2022-01-20,69.8,46.4
BXK,2022-01-21,68.0,37.4
BXK,2022-01-22,66.2,44.6
BXK,2022-01-23,69.8,44.6
BXK,2022-01-24,66.2,39.2
BXK,2022-01-25,68.0,37.4
BXK,2022-01-26,66.2,41.0
BXK,2022-01-27,66.2,37.4
BXK,2022-01-28,69.8,46.4
BXK,2022-01-29,69.8,46.4
BXK,2022-01-30,71.6,44.6
BXK,2022-01-31,66.2,35.6
BXK,2022-02-01,68.0,42.8
BXK,2022-02-02,59.0,41.0
BXK,2022-02-03,57.2,35.6
BXK,2022-02-04,62.6,28.4
BXK,2022-02-05,64.4,32.0
BXK,2022-02-06,71.6,32.0
BXK,2022-02-07,69.8,50.0
BXK,2022-02-08,75.2,37.4
BXK,2022-02-09,77.0,44.6
BXK,2022-02-10,80.6,44.6
BXK,2022-02-11,78.8,46.4
BXK,2022-02-12,80.6,44.6
BXK,2022-02-13,78.8,42.8
BXK,2022-02-14,78.8,39.2
BXK,2022-02-15,77.0,39.2
BXK,2022-02-16,62.6,48.2
BXK,2022-02-17,66.2,39.2
BXK,2022-02-18,69.8,35.6
BXK,2022-02-19,77.0,39.2
BXK,2022-02-20,75.2,37.4
BXK,2022-02-21,69.8,48.2
BXK,2022-02-22,66.2,46.4
BXK,2022-02-23,55.4,37.4
BXK,2022-02-24,57.2,32.0
BXK,2022-02-25,64.4,33.8
BXK,2022-02-26,68.0,37.4
BXK,2022-02-27,71.6,39.2
BXK,2022-02-28,78.8,48.2
BXK,2022-03-01,82.4,44.6
BXK,2022-03-02,84.2,44.6
BXK,2022-03-03,84.2,51.8
BXK,2022-03-04,69.8,48.2
BXK,2022-03-05,68.0,46.4
BXK,2022-03-06,62.6,37.4
BXK,2022-03-07,68.0,33.8
BXK,2022-03-08,48.2,42.8
BXK,2022-03-14,80.6,59.0
BXK,2022-03-15,84.2,46.4
BXK,2022-03-16,84.2,48.2
BXK,2022-03-17,78.8,50.0
BXK,2022-03-18,82.4,46.4
BXK,2022-03-19,82.4,44.6
BXK,2022-03-20,71.6,55.4
BXK,2022-03-21,77.0,55.4
BXK,2022-03-22,80.6,53.6
BXK,2022-03-23,77.0,55.4
BXK,2022-03-24,84.2,44.6
BXK,2022-03-25,91.4,48.2
BXK,2022-03-26,91.4,53.6
BXK,2022-03-27,91.4,50.0
BXK,2022-03-28,78.8,62.6
BXK,2022-03-29,71.6,51.8
BXK,2022-03-30,80.6,48.2
BXK,2022-03-31,82.4,53.6
BXK,2022-04-01,84.2,51.8
BXK,2022-04-02,86.0,55.4
BXK,2022-04-03,82.4,53.6
BXK,2022-04-04,87.8,57.2
BXK,2022-04-05,91.4,57.2
BXK,2022-04-06,95.0,57.2
BXK,2022-04-07,91.4,68.0
BXK,2022-04-08,93.2,59.0
BXK,2022-04-09,95.0,51.8
BXK,2022-04-10,87.8,59.0
BXK,2022-04-11,84.2,60.8
BXK,2022-04-12,73.4,48.2
BXK,2022-04-13,75.2,35.6
BXK,2022-04-14,82.4,41.0
BXK,2022-04-15,86.0,53.6
BXK,2022-04-16,89.6,53.6
BXK,2022-04-17,91.4,51.8
BXK,2022-04-18,95.0,53.6
BXK,2022-04-19,98.6,64.4
BXK,2022-04-20,87.8,59.0
BXK,2022-04-21,89.6,60.8
BXK,2022-04-22,77.0,59.0
BXK,2022-04-23,82.4,51.8
BXK,2022-04-24,86.0,62.6
BXK,2022-04-25,89.6,53.6
BXK,2022-04-26,95.0,55.4
BXK,2022-04-27,89.6,59.0
BXK,2022-04-28,87.8,59.0
BXK,2022-04-29,91.4,55.4
BXK,2022-04-30,93.2,57.2
BXK,2022-05-01,95.0,62.6
BXK,2022-05-02,91.4,62.6
BXK,2022-05-03,89.6,60.8
BXK,2022-05-04,91.4,57.2
BXK,2022-05-05,93.2,55.4
BXK,2022-05-06,98.6,64.4
BXK,2022-05-07,98.6,64.4
BXK,2022-05-08,91.4,66.2
BXK,2022-05-09,86.0,59.0
BXK,2022-05-10,87.8,57.2
BXK,2022-05-11,84.2,53.6
BXK,2022-05-12,86.0,51.8
BXK,2022-05-13,96.8,55.4
BXK,2022-05-14,100.4,59.0
BXK,2022-05-15,104.0,60.8
BXK,2022-05-16,100.4,68.0
BXK,2022-05-17,98.6,68.0
BXK,2022-05-18,98.6,66.2
BXK,2022-05-19,96.8,66.2
BXK,2022-05-20,93.2,68.0
BXK,2022-05-21,91.4,64.4
BXK,2022-05-22,93.2,62.6
BXK,2022-05-23,95.0,62.6
BXK,2022-05-24,98.6,66.2
BXK,2022-05-25,102.2,66.2
BXK,2022-05-26,104.0,69.8
BXK,2022-05-27,102.2,69.8
BXK,2022-05-28,98.6,68.0
BXK,2022-05-29,93.2,69.8
BXK,2022-05-30,93.2,66.2
BXK,2022-05-31,95.0,66.2
BXK,2022-06-01,98.6,60.8
BXK,2022-06-02,102.2,64.4
BXK,2022-06-03,100.4,68.0
BXK,2022-06-04,100.4,68.0
BXK,2022-06-05,100.4,69.8
BXK,2022-06-06,102.2,73.4
BXK,2022-06-07,105.8,73.4
BXK,2022-06-08,107.6,75.2
BXK,2022-06-09,109.4,78.8
BXK,2022-06-10,113.0,80.6
BXK,2022-06-11,111.2,82.4
BXK,2022-06-12,109.4,82.4
BXK,2022-06-13,102.2,80.6
BXK,2022-06-14,100.4,73.4
BXK,2022-06-15,104.0,71.6
BXK,2022-06-16,109.4,73.4
BXK,2022-06-17,107.6,80.6
BXK,2022-06-18,98.6,82.4
BXK,2022-06-19,96.8,71.6
BXK,2022-06-20,100.4,64.4
BXK,2022-06-21,105.8,69.8
BXK,2022-06-22,102.2,86.0
BXK,2022-06-23,109.4,82.4
BXK,2022-06-24,105.8,82.4
BXK,2022-06-25,105.8,82.4
BXK,2022-06-26,105.8,77.0
BXK,2022-06-27,100.4,75.2
BXK,2022-06-28,104.0,87.8
BXK,2022-06-29,107.6,84.2
BXK,2022-06-30,104.0,77.0
BXK,2022-07-01,105.8,82.4
BXK,2022-07-02,105.8,84.2
BXK,2022-07-03,105.8,80.6
BXK,2022-07-04,102.2,77.0
BXK,2022-07-05,102.2,80.6
BXK,2022-07-06,104.0,75.2
BXK,2022-07-07,105.8,77.0
BXK,2022-07-08,109.4,77.0
BXK,2022-07-09,111.2,80.6
BXK,2022-07-10,111.2,89.6
BXK,2022-07-11,113.0,84.2
BXK,2022-07-12,111.2,86.0
BXK,2022-07-13,111.2,89.6
BXK,2022-07-14,109.4,82.4
BXK,2022-07-15,109.4,80.6
BXK,2022-07-16,113.0,82.4
BXK,2022-07-17,109.4,80.6
BXK,2022-07-18,105.8,78.8
BXK,2022-07-19,109.4,84.2
BXK,2022-07-20,109.4,84.2
BXK,2022-07-21,109.4,87.8
BXK,2022-07-22,111.2,89.6
BXK,2022-07-23,104.0,86.0
BXK,2022-07-24,96.8,77.0
BXK,2022-07-25,96.8,77.0
BXK,2022-07-26,96.8,77.0
BXK,2022-07-27,98.6,80.6
BXK,2022-07-28,91.4,78.8
BXK,2022-07-29,95.0,77.0
BXK,2022-07-30,100.4,80.6
BXK,2022-07-31,98.6,78.8
BXK,2022-08-01,102.2,78.8
BXK,2022-08-02,105.8,82.4
BXK,2022-08-03,100.4,84.2
BXK,2022-08-04,89.6,73.4
BXK,2022-08-05,100.4,75.2
BXK,2022-08-06,105.8,82.4
BXK,2022-08-07,102.2,78.8
BXK,2022-08-08,100.4,82.4
BXK,2022-08-09,98.6,78.8
BXK,2022-08-10,102.2,82.4
BXK,2022-08-11,102.2,80.6
BXK,2022-08-12,100.4,80.6
BXK,2022-08-13,104.0,78.8
BXK,2022-08-14,100.4,77.0
BXK,2022-08-15,100.4,77.0
BXK,2022-08-16,102.2,80.6
BXK,2022-08-17,104.0,84.2
BXK,2022-08-18,102.2,77.0
BXK,2022-08-19,95.0,75.2
BXK,2022-08-20,95.0,73.4
BXK,2022-08-21,95.0,73.4
BXK,2022-08-22,98.6,75.2
BXK,2022-08-23,102.2,82.4
BXK,2022-08-24,100.4,84.2
BXK,2022-08-25,100.4,78.8
BXK,2022-08-26,105.8,80.6
BXK,2022-08-27,104.0,82.4
BXK,2022-08-28,102.2,80.6
BXK,2022-08-29,105.8,80.6
BXK,2022-08-30,109.4,80.6
BXK,2022-08-31,105.8,87.8
BXK,2022-09-01,104.0,86.0
BXK,2022-09-02,104.0,80.6
BXK,2022-09-03,107.6,80.6
BXK,2022-09-04,105.8,87.8
BXK,2022-09-05,105.8,82.4
BXK,2022-09-06,107.6,80.6
BXK,2022-09-07,104.0,80.6
BXK,2022-09-08,102.2,80.6
BXK,2022-09-09,95.0,73.4
BXK,2022-09-10,91.4,73.4
BXK,2022-09-11,98.6,75.2
BXK,2022-09-12,93.2,75.2
BXK,2022-09-13,93.2,77.0
BXK,2022-09-14,93.2,71.6
BXK,2022-09-15,95.0,71.6
BXK,2022-09-16,95.0,68.0
BXK,2022-09-17,96.8,71.6
BXK,2022-09-18,96.8,64.4
BXK,2022-09-19,100.4,68.0
BXK,2022-09-20,95.0,75.2
BXK,2022-09-21,86.0,73.4
BXK,2022-09-22,91.4,75.2
BXK,2022-09-23,95.0,75.2
BXK,2022-09-24,98.6,71.6
BXK,2022-09-25,102.2,75.2
BXK,2022-09-26,102.2,68.0
BXK,2022-09-27,100.4,82.4
BXK,2022-09-28,98.6,75.2
BXK,2022-09-29,95.0,71.6
BXK,2022-09-30,95.0,69.8
BXK,2022-10-01,93.2,75.2
BXK,2022-10-02,95.0,73.4
BXK,2022-10-03,96.8,71.6
BXK,2022-10-04,91.4,62.6
BXK,2022-10-05,93.2,66.2
BXK,2022-10-06,89.6,73.4
BXK,2022-10-07,91.4,71.6
BXK,2022-10-08,87.8,69.8
BXK,2022-10-09,87.8,71.6
BXK,2022-10-10,87.8,66.2
BXK,2022-10-11,91.4,64.4
BXK,2022-10-12,93.2,64.4
BXK,2022-10-13,95.0,64.4
BXK,2022-10-14,95.0,62.6
BXK,2022-10-15,84.2,64.4
BXK,2022-10-16,77.0,62.6
BXK,2022-10-17,82.4,60.8
BXK,2022-10-18,86.0,66.2
BXK,2022-10-19,86.0,62.6
BXK,2022-10-20,87.8,59.0
BXK,2022-10-21,86.0,59.0
BXK,2022-10-22,86.0,62.6
BXK,2022-10-23,75.2,60.8
BXK,2022-10-24,71.6,50.0
BXK,2022-10-25,73.4,44.6
BXK,2022-10-26,75.2,44.6
BXK,2022-10-27,80.6,46.4
BXK,2022-10-28,77.0,46.4
BXK,2022-10-29,78.8,48.2
BXK,2022-10-30,78.8,50.0
BXK,2022-10-31,78.8,48.2
BXK,2022-11-01,77.0,53.6
BXK,2022-11-02,77.0,57.2
BXK,2022-11-03,62.6,44.6
BXK,2022-11-04,62.6,42.8
BXK,2022-11-05,68.0,41.0
BXK,2022-11-06,77.0,41.0
BXK,2022-11-07,77.0,44.6
BXK,2022-11-08,77.0,46.4
BXK,2022-11-09,64.4,51.8
BXK,2022-11-10,68.0,44.6
BXK,2022-11-11,66.2,42.8
BXK,2022-11-12,68.0,39.2
BXK,2022-11-13,66.2,37.4
BXK,2022-11-14,64.4,42.8
BXK,2022-11-15,66.2,35.6
BXK,2022-11-16,69.8,42.8
BXK,2022-11-17,69.8,41.0
BXK,2022-11-18,68.0,35.6
BXK,2022-11-19,71.6,41.0
BXK,2022-11-20,71.6,42.8
BXK,2022-11-21,69.8,37.4
BXK,2022-11-22,71.6,39.2
BXK,2022-11-23,69.8,35.6
BXK,2022-11-24,71.6,48.2
BXK,2022-11-25,69.8,41.0
BXK,2022-11-26,66.2,33.8
BXK,2022-11-27,66.2,33.8
BXK,2022-11-28,68.0,39.2
BXK,2022-11-29,64.4,41.0
BXK,2022-11-30,68.0,39.2
BXK,2022-12-01,68.0,37.4
BXK,2022-12-02,66.2,48.2
BXK,2022-12-03,57.2,42.8
BXK,2022-12-04,66.2,55.4
BXK,2022-12-05,68.0,55.4
BXK,2022-12-06,66.2,53.6
BXK,2022-12-07,62.6,44.6
BXK,2022-12-08,62.6,37.4
BXK,2022-12-09,62.6,39.2
BXK,2022-12-10,62.6,33.8
BXK,2022-12-11,66.2,35.6
BXK,2022-12-12,57.2,42.8
BXK,2022-12-13,53.6,37.4
BXK,2022-12-14,53.6,32.0
BXK,2022-12-15,55.4,32.0
BXK,2022-12-16,55.4,35.6
BXK,2022-12-17,59.0,28.4
BXK,2022-12-18,55.4,39.2
BXK,2022-12-19,60.8,32.0
BXK,2022-12-20,62.6,33.8
BXK,2022-12-21,62.6,32.0
BXK,2022-12-22,62.6,32.0
BXK,2022-12-23,64.4,37.4
BXK,2022-12-24,69.8,37.4
BXK,2022-12-25,71.6,42.8
BXK,2022-12-26,71.6,41.0
BXK,2022-12-27,68.0,42.8
BXK,2022-12-28,59.0,50.0
BXK,2022-12-29,60.8,44.6
BXK,2022-12-30,60.8,51.8
BXK,2022-12-31,64.4,44.6
BXK,2023-01-01,60.8,48.2
BXK,2023-01-02,57.2,42.8
BXK,2023-01-03,60.8,46.4
BXK,2023-01-04,64.4,48.2
BXK,2023-01-05,62.6,42.8
BXK,2023-01-06,60.8,42.8
BXK,2023-01-07,66.2,35.6
BXK,2023-01-08,66.2,37.4
BXK,2023-01-09,66.2,37.4
BXK,2023-01-10,66.2,44.6
BXK,2023-01-11,64.4,44.6
BXK,2023-01-12,69.8,39.2
BXK,2023-01-13,71.6,42.8
BXK,2023-01-14,60.8,41.0
BXK,2023-01-15,59.0,50.0
BXK,2023-01-16,59.0,50.0
BXK,2023-01-17,59.0,42.8
BXK,2023-01-18,57.2,39.2
BXK,2023-01-19,57.2,33.8
BXK,2023-01-20,55.4,41.0
BXK,2023-01-21,57.2,35.6
BXK,2023-01-22,57.2,30.2
BXK,2023-01-23,50.0,32.0
BXK,2023-01-24,55.4,30.2
BXK,2023-01-25,59.0,30.2
BXK,2023-01-26,62.6,37.4
BXK,2023-01-27,60.8,33.8
BXK,2023-01-28,62.6,30.2
BXK,2023-01-29,64.4,32.0
BXK,2023-01-30,59.0,48.2
BXK,2023-01-31,59.0,44.6
BXK,2023-02-01,64.4,39.2
BXK,2023-02-02,64.4,37.4
BXK,2023-02-03,69.8,37.4
BXK,2023-02-04,71.6,37.4
BXK,2023-02-05,71.6,37.4
BXK,2023-02-06,68.0,41.0
BXK,2023-02-07,66.2,42.8
BXK,2023-02-08,66.2,37.4
BXK,2023-02-09,68.0,35.6
BXK,2023-02-10,68.0,53.6
BXK,2023-02-11,71.6,44.6
BXK,2023-02-12,73.4,42.8
BXK,2023-02-13,55.4,41.0
BXK,2023-02-14,59.0,41.0
BXK,2023-02-15,55.4,30.2
BXK,2023-02-16,57.2,28.4
BXK,2023-02-17,64.4,41.0
BXK,2023-02-18,69.8,41.0
BXK,2023-02-19,75.2,39.2
BXK,2023-02-20,75.2,42.8
BXK,2023-02-21,69.8,46.4
BXK,2023-02-22,59.0,44.6
BXK,2023-02-23,59.0,37.4
BXK,2023-02-24,62.6,42.8
BXK,2023-02-25,73.4,44.6
BXK,2023-02-26,57.2,41.0
BXK,2023-02-27,60.8,33.8
BXK,2023-02-28,64.4,37.4
BXK,2023-03-01,62.6,41.0
BXK,2023-03-02,51.8,39.2
BXK,2023-03-03,60.8,33.8
BXK,2023-03-04,66.2,37.4
BXK,2023-03-05,68.0,39.2
BXK,2023-03-06,69.8,48.2
BXK,2023-03-07,69.8,46.4
BXK,2023-03-08,73.4,37.4
BXK,2023-03-09,73.4,39.2
BXK,2023-03-10,77.0,41.0
BXK,2023-03-11,77.0,57.2
BXK,2023-03-12,80.6,46.4
BXK,2023-03-13,78.8,48.2
BXK,2023-03-14,78.8,44.6
BXK,2023-03-15,64.4,55.4
BXK,2023-03-16,69.8,48.2
BXK,2023-03-17,71.6,46.4
BXK,2023-03-18,73.4,42.8
BXK,2023-03-19,71.6,57.2
BXK,2023-03-20,71.6,50.0
BXK,2023-03-21,64.4,59.0
BXK,2023-03-22,64.4,51.8
BXK,2023-03-23,66.2,41.0
BXK,2023-03-24,68.0,46.4
BXK,2023-03-25,69.8,39.2
BXK,2023-03-26,68.0,39.2
BXK,2023-03-27,71.6,44.6
BXK,2023-03-28,77.0,42.8
BXK,2023-03-29,78.8,41.0
BXK,2023-03-30,66.2,50.0
BXK,2023-03-31,69.8,39.2
BXK,2023-04-01,78.8,44.6
BXK,2023-04-02,80.6,42.8
BXK,2023-04-03,77.0,50.0
BXK,2023-04-04,60.8,39.2
BXK,2023-04-05,68.0,33.8
BXK,2023-04-06,77.0,42.8
BXK,2023-04-07,80.6,41.0
BXK,2023-04-08,82.4,42.8
BXK,2023-04-09,89.6,50.0
BXK,2023-04-10,95.0,53.6
BXK,2023-04-11,96.8,57.2
BXK,2023-04-12,91.4,59.0
BXK,2023-04-13,80.6,60.8
BXK,2023-04-14,75.2,51.8
BXK,2023-04-15,82.4,50.0
BXK,2023-04-16,87.8,50.0
BXK,2023-04-17,89.6,51.8
BXK,2023-04-18,84.2,57.2
BXK,2023-04-19,80.6,51.8
BXK,2023-04-20,86.0,51.8
BXK,2023-04-21,89.6,53.6
BXK,2023-04-22,93.2,57.2
BXK,2023-04-23,93.2,62.6
BXK,2023-04-24,91.4,60.8
BXK,2023-04-25,89.6,60.8
BXK,2023-04-26,87.8,53.6
BXK,2023-04-27,95.0,55.4
BXK,2023-04-28,95.0,57.2
BXK,2023-04-29,96.8,59.0
BXK,2023-04-30,100.4,55.4
BXK,2023-05-01,93.2,68.0
BXK,2023-05-02,87.8,55.4
BXK,2023-05-03,84.2,57.2
BXK,2023-05-04,77.0,53.6
BXK,2023-05-05,78.8,51.8
BXK,2023-05-06,84.2,50.0
BXK,2023-05-07,87.8,51.8
BXK,2023-05-08,91.4,55.4
BXK,2023-05-09,91.4,57.2
BXK,2023-05-10,78.8,59.0
BXK,2023-05-11,87.8,53.6
BXK,2023-05-12,93.2,59.0
BXK,2023-05-13,95.0,64.4
BXK,2023-05-14,98.6,66.2
BXK,2023-05-15,100.4,71.6
BXK,2023-05-16,100.4,75.2
BXK,2023-05-17,98.6,73.4
BXK,2023-05-18,96.8,71.6
BXK,2023-05-19,91.4,68.0
BXK,2023-05-20,95.0,64.4
BXK,2023-05-21,96.8,66.2
BXK,2023-05-22,98.6,69.8
BXK,2023-05-23,98.6,66.2
BXK,2023-05-24,96.8,66.2
BXK,2023-05-25,96.8,64.4
BXK,2023-05-26,93.2,64.4
BXK,2023-05-27,93.2,62.6
BXK,2023-05-28,96.8,62.6
BXK,2023-05-29,95.0,62.6
BXK,2023-05-30,95.0,60.8
BXK,2023-05-31,86.0,60.8
BXK,2023-06-01,89.6,62.6
BXK,2023-06-02,93.2,62.6
BXK,2023-06-03,98.6,64.4
BXK,2023-06-04,100.4,69.8
BXK,2023-06-05,100.4,68.0
BXK,2023-06-06,95.0,64.4
BXK,2023-06-07,93.2,62.6
BXK,2023-06-08,93.2,60.8
BXK,2023-06-09,93.2,62.6
BXK,2023-06-10,96.8,62.6
BXK,2023-06-11,87.8,62.6
BXK,2023-06-12,89.6,64.4
BXK,2023-06-13,93.2,64.4
BXK,2023-06-14,96.8,66.2
BXK,2023-06-15,96.8,68.0
BXK,2023-06-16,98.6,68.0
BXK,2023-06-17,100.4,69.8
BXK,2023-06-18,102.2,71.6
BXK,2023-06-19,100.4,69.8
BXK,2023-06-20,98.6,73.4
BXK,2023-06-21,100.4,68.0
BXK,2023-06-22,100.4,69.8
BXK,2023-06-23,96.8,64.4
BXK,2023-06-24,100.4,62.6
BXK,2023-06-25,105.8,68.0
BXK,2023-06-26,107.6,71.6
BXK,2023-06-27,104.0,68.0
BXK,2023-06-28,102.2,69.8
BXK,2023-06-29,102.2,69.8
BXK,2023-06-30,107.6,69.8
BXK,2023-07-01,109.4,75.2
BXK,2023-07-02,111.2,77.0
BXK,2023-07-03,113.0,77.0
BXK,2023-07-04,109.4,80.6
BXK,2023-07-05,107.6,78.8
BXK,2023-07-06,109.4,75.2
BXK,2023-07-07,107.6,75.2
BXK,2023-07-08,107.6,73.4
BXK,2023-07-09,107.6,78.8
BXK,2023-07-10,105.8,82.4
BXK,2023-07-11,107.6,86.0
BXK,2023-07-12,107.6,86.0
BXK,2023-07-13,111.2,86.0
BXK,2023-07-14,113.0,86.0
BXK,2023-07-15,116.6,86.0
BXK,2023-07-16,111.2,87.8
BXK,2023-07-17,113.0,86.0
BXK,2023-07-18,114.8,86.0
BXK,2023-07-19,114.8,86.0
BXK,2023-07-20,116.6,84.2
BXK,2023-07-21,114.8,82.4
BXK,2023-07-22,113.0,91.4
BXK,2023-07-23,109.4,87.8
BXK,2023-07-24,113.0,87.8
BXK,2023-07-25,114.8,86.0
BXK,2023-07-26,114.8,89.6
BXK,2023-07-27,113.0,84.2
BXK,2023-07-28,111.2,87.8
BXK,2023-07-29,111.2,86.0
BXK,2023-07-30,109.4,84.2
BXK,2023-07-31,104.0,77.0
BXK,2023-08-01,105.8,84.2
BXK,2023-08-02,107.6,86.0
BXK,2023-08-03,109.4,82.4
BXK,2023-08-04,111.2,77.0
BXK,2023-08-05,111.2,80.6
BXK,2023-08-06,109.4,80.6
BXK,2023-08-07,107.6,86.0
BXK,2023-08-08,105.8,84.2
BXK,2023-08-09,105.8,86.0
BXK,2023-08-10,104.0,84.2
BXK,2023-08-11,105.8,80.6
BXK,2023-08-12,104.0,80.6
BXK,2023-08-13,104.0,80.6
BXK,2023-08-14,104.0,80.6
BXK,2023-08-15,107.6,86.0
BXK,2023-08-16,109.4,82.4
BXK,2023-08-17,111.2,86.0
BXK,2023-08-18,104.0,84.2
BXK,2023-08-19,89.6,78.8
BXK,2023-08-20,96.8,77.0
BXK,2023-08-21,87.8,73.4
BXK,2023-08-22,96.8,73.4
BXK,2023-08-23,105.8,75.2
BXK,2023-08-24,102.2,82.4
BXK,2023-08-25,109.4,80.6
BXK,2023-08-26,109.4,84.2
BXK,2023-08-27,109.4,84.2
BXK,2023-08-28,113.0,87.8
BXK,2023-08-29,113.0,80.6
BXK,2023-08-30,109.4,82.4
BXK,2023-08-31,105.8,75.2
BXK,2023-09-01,87.8,75.2
BXK,2023-09-02,93.2,75.2
BXK,2023-09-03,98.6,71.6
BXK,2023-09-04,98.6,77.0
BXK,2023-09-05,98.6,69.8
BXK,2023-09-06,102.2,68.0
BXK,2023-09-07,105.8,68.0
BXK,2023-09-08,107.6,78.8
BXK,2023-09-09,111.2,80.6
BXK,2023-09-10,109.4,82.4
BXK,2023-09-11,104.0,78.8
BXK,2023-09-12,100.4,80.6
BXK,2023-09-13,98.6,77.0
BXK,2023-09-14,98.6,77.0
BXK,2023-09-15,100.4,69.8
BXK,2023-09-16,102.2,69.8
BXK,2023-09-17,100.4,69.8
BXK,2023-09-18,96.8,69.8
BXK,2023-09-19,95.0,68.0
BXK,2023-09-20,96.8,64.4
BXK,2023-09-21,95.0,68.0
BXK,2023-09-22,93.2,68.0
BXK,2023-09-23,95.0,73.4
BXK,2023-09-24,96.8,66.2
BXK,2023-09-25,100.4,62.6
BXK,2023-09-26,102.2,66.2
BXK,2023-09-27,102.2,64.4
BXK,2023-09-28,100.4,64.4
BXK,2023-09-29,96.8,60.8
BXK,2023-09-30,93.2,64.4
BXK,2023-10-01,82.4,62.6
BXK,2023-10-02,82.4,59.0
BXK,2023-10-03,86.0,60.8
BXK,2023-10-04,91.4,59.0
BXK,2023-10-05,96.8,59.0
BXK,2023-10-06,102.2,62.6
BXK,2023-10-07,100.4,71.6
BXK,2023-10-08,98.6,75.2
BXK,2023-10-09,96.8,68.0
BXK,2023-10-10,95.0,66.2
BXK,2023-10-11,89.6,66.2
BXK,2023-10-12,87.8,59.0
BXK,2023-10-13,87.8,53.6
BXK,2023-10-14,89.6,59.0
BXK,2023-10-15,96.8,60.8
BXK,2023-10-16,98.6,64.4
BXK,2023-10-17,96.8,64.4
BXK,2023-10-18,96.8,59.0
BXK,2023-10-19,98.6,62.6
BXK,2023-10-20,100.4,62.6
BXK,2023-10-21,100.4,62.6
BXK,2023-10-22,93.2,60.8
BXK,2023-10-23,84.2,60.8
BXK,2023-10-24,82.4,59.0
BXK,2023-10-25,82.4,60.8
BXK,2023-10-26,82.4,57.2
BXK,2023-10-27,86.0,57.2
BXK,2023-10-28,82.4,59.0
BXK,2023-10-29,75.2,48.2
BXK,2023-10-30,78.8,46.4
BXK,2023-10-31,78.8,44.6
BXK,2023-11-01,80.6,57.2
BXK,2023-11-02,82.4,46.4
BXK,2023-11-03,82.4,44.6
BXK,2023-11-04,87.8,46.4
BXK,2023-11-05,87.8,50.0
BXK,2023-11-06,89.6,51.8
BXK,2023-11-07,86.0,51.8
BXK,2023-11-08,77.0,53.6
BXK,2023-11-09,77.0,46.4
BXK,2023-11-10,73.4,46.4
BXK,2023-11-11,78.8,44.6
BXK,2023-11-12,80.6,48.2
BXK,2023-11-13,84.2,53.6
BXK,2023-11-14,84.2,62.6
BXK,2023-11-15,80.6,59.0
BXK,2023-11-16,73.4,60.8
BXK,2023-11-17,78.8,59.0
BXK,2023-11-18,71.6,59.0
BXK,2023-11-19,71.6,51.8
BXK,2023-11-20,71.6,48.2
BXK,2023-11-21,77.0,51.8
BXK,2023-11-22,73.4,46.4
BXK,2023-11-23,69.8,46.4
BXK,2023-11-24,71.6,44.6
BXK,2023-11-25,68.0,46.4
BXK,2023-11-26,68.0,35.6
BXK,2023-11-27,73.4,50.0
BXK,2023-11-28,73.4,48.2
BXK,2023-11-29,69.8,44.6
BXK,2023-11-30,62.6,42.8
BXK,2023-12-01,62.6,46.4
BXK,2023-12-02,62.6,37.4
BXK,2023-12-03,64.4,37.4
BXK,2023-12-04,68.0,39.2
BXK,2023-12-05,77.0,42.8
BXK,2023-12-06,78.8,46.4
BXK,2023-12-07,73.4,42.8
BXK,2023-12-08,69.8,39.2
BXK,2023-12-09,66.2,41.0
BXK,2023-12-10,68.0,37.4
BXK,2023-12-11,68.0,39.2
BXK,2023-12-12,68.0,41.0
BXK,2023-12-13,66.2,32.0
BXK,2023-12-14,64.4,33.8
BXK,2023-12-15,71.6,35.6
BXK,2023-12-16,78.8,42.8
BXK,2023-12-17,75.2,39.2
BXK,2023-12-18,69.8,41.0
BXK,2023-12-19,73.4,51.8
BXK,2023-12-20,73.4,57.2
BXK,2023-12-21,75.2,48.2
BXK,2023-12-22,59.0,51.8
BXK,2023-12-23,57.2,46.4
BXK,2023-12-24,60.8,42.8
BXK,2023-12-25,60.8,39.2
BXK,2023-12-26,60.8,35.6
BXK,2023-12-27,60.8,33.8
BXK,2023-12-28,64.4,37.4
BXK,2023-12-29,69.8,35.6
BXK,2023-12-30,68.0,41.0
BXK,2023-12-31,60.8,42.8
BXK,2024-01-01,59.0,39.2
BXK,2024-01-02,62.6,44.6
BXK,2024-01-03,60.8,35.6
BXK,2024-01-04,59.0,35.6
BXK,2024-01-05,57.2,35.6
BXK,2024-01-06,59.0,33.8
BXK,2024-01-07,53.6,33.8
BXK,2024-01-08,53.6,32.0
BXK,2024-01-09,53.6,24.8
BXK,2024-01-10,57.2,28.4
BXK,2024-01-11,57.2,33.8
BXK,2024-01-12,55.4,26.6
BXK,2024-01-13,60.8,28.4
BXK,2024-01-14,64.4,33.8
BXK,2024-01-15,66.2,32.0
BXK,2024-01-16,66.2,35.6
BXK,2024-01-17,64.4,37.4
BXK,2024-01-18,71.6,37.4
BXK,2024-01-19,71.6,42.8
BXK,2024-01-20,66.2,44.6
BXK,2024-01-21,57.2,48.2
BXK,2024-01-22,60.8,48.2
BXK,2024-01-23,59.0,50.0
BXK,2024-01-24,60.8,50.0
BXK,2024-01-25,64.4,46.4
BXK,2024-01-26,66.2,42.8
BXK,2024-01-27,73.4,42.8
BXK,2024-01-28,75.2,44.6
BXK,2024-01-29,51.8,50.0
BXK,2024-01-30,77.0,46.4
BXK,2024-01-31,77.0,46.4
BXK,2024-02-01,75.2,53.6
BXK,2024-02-02,62.6,48.2
BXK,2024-02-03,62.6,41.0
BXK,2024-02-04,66.2,46.4
BXK,2024-02-05,71.6,42.8
BXK,2024-02-06,64.4,50.0
BXK,2024-02-07,59.0,46.4
BXK,2024-02-08,57.2,44.6
BXK,2024-02-09,57.2,35.6
BXK,2024-02-10,57.2,41.0
BXK,2024-02-11,59.0,35.6
BXK,2024-02-12,64.4,33.8
BXK,2024-02-13,64.4,37.4
BXK,2024-02-14,66.2,37.4
BXK,2024-02-15,69.8,39.2
BXK,2024-02-16,69.8,41.0
BXK,2024-02-17,71.6,44.6
BXK,2024-02-18,73.4,42.8
BXK,2024-02-19,75.2,42.8
BXK,2024-02-20,77.0,44.6
BXK,2024-02-21,71.6,50.0
BXK,2024-02-22,73.4,46.4
BXK,2024-02-23,77.0,48.2
BXK,2024-02-24,73.4,50.0
BXK,2024-02-25,77.0,51.8
BXK,2024-02-26,73.4,57.2
BXK,2024-02-27,73.4,50.0
BXK,2024-02-28,77.0,46.4
BXK,2024-02-29,73.4,46.4
BXK,2024-03-01,77.0,44.6
BXK,2024-03-02,73.4,46.4
BXK,2024-03-03,69.8,51.8
BXK,2024-03-04,69.8,48.2
BXK,2024-03-05,73.4,41.0
BXK,2024-03-06,71.6,48.2
BXK,2024-03-07,64.4,48.2
BXK,2024-03-08,68.0,51.8
BXK,2024-03-09,71.6,44.6
BXK,2024-03-10,77.0,46.4
BXK,2024-03-11,78.8,46.4
BXK,2024-03-12,75.2,46.4
BXK,2024-03-13,75.2,46.4
BXK,2024-03-14,68.0,46.4
BXK,2024-03-15,57.2,48.2
BXK,2024-03-16,62.6,41.0
BXK,2024-03-17,68.0,46.4
BXK,2024-03-18,73.4,42.8
BXK,2024-03-19,75.2,46.4
BXK,2024-03-20,78.8,46.4
BXK,2024-03-21,82.4,48.2
BXK,2024-03-22,82.4,50.0
BXK,2024-03-23,80.6,55.4
BXK,2024-03-24,66.2,50.0
BXK,2024-03-25,71.6,44.6
BXK,2024-03-26,71.6,50.0
BXK,2024-03-27,75.2,44.6
BXK,2024-03-28,78.8,46.4
BXK,2024-03-29,82.4,53.6
BXK,2024-03-30,80.6,53.6
BXK,2024-03-31,62.6,50.0
BXK,2024-04-01,62.6,50.0
BXK,2024-04-02,73.4,46.4
BXK,2024-04-03,80.6,50.0
BXK,2024-04-04,84.2,50.0
BXK,2024-04-05,66.2,51.8
BXK,2024-04-06,66.2,41.0
BXK,2024-04-07,73.4,37.4
BXK,2024-04-08,73.4,46.4
BXK,2024-04-09,82.4,53.6
BXK,2024-04-10,84.2,51.8
BXK,2024-04-11,89.6,50.0
BXK,2024-04-12,91.4,51.8
BXK,2024-04-13,86.0,57.2
BXK,2024-04-14,78.8,50.0
BXK,2024-04-15,77.0,50.0
BXK,2024-04-16,87.8,50.0
BXK,2024-04-17,89.6,53.6
BXK,2024-04-18,89.6,55.4
BXK,2024-04-19,91.4,53.6
BXK,2024-04-20,91.4,59.0
BXK,2024-04-21,95.0,57.2
BXK,2024-04-22,96.8,62.6
BXK,2024-04-23,93.2,62.6
BXK,2024-04-24,89.6,57.2
BXK,2024-04-25,82.4,59.0
BXK,2024-04-26,77.0,57.2
BXK,2024-04-27,82.4,55.4
BXK,2024-04-28,86.0,53.6
BXK,2024-04-29,91.4,55.4
BXK,2024-04-30,91.4,60.8
BXK,2024-05-01,89.6,59.0
BXK,2024-05-02,89.6,59.0
BXK,2024-05-03,82.4,60.8
BXK,2024-05-08,89.6,64.4
BXK,2024-05-09,86.0,51.8
BXK,2024-05-10,89.6,53.6
BXK,2024-05-11,91.4,59.0
BXK,2024-05-12,95.0,62.6
BXK,2024-05-13,98.6,64.4
BXK,2024-05-14,96.8,68.0
BXK,2024-05-15,95.0,64.4
BXK,2024-05-16,95.0,68.0
BXK,2024-05-17,98.6,66.2
BXK,2024-05-18,98.6,68.0
BXK,2024-05-19,96.8,64.4
BXK,2024-05-20,89.6,68.0
BXK,2024-05-21,91.4,60.8
BXK,2024-05-22,93.2,60.8
BXK,2024-05-23,93.2,62.6
BXK,2024-05-24,95.0,64.4
BXK,2024-05-25,87.8,66.2
BXK,2024-05-26,95.0,60.8
BXK,2024-05-27,98.6,60.8
BXK,2024-05-28,102.2,62.6
BXK,2024-05-29,98.6,68.0
BXK,2024-05-30,100.4,64.4
BXK,2024-05-31,102.2,66.2
BXK,2024-06-01,100.4,66.2
BXK,2024-06-02,100.4,68.0
BXK,2024-06-03,100.4,68.0
BXK,2024-06-04,100.4,69.8
BXK,2024-06-05,105.8,71.6
BXK,2024-06-06,109.4,75.2
BXK,2024-06-07,107.6,78.8
BXK,2024-06-08,107.6,77.0
BXK,2024-06-09,104.0,75.2
BXK,2024-06-10,104.0,69.8
BXK,2024-06-11,107.6,69.8
BXK,2024-06-12,107.6,73.4
BXK,2024-06-13,105.8,75.2
BXK,2024-06-14,104.0,69.8
BXK,2024-06-15,109.4,75.2
BXK,2024-06-16,107.6,75.2
BXK,2024-06-17,102.2,75.2
BXK,2024-06-18,100.4,71.6
BXK,2024-06-19,102.2,73.4
BXK,2024-06-20,109.4,69.8
BXK,2024-06-21,111.2,84.2
BXK,2024-06-22,105.8,89.6
BXK,2024-06-23,105.8,84.2
BXK,2024-06-24,109.4,86.0
BXK,2024-06-25,107.6,82.4
BXK,2024-06-26,109.4,77.0
BXK,2024-06-27,109.4,86.0
BXK,2024-06-28,107.6,84.2
BXK,2024-06-29,107.6,84.2
BXK,2024-06-30,107.6,87.8
BXK,2024-07-01,105.8,87.8
BXK,2024-07-02,113.0,84.2
BXK,2024-07-03,111.2,84.2
BXK,2024-07-04,111.2,82.4
BXK,2024-07-05,114.8,82.4
BXK,2024-07-06,113.0,84.2
BXK,2024-07-07,113.0,82.4
BXK,2024-07-08,114.8,82.4
BXK,2024-07-09,114.8,82.4
BXK,2024-07-10,113.0,84.2
BXK,2024-07-11,113.0,86.0
BXK,2024-07-12,111.2,84.2
BXK,2024-07-13,109.4,86.0
BXK,2024-07-14,105.8,84.2
BXK,2024-07-15,107.6,78.8
BXK,2024-07-16,109.4,84.2
BXK,2024-07-17,107.6,84.2
BXK,2024-07-18,107.6,84.2
BXK,2024-07-19,111.2,87.8
BXK,2024-07-20,111.2,84.2
BXK,2024-07-21,111.2,86.0
BXK,2024-07-22,107.6,84.2
BXK,2024-07-23,111.2,87.8
BXK,2024-07-24,113.0,86.0
BXK,2024-07-25,111.2,77.0
BXK,2024-07-26,107.6,78.8
BXK,2024-07-27,109.4,86.0
BXK,2024-07-28,107.6,80.6
BXK,2024-07-29,107.6,84.2
BXK,2024-07-30,105.8,84.2
BXK,2024-07-31,107.6,80.6
BXK,2024-08-01,104.0,82.4
BXK,2024-08-02,107.6,80.6
BXK,2024-08-03,111.2,89.6
BXK,2024-08-04,113.0,84.2
BXK,2024-08-05,109.4,80.6
BXK,2024-08-06,109.4,87.8
BXK,2024-08-07,102.2,80.6
BXK,2024-08-08,105.8,86.0
BXK,2024-08-09,104.0,82.4
BXK,2024-08-10,107.6,86.0
BXK,2024-08-11,102.2,82.4
BXK,2024-08-12,104.0,80.6
BXK,2024-08-13,105.8,82.4
BXK,2024-08-14,105.8,84.2
BXK,2024-08-15,107.6,80.6
BXK,2024-08-16,107.6,82.4
BXK,2024-08-17,109.4,86.0
BXK,2024-08-18,96.8,80.6
BXK,2024-08-19,107.6,77.0
BXK,2024-08-20,109.4,82.4
BXK,2024-08-21,102.2,84.2
BXK,2024-08-22,105.8,86.0
BXK,2024-08-23,105.8,82.4
BXK,2024-08-24,102.2,78.8
BXK,2024-08-25,104.0,78.8
BXK,2024-08-26,105.8,77.0
BXK,2024-08-27,107.6,77.0
BXK,2024-08-28,104.0,84.2
BXK,2024-08-29,105.8,77.0
BXK,2024-08-30,107.6,75.2
BXK,2024-08-31,105.8,77.0
BXK,2024-09-01,105.8,78.8
BXK,2024-09-02,104.0,87.8
BXK,2024-09-03,104.0,86.0
BXK,2024-09-04,107.6,80.6
BXK,2024-09-05,111.2,82.4
BXK,2024-09-06,107.6,86.0
BXK,2024-09-07,105.8,91.4
BXK,2024-09-08,105.8,86.0
BXK,2024-09-09,105.8,82.4
BXK,2024-09-10,107.6,73.4
BXK,2024-09-11,105.8,73.4
BXK,2024-09-12,104.0,77.0
BXK,2024-09-13,102.2,68.0
BXK,2024-09-14,100.4,75.2
BXK,2024-09-15,100.4,73.4
BXK,2024-09-16,98.6,71.6
BXK,2024-09-17,89.6,66.2
BXK,2024-09-18,91.4,59.0
BXK,2024-09-19,93.2,66.2
BXK,2024-09-20,91.4,66.2
BXK,2024-09-21,87.8,64.4
BXK,2024-09-22,96.8,66.2
BXK,2024-09-23,100.4,68.0
BXK,2024-09-24,104.0,64.4
BXK,2024-09-25,107.6,68.0
BXK,2024-09-26,105.8,73.4
BXK,2024-09-27,109.4,73.4
BXK,2024-09-28,113.0,77.0
BXK,2024-09-29,109.4,77.0
BXK,2024-09-30,80.6,78.8
BXK,2024-10-05,104.0,82.4
BXK,2024-10-06,105.8,73.4
BXK,2024-10-07,105.8,71.6
BXK,2024-10-08,104.0,68.0
BXK,2024-10-09,102.2,69.8
BXK,2024-10-10,102.2,69.8
BXK,2024-10-11,102.2,68.0
BXK,2024-10-12,102.2,69.8
BXK,2024-10-13,100.4,68.0
BXK,2024-10-14,96.8,64.4
BXK,2024-10-15,93.2,60.8
BXK,2024-10-16,93.2,59.0
BXK,2024-10-17,87.8,62.6
BXK,2024-10-18,75.2,53.6
BXK,2024-10-19,71.6,55.4
BXK,2024-10-20,78.8,50.0
BXK,2024-10-21,84.2,51.8
BXK,2024-10-22,91.4,53.6
BXK,2024-10-23,93.2,57.2
BXK,2024-10-24,91.4,53.6
BXK,2024-10-25,91.4,53.6
BXK,2024-10-26,93.2,55.4
BXK,2024-10-27,91.4,57.2
BXK,2024-10-28,91.4,53.6
BXK,2024-10-29,73.4,53.6
BXK,2024-10-30,73.4,46.4
BXK,2024-10-31,75.2,44.6
BXK,2024-11-01,78.8,46.4
BXK,2024-11-02,75.2,41.0
BXK,2024-11-03,73.4,50.0
BXK,2024-11-04,69.8,48.2
BXK,2024-11-05,71.6,39.2
BXK,2024-11-06,69.8,42.8
BXK,2024-11-07,66.2,41.0
BXK,2024-11-08,68.0,37.4
BXK,2024-11-09,71.6,37.4
BXK,2024-11-10,78.8,39.2
BXK,2024-11-11,78.8,42.8
BXK,2024-11-12,77.0,42.8
BXK,2024-11-13,75.2,46.4
BXK,2024-11-14,78.8,41.0
BXK,2024-11-15,68.0,41.0
BXK,2024-11-16,62.6,39.2
BXK,2024-11-17,69.8,41.0
BXK,2024-11-18,68.0,41.0
BXK,2024-11-19,68.0,41.0
BXK,2024-11-20,73.4,41.0
BXK,2024-11-21,78.8,37.4
BXK,2024-11-22,78.8,39.2
BXK,2024-11-23,75.2,37.4
BXK,2024-11-24,73.4,41.0
BXK,2024-11-25,73.4,46.4
BXK,2024-11-26,75.2,46.4
BXK,2024-11-27,75.2,53.6
BXK,2024-11-28,71.6,46.4
BXK,2024-11-29,73.4,42.8
BXK,2024-11-30,75.2,46.4
BXK,2024-12-01,75.2,42.8
BXK,2024-12-02,77.0,42.8
BXK,2024-12-03,77.0,46.4
BXK,2024-12-04,73.4,41.0
BXK,2024-12-05,75.2,44.6
BXK,2024-12-06,77.0,50.0
BXK,2024-12-07,73.4,46.4
BXK,2024-12-08,71.6,39.2
BXK,2024-12-09,71.6,39.2
BXK,2024-12-10,62.6,42.8
BXK,2024-12-11,68.0,35.6
BXK,2024-12-12,69.8,41.0
BXK,2024-12-13,64.4,39.2
BXK,2024-12-14,66.2,37.4
BXK,2024-12-15,69.8,35.6
BXK,2024-12-16,73.4,35.6
BXK,2024-12-17,69.8,35.6
BXK,2024-12-18,78.8,39.2
BXK,2024-12-19,77.0,42.8
BXK,2024-12-20,78.8,41.0
BXK,2024-12-21,75.2,37.4
BXK,2024-12-22,71.6,37.4
BXK,2024-12-23,73.4,44.6
BXK,2024-12-24,73.4,41.0
BXK,2024-12-25,69.8,41.0
BXK,2024-12-26,62.6,37.4
BXK,2024-12-27,66.2,37.4
BXK,2024-12-28,66.2,37.4
BXK,2024-12-29,71.6,39.2
BXK,2024-12-30,69.8,37.4
BXK,2024-12-31,69.8,37.4
BXK,2025-01-01,69.8,37.4
BXK,2025-01-02,73.4,37.4
BXK,2025-01-03,73.4,39.2
BXK,2025-01-04,71.6,37.4
BXK,2025-01-05,66.2,41.0
BXK,2025-01-06,66.2,37.4
BXK,2025-01-07,68.0,33.8
BXK,2025-01-08,66.2,44.6
BXK,2025-01-09,62.6,33.8
BXK,2025-01-10,62.6,39.2
BXK,2025-01-11,60.8,28.4
BXK,2025-01-12,60.8,35.6
BXK,2025-01-13,60.8,28.4
BXK,2025-01-14,64.4,33.8
BXK,2025-01-15,71.6,33.8
BXK,2025-01-16,71.6,39.2
BXK,2025-01-17,66.2,42.8
BXK,2025-01-18,64.4,32.0
BXK,2025-01-19,62.6,33.8
BXK,2025-01-20,64.4,32.0
BXK,2025-01-21,59.0,30.2
BXK,2025-01-22,60.8,28.4
BXK,2025-01-23,64.4,37.4
BXK,2025-01-24,66.2,39.2
BXK,2025-01-25,64.4,35.6
BXK,2025-01-26,66.2,33.8
BXK,2025-01-27,59.0,41.0
BXK,2025-01-28,59.0,35.6
BXK,2025-01-29,55.4,41.0
BXK,2025-01-30,60.8,32.0
BXK,2025-01-31,66.2,33.8
BXK,2025-02-01,69.8,39.2
BXK,2025-02-02,77.0,42.8
BXK,2025-02-03,80.6,44.6
BXK,2025-02-04,82.4,50.0
BXK,2025-02-05,77.0,44.6
BXK,2025-02-06,75.2,42.8
BXK,2025-02-07,73.4,46.4
BXK,2025-02-08,75.2,50.0
BXK,2025-02-09,71.6,48.2
BXK,2025-02-10,77.0,44.6
BXK,2025-02-11,66.2,41.0
BXK,2025-02-12,62.6,46.4
BXK,2025-02-13,66.2,46.4
BXK,2025-02-14,71.6,51.8
BXK,2025-02-15,71.6,39.2
BXK,2025-02-16,71.6,44.6
BXK,2025-02-17,73.4,42.8
BXK,2025-02-18,75.2,44.6
BXK,2025-02-19,75.2,42.8
BXK,2025-02-20,78.8,42.8
BXK,2025-02-21,75.2,46.4
BXK,2025-02-22,77.0,44.6
BXK,2025-02-23,78.8,44.6
BXK,2025-02-24,84.2,44.6
BXK,2025-02-25,86.0,46.4
BXK,2025-02-26,87.8,53.6
BXK,2025-02-27,80.6,59.0
BXK,2025-02-28,77.0,46.4
BXK,2025-03-01,78.8,46.4
BXK,2025-03-02,78.8,48.2
BXK,2025-03-03,64.4,44.6
BXK,2025-03-04,69.8,41.0
BXK,2025-03-05,71.6,42.8
BXK,2025-03-06,68.0,55.4
BXK,2025-03-07,55.4,46.4
BXK,2025-03-08,64.4,39.2
BXK,2025-03-09,73.4,41.0
BXK,2025-03-10,80.6,44.6
BXK,2025-03-11,73.4,51.8
BXK,2025-03-12,71.6,51.8
BXK,2025-03-13,66.2,46.4
BXK,2025-03-14,57.2,39.2
BXK,2025-03-15,66.2,41.0
BXK,2025-03-16,73.4,41.0
BXK,2025-03-17,80.6,50.0
BXK,2025-03-18,69.8,48.2
BXK,2025-03-19,71.6,46.4
BXK,2025-03-20,78.8,42.8
BXK,2025-03-21,80.6,51.8
BXK,2025-03-22,84.2,48.2
BXK,2025-03-23,86.0,51.8
BXK,2025-03-24,93.2,53.6
BXK,2025-03-25,95.0,59.0
BXK,2025-03-26,91.4,62.6
BXK,2025-03-27,89.6,59.0
BXK,2025-03-28,80.6,57.2
BXK,2025-03-29,78.8,55.4
BXK,2025-03-30,80.6,51.8
BXK,2025-03-31,80.6,57.2
BXK,2025-04-01,73.4,55.4
BXK,2025-04-02,62.6,48.2
BXK,2025-04-03,68.0,41.0
BXK,2025-04-04,71.6,46.4
BXK,2025-04-05,77.0,51.8
BXK,2025-04-06,78.8,50.0
BXK,2025-04-07,84.2,48.2
BXK,2025-04-08,89.6,51.8
BXK,2025-04-09,93.2,53.6
BXK,2025-04-10,96.8,55.4
BXK,2025-04-11,98.6,59.0
BXK,2025-04-12,95.0,62.6
BXK,2025-04-13,89.6,60.8
BXK,2025-04-14,89.6,64.4
BXK,2025-04-15,89.6,57.2
BXK,2025-04-16,89.6,57.2
BXK,2025-04-17,77.0,57.2
BXK,2025-04-18,75.2,51.8
BXK,2025-04-19,71.6,46.4
BXK,2025-04-20,82.4,46.4
BXK,2025-04-21,87.8,55.4
BXK,2025-04-22,89.6,59.0
BXK,2025-04-23,87.8,57.2
BXK,2025-04-24,87.8,57.2
BXK,2025-04-25,87.8,60.8
BXK,2025-04-26,78.8,55.4
BXK,2025-04-27,75.2,51.8
BXK,2025-04-28,78.8,48.2
BXK,2025-04-29,87.8,51.8
BXK,2025-04-30,87.8,51.8
BXK,2025-05-01,89.6,60.8
BXK,2025-05-02,91.4,62.6
BXK,2025-05-03,91.4,62.6
BXK,2025-05-04,78.8,59.0
BXK,2025-05-05,68.0,57.2
BXK,2025-05-06,75.2,59.0
BXK,2025-05-07,82.4,62.6
BXK,2025-05-08,89.6,60.8
BXK,2025-05-09,98.6,64.4
BXK,2025-05-10,100.4,78.8
BXK,2025-05-11,100.4,82.4
BXK,2025-05-12,96.8,73.4
BXK,2025-05-13,86.0,64.4
BXK,2025-05-14,82.4,55.4
BXK,2025-05-15,87.8,55.4
BXK,2025-05-16,91.4,57.2
BXK,2025-05-17,89.6,62.6
BXK,2025-05-18,86.0,59.0
BXK,2025-05-19,93.2,60.8
BXK,2025-05-20,96.8,62.6
BXK,2025-05-21,100.4,62.6
BXK,2025-05-22,102.2,68.0
BXK,2025-05-23,100.4,69.8
BXK,2025-05-24,96.8,69.8
BXK,2025-05-25,95.0,66.2
BXK,2025-05-26,96.8,64.4
BXK,2025-05-27,98.6,66.2
BXK,2025-05-28,100.4,66.2
BXK,2025-05-29,93.2,68.0
BXK,2025-05-30,102.2,62.6
BXK,2025-05-31,100.4,73.4
BXK,2025-06-01,84.2,68.0
BXK,2025-06-02,87.8,66.2
BXK,2025-06-03,95.0,71.6
BXK,2025-06-04,95.0,71.6
BXK,2025-06-05,98.6,71.6
BXK,2025-06-06,100.4,73.4
BXK,2025-06-07,102.2,68.0
BXK,2025-06-08,104.0,69.8
BXK,2025-06-09,107.6,75.2
BXK,2025-06-10,105.8,75.2
BXK,2025-06-11,107.6,75.2
BXK,2025-06-12,105.8,77.0
BXK,2025-06-13,104.0,71.6
BXK,2025-06-14,107.6,73.4
BXK,2025-06-15,113.0,73.4
BXK,2025-06-16,111.2,71.6
BXK,2025-06-17,107.6,77.0
BXK,2025-06-18,111.2,75.2
BXK,2025-06-19,113.0,73.4
BXK,2025-06-20,105.8,75.2
BXK,2025-06-21,102.2,75.2
BXK,2025-06-22,96.8,71.6
BXK,2025-06-23,100.4,71.6
BXK,2025-06-24,100.4,68.0
BXK,2025-06-25,100.4,66.2
BXK,2025-06-26,104.0,71.6
BXK,2025-06-27,105.8,73.4
BXK,2025-06-28,107.6,77.0
BXK,2025-06-29,111.2,75.2
BXK,2025-06-30,114.8,82.4
BXK,2025-07-01,109.4,89.6
BXK,2025-07-02,104.0,73.4
BXK,2025-07-03,98.6,77.0
BXK,2025-07-04,102.2,75.2
BXK,2025-07-05,104.0,78.8
BXK,2025-07-06,107.6,78.8
BXK,2025-07-07,107.6,84.2
BXK,2025-07-08,111.2,82.4
BXK,2025-07-09,114.8,84.2
BXK,2025-07-10,111.2,87.8
BXK,2025-07-11,107.6,84.2
BXK,2025-07-12,105.8,80.6
BXK,2025-07-13,105.8,80.6
BXK,2025-07-14,105.8,82.4
BXK,2025-07-15,105.8,82.4
BXK,2025-07-16,98.6,80.6
BXK,2025-07-17,98.6,75.2
BXK,2025-07-18,105.8,80.6
BXK,2025-07-19,105.8,82.4
BXK,2025-07-20,96.8,80.6
BXK,2025-07-21,102.2,80.6
BXK,2025-07-22,100.4,80.6
BXK,2025-07-23,102.2,75.2
BXK,2025-07-24,105.8,68.0
BXK,2025-07-25,107.6,71.6
BXK,2025-07-26,104.0,69.8
BXK,2025-07-27,107.6,73.4
BXK,2025-07-28,109.4,77.0
BXK,2025-07-29,107.6,80.6
BXK,2025-07-30,109.4,80.6
BXK,2025-07-31,107.6,77.0
BXK,2025-08-01,109.4,82.4
BXK,2025-08-02,111.2,82.4
BXK,2025-08-03,109.4,71.6
BXK,2025-08-04,109.4,78.8
BXK,2025-08-05,111.2,78.8
BXK,2025-08-06,114.8,84.2
BXK,2025-08-07,116.6,82.4
BXK,2025-08-08,111.2,84.2
BXK,2025-08-09,109.4,84.2
BXK,2025-08-10,105.8,86.0
BXK,2025-08-11,111.2,84.2
BXK,2025-08-12,109.4,84.2
BXK,2025-08-13,107.6,87.8
BXK,2025-08-14,107.6,86.0
BXK,2025-08-15,102.2,80.6
BXK,2025-08-16,102.2,77.0
BXK,2025-08-17,102.2,73.4
BXK,2025-08-18,105.8,78.8
BXK,2025-08-19,107.6,80.6
BXK,2025-08-20,111.2,82.4
BXK,2025-08-21,111.2,86.0
BXK,2025-08-22,111.2,87.8
BXK,2025-08-23,107.6,86.0
BXK,2025-08-24,109.4,86.0
BXK,2025-08-25,102.2,75.2
BXK,2025-08-26,96.8,77.0
BXK,2025-08-27,100.4,77.0
BXK,2025-08-28,102.2,80.6
BXK,2025-08-29,102.2,77.0
BXK,2025-08-30,104.0,75.2
BXK,2025-08-31,107.6,75.2
BXK,2025-09-01,104.0,86.0
BXK,2025-09-02,104.0,82.4
BXK,2025-09-03,102.2,75.2
BXK,2025-09-04,95.0,73.4
BXK,2025-09-05,96.8,77.0
BXK,2025-09-06,98.6,77.0
BXK,2025-09-07,100.4,80.6
BXK,2025-09-08,102.2,80.6
BXK,2025-09-09,104.0,78.8
BXK,2025-09-10,104.0,77.0
BXK,2025-09-11,98.6,73.4
BXK,2025-09-12,98.6,73.4
BXK,2025-09-13,95.0,69.8
BXK,2025-09-14,96.8,66.2
BXK,2025-09-15,100.4,68.0
BXK,2025-09-16,104.0,75.2
BXK,2025-09-17,98.6,78.8
BXK,2025-09-18,96.8,80.6
BXK,2025-09-19,96.8,75.2
BXK,2025-09-20,100.4,75.2
BXK,2025-09-21,98.6,77.0
BXK,2025-09-22,91.4,73.4
BXK,2025-09-23,100.4,73.4
BXK,2025-09-24,104.0,73.4
BXK,2025-09-25,105.8,73.4
BXK,2025-09-26,91.4,73.4
BXK,2025-09-27,87.8,68.0
BXK,2025-09-28,87.8,66.2
BXK,2025-09-29,89.6,66.2
BXK,2025-09-30,95.0,66.2
BXK,2025-10-01,95.0,68.0
BXK,2025-10-02,98.6,66.2
BXK,2025-10-03,98.6,68.0
BXK,2025-10-04,86.0,60.8
BXK,2025-10-05,86.0,57.2
BXK,2025-10-06,91.4,57.2
BXK,2025-10-07,95.0,59.0
BXK,2025-10-08,98.6,60.8
BXK,2025-10-09,91.4,71.6
BXK,2025-10-10,91.4,73.4
BXK,2025-10-11,80.6,68.0
BXK,2025-10-12,78.8,69.8
BXK,2025-10-13,86.0,69.8
BXK,2025-10-14,82.4,64.4
BXK,2025-10-15,78.8,59.0
BXK,2025-10-16,78.8,55.4
BXK,2025-10-17,80.6,53.6
BXK,2025-10-18,82.4,55.4
BXK,2025-10-19,86.0,55.4
BXK,2025-10-20,86.0,55.4
BXK,2025-10-21,89.6,55.4
BXK,2025-10-22,87.8,64.4
BXK,2025-10-23,82.4,55.4
BXK,2025-10-24,84.2,59.0
BXK,2025-10-25,84.2,55.4
BXK,2025-10-26,87.8,55.4
BXK,2025-10-27,86.0,55.4
BXK,2025-10-28,93.2,59.0
BXK,2025-10-29,89.6,57.2
BXK,2025-10-30,86.0,53.6
BXK,2025-10-31,86.0,53.6
BXK,2025-11-01,86.0,50.0
BXK,2025-11-02,86.0,51.8
BXK,2025-11-03,86.0,55.4
BXK,2025-11-04,87.8,51.8
BXK,2025-11-05,86.0,51.8
BXK,2025-11-06,84.2,51.8
BXK,2025-11-07,82.4,53.6
BXK,2025-11-08,82.4,51.8
BXK,2025-11-09,87.8,53.6
BXK,2025-11-10,87.8,60.8
BXK,2025-11-11,84.2,53.6
BXK,2025-11-12,82.4,51.8
BXK,2025-11-13,84.2,55.4
BXK,2025-11-14,84.2,51.8
BXK,2025-11-15,77.0,51.8
BXK,2025-11-16,73.4,55.4
BXK,2025-11-17,73.4,46.4
BXK,2025-11-18,68.0,59.0
BXK,2025-11-19,64.4,53.6
BXK,2025-11-20,64.4,51.8
BXK,2025-11-21,64.4,53.6
BXK,2025-11-22,68.0,51.8
BXK,2025-11-23,64.4,53.6
BXK,2025-11-24,68.0,48.2
BXK,2025-11-25,69.8,46.4
BXK,2025-11-26,75.2,46.4
BXK,2025-11-27,75.2,48.2
BXK,2025-11-28,71.6,44.6
BXK,2025-11-29,69.8,44.6
BXK,2025-11-30,69.8,42.8
BXK,2025-12-01,69.8,48.2
BXK,2025-12-02,68.0,41.0
BXK,2025-12-03,66.2,39.2
BXK,2025-12-04,64.4,41.0
BXK,2025-12-05,64.4,39.2
BXK,2025-12-06,64.4,37.4
BXK,2025-12-07,69.8,39.2
BXK,2025-12-08,71.6,39.2
BXK,2025-12-09,73.4,42.8
BXK,2025-12-10,75.2,41.0
BXK,2025-12-11,78.8,44.6
BXK,2025-12-12,75.2,44.6
BXK,2025-12-13,75.2,46.4
BXK,2025-12-14,80.6,44.6
BXK,2025-12-15,78.8,46.4
BXK,2025-12-16,73.4,44.6
BXK,2025-12-17,73.4,42.8
BXK,2025-12-18,73.4,42.8
BXK,2025-12-19,75.2,44.6
BXK,2025-12-20,73.4,44.6
BXK,2025-12-21,77.0,42.8
BXK,2025-12-22,78.8,44.6
BXK,2025-12-23,71.6,50.0
BXK,2025-12-24,68.0,62.6
BXK,2025-12-25,73.4,59.0
BXK,2025-12-26,69.8,53.6
BXK,2025-12-27,68.0,50.0
BXK,2025-12-28,66.2,42.8
BXK,2025-12-29,75.2,41.0
BXK,2025-12-30,75.2,48.2
BXK,2025-12-31,68.0,50.0
GEU,2016-01-01,64.4,32.0
GEU,2016-01-02,69.8,37.4
GEU,2016-01-03,69.8,41.0
GEU,2016-01-04,60.8,53.6
GEU,2016-01-05,57.2,51.8
GEU,2016-01-06,59.0,48.2
GEU,2016-01-07,53.6,50.0
GEU,2016-01-08,57.2,42.8
GEU,2016-01-09,57.2,39.2
GEU,2016-01-10,55.4,42.8
GEU,2016-01-11,60.8,37.4
GEU,2016-01-12,62.6,35.6
GEU,2016-01-13,64.4,37.4
GEU,2016-01-14,62.6,37.4
GEU,2016-01-15,59.0,41.0
GEU,2016-01-16,60.8,37.4
GEU,2016-01-17,66.2,39.2
GEU,2016-01-18,64.4,42.8
GEU,2016-01-19,68.0,39.2
GEU,2016-01-20,69.8,44.6
GEU,2016-01-21,69.8,42.8
GEU,2016-01-22,73.4,42.8
GEU,2016-01-23,71.6,44.6
GEU,2016-01-24,64.4,42.8
GEU,2016-01-25,66.2,42.8
GEU,2016-01-26,66.2,44.6
GEU,2016-01-27,69.8,42.8
GEU,2016-01-28,69.8,42.8
GEU,2016-01-29,69.8,42.8
GEU,2016-01-30,71.6,42.8
GEU,2016-01-31,75.2,46.4
GEU,2016-02-01,53.6,44.6
GEU,2016-02-02,55.4,37.4
GEU,2016-02-03,55.4,32.0
GEU,2016-02-04,62.6,33.8
GEU,2016-02-05,69.8,42.8
GEU,2016-02-06,73.4,37.4
GEU,2016-02-07,78.8,44.6
GEU,2016-02-08,82.4,50.0
GEU,2016-02-09,84.2,51.8
GEU,2016-02-10,82.4,46.4
GEU,2016-02-11,82.4,50.0
GEU,2016-02-12,82.4,48.2
GEU,2016-02-13,82.4,48.2
GEU,2016-02-14,80.6,46.4
GEU,2016-02-15,84.2,48.2
GEU,2016-02-16,84.2,50.0
GEU,2016-02-17,87.8,51.8
GEU,2016-02-18,80.6,55.4
GEU,2016-02-19,80.6,55.4
GEU,2016-02-20,84.2,48.2
GEU,2016-02-21,84.2,50.0
GEU,2016-02-22,84.2,42.8
GEU,2016-02-23,73.4,57.2
GEU,2016-02-24,75.2,55.4
GEU,2016-02-25,80.6,48.2
GEU,2016-02-26,84.2,53.6
GEU,2016-02-27,84.2,51.8
GEU,2016-02-28,82.4,51.8
GEU,2016-02-29,84.2,53.6
GEU,2016-03-01,86.0,51.8
GEU,2016-03-02,87.8,53.6
GEU,2016-03-03,86.0,57.2
GEU,2016-03-04,87.8,53.6
GEU,2016-03-05,80.6,51.8
GEU,2016-03-06,78.8,60.8
GEU,2016-03-07,68.0,48.2
GEU,2016-03-08,73.4,48.2
GEU,2016-03-09,78.8,50.0
GEU,2016-03-10,86.0,51.8
GEU,2016-03-11,82.4,53.6
GEU,2016-03-12,71.6,51.8
GEU,2016-03-13,75.2,48.2
GEU,2016-03-14,78.8,55.4
GEU,2016-03-15,84.2,53.6
GEU,2016-03-16,87.8,53.6
GEU,2016-03-17,87.8,53.6
GEU,2016-03-18,89.6,51.8
GEU,2016-03-19,89.6,57.2
GEU,2016-03-20,89.6,55.4
GEU,2016-03-21,91.4,60.8
GEU,2016-03-22,80.6,64.4
GEU,2016-03-23,75.2,57.2
GEU,2016-03-24,80.6,46.4
GEU,2016-03-25,86.0,51.8
GEU,2016-03-26,86.0,53.6
GEU,2016-03-27,84.2,51.8
GEU,2016-03-28,82.4,60.8
GEU,2016-03-29,68.0,57.2
GEU,2016-03-30,68.0,50.0
GEU,2016-03-31,73.4,50.0
GEU,2016-04-01,78.8,51.8
GEU,2016-04-02,82.4,55.4
GEU,2016-04-03,87.8,55.4
GEU,2016-04-04,91.4,55.4
GEU,2016-04-05,91.4,57.2
GEU,2016-04-06,96.8,62.6
GEU,2016-04-07,89.6,71.6
GEU,2016-04-08,78.8,60.8
GEU,2016-04-09,80.6,60.8
GEU,2016-04-10,69.8,57.2
GEU,2016-04-11,75.2,55.4
GEU,2016-04-12,82.4,59.0
GEU,2016-04-13,86.0,60.8
GEU,2016-04-14,89.6,62.6
GEU,2016-04-15,84.2,64.4
GEU,2016-04-16,82.4,60.8
GEU,2016-04-17,82.4,60.8
GEU,2016-04-18,87.8,60.8
GEU,2016-04-19,91.4,60.8
GEU,2016-04-20,93.2,59.0
GEU,2016-04-21,96.8,62.6
GEU,2016-04-22,96.8,64.4
GEU,2016-04-23,87.8,71.6
GEU,2016-04-24,87.8,62.6
GEU,2016-04-25,80.6,68.0
GEU,2016-04-26,78.8,57.2
GEU,2016-04-27,82.4,55.4
GEU,2016-04-28,75.2,60.8
GEU,2016-04-29,80.6,62.6
GEU,2016-04-30,78.8,64.4
GEU,2016-05-01,78.8,59.0
GEU,2016-05-02,86.0,64.4
GEU,2016-05-03,93.2,69.8
GEU,2016-05-04,100.4,66.2
GEU,2016-05-05,96.8,66.2
GEU,2016-05-06,77.0,62.6
GEU,2016-05-07,78.8,59.0
GEU,2016-05-08,80.6,60.8
GEU,2016-05-09,84.2,60.8
GEU,2016-05-10,91.4,62.6
GEU,2016-05-11,93.2,66.2
GEU,2016-05-12,100.4,66.2
GEU,2016-05-13,102.2,69.8
GEU,2016-05-14,100.4,77.0
GEU,2016-05-15,91.4,71.6
GEU,2016-05-16,89.6,68.0
GEU,2016-05-17,89.6,68.0
GEU,2016-05-18,86.0,68.0
GEU,2016-05-19,93.2,66.2
GEU,2016-05-20,98.6,71.6
GEU,2016-05-21,91.4,73.4
GEU,2016-05-22,87.8,69.8
GEU,2016-05-23,89.6,66.2
GEU,2016-05-24,87.8,69.8
GEU,2016-05-25,91.4,62.6
GEU,2016-05-26,86.0,64.4
GEU,2016-05-27,91.4,66.2
GEU,2016-05-28,96.8,69.8
GEU,2016-05-29,96.8,73.4
GEU,2016-05-30,91.4,66.2
GEU,2016-05-31,98.6,64.4
GEU,2016-06-01,102.2,73.4
GEU,2016-06-02,107.6,75.2
GEU,2016-06-03,113.0,78.8
GEU,2016-06-04,114.8,82.4
GEU,2016-06-05,114.8,86.0
GEU,2016-06-06,109.4,82.4
GEU,2016-06-07,105.8,77.0
GEU,2016-06-08,107.6,82.4
GEU,2016-06-09,105.8,80.6
GEU,2016-06-10,98.6,82.4
GEU,2016-06-11,102.2,82.4
GEU,2016-06-12,100.4,75.2
GEU,2016-06-13,98.6,75.2
GEU,2016-06-14,98.6,71.6
GEU,2016-06-15,100.4,73.4
GEU,2016-06-16,102.2,77.0
GEU,2016-06-17,105.8,75.2
GEU,2016-06-18,109.4,82.4
GEU,2016-06-19,120.2,87.8
GEU,2016-06-20,116.6,91.4
GEU,2016-06-21,111.2,89.6
GEU,2016-06-22,111.2,87.8
GEU,2016-06-23,111.2,86.0
GEU,2016-06-24,109.4,82.4
GEU,2016-06-25,109.4,89.6
GEU,2016-06-26,107.6,89.6
GEU,2016-06-27,109.4,89.6
GEU,2016-06-28,111.2,89.6
GEU,2016-06-29,107.6,89.6
GEU,2016-06-30,96.8,82.4
GEU,2016-07-01,98.6,82.4
GEU,2016-07-02,104.0,84.2
GEU,2016-07-03,107.6,87.8
GEU,2016-07-04,109.4,87.8
GEU,2016-07-05,109.4,86.0
GEU,2016-07-06,107.6,86.0
GEU,2016-07-07,105.8,82.4
GEU,2016-07-08,107.6,82.4
GEU,2016-07-09,109.4,89.6
GEU,2016-07-10,111.2,89.6
GEU,2016-07-11,107.6,89.6
GEU,2016-07-12,109.4,82.4
GEU,2016-07-13,107.6,82.4
GEU,2016-07-14,111.2,89.6
GEU,2016-07-15,111.2,91.4
GEU,2016-07-16,109.4,91.4
GEU,2016-07-17,105.8,91.4
GEU,2016-07-18,105.8,86.0
GEU,2016-07-19,107.6,86.0
GEU,2016-07-20,107.6,87.8
GEU,2016-07-21,111.2,87.8
GEU,2016-07-22,114.8,91.4
GEU,2016-07-23,111.2,93.2
GEU,2016-07-24,107.6,91.4
GEU,2016-07-25,107.6,89.6
GEU,2016-07-26,111.2,89.6
GEU,2016-07-27,114.8,89.6
GEU,2016-07-28,111.2,91.4
GEU,2016-07-29,113.0,91.4
GEU,2016-07-30,102.2,86.0
GEU,2016-07-31,102.2,87.8
GEU,2016-08-01,100.4,82.4
GEU,2016-08-02,100.4,78.8
GEU,2016-08-03,100.4,80.6
GEU,2016-08-04,102.2,84.2
GEU,2016-08-05,98.6,78.8
GEU,2016-08-06,107.6,84.2
GEU,2016-08-07,109.4,89.6
GEU,2016-08-08,111.2,87.8
GEU,2016-08-09,96.8,80.6
GEU,2016-08-10,100.4,84.2
GEU,2016-08-11,98.6,82.4
GEU,2016-08-12,104.0,86.0
GEU,2016-08-13,109.4,89.6
GEU,2016-08-14,105.8,87.8
GEU,2016-08-15,109.4,87.8
GEU,2016-08-16,111.2,84.2
GEU,2016-08-17,109.4,91.4
GEU,2016-08-18,104.0,84.2
GEU,2016-08-19,104.0,75.2
GEU,2016-08-20,98.6,82.4
GEU,2016-08-21,100.4,80.6
GEU,2016-08-22,98.6,82.4
GEU,2016-08-23,96.8,73.4
GEU,2016-08-24,102.2,78.8
GEU,2016-08-25,102.2,78.8
GEU,2016-08-26,98.6,78.8
GEU,2016-08-27,98.6,78.8
GEU,2016-08-28,100.4,75.2
GEU,2016-08-29,105.8,78.8
GEU,2016-08-30,107.6,82.4
GEU,2016-08-31,105.8,82.4
GEU,2016-09-01,102.2,87.8
GEU,2016-09-02,102.2,84.2
GEU,2016-09-03,105.8,82.4
GEU,2016-09-04,100.4,73.4
GEU,2016-09-05,100.4,71.6
GEU,2016-09-06,98.6,75.2
GEU,2016-09-07,89.6,75.2
GEU,2016-09-08,95.0,75.2
GEU,2016-09-09,102.2,78.8
GEU,2016-09-10,104.0,80.6
GEU,2016-09-11,102.2,78.8
GEU,2016-09-12,98.6,82.4
GEU,2016-09-13,96.8,78.8
GEU,2016-09-14,96.8,73.4
GEU,2016-09-15,96.8,69.8
GEU,2016-09-16,96.8,64.4
GEU,2016-09-17,100.4,68.0
GEU,2016-09-18,104.0,69.8
GEU,2016-09-19,100.4,71.6
GEU,2016-09-20,87.8,80.6
GEU,2016-09-21,98.6,78.8
GEU,2016-09-22,84.2,73.4
GEU,2016-09-23,87.8,64.4
GEU,2016-09-24,89.6,60.8
GEU,2016-09-25,96.8,75.2
GEU,2016-09-26,91.4,78.8
GEU,2016-09-27,87.8,71.6
GEU,2016-09-28,96.8,73.4
GEU,2016-09-29,93.2,78.8
GEU,2016-09-30,95.0,73.4
GEU,2016-10-01,96.8,71.6
GEU,2016-10-02,82.4,64.4
GEU,2016-10-03,84.2,62.6
GEU,2016-10-04,84.2,57.2
GEU,2016-10-05,89.6,60.8
GEU,2016-10-06,89.6,62.6
GEU,2016-10-07,95.0,60.8
GEU,2016-10-08,96.8,71.6
GEU,2016-10-09,96.8,69.8
GEU,2016-10-10,95.0,69.8
GEU,2016-10-11,95.0,66.2
GEU,2016-10-12,91.4,62.6
GEU,2016-10-13,93.2,60.8
GEU,2016-10-14,95.0,60.8
GEU,2016-10-15,93.2,62.6
GEU,2016-10-16,91.4,62.6
GEU,2016-10-17,89.6,64.4
GEU,2016-10-18,89.6,64.4
GEU,2016-10-19,91.4,62.6
GEU,2016-10-20,96.8,71.6
GEU,2016-10-21,96.8,66.2
GEU,2016-10-22,96.8,69.8
GEU,2016-10-23,96.8,66.2
GEU,2016-10-24,89.6,69.8
GEU,2016-10-25,91.4,68.0
GEU,2016-10-26,95.0,64.4
GEU,2016-10-27,98.6,69.8
GEU,2016-10-28,93.2,73.4
GEU,2016-10-29,93.2,66.2
GEU,2016-10-30,91.4,69.8
GEU,2016-10-31,82.4,64.4
GEU,2016-11-01,80.6,62.6
GEU,2016-11-02,84.2,55.4
GEU,2016-11-03,82.4,64.4
GEU,2016-11-04,80.6,59.0
GEU,2016-11-05,82.4,60.8
GEU,2016-11-06,82.4,59.0
GEU,2016-11-07,86.0,59.0
GEU,2016-11-08,89.6,60.8
GEU,2016-11-09,84.2,64.4
GEU,2016-11-10,80.6,57.2
GEU,2016-11-11,82.4,59.0
GEU,2016-11-12,82.4,57.2
GEU,2016-11-13,84.2,57.2
GEU,2016-11-14,86.0,55.4
GEU,2016-11-15,84.2,53.6
GEU,2016-11-16,75.2,55.4
GEU,2016-11-17,71.6,60.8
GEU,2016-11-18,75.2,44.6
GEU,2016-11-19,82.4,51.8
GEU,2016-11-20,73.4,60.8
GEU,2016-11-21,69.8,60.8
GEU,2016-11-22,69.8,48.2
GEU,2016-11-23,73.4,50.0
GEU,2016-11-24,77.0,51.8
GEU,2016-11-25,80.6,48.2
GEU,2016-11-26,69.8,53.6
GEU,2016-11-27,62.6,48.2
GEU,2016-11-28,55.4,44.6
GEU,2016-11-29,60.8,42.8
GEU,2016-11-30,62.6,37.4
GEU,2016-12-01,60.8,39.2
GEU,2016-12-02,60.8,42.8
GEU,2016-12-03,69.8,51.8
GEU,2016-12-04,69.8,41.0
GEU,2016-12-05,66.2,39.2
GEU,2016-12-06,64.4,44.6
GEU,2016-12-07,66.2,44.6
GEU,2016-12-08,66.2,42.8
GEU,2016-12-09,69.8,44.6
GEU,2016-12-10,69.8,44.6
GEU,2016-12-11,71.6,48.2
GEU,2016-12-12,73.4,48.2
GEU,2016-12-13,75.2,51.8
GEU,2016-12-14,75.2,48.2
GEU,2016-12-15,73.4,50.0
GEU,2016-12-16,73.4,57.2
GEU,2016-12-17,59.0,48.2
GEU,2016-12-18,62.6,35.6
GEU,2016-12-19,71.6,51.8
GEU,2016-12-20,71.6,48.2
GEU,2016-12-21,69.8,59.0
GEU,2016-12-22,62.6,57.2
GEU,2016-12-23,62.6,55.4
GEU,2016-12-24,57.2,46.4
GEU,2016-12-25,53.6,41.0
GEU,2016-12-26,60.8,35.6
GEU,2016-12-27,69.8,39.2
GEU,2016-12-28,62.6,44.6
GEU,2016-12-29,77.0,48.2
GEU,2016-12-30,71.6,48.2
GEU,2016-12-31,62.6,53.6
GEU,2017-01-01,55.4,51.8
GEU,2017-01-02,57.2,48.2
GEU,2017-01-03,60.8,42.8
GEU,2017-01-04,64.4,44.6
GEU,2017-01-05,66.2,44.6
GEU,2017-01-06,64.4,51.8
GEU,2017-01-07,66.2,41.0
GEU,2017-01-08,73.4,44.6
GEU,2017-01-09,64.4,51.8
GEU,2017-01-10,68.0,48.2
GEU,2017-01-11,64.4,48.2
GEU,2017-01-12,66.2,44.6
GEU,2017-01-13,64.4,55.4
GEU,2017-01-14,64.4,53.6
GEU,2017-01-15,59.0,51.8
GEU,2017-01-16,60.8,48.2
GEU,2017-01-17,64.4,42.8
GEU,2017-01-18,64.4,44.6
GEU,2017-01-19,57.2,44.6
GEU,2017-01-20,53.6,44.6
GEU,2017-01-21,59.0,48.2
GEU,2017-01-22,60.8,44.6
GEU,2017-01-23,57.2,50.0
GEU,2017-01-24,55.4,42.8
GEU,2017-01-25,55.4,35.6
GEU,2017-01-26,57.2,37.4
GEU,2017-01-27,57.2,44.6
GEU,2017-01-28,64.4,35.6
GEU,2017-01-29,73.4,37.4
GEU,2017-01-30,77.0,42.8
GEU,2017-01-31,71.6,41.0
GEU,2017-02-01,73.4,42.8
GEU,2017-02-02,71.6,44.6
GEU,2017-02-03,71.6,46.4
GEU,2017-02-04,73.4,42.8
GEU,2017-02-05,75.2,46.4
GEU,2017-02-06,66.2,51.8
GEU,2017-02-07,71.6,48.2
GEU,2017-02-08,75.2,51.8
GEU,2017-02-09,80.6,53.6
GEU,2017-02-10,80.6,53.6
GEU,2017-02-11,75.2,59.0
GEU,2017-02-12,73.4,60.8
GEU,2017-02-13,73.4,55.4
GEU,2017-02-14,73.4,53.6
GEU,2017-02-15,73.4,55.4
GEU,2017-02-16,73.4,46.4
GEU,2017-02-17,75.2,53.6
GEU,2017-02-18,62.6,55.4
GEU,2017-02-19,60.8,50.0
GEU,2017-02-20,68.0,48.2
GEU,2017-02-21,75.2,51.8
GEU,2017-02-22,75.2,55.4
GEU,2017-02-23,62.6,46.4
GEU,2017-02-24,62.6,41.0
GEU,2017-02-25,64.4,39.2
GEU,2017-02-26,66.2,51.8
GEU,2017-02-27,60.8,46.4
GEU,2017-02-28,64.4,53.6
GEU,2017-03-01,69.8,44.6
GEU,2017-03-02,77.0,46.4
GEU,2017-03-03,77.0,48.2
GEU,2017-03-04,75.2,48.2
GEU,2017-03-05,73.4,55.4
GEU,2017-03-06,64.4,48.2
GEU,2017-03-07,73.4,42.8
GEU,2017-03-08,82.4,46.4
GEU,2017-03-09,84.2,50.0
GEU,2017-03-10,87.8,53.6
GEU,2017-03-11,87.8,55.4
GEU,2017-03-12,87.8,57.2
GEU,2017-03-13,89.6,57.2
GEU,2017-03-14,91.4,59.0
GEU,2017-03-15,89.6,57.2
GEU,2017-03-16,91.4,57.2
GEU,2017-03-17,91.4,60.8
GEU,2017-03-18,93.2,57.2
GEU,2017-03-19,95.0,60.8
GEU,2017-03-20,93.2,64.4
GEU,2017-03-21,91.4,62.6
GEU,2017-03-22,80.6,64.4
GEU,2017-03-23,73.4,55.4
GEU,2017-03-24,78.8,51.8
GEU,2017-03-25,82.4,55.4
GEU,2017-03-26,80.6,51.8
GEU,2017-03-27,80.6,55.4
GEU,2017-03-28,80.6,57.2
GEU,2017-03-29,84.2,60.8
GEU,2017-03-30,89.6,53.6
GEU,2017-03-31,66.2,55.4
GEU,2017-04-01,73.4,50.0
GEU,2017-04-02,87.8,46.4
GEU,2017-04-03,84.2,57.2
GEU,2017-04-04,80.6,55.4
GEU,2017-04-05,82.4,55.4
GEU,2017-04-06,89.6,55.4
GEU,2017-04-07,89.6,60.8
GEU,2017-04-08,87.8,57.2
GEU,2017-04-09,78.8,59.0
GEU,2017-04-10,84.2,35.6
GEU,2017-04-11,87.8,55.4
GEU,2017-04-12,91.4,55.4
GEU,2017-04-13,93.2,60.8
GEU,2017-04-14,87.8,62.6
GEU,2017-04-15,87.8,59.0
GEU,2017-04-16,91.4,60.8
GEU,2017-04-17,91.4,60.8
GEU,2017-04-18,93.2,60.8
GEU,2017-04-19,89.6,64.4
GEU,2017-04-20,93.2,64.4
GEU,2017-04-21,96.8,62.6
GEU,2017-04-22,96.8,66.2
GEU,2017-04-23,98.6,66.2
GEU,2017-04-24,91.4,66.2
GEU,2017-04-25,89.6,68.0
GEU,2017-04-26,89.6,64.4
GEU,2017-04-27,89.6,66.2
GEU,2017-04-28,87.8,71.6
GEU,2017-04-29,82.4,57.2
GEU,2017-04-30,87.8,62.6
GEU,2017-05-01,93.2,57.2
GEU,2017-05-02,96.8,64.4
GEU,2017-05-03,100.4,71.6
GEU,2017-05-04,104.0,68.0
GEU,2017-05-05,111.2,73.4
GEU,2017-05-06,96.8,77.0
GEU,2017-05-07,73.4,62.6
GEU,2017-05-08,80.6,59.0
GEU,2017-05-09,73.4,57.2
GEU,2017-05-10,78.8,60.8
GEU,2017-05-11,91.4,62.6
GEU,2017-05-12,96.8,69.8
GEU,2017-05-13,98.6,37.4
GEU,2017-05-14,91.4,71.6
GEU,2017-05-15,84.2,62.6
GEU,2017-05-16,78.8,57.2
GEU,2017-05-17,86.0,60.8
GEU,2017-05-18,87.8,66.2
GEU,2017-05-19,87.8,64.4
GEU,2017-05-20,95.0,69.8
GEU,2017-05-21,100.4,73.4
GEU,2017-05-22,104.0,75.2
GEU,2017-05-23,105.8,73.4
GEU,2017-05-24,107.6,73.4
GEU,2017-05-25,100.4,75.2
GEU,2017-05-26,93.2,71.6
GEU,2017-05-27,96.8,73.4
GEU,2017-05-28,100.4,73.4
GEU,2017-05-29,102.2,71.6
GEU,2017-05-30,102.2,71.6
GEU,2017-05-31,100.4,75.2
GEU,2017-06-01,96.8,77.0
GEU,2017-06-02,102.2,71.6
GEU,2017-06-03,107.6,82.4
GEU,2017-06-04,107.6,84.2
GEU,2017-06-05,107.6,82.4
GEU,2017-06-06,105.8,80.6
GEU,2017-06-08,105.8,75.2
GEU,2017-06-09,105.8,75.2
GEU,2017-06-10,100.4,80.6
GEU,2017-06-11,98.6,78.8
GEU,2017-06-12,91.4,71.6
GEU,2017-06-13,96.8,66.2
GEU,2017-06-14,102.2,68.0
GEU,2017-06-15,107.6,66.2
GEU,2017-06-16,109.4,69.8
GEU,2017-06-17,109.4,82.4
GEU,2017-06-18,114.8,82.4
GEU,2017-06-19,118.4,86.0
GEU,2017-06-20,120.2,84.2
GEU,2017-06-21,118.4,87.8
GEU,2017-06-22,113.0,91.4
GEU,2017-06-23,111.2,87.8
GEU,2017-06-24,116.6,96.8
GEU,2017-06-25,116.6,95.0
GEU,2017-06-26,113.0,91.4
GEU,2017-06-27,109.4,89.6
GEU,2017-06-28,107.6,84.2
GEU,2017-06-29,107.6,80.6
GEU,2017-06-30,107.6,78.8
GEU,2017-07-01,111.2,84.2
GEU,2017-07-02,109.4,82.4
GEU,2017-07-03,107.6,84.2
GEU,2017-07-04,111.2,87.8
GEU,2017-07-05,114.8,89.6
GEU,2017-07-06,111.2,75.2
GEU,2017-07-07,116.6,87.8
GEU,2017-07-09,109.4,87.8
GEU,2017-07-10,109.4,89.6
GEU,2017-07-11,105.8,87.8
GEU,2017-07-12,109.4,86.0
GEU,2017-07-13,109.4,87.8
GEU,2017-07-14,109.4,87.8
GEU,2017-07-15,107.6,89.6
GEU,2017-07-16,104.0,86.0
GEU,2017-07-17,98.6,78.8
GEU,2017-07-18,102.2,82.4
GEU,2017-07-19,100.4,82.4
GEU,2017-07-20,104.0,84.2
GEU,2017-07-21,105.8,86.0
GEU,2017-07-22,107.6,89.6
GEU,2017-07-23,102.2,86.0
GEU,2017-07-24,89.6,77.0
GEU,2017-07-25,100.4,84.2
GEU,2017-07-26,105.8,84.2
GEU,2017-07-27,109.4,87.8
GEU,2017-07-28,100.4,87.8
GEU,2017-07-29,102.2,77.0
GEU,2017-07-30,98.6,80.6
GEU,2017-07-31,105.8,89.6
GEU,2017-08-01,98.6,89.6
GEU,2017-08-02,100.4,87.8
GEU,2017-08-03,104.0,87.8
GEU,2017-08-04,104.0,80.6
GEU,2017-08-05,104.0,87.8
GEU,2017-08-06,104.0,84.2
GEU,2017-08-07,105.8,80.6
GEU,2017-08-08,107.6,80.6
GEU,2017-08-09,109.4,82.4
GEU,2017-08-10,104.0,87.8
GEU,2017-08-11,105.8,80.6
GEU,2017-08-12,102.2,82.4
GEU,2017-08-13,98.6,77.0
GEU,2017-08-14,102.2,84.2
GEU,2017-08-15,100.4,78.8
GEU,2017-08-16,100.4,73.4
GEU,2017-08-17,102.2,73.4
GEU,2017-08-18,105.8,75.2
GEU,2017-08-19,104.0,80.6
GEU,2017-08-20,100.4,86.0
GEU,2017-08-21,102.2,82.4
GEU,2017-08-22,107.6,82.4
GEU,2017-08-23,105.8,87.8
GEU,2017-08-24,102.2,78.8
GEU,2017-08-25,107.6,82.4
GEU,2017-08-26,111.2,87.8
GEU,2017-08-27,109.4,87.8
GEU,2017-08-28,109.4,87.8
GEU,2017-08-29,109.4,84.2
GEU,2017-08-30,107.6,86.0
GEU,2017-08-31,107.6,84.2
GEU,2017-09-01,107.6,78.8
GEU,2017-09-02,102.2,84.2
GEU,2017-09-03,102.2,82.4
GEU,2017-09-04,104.0,80.6
GEU,2017-09-05,105.8,80.6
GEU,2017-09-06,107.6,84.2
GEU,2017-09-07,104.0,82.4
GEU,2017-09-08,98.6,82.4
GEU,2017-09-09,95.0,82.4
GEU,2017-09-10,104.0,78.8
GEU,2017-09-11,107.6,82.4
GEU,2017-09-12,109.4,84.2
GEU,2017-09-13,107.6,86.0
GEU,2017-09-14,100.4,84.2
GEU,2017-09-15,96.8,75.2
GEU,2017-09-16,96.8,73.4
GEU,2017-09-17,96.8,73.4
GEU,2017-09-18,96.8,69.8
GEU,2017-09-19,98.6,69.8
GEU,2017-09-20,98.6,69.8
GEU,2017-09-21,96.8,69.8
GEU,2017-09-22,87.8,71.6
GEU,2017-09-23,84.2,60.8
GEU,2017-09-24,86.0,62.6
GEU,2017-09-25,87.8,55.4
GEU,2017-09-26,87.8,57.2
GEU,2017-09-27,89.6,62.6
GEU,2017-09-28,93.2,62.6
GEU,2017-09-29,96.8,66.2
GEU,2017-09-30,98.6,64.4
GEU,2017-10-01,96.8,64.4
GEU,2017-10-02,89.6,66.2
GEU,2017-10-03,93.2,62.6
GEU,2017-10-04,96.8,66.2
GEU,2017-10-05,96.8,71.6
GEU,2017-10-06,98.6,64.4
GEU,2017-10-07,96.8,60.8
GEU,2017-10-08,93.2,59.0
GEU,2017-10-09,87.8,68.0
GEU,2017-10-10,89.6,62.6
GEU,2017-10-11,95.0,64.4
GEU,2017-10-12,93.2,62.6
GEU,2017-10-13,93.2,64.4
GEU,2017-10-14,93.2,62.6
GEU,2017-10-15,96.8,66.2
GEU,2017-10-16,96.8,64.4
GEU,2017-10-17,96.8,66.2
GEU,2017-10-18,95.0,66.2
GEU,2017-10-19,95.0,71.6
GEU,2017-10-20,84.2,66.2
GEU,2017-10-21,84.2,62.6
GEU,2017-10-22,91.4,59.0
GEU,2017-10-23,96.8,60.8
GEU,2017-10-24,98.6,71.6
GEU,2017-10-25,102.2,69.8
GEU,2017-10-26,91.4,62.6
GEU,2017-10-27,91.4,60.8
GEU,2017-10-28,91.4,60.8
GEU,2017-10-29,91.4,60.8
GEU,2017-10-30,84.2,59.0
GEU,2017-10-31,78.8,57.2
GEU,2017-11-01,82.4,59.0
GEU,2017-11-02,78.8,60.8
GEU,2017-11-03,78.8,59.0
GEU,2017-11-04,80.6,64.4
GEU,2017-11-05,78.8,57.2
GEU,2017-11-06,80.6,55.4
GEU,2017-11-07,80.6,62.6
GEU,2017-11-08,80.6,60.8
GEU,2017-11-09,84.2,60.8
GEU,2017-11-10,84.2,57.2
GEU,2017-11-11,84.2,57.2
GEU,2017-11-12,84.2,55.4
GEU,2017-11-13,86.0,60.8
GEU,2017-11-14,84.2,55.4
GEU,2017-11-15,82.4,55.4
GEU,2017-11-16,84.2,53.6
GEU,2017-11-17,75.2,60.8
GEU,2017-11-18,78.8,62.6
GEU,2017-11-19,80.6,51.8
GEU,2017-11-20,77.0,51.8
GEU,2017-11-21,78.8,51.8
GEU,2017-11-22,87.8,53.6
GEU,2017-11-23,87.8,53.6
GEU,2017-11-24,84.2,51.8
GEU,2017-11-25,84.2,53.6
GEU,2017-11-26,87.8,51.8
GEU,2017-11-27,78.8,51.8
GEU,2017-11-28,73.4,48.2
GEU,2017-11-29,75.2,55.4
GEU,2017-11-30,75.2,60.8
GEU,2017-12-01,71.6,57.2
GEU,2017-12-02,82.4,57.2
GEU,2017-12-03,80.6,55.4
GEU,2017-12-04,71.6,51.8
GEU,2017-12-05,66.2,46.4
GEU,2017-12-06,75.2,48.2
GEU,2017-12-07,68.0,53.6
GEU,2017-12-08,66.2,39.2
GEU,2017-12-09,75.2,37.4
GEU,2017-12-10,78.8,51.8
GEU,2017-12-11,75.2,51.8
GEU,2017-12-12,73.4,41.0
GEU,2017-12-13,75.2,42.8
GEU,2017-12-14,73.4,41.0
GEU,2017-12-15,71.6,48.2
GEU,2017-12-16,66.2,42.8
GEU,2017-12-17,62.6,51.8
GEU,2017-12-18,66.2,44.6
GEU,2017-12-19,64.4,39.2
GEU,2017-12-20,66.2,39.2
GEU,2017-12-21,57.2,46.4
GEU,2017-12-22,57.2,33.8
GEU,2017-12-23,41.0,35.6
GEU,2017-12-24,68.0,37.4
GEU,2017-12-25,66.2,37.4
GEU,2017-12-26,68.0,35.6
GEU,2017-12-27,73.4,41.0
GEU,2017-12-28,75.2,39.2
GEU,2017-12-29,75.2,39.2
GEU,2017-12-30,75.2,39.2
GEU,2017-12-31,66.2,39.2
GEU,2018-01-01,73.4,37.4
GEU,2018-01-02,73.4,46.4
GEU,2018-01-03,77.0,46.4
GEU,2018-01-04,78.8,51.8
GEU,2018-01-05,75.2,44.6
GEU,2018-01-06,73.4,46.4
GEU,2018-01-07,73.4,48.2
GEU,2018-01-08,75.2,53.6
GEU,2018-01-09,78.8,55.4
GEU,2018-01-10,62.6,51.8
GEU,2018-01-11,68.0,46.4
GEU,2018-01-12,71.6,46.4
GEU,2018-01-13,78.8,44.6
GEU,2018-01-14,75.2,46.4
GEU,2018-01-15,73.4,44.6
GEU,2018-01-16,73.4,41.0
GEU,2018-01-17,71.6,44.6
GEU,2018-01-18,73.4,42.8
GEU,2018-01-19,75.2,42.8
GEU,2018-01-20,62.6,51.8
GEU,2018-01-21,59.0,41.0
GEU,2018-01-22,60.8,35.6
GEU,2018-01-23,69.8,37.4
GEU,2018-01-24,73.4,37.4
GEU,2018-01-25,73.4,41.0
GEU,2018-01-26,68.0,42.8
GEU,2018-01-27,73.4,37.4
GEU,2018-01-28,82.4,39.2
GEU,2018-01-29,82.4,48.2
GEU,2018-01-30,80.6,50.0
GEU,2018-01-31,78.8,44.6
GEU,2018-02-01,78.8,44.6
GEU,2018-02-02,78.8,46.4
GEU,2018-02-03,77.0,46.4
GEU,2018-02-04,78.8,46.4
GEU,2018-02-05,78.8,46.4
GEU,2018-02-06,78.8,46.4
GEU,2018-02-07,78.8,57.2
GEU,2018-02-08,82.4,46.4
GEU,2018-02-09,80.6,44.6
GEU,2018-02-10,78.8,48.2
GEU,2018-02-11,73.4,55.4
GEU,2018-02-12,66.2,53.6
GEU,2018-02-13,71.6,55.4
GEU,2018-02-14,60.8,50.0
GEU,2018-02-15,66.2,53.6
GEU,2018-02-16,64.4,51.8
GEU,2018-02-17,69.8,66.2
GEU,2018-02-18,73.4,46.4
GEU,2018-02-19,64.4,53.6
GEU,2018-02-20,59.0,35.6
GEU,2018-02-21,60.8,35.6
GEU,2018-02-22,60.8,37.4
GEU,2018-02-23,59.0,39.2
GEU,2018-02-24,59.0,37.4
GEU,2018-02-25,62.6,33.8
GEU,2018-02-26,66.2,35.6
GEU,2018-02-27,66.2,41.0
GEU,2018-02-28,60.8,42.8
GEU,2018-03-01,69.8,42.8
GEU,2018-03-02,73.4,42.8
GEU,2018-03-03,73.4,44.6
GEU,2018-03-04,66.2,50.0
GEU,2018-03-05,71.6,50.0
GEU,2018-03-06,78.8,44.6
GEU,2018-03-07,78.8,46.4
GEU,2018-03-08,80.6,55.4
GEU,2018-03-09,82.4,51.8
GEU,2018-03-10,75.2,60.8
GEU,2018-03-11,75.2,59.0
GEU,2018-03-12,82.4,55.4
GEU,2018-03-13,82.4,59.0
GEU,2018-03-14,84.2,57.2
GEU,2018-03-15,71.6,51.8
GEU,2018-03-16,73.4,51.8
GEU,2018-03-17,69.8,51.8
GEU,2018-03-18,66.2,51.8
GEU,2018-03-19,73.4,46.4
GEU,2018-03-20,80.6,46.4
GEU,2018-03-21,82.4,51.8
GEU,2018-03-22,87.8,59.0
GEU,2018-03-23,82.4,68.0
GEU,2018-03-24,80.6,57.2
GEU,2018-03-25,75.2,53.6
GEU,2018-03-26,71.6,48.2
GEU,2018-03-27,73.4,51.8
GEU,2018-03-28,78.8,51.8
GEU,2018-03-29,86.0,53.6
GEU,2018-03-30,89.6,60.8
GEU,2018-03-31,91.4,66.2
GEU,2018-04-01,91.4,64.4
GEU,2018-04-02,87.8,60.8
GEU,2018-04-03,86.0,60.8
GEU,2018-04-04,89.6,59.0
GEU,2018-04-05,91.4,60.8
GEU,2018-04-06,91.4,69.8
GEU,2018-04-07,93.2,71.6
GEU,2018-04-08,91.4,73.4
GEU,2018-04-09,95.0,62.6
GEU,2018-04-10,96.8,64.4
GEU,2018-04-11,96.8,62.6
GEU,2018-04-12,86.0,66.2
GEU,2018-04-13,78.8,59.0
GEU,2018-04-14,82.4,59.0
GEU,2018-04-15,87.8,55.4
GEU,2018-04-16,86.0,62.6
GEU,2018-04-17,73.4,57.2
GEU,2018-04-18,82.4,51.8
GEU,2018-04-19,80.6,55.4
GEU,2018-04-20,78.8,53.6
GEU,2018-04-21,89.6,57.2
GEU,2018-04-22,93.2,64.4
GEU,2018-04-23,95.0,60.8
GEU,2018-04-24,96.8,69.8
GEU,2018-04-25,98.6,68.0
GEU,2018-04-26,96.8,71.6
GEU,2018-04-27,98.6,73.4
GEU,2018-04-28,96.8,73.4
GEU,2018-04-29,91.4,69.8
GEU,2018-04-30,84.2,64.4
GEU,2018-05-01,73.4,64.4
GEU,2018-05-02,73.4,59.0
GEU,2018-05-03,82.4,60.8
GEU,2018-05-04,93.2,62.6
GEU,2018-05-05,102.2,69.8
GEU,2018-05-06,105.8,73.4
GEU,2018-05-07,100.4,78.8
GEU,2018-05-08,104.0,71.6
GEU,2018-05-09,104.0,68.0
GEU,2018-05-10,105.8,73.4
GEU,2018-05-11,98.6,77.0
GEU,2018-05-12,89.6,71.6
GEU,2018-05-13,87.8,69.8
GEU,2018-05-14,91.4,66.2
GEU,2018-05-15,95.0,66.2
GEU,2018-05-16,98.6,66.2
GEU,2018-05-17,96.8,71.6
GEU,2018-05-18,91.4,68.0
GEU,2018-05-19,95.0,71.6
GEU,2018-05-20,96.8,73.4
GEU,2018-05-21,93.2,73.4
GEU,2018-05-22,91.4,66.2
GEU,2018-05-23,91.4,66.2
GEU,2018-05-24,96.8,66.2
GEU,2018-05-25,98.6,69.8
GEU,2018-05-26,91.4,73.4
GEU,2018-05-27,91.4,71.6
GEU,2018-05-28,98.6,71.6
GEU,2018-05-29,102.2,75.2
GEU,2018-05-30,100.4,82.4
GEU,2018-05-31,100.4,71.6
GEU,2018-06-01,98.6,75.2
GEU,2018-06-02,104.0,77.0
GEU,2018-06-03,107.6,78.8
GEU,2018-06-04,109.4,75.2
GEU,2018-06-05,104.0,77.0
GEU,2018-06-06,100.4,75.2
GEU,2018-06-07,104.0,73.4
GEU,2018-06-08,105.8,73.4
GEU,2018-06-09,109.4,80.6
GEU,2018-06-10,104.0,84.2
GEU,2018-06-11,105.8,73.4
GEU,2018-06-12,107.6,75.2
GEU,2018-06-13,109.4,82.4
GEU,2018-06-14,109.4,87.8
GEU,2018-06-15,93.2,86.0
GEU,2018-06-16,84.2,73.4
GEU,2018-06-17,98.6,75.2
GEU,2018-06-18,98.6,69.8
GEU,2018-06-19,102.2,75.2
GEU,2018-06-20,107.6,77.0
GEU,2018-06-21,109.4,77.0
GEU,2018-06-22,111.2,78.8
GEU,2018-06-23,107.6,86.0
GEU,2018-06-24,104.0,82.4
GEU,2018-06-25,105.8,80.6
GEU,2018-06-26,109.4,80.6
GEU,2018-06-27,109.4,78.8
GEU,2018-06-28,107.6,82.4
GEU,2018-06-29,102.2,80.6
GEU,2018-06-30,102.2,82.4
GEU,2018-07-01,104.0,78.8
GEU,2018-07-02,107.6,75.2
GEU,2018-07-03,107.6,78.8
GEU,2018-07-04,105.8,84.2
GEU,2018-07-05,114.8,84.2
GEU,2018-07-06,111.2,93.2
GEU,2018-07-08,109.4,96.8
GEU,2018-07-09,104.0,77.0
GEU,2018-07-10,96.8,78.8
GEU,2018-07-11,98.6,82.4
GEU,2018-07-12,98.6,78.8
GEU,2018-07-13,105.8,82.4
GEU,2018-07-14,102.2,87.8
GEU,2018-07-15,98.6,89.6
GEU,2018-07-16,104.0,82.4
GEU,2018-07-17,105.8,86.0
GEU,2018-07-18,102.2,84.2
GEU,2018-07-19,105.8,86.0
GEU,2018-07-20,107.6,89.6
GEU,2018-07-21,102.2,78.8
GEU,2018-07-22,109.4,87.8
GEU,2018-07-23,114.8,89.6
GEU,2018-07-24,116.6,87.8
GEU,2018-07-25,116.6,93.2
GEU,2018-07-26,111.2,95.0
GEU,2018-07-27,109.4,89.6
GEU,2018-07-28,107.6,91.4
GEU,2018-07-29,104.0,87.8
GEU,2018-07-30,109.4,91.4
GEU,2018-07-31,107.6,82.4
GEU,2018-08-01,109.4,91.4
GEU,2018-08-02,109.4,84.2
GEU,2018-08-03,107.6,84.2
GEU,2018-08-04,111.2,93.2
GEU,2018-08-05,111.2,93.2
GEU,2018-08-06,114.8,89.6
GEU,2018-08-07,109.4,91.4
GEU,2018-08-08,102.2,82.4
GEU,2018-08-09,100.4,82.4
GEU,2018-08-10,100.4,80.6
GEU,2018-08-11,100.4,80.6
GEU,2018-08-12,100.4,84.2
GEU,2018-08-13,100.4,80.6
GEU,2018-08-14,104.0,86.0
GEU,2018-08-15,98.6,82.4
GEU,2018-08-16,100.4,86.0
GEU,2018-08-17,102.2,84.2
GEU,2018-08-18,107.6,87.8
GEU,2018-08-19,107.6,89.6
GEU,2018-08-20,107.6,89.6
GEU,2018-08-21,102.2,89.6
GEU,2018-08-22,100.4,87.8
GEU,2018-08-23,102.2,84.2
GEU,2018-08-24,102.2,82.4
GEU,2018-08-25,100.4,84.2
GEU,2018-08-26,102.2,84.2
GEU,2018-08-27,105.8,84.2
GEU,2018-08-28,102.2,78.8
GEU,2018-08-29,105.8,78.8
GEU,2018-08-30,102.2,84.2
GEU,2018-08-31,104.0,84.2
GEU,2018-09-01,102.2,84.2
GEU,2018-09-02,102.2,82.4
GEU,2018-09-03,98.6,75.2
GEU,2018-09-04,100.4,78.8
GEU,2018-09-05,102.2,80.6
GEU,2018-09-06,104.0,80.6
GEU,2018-09-07,105.8,82.4
GEU,2018-09-08,107.6,82.4
GEU,2018-09-09,105.8,86.0
GEU,2018-09-10,105.8,86.0
GEU,2018-09-11,107.6,80.6
GEU,2018-09-12,105.8,77.0
GEU,2018-09-13,104.0,73.4
GEU,2018-09-14,107.6,77.0
GEU,2018-09-15,109.4,80.6
GEU,2018-09-16,104.0,86.0
GEU,2018-09-17,107.6,84.2
GEU,2018-09-18,102.2,86.0
GEU,2018-09-19,89.6,78.8
GEU,2018-09-20,96.8,73.4
GEU,2018-09-21,100.4,93.2
GEU,2018-09-22,102.2,82.4
GEU,2018-09-23,102.2,78.8
GEU,2018-09-24,100.4,80.6
GEU,2018-09-25,100.4,78.8
GEU,2018-09-26,102.2,77.0
GEU,2018-09-27,104.0,71.6
GEU,2018-09-28,105.8,73.4
GEU,2018-09-29,102.2,77.0
GEU,2018-09-30,95.0,78.8
GEU,2018-10-01,78.8,71.6
GEU,2018-10-02,78.8,71.6
GEU,2018-10-03,87.8,73.4
GEU,2018-10-04,86.0,71.6
GEU,2018-10-05,86.0,68.0
GEU,2018-10-06,84.2,66.2
GEU,2018-10-07,73.4,57.2
GEU,2018-10-08,75.2,57.2
GEU,2018-10-09,78.8,59.0
GEU,2018-10-10,82.4,59.0
GEU,2018-10-11,82.4,66.2
GEU,2018-10-12,82.4,68.0
GEU,2018-10-13,73.4,62.6
GEU,2018-10-14,75.2,62.6
GEU,2018-10-15,77.0,62.6
GEU,2018-10-16,68.0,60.8
GEU,2018-10-17,77.0,57.2
GEU,2018-10-18,80.6,59.0
GEU,2018-10-19,84.2,60.8
GEU,2018-10-20,89.6,64.4
GEU,2018-10-21,89.6,73.4
GEU,2018-10-22,86.0,66.2
GEU,2018-10-23,89.6,69.8
GEU,2018-10-24,82.4,62.6
GEU,2018-10-25,84.2,64.4
GEU,2018-10-26,86.0,62.6
GEU,2018-10-27,87.8,60.8
GEU,2018-10-28,86.0,59.0
GEU,2018-10-29,86.0,62.6
GEU,2018-10-30,84.2,62.6
GEU,2018-10-31,77.0,59.0
GEU,2018-11-01,77.0,51.8
GEU,2018-11-02,80.6,53.6
GEU,2018-11-03,80.6,55.4
GEU,2018-11-04,78.8,55.4
GEU,2018-11-05,80.6,55.4
GEU,2018-11-06,80.6,55.4
GEU,2018-11-07,80.6,53.6
GEU,2018-11-08,80.6,53.6
GEU,2018-11-09,78.8,60.8
GEU,2018-11-10,77.0,53.6
GEU,2018-11-11,73.4,48.2
GEU,2018-11-12,66.2,53.6
GEU,2018-11-13,66.2,46.4
GEU,2018-11-14,68.0,44.6
GEU,2018-11-15,73.4,42.8
GEU,2018-11-16,75.2,44.6
GEU,2018-11-17,73.4,44.6
GEU,2018-11-18,71.6,46.4
GEU,2018-11-19,73.4,44.6
GEU,2018-11-20,78.8,51.8
GEU,2018-11-21,71.6,46.4
GEU,2018-11-22,66.2,53.6
GEU,2018-11-23,69.8,46.4
GEU,2018-11-24,71.6,46.4
GEU,2018-11-25,71.6,48.2
GEU,2018-11-26,75.2,44.6
GEU,2018-11-27,73.4,44.6
GEU,2018-11-28,73.4,46.4
GEU,2018-11-29,68.0,48.2
GEU,2018-11-30,64.4,50.0
GEU,2018-12-01,64.4,46.4
GEU,2018-12-02,60.8,50.0
GEU,2018-12-03,60.8,39.2
GEU,2018-12-04,64.4,37.4
GEU,2018-12-05,71.6,41.0
GEU,2018-12-06,57.2,51.8
GEU,2018-12-07,68.0,55.4
GEU,2018-12-08,66.2,46.4
GEU,2018-12-09,69.8,46.4
GEU,2018-12-10,71.6,46.4
GEU,2018-12-11,69.8,51.8
GEU,2018-12-12,66.2,42.8
GEU,2018-12-13,69.8,41.0
GEU,2018-12-14,64.4,37.4
GEU,2018-12-15,66.2,48.2
GEU,2018-12-16,69.8,44.6
GEU,2018-12-17,66.2,42.8
GEU,2018-12-18,69.8,44.6
GEU,2018-12-19,68.0,41.0
GEU,2018-12-20,73.4,41.0
GEU,2018-12-21,66.2,44.6
GEU,2018-12-22,69.8,42.8
GEU,2018-12-23,71.6,42.8
GEU,2018-12-24,69.8,42.8
GEU,2018-12-25,64.4,39.2
GEU,2018-12-26,62.6,41.0
GEU,2018-12-27,57.2,37.4
GEU,2018-12-28,53.6,39.2
GEU,2018-12-29,57.2,39.2
GEU,2018-12-30,55.4,32.0
GEU,2018-12-31,44.6,33.8
GEU,2019-01-01,50.0,33.8
GEU,2019-01-02,51.8,37.4
GEU,2019-01-03,53.6,32.0
GEU,2019-01-04,64.4,32.0
GEU,2019-01-05,64.4,41.0
GEU,2019-01-06,55.4,48.2
GEU,2019-01-07,62.6,41.0
GEU,2019-01-08,69.8,42.8
GEU,2019-01-09,73.4,46.4
GEU,2019-01-10,71.6,50.0
GEU,2019-01-11,64.4,42.8
GEU,2019-01-12,66.2,44.6
GEU,2019-01-13,60.8,46.4
GEU,2019-01-14,68.0,50.0
GEU,2019-01-15,64.4,53.6
GEU,2019-01-16,68.0,50.0
GEU,2019-01-17,66.2,46.4
GEU,2019-01-18,69.8,48.2
GEU,2019-01-19,71.6,46.4
GEU,2019-01-20,71.6,44.6
GEU,2019-01-21,66.2,44.6
GEU,2019-01-22,64.4,46.4
GEU,2019-01-23,60.8,39.2
GEU,2019-01-24,68.0,37.4
GEU,2019-01-25,69.8,37.4
GEU,2019-01-26,73.4,48.2
GEU,2019-01-27,71.6,41.0
GEU,2019-01-28,69.8,42.8
GEU,2019-01-29,71.6,48.2
GEU,2019-01-30,71.6,53.6
GEU,2019-01-31,71.6,46.4
GEU,2019-02-01,71.6,51.8
GEU,2019-02-02,71.6,55.4
GEU,2019-02-03,62.6,57.2
GEU,2019-02-04,64.4,55.4
GEU,2019-02-05,66.2,46.4
GEU,2019-02-06,55.4,44.6
GEU,2019-02-07,55.4,33.8
GEU,2019-02-08,66.2,33.8
GEU,2019-02-09,59.0,41.0
GEU,2019-02-10,64.4,35.6
GEU,2019-02-11,59.0,44.6
GEU,2019-02-12,68.0,33.8
GEU,2019-02-13,66.2,46.4
GEU,2019-02-14,60.8,55.4
GEU,2019-02-15,66.2,51.8
GEU,2019-02-16,62.6,48.2
GEU,2019-02-17,60.8,42.8
GEU,2019-02-18,55.4,44.6
GEU,2019-02-19,57.2,33.8
GEU,2019-02-20,55.4,33.8
GEU,2019-02-21,51.8,44.6
GEU,2019-02-22,46.4,39.2
GEU,2019-02-23,55.4,35.6
GEU,2019-02-24,62.6,37.4
GEU,2019-02-25,64.4,39.2
GEU,2019-02-26,69.8,42.8
GEU,2019-02-27,75.2,53.6
GEU,2019-02-28,75.2,68.0
GEU,2019-03-01,77.0,53.6
GEU,2019-03-02,71.6,55.4
GEU,2019-03-03,73.4,50.0
GEU,2019-03-04,73.4,53.6
GEU,2019-03-05,78.8,46.4
GEU,2019-03-06,82.4,59.0
GEU,2019-03-07,73.4,57.2
GEU,2019-03-08,68.0,59.0
GEU,2019-03-09,64.4,42.8
GEU,2019-03-10,69.8,42.8
GEU,2019-03-11,66.2,51.8
GEU,2019-03-12,59.0,51.8
GEU,2019-03-13,64.4,53.6
GEU,2019-03-14,62.6,41.0
GEU,2019-03-15,73.4,46.4
GEU,2019-03-16,78.8,53.6
GEU,2019-03-17,78.8,51.8
GEU,2019-03-18,82.4,55.4
GEU,2019-03-19,84.2,53.6
GEU,2019-03-20,84.2,55.4
GEU,2019-03-21,66.2,51.8
GEU,2019-03-22,71.6,48.2
GEU,2019-03-23,77.0,51.8
GEU,2019-03-24,80.6,53.6
GEU,2019-03-25,84.2,57.2
GEU,2019-03-26,87.8,53.6
GEU,2019-03-27,82.4,59.0
GEU,2019-03-28,84.2,53.6
GEU,2019-03-29,82.4,53.6
GEU,2019-03-30,82.4,60.8
GEU,2019-03-31,80.6,53.6
GEU,2019-04-01,82.4,53.6
GEU,2019-04-02,87.8,57.2
GEU,2019-04-03,78.8,57.2
GEU,2019-04-04,82.4,57.2
GEU,2019-04-05,80.6,55.4
GEU,2019-04-06,80.6,62.6
GEU,2019-04-07,89.6,59.0
GEU,2019-04-08,96.8,60.8
GEU,2019-04-09,96.8,62.6
GEU,2019-04-10,75.2,62.6
GEU,2019-04-11,77.0,55.4
GEU,2019-04-12,75.2,62.6
GEU,2019-04-13,78.8,55.4
GEU,2019-04-14,84.2,55.4
GEU,2019-04-15,87.8,59.0
GEU,2019-04-16,78.8,60.8
GEU,2019-04-17,78.8,55.4
GEU,2019-04-18,91.4,57.2
GEU,2019-04-19,98.6,60.8
GEU,2019-04-20,93.2,73.4
GEU,2019-04-21,87.8,69.8
GEU,2019-04-22,87.8,60.8
GEU,2019-04-23,86.0,64.4
GEU,2019-04-24,93.2,62.6
GEU,2019-04-25,98.6,62.6
GEU,2019-04-26,100.4,66.2
GEU,2019-04-27,98.6,73.4
GEU,2019-04-28,96.8,71.6
GEU,2019-04-29,84.2,77.0
GEU,2019-04-30,82.4,60.8
GEU,2019-05-01,86.0,62.6
GEU,2019-05-02,86.0,60.8
GEU,2019-05-03,91.4,62.6
GEU,2019-05-04,95.0,73.4
GEU,2019-05-05,93.2,69.8
GEU,2019-05-06,84.2,66.2
GEU,2019-05-07,80.6,60.8
GEU,2019-05-08,87.8,62.6
GEU,2019-05-09,87.8,69.8
GEU,2019-05-10,82.4,62.6
GEU,2019-05-11,84.2,66.2
GEU,2019-05-12,84.2,68.0
GEU,2019-05-13,91.4,64.4
GEU,2019-05-14,98.6,71.6
GEU,2019-05-15,98.6,82.4
GEU,2019-05-16,91.4,73.4
GEU,2019-05-17,80.6,59.0
GEU,2019-05-18,86.0,64.4
GEU,2019-05-19,80.6,69.8
GEU,2019-05-20,75.2,59.0
GEU,2019-05-21,80.6,57.2
GEU,2019-05-22,75.2,57.2
GEU,2019-05-23,75.2,55.4
GEU,2019-05-24,87.8,57.2
GEU,2019-05-25,91.4,66.2
GEU,2019-05-26,82.4,69.8
GEU,2019-05-27,78.8,62.6
GEU,2019-05-28,84.2,62.6
GEU,2019-05-29,91.4,64.4
GEU,2019-05-30,96.8,71.6
GEU,2019-05-31,98.6,71.6
GEU,2019-06-01,96.8,73.4
GEU,2019-06-02,93.2,73.4
GEU,2019-06-03,96.8,73.4
GEU,2019-06-04,98.6,71.6
GEU,2019-06-05,102.2,77.0
GEU,2019-06-06,102.2,78.8
GEU,2019-06-07,98.6,77.0
GEU,2019-06-08,98.6,75.2
GEU,2019-06-09,105.8,78.8
GEU,2019-06-10,109.4,78.8
GEU,2019-06-11,107.6,80.6
GEU,2019-06-12,111.2,80.6
GEU,2019-06-13,107.6,82.4
GEU,2019-06-14,104.0,75.2
GEU,2019-06-15,102.2,82.4
GEU,2019-06-16,105.8,82.4
GEU,2019-06-17,104.0,78.8
GEU,2019-06-18,102.2,77.0
GEU,2019-06-19,102.2,73.4
GEU,2019-06-20,102.2,71.6
GEU,2019-06-21,102.2,80.6
GEU,2019-06-22,98.6,80.6
GEU,2019-06-23,100.4,78.8
GEU,2019-06-24,102.2,69.8
GEU,2019-06-25,104.0,71.6
GEU,2019-06-26,102.2,77.0
GEU,2019-06-27,104.0,75.2
GEU,2019-06-28,109.4,73.4
GEU,2019-06-29,114.8,84.2
GEU,2019-06-30,111.2,89.6
GEU,2019-07-01,109.4,82.4
GEU,2019-07-02,107.6,80.6
GEU,2019-07-03,105.8,80.6
GEU,2019-07-04,102.2,78.8
GEU,2019-07-05,102.2,78.8
GEU,2019-07-06,104.0,82.4
GEU,2019-07-07,104.0,82.4
GEU,2019-07-08,100.4,73.4
GEU,2019-07-09,104.0,73.4
GEU,2019-07-10,109.4,80.6
GEU,2019-07-11,111.2,86.0
GEU,2019-07-12,109.4,93.2
GEU,2019-07-13,109.4,98.6
GEU,2019-07-14,107.6,91.4
GEU,2019-07-15,113.0,87.8
GEU,2019-07-16,113.0,86.0
GEU,2019-07-17,104.0,89.6
GEU,2019-07-18,107.6,84.2
GEU,2019-07-19,104.0,89.6
GEU,2019-07-20,107.6,84.2
GEU,2019-07-21,107.6,87.8
GEU,2019-07-22,105.8,89.6
GEU,2019-07-23,105.8,84.2
GEU,2019-07-24,100.4,78.8
GEU,2019-07-25,105.8,87.8
GEU,2019-07-26,109.4,91.4
GEU,2019-07-27,111.2,91.4
GEU,2019-07-28,109.4,93.2
GEU,2019-07-29,109.4,89.6
GEU,2019-07-30,105.8,87.8
GEU,2019-07-31,93.2,80.6
GEU,2019-08-01,104.0,82.4
GEU,2019-08-02,109.4,89.6
GEU,2019-08-03,111.2,91.4
GEU,2019-08-04,109.4,89.6
GEU,2019-08-05,116.6,91.4
GEU,2019-08-06,98.6,89.6
GEU,2019-08-07,105.8,86.0
GEU,2019-08-08,107.6,84.2
GEU,2019-08-09,100.4,87.8
GEU,2019-08-10,102.2,84.2
GEU,2019-08-11,102.2,84.2
GEU,2019-08-12,105.8,82.4
GEU,2019-08-13,107.6,78.8
GEU,2019-08-14,111.2,80.6
GEU,2019-08-15,113.0,82.4
GEU,2019-08-16,107.6,80.6
GEU,2019-08-17,105.8,87.8
GEU,2019-08-18,104.0,80.6
GEU,2019-08-19,107.6,78.8
GEU,2019-08-20,111.2,82.4
GEU,2019-08-21,113.0,82.4
GEU,2019-08-22,107.6,78.8
GEU,2019-08-23,102.2,84.2
GEU,2019-08-24,100.4,86.0
GEU,2019-08-26,105.8,87.8
GEU,2019-08-27,109.4,89.6
GEU,2019-08-28,107.6,89.6
GEU,2019-08-29,104.0,78.8
GEU,2019-08-30,109.4,86.0
GEU,2019-08-31,107.6,89.6
GEU,2019-09-01,105.8,89.6
GEU,2019-09-02,105.8,82.4
GEU,2019-09-03,109.4,86.0
GEU,2019-09-04,109.4,87.8
GEU,2019-09-05,109.4,87.8
GEU,2019-09-06,107.6,87.8
GEU,2019-09-07,105.8,89.6
GEU,2019-09-08,100.4,84.2
GEU,2019-09-09,96.8,80.6
GEU,2019-09-10,98.6,82.4
GEU,2019-09-11,95.0,78.8
GEU,2019-09-12,102.2,77.0
GEU,2019-09-13,105.8,77.0
GEU,2019-09-14,100.4,80.6
GEU,2019-09-15,98.6,78.8
GEU,2019-09-16,98.6,80.6
GEU,2019-09-17,95.0,73.4
GEU,2019-09-18,100.4,73.4
GEU,2019-09-19,96.8,75.2
GEU,2019-09-20,93.2,69.8
GEU,2019-09-21,93.2,66.2
GEU,2019-09-22,96.8,73.4
GEU,2019-09-23,87.8,71.6
GEU,2019-09-24,87.8,68.0
GEU,2019-09-25,87.8,73.4
GEU,2019-09-26,84.2,69.8
GEU,2019-09-27,84.2,69.8
GEU,2019-09-28,89.6,69.8
GEU,2019-09-29,87.8,71.6
GEU,2019-09-30,87.8,66.2
GEU,2019-10-01,87.8,60.8
GEU,2019-10-02,89.6,62.6
GEU,2019-10-03,93.2,66.2
GEU,2019-10-04,93.2,69.8
GEU,2019-10-05,93.2,68.0
GEU,2019-10-06,93.2,66.2
GEU,2019-10-07,96.8,64.4
GEU,2019-10-08,93.2,64.4
GEU,2019-10-09,93.2,64.4
GEU,2019-10-10,87.8,66.2
GEU,2019-10-11,87.8,62.6
GEU,2019-10-12,87.8,60.8
GEU,2019-10-13,89.6,87.8
GEU,2019-10-14,87.8,62.6
GEU,2019-10-15,91.4,66.2
GEU,2019-10-16,96.8,64.4
GEU,2019-10-17,93.2,64.4
GEU,2019-10-18,84.2,64.4
GEU,2019-10-19,82.4,57.2
GEU,2019-10-20,84.2,55.4
GEU,2019-10-21,80.6,73.4
GEU,2019-10-22,89.6,55.4
GEU,2019-10-23,87.8,59.0
GEU,2019-10-24,84.2,71.6
GEU,2019-10-25,82.4,60.8
GEU,2019-10-26,82.4,60.8
GEU,2019-10-27,86.0,50.0
GEU,2019-10-28,71.6,57.2
GEU,2019-10-29,71.6,42.8
GEU,2019-10-30,69.8,51.8
GEU,2019-10-31,73.4,42.8
GEU,2019-11-01,78.8,44.6
GEU,2019-11-02,86.0,51.8
GEU,2019-11-03,84.2,55.4
GEU,2019-11-04,84.2,55.4
GEU,2019-11-05,87.8,57.2
GEU,2019-11-06,84.2,59.0
GEU,2019-11-07,84.2,55.4
GEU,2019-11-08,87.8,57.2
GEU,2019-11-09,84.2,57.2
GEU,2019-11-10,86.0,60.8
GEU,2019-11-11,84.2,60.8
GEU,2019-11-12,80.6,57.2
GEU,2019-11-13,77.0,53.6
GEU,2019-11-14,80.6,48.2
GEU,2019-11-15,82.4,53.6
GEU,2019-11-16,78.8,55.4
GEU,2019-11-17,84.2,48.2
GEU,2019-11-18,82.4,51.8
GEU,2019-11-19,75.2,57.2
GEU,2019-11-20,66.2,55.4
GEU,2019-11-21,60.8,53.6
GEU,2019-11-22,64.4,50.0
GEU,2019-11-23,69.8,46.4
GEU,2019-11-24,71.6,48.2
GEU,2019-11-25,64.4,46.4
GEU,2019-11-26,62.6,44.6
GEU,2019-11-27,66.2,41.0
GEU,2019-11-28,68.0,50.0
GEU,2019-11-29,55.4,46.4
GEU,2019-11-30,57.2,41.0
GEU,2019-12-01,66.2,41.0
GEU,2019-12-02,66.2,42.8
GEU,2019-12-03,64.4,44.6
GEU,2019-12-04,69.8,55.4
GEU,2019-12-05,69.8,53.6
GEU,2019-12-06,69.8,51.8
GEU,2019-12-07,68.0,50.0
GEU,2019-12-08,60.8,57.2
GEU,2019-12-09,64.4,51.8
GEU,2019-12-10,66.2,46.4
GEU,2019-12-11,66.2,46.4
GEU,2019-12-12,66.2,46.4
GEU,2019-12-13,66.2,46.4
GEU,2019-12-14,68.0,46.4
GEU,2019-12-15,64.4,46.4
GEU,2019-12-16,60.8,44.6
GEU,2019-12-17,60.8,42.8
GEU,2019-12-18,64.4,41.0
GEU,2019-12-19,62.6,37.4
GEU,2019-12-20,66.2,37.4
GEU,2019-12-21,69.8,39.2
GEU,2019-12-22,71.6,62.6
GEU,2019-12-23,64.4,50.0
GEU,2019-12-24,57.2,53.6
GEU,2019-12-25,55.4,48.2
GEU,2019-12-26,59.0,39.2
GEU,2019-12-27,51.8,46.4
GEU,2019-12-28,53.6,41.0
GEU,2019-12-29,51.8,35.6
GEU,2019-12-30,53.6,39.2
GEU,2019-12-31,62.6,48.2
GEU,2020-01-01,57.2,35.6
GEU,2020-01-02,62.6,37.4
GEU,2020-01-03,62.6,37.4
GEU,2020-01-04,66.2,37.4
GEU,2020-01-05,68.0,39.2
GEU,2020-01-06,71.6,37.4
GEU,2020-01-07,71.6,41.0
GEU,2020-01-08,64.4,39.2
GEU,2020-01-09,60.8,44.6
GEU,2020-01-10,62.6,44.6
GEU,2020-01-11,60.8,35.6
GEU,2020-01-12,62.6,35.6
GEU,2020-01-13,66.2,37.4
GEU,2020-01-14,66.2,39.2
GEU,2020-01-15,66.2,42.8
GEU,2020-01-16,64.4,46.4
GEU,2020-01-17,62.6,39.2
GEU,2020-01-18,69.8,39.2
GEU,2020-01-19,75.2,42.8
GEU,2020-01-20,73.4,51.8
GEU,2020-01-21,55.4,53.6
GEU,2020-01-22,62.6,48.2
GEU,2020-01-23,69.8,44.6
GEU,2020-01-24,69.8,44.6
GEU,2020-01-25,71.6,42.8
GEU,2020-01-26,69.8,44.6
GEU,2020-01-27,73.4,46.4
GEU,2020-01-28,69.8,46.4
GEU,2020-01-29,64.4,44.6
GEU,2020-01-30,69.8,46.4
GEU,2020-01-31,73.4,46.4
GEU,2020-02-01,75.2,44.6
GEU,2020-02-02,75.2,44.6
GEU,2020-02-03,62.6,44.6
GEU,2020-02-04,53.6,32.0
GEU,2020-02-05,53.6,39.2
GEU,2020-02-06,59.0,32.0
GEU,2020-02-07,66.2,37.4
GEU,2020-02-08,69.8,42.8
GEU,2020-02-09,69.8,42.8
GEU,2020-02-10,69.8,51.8
GEU,2020-02-11,60.8,46.4
GEU,2020-02-12,62.6,41.0
GEU,2020-02-13,66.2,39.2
GEU,2020-02-14,69.8,44.6
GEU,2020-02-15,69.8,44.6
GEU,2020-02-16,71.6,44.6
GEU,2020-02-17,73.4,46.4
GEU,2020-02-18,75.2,48.2
GEU,2020-02-19,77.0,51.8
GEU,2020-02-20,78.8,48.2
GEU,2020-02-21,75.2,55.4
GEU,2020-02-22,68.0,57.2
GEU,2020-02-23,64.4,48.2
GEU,2020-02-24,69.8,46.4
GEU,2020-02-25,69.8,48.2
GEU,2020-02-26,66.2,41.0
GEU,2020-02-27,73.4,41.0
GEU,2020-02-28,75.2,48.2
GEU,2020-02-29,77.0,50.0
GEU,2020-03-01,73.4,51.8
GEU,2020-03-02,66.2,46.4
GEU,2020-03-03,75.2,46.4
GEU,2020-03-04,71.6,48.2
GEU,2020-03-05,82.4,50.0
GEU,2020-03-06,82.4,53.6
GEU,2020-03-07,82.4,57.2
GEU,2020-03-08,71.6,55.4
GEU,2020-03-09,73.4,48.2
GEU,2020-03-10,73.4,60.8
GEU,2020-03-11,66.2,62.6
GEU,2020-03-12,69.8,62.6
GEU,2020-03-13,64.4,53.6
GEU,2020-03-14,69.8,48.2
GEU,2020-03-15,73.4,51.8
GEU,2020-03-16,75.2,51.8
GEU,2020-03-17,71.6,55.4
GEU,2020-03-18,66.2,53.6
GEU,2020-03-19,62.6,60.8
GEU,2020-03-20,68.0,46.4
GEU,2020-03-21,71.6,50.0
GEU,2020-03-22,71.6,51.8
GEU,2020-03-23,73.4,55.4
GEU,2020-03-24,75.2,51.8
GEU,2020-03-25,73.4,55.4
GEU,2020-03-26,66.2,55.4
GEU,2020-03-27,62.6,48.2
GEU,2020-03-28,69.8,42.8
GEU,2020-03-29,75.2,48.2
GEU,2020-03-30,75.2,51.8
GEU,2020-03-31,78.8,51.8
GEU,2020-04-01,82.4,57.2
GEU,2020-04-02,80.6,55.4
GEU,2020-04-03,82.4,50.0
GEU,2020-04-04,80.6,55.4
GEU,2020-04-05,80.6,55.4
GEU,2020-04-06,78.8,53.6
GEU,2020-04-07,80.6,53.6
GEU,2020-04-08,75.2,55.4
GEU,2020-04-09,71.6,48.2
GEU,2020-04-10,75.2,51.8
GEU,2020-04-11,69.8,55.4
GEU,2020-04-12,75.2,51.8
GEU,2020-04-13,77.0,57.2
GEU,2020-04-14,80.6,51.8
GEU,2020-04-15,80.6,51.8
GEU,2020-04-16,82.4,50.0
GEU,2020-04-17,86.0,55.4
GEU,2020-04-18,77.0,59.0
GEU,2020-04-19,80.6,57.2
GEU,2020-04-20,84.2,59.0
GEU,2020-04-21,82.4,62.6
GEU,2020-04-22,91.4,59.0
GEU,2020-04-23,96.8,60.8
GEU,2020-04-24,96.8,66.2
GEU,2020-04-25,98.6,71.6
GEU,2020-04-26,100.4,69.8
GEU,2020-04-27,100.4,69.8
GEU,2020-04-28,100.4,68.0
GEU,2020-04-29,102.2,71.6
GEU,2020-04-30,98.6,73.4
GEU,2020-05-01,98.6,64.4
GEU,2020-05-02,96.8,73.4
GEU,2020-05-03,95.0,71.6
GEU,2020-05-04,96.8,91.4
GEU,2020-05-05,100.4,75.2
GEU,2020-05-06,105.8,71.6
GEU,2020-05-07,104.0,69.8
GEU,2020-05-08,102.2,73.4
GEU,2020-05-09,100.4,78.8
GEU,2020-05-10,100.4,86.0
GEU,2020-05-11,98.6,73.4
GEU,2020-05-12,91.4,73.4
GEU,2020-05-13,89.6,68.0
GEU,2020-05-14,89.6,68.0
GEU,2020-05-15,93.2,59.0
GEU,2020-05-16,96.8,75.2
GEU,2020-05-17,98.6,75.2
GEU,2020-05-18,98.6,69.8
GEU,2020-05-19,87.8,71.6
GEU,2020-05-20,84.2,60.8
GEU,2020-05-21,89.6,62.6
GEU,2020-05-22,95.0,62.6
GEU,2020-05-23,91.4,71.6
GEU,2020-05-24,93.2,73.4
GEU,2020-05-25,96.8,64.4
GEU,2020-05-26,102.2,68.0
GEU,2020-05-27,107.6,71.6
GEU,2020-05-28,109.4,82.4
GEU,2020-05-29,109.4,77.0
GEU,2020-05-30,107.6,84.2
GEU,2020-05-31,105.8,87.8
GEU,2020-06-01,105.8,75.2
GEU,2020-06-02,107.6,84.2
GEU,2020-06-03,109.4,86.0
GEU,2020-06-04,109.4,87.8
GEU,2020-06-05,107.6,86.0
GEU,2020-06-06,89.6,73.4
GEU,2020-06-07,93.2,78.8
GEU,2020-06-08,89.6,69.8
GEU,2020-06-09,93.2,68.0
GEU,2020-06-10,102.2,69.8
GEU,2020-06-11,107.6,69.8
GEU,2020-06-12,105.8,75.2
GEU,2020-06-13,102.2,80.6
GEU,2020-06-14,102.2,78.8
GEU,2020-06-15,102.2,73.4
GEU,2020-06-16,104.0,78.8
GEU,2020-06-17,102.2,73.4
GEU,2020-06-18,100.4,78.8
GEU,2020-06-19,102.2,75.2
GEU,2020-06-20,105.8,82.4
GEU,2020-06-21,107.6,80.6
GEU,2020-06-22,107.6,80.6
GEU,2020-06-23,107.6,82.4
GEU,2020-06-24,109.4,77.0
GEU,2020-06-25,107.6,80.6
GEU,2020-06-26,107.6,80.6
GEU,2020-06-27,105.8,84.2
GEU,2020-06-28,102.2,86.0
GEU,2020-06-29,98.6,80.6
GEU,2020-06-30,98.6,73.4
GEU,2020-07-01,102.2,75.2
GEU,2020-07-02,100.4,77.0
GEU,2020-07-03,102.2,84.2
GEU,2020-07-04,107.6,87.8
GEU,2020-07-05,109.4,89.6
GEU,2020-07-06,109.4,80.6
GEU,2020-07-07,109.4,80.6
GEU,2020-07-08,107.6,87.8
GEU,2020-07-10,111.2,89.6
GEU,2020-07-11,114.8,93.2
GEU,2020-07-12,114.8,96.8
GEU,2020-07-13,109.4,91.4
GEU,2020-07-14,109.4,87.8
GEU,2020-07-15,107.6,87.8
GEU,2020-07-16,109.4,86.0
GEU,2020-07-17,107.6,82.4
GEU,2020-07-18,109.4,91.4
GEU,2020-07-19,107.6,98.6
GEU,2020-07-20,100.4,91.4
GEU,2020-07-21,107.6,84.2
GEU,2020-07-22,107.6,84.2
GEU,2020-07-23,96.8,84.2
GEU,2020-07-24,102.2,80.6
GEU,2020-07-25,104.0,86.0
GEU,2020-07-26,109.4,84.2
GEU,2020-07-27,109.4,86.0
GEU,2020-07-28,111.2,87.8
GEU,2020-07-29,114.8,89.6
GEU,2020-07-30,116.6,89.6
GEU,2020-07-31,114.8,91.4
GEU,2020-08-01,109.4,89.6
GEU,2020-08-02,107.6,91.4
GEU,2020-08-03,111.2,87.8
GEU,2020-08-04,109.4,84.2
GEU,2020-08-05,107.6,86.0
GEU,2020-08-06,105.8,82.4
GEU,2020-08-07,107.6,80.6
GEU,2020-08-08,109.4,84.2
GEU,2020-08-09,111.2,84.2
GEU,2020-08-10,111.2,80.6
GEU,2020-08-12,109.4,84.2
GEU,2020-08-13,114.8,89.6
GEU,2020-08-14,116.6,86.0
GEU,2020-08-15,111.2,93.2
GEU,2020-08-16,114.8,91.4
GEU,2020-08-17,113.0,87.8
GEU,2020-08-18,111.2,87.8
GEU,2020-08-19,111.2,86.0
GEU,2020-08-20,109.4,82.4
GEU,2020-08-21,100.4,82.4
GEU,2020-08-22,105.8,87.8
GEU,2020-08-23,109.4,87.8
GEU,2020-08-24,113.0,87.8
GEU,2020-08-25,111.2,84.2
GEU,2020-08-26,109.4,87.8
GEU,2020-08-27,111.2,87.8
GEU,2020-08-29,102.2,87.8
GEU,2020-08-30,100.4,82.4
GEU,2020-08-31,98.6,73.4
GEU,2020-09-01,102.2,84.2
GEU,2020-09-02,102.2,82.4
GEU,2020-09-03,107.6,82.4
GEU,2020-09-04,114.8,82.4
GEU,2020-09-05,114.8,84.2
GEU,2020-09-06,111.2,87.8
GEU,2020-09-07,107.6,80.6
GEU,2020-09-08,98.6,84.2
GEU,2020-09-09,87.8,69.8
GEU,2020-09-10,89.6,69.8
GEU,2020-09-11,89.6,66.2
GEU,2020-09-12,96.8,69.8
GEU,2020-09-13,100.4,69.8
GEU,2020-09-14,102.2,78.8
GEU,2020-09-15,102.2,75.2
GEU,2020-09-16,105.8,75.2
GEU,2020-09-17,107.6,75.2
GEU,2020-09-18,104.0,77.0
GEU,2020-09-19,102.2,80.6
GEU,2020-09-20,105.8,73.4
GEU,2020-09-21,102.2,78.8
GEU,2020-09-22,100.4,82.4
GEU,2020-09-23,104.0,77.0
GEU,2020-09-24,105.8,73.4
GEU,2020-09-25,102.2,75.2
GEU,2020-09-26,100.4,73.4
GEU,2020-09-27,100.4,71.6
GEU,2020-09-28,102.2,71.6
GEU,2020-09-29,100.4,75.2
GEU,2020-09-30,104.0,68.0
GEU,2020-10-01,105.8,68.0
GEU,2020-10-02,105.8,68.0
GEU,2020-10-03,102.2,69.8
GEU,2020-10-04,102.2,64.4
GEU,2020-10-05,102.2,71.6
GEU,2020-10-06,102.2,68.0
GEU,2020-10-07,102.2,66.2
GEU,2020-10-08,98.6,66.2
GEU,2020-10-09,98.6,68.0
GEU,2020-10-10,93.2,62.6
GEU,2020-10-11,93.2,62.6
GEU,2020-10-12,96.8,64.4
GEU,2020-10-13,100.4,84.2
GEU,2020-10-14,98.6,64.4
GEU,2020-10-15,98.6,66.2
GEU,2020-10-16,100.4,66.2
GEU,2020-10-17,93.2,64.4
GEU,2020-10-18,93.2,60.8
GEU,2020-10-19,95.0,62.6
GEU,2020-10-20,96.8,60.8
GEU,2020-10-21,95.0,62.6
GEU,2020-10-22,91.4,62.6
GEU,2020-10-23,89.6,66.2
GEU,2020-10-24,84.2,66.2
GEU,2020-10-25,84.2,68.0
GEU,2020-10-26,64.4,60.8
GEU,2020-10-27,66.2,50.0
GEU,2020-10-28,69.8,44.6
GEU,2020-10-29,82.4,48.2
GEU,2020-10-30,86.0,55.4
GEU,2020-10-31,84.2,59.0
GEU,2020-11-01,95.0,60.8
GEU,2020-11-02,93.2,78.8
GEU,2020-11-03,91.4,62.6
GEU,2020-11-04,91.4,60.8
GEU,2020-11-05,96.8,60.8
GEU,2020-11-06,89.6,71.6
GEU,2020-11-07,66.2,66.2
GEU,2020-11-08,64.4,48.2
GEU,2020-11-09,60.8,44.6
GEU,2020-11-10,66.2,41.0
GEU,2020-11-11,69.8,42.8
GEU,2020-11-12,71.6,42.8
GEU,2020-11-13,75.2,46.4
GEU,2020-11-14,75.2,48.2
GEU,2020-11-15,80.6,44.6
GEU,2020-11-16,89.6,48.2
GEU,2020-11-17,87.8,55.4
GEU,2020-11-18,87.8,55.4
GEU,2020-11-19,84.2,55.4
GEU,2020-11-20,86.0,55.4
GEU,2020-11-21,82.4,57.2
GEU,2020-11-22,82.4,53.6
GEU,2020-11-23,78.8,53.6
GEU,2020-11-24,71.6,48.2
GEU,2020-11-25,69.8,42.8
GEU,2020-11-26,69.8,42.8
GEU,2020-11-27,64.4,39.2
GEU,2020-11-28,68.0,41.0
GEU,2020-11-29,73.4,41.0
GEU,2020-11-30,71.6,48.2
GEU,2020-12-01,69.8,41.0
GEU,2020-12-02,69.8,41.0
GEU,2020-12-03,64.4,51.8
GEU,2020-12-04,66.2,35.6
GEU,2020-12-05,69.8,37.4
GEU,2020-12-06,71.6,37.4
GEU,2020-12-07,80.6,39.2
GEU,2020-12-08,78.8,48.2
GEU,2020-12-09,78.8,44.6
GEU,2020-12-10,57.2,51.8
GEU,2020-12-11,62.6,44.6
GEU,2020-12-12,64.4,44.6
GEU,2020-12-13,62.6,44.6
GEU,2020-12-15,53.6,51.8
GEU,2020-12-16,62.6,37.4
GEU,2020-12-17,60.8,37.4
GEU,2020-12-18,64.4,35.6
GEU,2020-12-19,66.2,37.4
GEU,2020-12-20,66.2,39.2
GEU,2020-12-21,75.2,39.2
GEU,2020-12-22,69.8,41.0
GEU,2020-12-23,68.0,39.2
GEU,2020-12-24,57.2,41.0
GEU,2020-12-25,68.0,44.6
GEU,2020-12-26,68.0,39.2
GEU,2020-12-27,69.8,37.4
GEU,2020-12-28,64.4,44.6
GEU,2020-12-29,60.8,41.0
GEU,2020-12-30,64.4,44.6
GEU,2020-12-31,57.2,37.4
GEU,2021-01-01,64.4,35.6
GEU,2021-01-02,62.6,35.6
GEU,2021-01-03,62.6,35.6
GEU,2021-01-04,62.6,53.6
GEU,2021-01-05,68.0,39.2
GEU,2021-01-06,68.0,37.4
GEU,2021-01-07,60.8,60.8
GEU,2021-01-08,66.2,39.2
GEU,2021-01-09,66.2,35.6
GEU,2021-01-10,64.4,41.0
GEU,2021-01-11,64.4,37.4
GEU,2021-01-12,66.2,39.2
GEU,2021-01-13,66.2,35.6
GEU,2021-01-14,71.6,39.2
GEU,2021-01-15,77.0,60.8
GEU,2021-01-16,75.2,41.0
GEU,2021-01-17,75.2,39.2
GEU,2021-01-18,69.8,39.2
GEU,2021-01-19,66.2,53.6
GEU,2021-01-20,73.4,57.2
GEU,2021-01-21,71.6,55.4
GEU,2021-01-22,66.2,53.6
GEU,2021-01-23,62.6,55.4
GEU,2021-01-24,53.6,48.2
GEU,2021-01-25,53.6,39.2
GEU,2021-01-26,51.8,42.8
GEU,2021-01-27,60.8,33.8
GEU,2021-01-28,69.8,44.6
GEU,2021-01-29,64.4,46.4
GEU,2021-01-30,60.8,41.0
GEU,2021-01-31,71.6,39.2
GEU,2021-02-01,69.8,50.0
GEU,2021-02-02,80.6,55.4
GEU,2021-02-03,78.8,60.8
GEU,2021-02-04,73.4,53.6
GEU,2021-02-05,68.0,44.6
GEU,2021-02-06,71.6,41.0
GEU,2021-02-07,73.4,42.8
GEU,2021-02-08,73.4,44.6
GEU,2021-02-09,71.6,44.6
GEU,2021-02-10,71.6,51.8
GEU,2021-02-11,73.4,44.6
GEU,2021-02-12,71.6,51.8
GEU,2021-02-13,69.8,48.2
GEU,2021-02-14,66.2,44.6
GEU,2021-02-15,64.4,41.0
GEU,2021-02-16,69.8,51.8
GEU,2021-02-17,66.2,48.2
GEU,2021-02-18,64.4,46.4
GEU,2021-02-19,69.8,41.0
GEU,2021-02-20,75.2,42.8
GEU,2021-02-21,69.8,46.4
GEU,2021-02-22,75.2,42.8
GEU,2021-02-23,78.8,46.4
GEU,2021-02-24,78.8,44.6
GEU,2021-02-25,66.2,53.6
GEU,2021-02-26,69.8,41.0
GEU,2021-02-27,69.8,37.4
GEU,2021-02-28,62.6,44.6
GEU,2021-03-01,69.8,35.6
GEU,2021-03-02,77.0,46.4
GEU,2021-03-03,82.4,44.6
GEU,2021-03-04,69.8,53.6
GEU,2021-03-05,80.6,48.2
GEU,2021-03-06,84.2,51.8
GEU,2021-03-07,84.2,59.0
GEU,2021-03-08,82.4,64.4
GEU,2021-03-09,75.2,60.8
GEU,2021-03-10,66.2,48.2
GEU,2021-03-11,66.2,48.2
GEU,2021-03-12,60.8,48.2
GEU,2021-03-13,62.6,44.6
GEU,2021-03-14,68.0,41.0
GEU,2021-03-15,73.4,50.0
GEU,2021-03-16,60.8,46.4
GEU,2021-03-17,69.8,42.8
GEU,2021-03-18,78.8,48.2
GEU,2021-03-19,82.4,48.2
GEU,2021-03-20,84.2,53.6
GEU,2021-03-21,75.2,55.4
GEU,2021-03-22,71.6,55.4
GEU,2021-03-23,62.6,53.6
GEU,2021-03-24,71.6,46.4
GEU,2021-03-25,71.6,50.0
GEU,2021-03-26,64.4,53.6
GEU,2021-03-27,78.8,48.2
GEU,2021-03-28,84.2,59.0
GEU,2021-03-29,87.8,53.6
GEU,2021-03-30,84.2,57.2
GEU,2021-03-31,87.8,57.2
GEU,2021-04-01,93.2,62.6
GEU,2021-04-02,91.4,69.8
GEU,2021-04-03,96.8,62.6
GEU,2021-04-04,96.8,60.8
GEU,2021-04-05,96.8,62.6
GEU,2021-04-06,91.4,69.8
GEU,2021-04-07,89.6,60.8
GEU,2021-04-08,91.4,68.0
GEU,2021-04-09,91.4,64.4
GEU,2021-04-10,91.4,62.6
GEU,2021-04-11,91.4,62.6
GEU,2021-04-12,89.6,66.2
GEU,2021-04-13,87.8,64.4
GEU,2021-04-14,84.2,62.6
GEU,2021-04-15,80.6,57.2
GEU,2021-04-16,82.4,60.8
GEU,2021-04-17,84.2,59.0
GEU,2021-04-18,80.6,66.2
GEU,2021-04-19,87.8,60.8
GEU,2021-04-20,91.4,55.4
GEU,2021-04-21,89.6,60.8
GEU,2021-04-22,78.8,64.4
GEU,2021-04-23,84.2,62.6
GEU,2021-04-24,89.6,64.4
GEU,2021-04-25,91.4,62.6
GEU,2021-04-26,78.8,66.2
GEU,2021-04-27,73.4,59.0
GEU,2021-04-28,80.6,60.8
GEU,2021-04-29,91.4,59.0
GEU,2021-04-30,96.8,64.4
GEU,2021-05-01,98.6,68.0
GEU,2021-05-02,91.4,69.8
GEU,2021-05-03,89.6,64.4
GEU,2021-05-04,91.4,62.6
GEU,2021-05-05,96.8,64.4
GEU,2021-05-06,98.6,71.6
GEU,2021-05-07,93.2,69.8
GEU,2021-05-08,91.4,73.4
GEU,2021-05-09,93.2,71.6
GEU,2021-05-10,93.2,66.2
GEU,2021-05-11,93.2,64.4
GEU,2021-05-12,98.6,64.4
GEU,2021-05-13,100.4,69.8
GEU,2021-05-14,98.6,66.2
GEU,2021-05-15,95.0,78.8
GEU,2021-05-16,89.6,71.6
GEU,2021-05-17,87.8,68.0
GEU,2021-05-18,93.2,73.4
GEU,2021-05-19,98.6,71.6
GEU,2021-05-20,96.8,73.4
GEU,2021-05-21,82.4,73.4
GEU,2021-05-22,80.6,62.6
GEU,2021-05-23,87.8,60.8
GEU,2021-05-24,91.4,60.8
GEU,2021-05-25,95.0,64.4
GEU,2021-05-26,95.0,71.6
GEU,2021-05-27,96.8,68.0
GEU,2021-05-28,98.6,73.4
GEU,2021-05-29,100.4,75.2
GEU,2021-05-30,98.6,73.4
GEU,2021-05-31,98.6,71.6
GEU,2021-06-01,102.2,77.0
GEU,2021-06-02,104.0,80.6
GEU,2021-06-03,105.8,80.6
GEU,2021-06-04,105.8,78.8
GEU,2021-06-05,105.8,82.4
GEU,2021-06-06,102.2,87.8
GEU,2021-06-07,100.4,69.8
GEU,2021-06-08,96.8,71.6
GEU,2021-06-09,100.4,73.4
GEU,2021-06-10,98.6,95.0
GEU,2021-06-11,100.4,71.6
GEU,2021-06-12,107.6,78.8
GEU,2021-06-13,113.0,80.6
GEU,2021-06-14,113.0,80.6
GEU,2021-06-15,113.0,87.8
GEU,2021-06-16,111.2,89.6
GEU,2021-06-17,114.8,87.8
GEU,2021-06-18,114.8,89.6
GEU,2021-06-19,114.8,89.6
GEU,2021-06-20,113.0,93.2
GEU,2021-06-21,107.6,84.2
GEU,2021-06-22,105.8,86.0
GEU,2021-06-23,91.4,78.8
GEU,2021-06-24,102.2,78.8
GEU,2021-06-25,105.8,80.6
GEU,2021-06-26,107.6,87.8
GEU,2021-06-27,111.2,84.2
GEU,2021-06-28,105.8,89.6
GEU,2021-06-29,102.2,86.0
GEU,2021-06-30,105.8,84.2
GEU,2021-07-01,105.8,84.2
GEU,2021-07-02,104.0,89.6
GEU,2021-07-03,105.8,84.2
GEU,2021-07-04,100.4,80.6
GEU,2021-07-05,105.8,87.8
GEU,2021-07-06,109.4,87.8
GEU,2021-07-07,109.4,89.6
GEU,2021-07-08,109.4,91.4
GEU,2021-07-09,111.2,91.4
GEU,2021-07-10,111.2,89.6
GEU,2021-07-11,109.4,87.8
GEU,2021-07-12,105.8,91.4
GEU,2021-07-13,105.8,87.8
GEU,2021-07-14,96.8,73.4
GEU,2021-07-15,100.4,87.8
GEU,2021-07-16,102.2,86.0
GEU,2021-07-17,100.4,84.2
GEU,2021-07-18,100.4,89.6
GEU,2021-07-19,102.2,84.2
GEU,2021-07-20,105.8,87.8
GEU,2021-07-21,105.8,89.6
GEU,2021-07-22,105.8,84.2
GEU,2021-07-23,78.8,73.4
GEU,2021-07-24,84.2,75.2
GEU,2021-07-25,80.6,71.6
GEU,2021-07-26,96.8,93.2
GEU,2021-07-27,102.2,82.4
GEU,2021-07-28,104.0,84.2
GEU,2021-07-29,104.0,84.2
GEU,2021-07-30,100.4,80.6
GEU,2021-07-31,98.6,80.6
GEU,2021-08-01,104.0,86.0
GEU,2021-08-02,107.6,87.8
GEU,2021-08-03,109.4,86.0
GEU,2021-08-04,111.2,84.2
GEU,2021-08-05,107.6,89.6
GEU,2021-08-06,105.8,89.6
GEU,2021-08-07,105.8,87.8
GEU,2021-08-08,105.8,89.6
GEU,2021-08-09,93.2,86.0
GEU,2021-08-10,93.2,78.8
GEU,2021-08-11,96.8,78.8
GEU,2021-08-12,95.0,78.8
GEU,2021-08-13,96.8,82.4
GEU,2021-08-14,93.2,75.2
GEU,2021-08-15,96.8,82.4
GEU,2021-08-16,98.6,82.4
GEU,2021-08-17,93.2,73.4
GEU,2021-08-18,91.4,78.8
GEU,2021-08-19,93.2,75.2
GEU,2021-08-20,96.8,78.8
GEU,2021-08-21,98.6,80.6
GEU,2021-08-22,102.2,80.6
GEU,2021-08-23,102.2,75.2
GEU,2021-08-24,102.2,78.8
GEU,2021-08-25,107.6,82.4
GEU,2021-08-26,109.4,86.0
GEU,2021-08-27,109.4,82.4
GEU,2021-08-28,102.2,87.8
GEU,2021-08-29,105.8,87.8
GEU,2021-08-30,102.2,87.8
GEU,2021-08-31,89.6,78.8
GEU,2021-09-01,93.2,73.4
GEU,2021-09-02,93.2,77.0
GEU,2021-09-03,100.4,80.6
GEU,2021-09-04,102.2,82.4
GEU,2021-09-05,105.8,82.4
GEU,2021-09-06,100.4,80.6
GEU,2021-09-07,105.8,84.2
GEU,2021-09-08,104.0,84.2
GEU,2021-09-09,109.4,84.2
GEU,2021-09-10,105.8,80.6
GEU,2021-09-11,105.8,82.4
GEU,2021-09-12,107.6,82.4
GEU,2021-09-13,107.6,80.6
GEU,2021-09-14,105.8,80.6
GEU,2021-09-15,104.0,50.0
GEU,2021-09-16,104.0,75.2
GEU,2021-09-17,98.6,78.8
GEU,2021-09-18,95.0,82.4
GEU,2021-09-19,98.6,78.8
GEU,2021-09-20,98.6,71.6
GEU,2021-09-21,100.4,71.6
GEU,2021-09-22,100.4,73.4
GEU,2021-09-23,98.6,87.8
GEU,2021-09-24,91.4,78.8
GEU,2021-09-25,93.2,75.2
GEU,2021-09-26,77.0,69.8
GEU,2021-09-27,84.2,66.2
GEU,2021-09-28,91.4,69.8
GEU,2021-09-29,84.2,69.8
GEU,2021-09-30,87.8,69.8
GEU,2021-10-01,89.6,66.2
GEU,2021-10-02,91.4,66.2
GEU,2021-10-03,93.2,66.2
GEU,2021-10-04,96.8,69.8
GEU,2021-10-05,86.0,73.4
GEU,2021-10-06,87.8,66.2
GEU,2021-10-07,89.6,71.6
GEU,2021-10-08,89.6,68.0
GEU,2021-10-09,82.4,69.8
GEU,2021-10-10,82.4,62.6
GEU,2021-10-11,86.0,55.4
GEU,2021-10-12,68.0,53.6
GEU,2021-10-13,73.4,51.8
GEU,2021-10-14,78.8,50.0
GEU,2021-10-15,84.2,60.8
GEU,2021-10-16,89.6,60.8
GEU,2021-10-17,87.8,60.8
GEU,2021-10-18,84.2,60.8
GEU,2021-10-19,78.8,55.4
GEU,2021-10-20,82.4,57.2
GEU,2021-10-21,87.8,59.0
GEU,2021-10-22,87.8,57.2
GEU,2021-10-23,84.2,57.2
GEU,2021-10-24,84.2,60.8
GEU,2021-10-25,87.8,62.6
GEU,2021-10-26,77.0,62.6
GEU,2021-10-27,78.8,55.4
GEU,2021-10-28,84.2,55.4
GEU,2021-10-29,91.4,57.2
GEU,2021-10-30,86.0,59.0
GEU,2021-10-31,84.2,57.2
GEU,2021-11-01,82.4,60.8
GEU,2021-11-02,82.4,59.0
GEU,2021-11-03,86.0,57.2
GEU,2021-11-04,87.8,57.2
GEU,2021-11-05,87.8,57.2
GEU,2021-11-06,87.8,55.4
GEU,2021-11-07,84.2,55.4
GEU,2021-11-08,84.2,57.2
GEU,2021-11-09,80.6,57.2
GEU,2021-11-10,82.4,53.6
GEU,2021-11-11,84.2,53.6
GEU,2021-11-12,86.0,53.6
GEU,2021-11-13,86.0,53.6
GEU,2021-11-14,86.0,53.6
GEU,2021-11-15,84.2,48.2
GEU,2021-11-16,78.8,51.8
GEU,2021-11-17,78.8,48.2
GEU,2021-11-18,82.4,48.2
GEU,2021-11-19,80.6,51.8
GEU,2021-11-20,78.8,51.8
GEU,2021-11-21,80.6,53.6
GEU,2021-11-22,80.6,57.2
GEU,2021-11-23,73.4,71.6
GEU,2021-11-24,73.4,60.8
GEU,2021-11-25,75.2,57.2
GEU,2021-11-26,75.2,59.0
GEU,2021-11-27,75.2,48.2
GEU,2021-11-28,78.8,46.4
GEU,2021-11-29,80.6,48.2
GEU,2021-11-30,78.8,48.2
GEU,2021-12-01,82.4,50.0
GEU,2021-12-02,82.4,51.8
GEU,2021-12-03,78.8,51.8
GEU,2021-12-04,75.2,48.2
GEU,2021-12-05,75.2,46.4
GEU,2021-12-06,75.2,46.4
GEU,2021-12-07,71.6,48.2
GEU,2021-12-08,71.6,55.4
GEU,2021-12-09,68.0,50.0
GEU,2021-12-10,59.0,51.8
GEU,2021-12-11,66.2,48.2
GEU,2021-12-12,69.8,46.4
GEU,2021-12-13,68.0,46.4
GEU,2021-12-14,69.8,57.2
GEU,2021-12-15,55.4,44.6
GEU,2021-12-16,60.8,37.4
GEU,2021-12-17,62.6,39.2
GEU,2021-12-18,68.0,51.8
GEU,2021-12-20,64.4,57.2
GEU,2021-12-21,64.4,48.2
GEU,2021-12-22,71.6,44.6
GEU,2021-12-23,71.6,57.2
GEU,2021-12-24,59.0,53.6
GEU,2021-12-25,60.8,53.6
GEU,2021-12-26,62.6,53.6
GEU,2021-12-27,57.2,48.2
GEU,2021-12-28,55.4,44.6
GEU,2021-12-29,59.0,48.2
GEU,2021-12-30,60.8,44.6
GEU,2021-12-31,60.8,51.8
GEU,2022-01-01,55.4,48.2
GEU,2022-01-02,59.0,37.4
GEU,2022-01-03,62.6,35.6
GEU,2022-01-04,64.4,39.2
GEU,2022-01-05,64.4,37.4
GEU,2022-01-06,66.2,39.2
GEU,2022-01-07,69.8,41.0
GEU,2022-01-08,66.2,46.4
GEU,2022-01-09,73.4,41.0
GEU,2022-01-10,73.4,44.6
GEU,2022-01-11,69.8,48.2
GEU,2022-01-12,68.0,42.8
GEU,2022-01-13,69.8,39.2
GEU,2022-01-14,69.8,50.0
GEU,2022-01-15,69.8,51.8
GEU,2022-01-16,71.6,39.2
GEU,2022-01-17,69.8,44.6
GEU,2022-01-18,68.0,50.0
GEU,2022-01-19,68.0,46.4
GEU,2022-01-20,71.6,46.4
GEU,2022-01-21,68.0,41.0
GEU,2022-01-22,69.8,55.4
GEU,2022-01-23,69.8,44.6
GEU,2022-01-24,66.2,44.6
GEU,2022-01-25,66.2,39.2
GEU,2022-01-26,66.2,44.6
GEU,2022-01-27,68.0,41.0
GEU,2022-01-28,69.8,51.8
GEU,2022-01-29,71.6,48.2
GEU,2022-01-30,71.6,51.8
GEU,2022-01-31,68.0,42.8
GEU,2022-02-01,68.0,48.2
GEU,2022-02-02,60.8,46.4
GEU,2022-02-03,57.2,42.8
GEU,2022-02-04,64.4,33.8
GEU,2022-02-05,66.2,37.4
GEU,2022-02-06,69.8,37.4
GEU,2022-02-07,69.8,51.8
GEU,2022-02-08,77.0,42.8
GEU,2022-02-09,78.8,46.4
GEU,2022-02-10,80.6,50.0
GEU,2022-02-11,78.8,48.2
GEU,2022-02-12,80.6,48.2
GEU,2022-02-13,80.6,73.4
GEU,2022-02-14,80.6,46.4
GEU,2022-02-15,77.0,44.6
GEU,2022-02-16,60.8,51.8
GEU,2022-02-17,66.2,46.4
GEU,2022-02-18,69.8,39.2
GEU,2022-02-19,77.0,42.8
GEU,2022-02-20,75.2,44.6
GEU,2022-02-21,69.8,48.2
GEU,2022-02-22,64.4,51.8
GEU,2022-02-23,53.6,44.6
GEU,2022-02-24,57.2,35.6
GEU,2022-02-25,62.6,39.2
GEU,2022-02-26,68.0,41.0
GEU,2022-02-27,71.6,41.0
GEU,2022-02-28,80.6,50.0
GEU,2022-03-01,82.4,50.0
GEU,2022-03-02,84.2,51.8
GEU,2022-03-03,84.2,55.4
GEU,2022-03-04,68.0,57.2
GEU,2022-03-05,68.0,51.8
GEU,2022-03-06,60.8,42.8
GEU,2022-03-07,66.2,42.8
GEU,2022-03-08,64.4,48.2
GEU,2022-03-09,69.8,39.2
GEU,2022-03-10,69.8,46.4
GEU,2022-03-11,68.0,51.8
GEU,2022-03-12,75.2,41.0
GEU,2022-03-13,78.8,46.4
GEU,2022-03-14,80.6,50.0
GEU,2022-03-15,84.2,50.0
GEU,2022-03-16,82.4,50.0
GEU,2022-03-17,78.8,59.0
GEU,2022-03-18,82.4,48.2
GEU,2022-03-19,84.2,51.8
GEU,2022-03-20,73.4,60.8
GEU,2022-03-21,77.0,53.6
GEU,2022-03-22,80.6,59.0
GEU,2022-03-23,80.6,62.6
GEU,2022-03-24,86.0,48.2
GEU,2022-03-25,93.2,55.4
GEU,2022-03-26,93.2,57.2
GEU,2022-03-27,91.4,53.6
GEU,2022-03-28,80.6,66.2
GEU,2022-03-29,69.8,53.6
GEU,2022-03-30,80.6,55.4
GEU,2022-03-31,80.6,60.8
GEU,2022-04-01,84.2,55.4
GEU,2022-04-02,86.0,60.8
GEU,2022-04-03,82.4,62.6
GEU,2022-04-04,86.0,60.8
GEU,2022-04-05,91.4,66.2
GEU,2022-04-06,93.2,68.0
GEU,2022-04-07,95.0,69.8
GEU,2022-04-08,95.0,59.0
GEU,2022-04-09,95.0,62.6
GEU,2022-04-10,87.8,66.2
GEU,2022-04-11,84.2,66.2
GEU,2022-04-12,71.6,64.4
GEU,2022-04-13,73.4,42.8
GEU,2022-04-14,82.4,50.0
GEU,2022-04-15,86.0,53.6
GEU,2022-04-16,89.6,60.8
GEU,2022-04-17,89.6,59.0
GEU,2022-04-18,95.0,59.0
GEU,2022-04-19,96.8,66.2
GEU,2022-04-20,87.8,62.6
GEU,2022-04-21,91.4,66.2
GEU,2022-04-22,77.0,66.2
GEU,2022-04-23,80.6,57.2
GEU,2022-04-24,84.2,66.2
GEU,2022-04-25,91.4,55.4
GEU,2022-04-26,96.8,59.0
GEU,2022-04-27,91.4,66.2
GEU,2022-04-28,89.6,62.6
GEU,2022-04-29,89.6,64.4
GEU,2022-04-30,93.2,64.4
GEU,2022-05-01,95.0,68.0
GEU,2022-05-02,91.4,68.0
GEU,2022-05-03,89.6,66.2
GEU,2022-05-04,91.4,66.2
GEU,2022-05-05,93.2,64.4
GEU,2022-05-06,96.8,69.8
GEU,2022-05-07,100.4,71.6
GEU,2022-05-08,93.2,73.4
GEU,2022-05-09,86.0,66.2
GEU,2022-05-10,87.8,66.2
GEU,2022-05-11,84.2,64.4
GEU,2022-05-12,86.0,77.0
GEU,2022-05-13,95.0,60.8
GEU,2022-05-14,102.2,71.6
GEU,2022-05-15,104.0,71.6
GEU,2022-05-16,102.2,71.6
GEU,2022-05-17,100.4,71.6
GEU,2022-05-18,98.6,78.8
GEU,2022-05-19,98.6,73.4
GEU,2022-05-20,95.0,69.8
GEU,2022-05-21,91.4,75.2
GEU,2022-05-22,95.0,71.6
GEU,2022-05-23,93.2,69.8
GEU,2022-05-24,98.6,71.6
GEU,2022-05-25,102.2,71.6
GEU,2022-05-26,104.0,71.6
GEU,2022-05-27,102.2,77.0
GEU,2022-05-28,100.4,77.0
GEU,2022-05-29,93.2,75.2
GEU,2022-05-30,93.2,73.4
GEU,2022-05-31,96.8,68.0
GEU,2022-06-01,98.6,71.6
GEU,2022-06-02,102.2,68.0
GEU,2022-06-03,100.4,73.4
GEU,2022-06-04,100.4,80.6
GEU,2022-06-05,100.4,80.6
GEU,2022-06-06,102.2,77.0
GEU,2022-06-07,105.8,80.6
GEU,2022-06-08,107.6,82.4
GEU,2022-06-09,109.4,82.4
GEU,2022-06-10,113.0,84.2
GEU,2022-06-11,111.2,89.6
GEU,2022-06-12,109.4,91.4
GEU,2022-06-13,105.8,86.0
GEU,2022-06-14,102.2,80.6
GEU,2022-06-15,105.8,75.2
GEU,2022-06-16,111.2,77.0
GEU,2022-06-17,107.6,50.0
GEU,2022-06-18,98.6,87.8
GEU,2022-06-19,98.6,84.2
GEU,2022-06-20,102.2,77.0
GEU,2022-06-21,107.6,73.4
GEU,2022-06-22,104.0,86.0
GEU,2022-06-23,109.4,86.0
GEU,2022-06-24,105.8,84.2
GEU,2022-06-25,105.8,82.4
GEU,2022-06-26,105.8,84.2
GEU,2022-06-27,100.4,78.8
GEU,2022-06-28,105.8,86.0
GEU,2022-06-29,105.8,87.8
GEU,2022-06-30,104.0,84.2
GEU,2022-07-01,105.8,87.8
GEU,2022-07-02,105.8,87.8
GEU,2022-07-03,105.8,89.6
GEU,2022-07-04,104.0,84.2
GEU,2022-07-05,102.2,86.0
GEU,2022-07-06,105.8,73.4
GEU,2022-07-07,105.8,78.8
GEU,2022-07-08,111.2,86.0
GEU,2022-07-09,111.2,89.6
GEU,2022-07-10,111.2,87.8
GEU,2022-07-11,113.0,89.6
GEU,2022-07-12,109.4,93.2
GEU,2022-07-13,111.2,91.4
GEU,2022-07-14,109.4,93.2
GEU,2022-07-15,111.2,89.6
GEU,2022-07-16,113.0,100.4
GEU,2022-07-17,111.2,87.8
GEU,2022-07-18,107.6,82.4
GEU,2022-07-19,109.4,91.4
GEU,2022-07-20,109.4,91.4
GEU,2022-07-21,109.4,91.4
GEU,2022-07-22,111.2,93.2
GEU,2022-07-23,105.8,86.0
GEU,2022-07-24,98.6,75.2
GEU,2022-07-25,96.8,82.4
GEU,2022-07-26,96.8,77.0
GEU,2022-07-27,93.2,82.4
GEU,2022-07-28,91.4,82.4
GEU,2022-07-29,95.0,75.2
GEU,2022-07-30,102.2,82.4
GEU,2022-07-31,98.6,82.4
GEU,2022-08-01,102.2,84.2
GEU,2022-08-02,104.0,87.8
GEU,2022-08-03,100.4,89.6
GEU,2022-08-04,91.4,75.2
GEU,2022-08-05,100.4,78.8
GEU,2022-08-06,107.6,87.8
GEU,2022-08-07,102.2,91.4
GEU,2022-08-08,102.2,98.6
GEU,2022-08-09,98.6,75.2
GEU,2022-08-10,100.4,84.2
GEU,2022-08-11,104.0,84.2
GEU,2022-08-12,102.2,84.2
GEU,2022-08-13,104.0,82.4
GEU,2022-08-14,102.2,84.2
GEU,2022-08-15,98.6,78.8
GEU,2022-08-16,104.0,86.0
GEU,2022-08-17,102.2,86.0
GEU,2022-08-18,104.0,84.2
GEU,2022-08-19,95.0,77.0
GEU,2022-08-20,95.0,80.6
GEU,2022-08-21,95.0,77.0
GEU,2022-08-22,96.8,77.0
GEU,2022-08-23,102.2,82.4
GEU,2022-08-24,100.4,84.2
GEU,2022-08-25,100.4,84.2
GEU,2022-08-26,104.0,86.0
GEU,2022-08-27,102.2,89.6
GEU,2022-08-28,102.2,84.2
GEU,2022-08-29,105.8,87.8
GEU,2022-08-30,109.4,86.0
GEU,2022-08-31,107.6,86.0
GEU,2022-09-01,105.8,84.2
GEU,2022-09-02,105.8,84.2
GEU,2022-09-03,105.8,87.8
GEU,2022-09-04,107.6,91.4
GEU,2022-09-05,107.6,82.4
GEU,2022-09-06,107.6,82.4
GEU,2022-09-07,105.8,84.2
GEU,2022-09-08,102.2,82.4
GEU,2022-09-09,98.6,75.2
GEU,2022-09-10,93.2,75.2
GEU,2022-09-11,100.4,78.8
GEU,2022-09-12,95.0,77.0
GEU,2022-09-13,93.2,78.8
GEU,2022-09-14,95.0,77.0
GEU,2022-09-15,95.0,78.8
GEU,2022-09-16,95.0,78.8
GEU,2022-09-17,96.8,73.4
GEU,2022-09-18,98.6,71.6
GEU,2022-09-19,102.2,77.0
GEU,2022-09-20,93.2,78.8
GEU,2022-09-21,80.6,77.0
GEU,2022-09-22,89.6,77.0
GEU,2022-09-23,98.6,78.8
GEU,2022-09-24,100.4,80.6
GEU,2022-09-25,102.2,77.0
GEU,2022-09-26,104.0,71.6
GEU,2022-09-27,102.2,80.6
GEU,2022-09-28,100.4,78.8
GEU,2022-09-29,96.8,78.8
GEU,2022-09-30,96.8,73.4
GEU,2022-10-01,95.0,75.2
GEU,2022-10-02,95.0,77.0
GEU,2022-10-03,96.8,77.0
GEU,2022-10-04,91.4,69.8
GEU,2022-10-05,93.2,69.8
GEU,2022-10-06,91.4,73.4
GEU,2022-10-07,91.4,71.6
GEU,2022-10-08,87.8,71.6
GEU,2022-10-09,87.8,68.0
GEU,2022-10-10,89.6,69.8
GEU,2022-10-11,91.4,69.8
GEU,2022-10-12,93.2,68.0
GEU,2022-10-13,95.0,68.0
GEU,2022-10-14,96.8,66.2
GEU,2022-10-15,78.8,66.2
GEU,2022-10-16,78.8,64.4
GEU,2022-10-17,82.4,62.6
GEU,2022-10-18,86.0,64.4
GEU,2022-10-19,87.8,68.0
GEU,2022-10-20,87.8,64.4
GEU,2022-10-21,86.0,62.6
GEU,2022-10-22,86.0,64.4
GEU,2022-10-23,75.2,66.2
GEU,2022-10-24,71.6,55.4
GEU,2022-10-25,75.2,48.2
GEU,2022-10-26,77.0,51.8
GEU,2022-10-27,78.8,53.6
GEU,2022-10-28,78.8,50.0
GEU,2022-10-29,82.4,53.6
GEU,2022-10-30,77.0,53.6
GEU,2022-10-31,80.6,51.8
GEU,2022-11-01,78.8,57.2
GEU,2022-11-02,77.0,53.6
GEU,2022-11-03,59.0,53.6
GEU,2022-11-04,62.6,44.6
GEU,2022-11-05,68.0,44.6
GEU,2022-11-06,77.0,46.4
GEU,2022-11-07,78.8,48.2
GEU,2022-11-08,77.0,50.0
GEU,2022-11-09,66.2,53.6
GEU,2022-11-10,68.0,48.2
GEU,2022-11-11,66.2,42.8
GEU,2022-11-12,69.8,41.0
GEU,2022-11-13,66.2,41.0
GEU,2022-11-14,64.4,42.8
GEU,2022-11-15,69.8,41.0
GEU,2022-11-16,68.0,51.8
GEU,2022-11-17,69.8,42.8
GEU,2022-11-18,68.0,44.6
GEU,2022-11-19,73.4,41.0
GEU,2022-11-20,71.6,46.4
GEU,2022-11-21,71.6,44.6
GEU,2022-11-22,73.4,44.6
GEU,2022-11-23,69.8,42.8
GEU,2022-11-24,69.8,57.2
GEU,2022-11-25,69.8,48.2
GEU,2022-11-26,66.2,41.0
GEU,2022-11-27,68.0,39.2
GEU,2022-11-28,69.8,44.6
GEU,2022-11-29,64.4,42.8
GEU,2022-11-30,69.8,44.6
GEU,2022-12-01,69.8,41.0
GEU,2022-12-02,68.0,50.0
GEU,2022-12-03,55.4,48.2
GEU,2022-12-04,66.2,57.2
GEU,2022-12-05,69.8,59.0
GEU,2022-12-06,68.0,55.4
GEU,2022-12-07,64.4,51.8
GEU,2022-12-08,64.4,41.0
GEU,2022-12-09,62.6,42.8
GEU,2022-12-10,64.4,37.4
GEU,2022-12-11,66.2,39.2
GEU,2022-12-12,55.4,46.4
GEU,2022-12-13,53.6,41.0
GEU,2022-12-14,53.6,33.8
GEU,2022-12-17,60.8,30.2
GEU,2022-12-18,59.0,42.8
GEU,2022-12-19,60.8,35.6
GEU,2022-12-20,62.6,41.0
GEU,2022-12-21,64.4,35.6
GEU,2022-12-22,62.6,35.6
GEU,2022-12-23,66.2,44.6
GEU,2022-12-24,69.8,41.0
GEU,2022-12-25,71.6,44.6
GEU,2022-12-26,73.4,42.8
GEU,2022-12-27,69.8,44.6
GEU,2022-12-28,57.2,51.8
GEU,2022-12-29,62.6,44.6
GEU,2022-12-30,59.0,53.6
GEU,2022-12-31,66.2,48.2
GEU,2023-01-01,59.0,50.0
GEU,2023-01-02,57.2,46.4
GEU,2023-01-03,60.8,48.2
GEU,2023-01-04,64.4,50.0
GEU,2023-01-05,64.4,46.4
GEU,2023-01-06,62.6,46.4
GEU,2023-01-07,68.0,37.4
GEU,2023-01-08,69.8,42.8
GEU,2023-01-09,68.0,46.4
GEU,2023-01-10,68.0,50.0
GEU,2023-01-11,64.4,50.0
GEU,2023-01-12,73.4,44.6
GEU,2023-01-13,75.2,53.6
GEU,2023-01-14,60.8,50.0
GEU,2023-01-15,59.0,50.0
GEU,2023-01-16,59.0,50.0
GEU,2023-01-17,57.2,48.2
GEU,2023-01-18,57.2,44.6
GEU,2023-01-19,59.0,37.4
GEU,2023-01-20,55.4,42.8
GEU,2023-01-21,57.2,37.4
GEU,2023-01-22,57.2,35.6
GEU,2023-01-23,50.0,35.6
GEU,2023-01-24,53.6,32.0
GEU,2023-01-25,59.0,33.8
GEU,2023-01-26,62.6,46.4
GEU,2023-01-27,66.2,37.4
GEU,2023-01-28,62.6,33.8
GEU,2023-01-29,66.2,35.6
GEU,2023-01-30,57.2,48.2
GEU,2023-01-31,60.8,46.4
GEU,2023-02-01,66.2,41.0
GEU,2023-02-02,66.2,39.2
GEU,2023-02-03,71.6,42.8
GEU,2023-02-04,73.4,42.8
GEU,2023-02-05,71.6,42.8
GEU,2023-02-06,69.8,44.6
GEU,2023-02-07,66.2,44.6
GEU,2023-02-08,68.0,41.0
GEU,2023-02-09,68.0,39.2
GEU,2023-02-10,69.8,44.6
GEU,2023-02-11,73.4,48.2
GEU,2023-02-12,75.2,42.8
GEU,2023-02-13,55.4,42.8
GEU,2023-02-14,57.2,41.0
GEU,2023-02-15,53.6,37.4
GEU,2023-02-16,57.2,35.6
GEU,2023-02-17,64.4,41.0
GEU,2023-02-18,71.6,44.6
GEU,2023-02-19,73.4,48.2
GEU,2023-02-20,75.2,48.2
GEU,2023-02-21,69.8,53.6
GEU,2023-02-22,59.0,50.0
GEU,2023-02-23,59.0,39.2
GEU,2023-02-24,64.4,48.2
GEU,2023-02-25,75.2,50.0
GEU,2023-02-26,57.2,44.6
GEU,2023-02-27,62.6,39.2
GEU,2023-02-28,62.6,39.2
GEU,2023-03-01,62.6,44.6
GEU,2023-03-02,53.6,39.2
GEU,2023-03-03,60.8,41.0
GEU,2023-03-04,66.2,42.8
GEU,2023-03-05,69.8,42.8
GEU,2023-03-06,71.6,50.0
GEU,2023-03-07,71.6,53.6
GEU,2023-03-08,73.4,42.8
GEU,2023-03-09,73.4,48.2
GEU,2023-03-10,77.0,46.4
GEU,2023-03-11,77.0,62.6
GEU,2023-03-12,80.6,55.4
GEU,2023-03-13,78.8,53.6
GEU,2023-03-14,78.8,51.8
GEU,2023-03-15,64.4,59.0
GEU,2023-03-16,68.0,51.8
GEU,2023-03-17,71.6,50.0
GEU,2023-03-18,71.6,71.6
GEU,2023-03-19,69.8,57.2
GEU,2023-03-20,71.6,53.6
GEU,2023-03-21,64.4,60.8
GEU,2023-03-22,64.4,51.8
GEU,2023-03-23,66.2,46.4
GEU,2023-03-24,68.0,50.0
GEU,2023-03-25,68.0,44.6
GEU,2023-03-26,68.0,46.4
GEU,2023-03-27,71.6,53.6
GEU,2023-03-28,78.8,46.4
GEU,2023-03-29,80.6,50.0
GEU,2023-03-30,66.2,55.4
GEU,2023-03-31,69.8,46.4
GEU,2023-04-01,80.6,59.0
GEU,2023-04-02,80.6,51.8
GEU,2023-04-03,78.8,51.8
GEU,2023-04-04,62.6,46.4
GEU,2023-04-05,68.0,41.0
GEU,2023-04-06,78.8,44.6
GEU,2023-04-07,82.4,50.0
GEU,2023-04-08,82.4,51.8
GEU,2023-04-09,89.6,57.2
GEU,2023-04-10,96.8,59.0
GEU,2023-04-11,96.8,64.4
GEU,2023-04-12,89.6,64.4
GEU,2023-04-13,78.8,64.4
GEU,2023-04-14,75.2,57.2
GEU,2023-04-15,84.2,57.2
GEU,2023-04-16,89.6,59.0
GEU,2023-04-17,89.6,55.4
GEU,2023-04-18,84.2,62.6
GEU,2023-04-19,80.6,57.2
GEU,2023-04-20,84.2,55.4
GEU,2023-04-21,87.8,59.0
GEU,2023-04-22,91.4,68.0
GEU,2023-04-23,93.2,73.4
GEU,2023-04-24,91.4,66.2
GEU,2023-04-25,89.6,68.0
GEU,2023-04-26,89.6,68.0
GEU,2023-04-27,95.0,62.6
GEU,2023-04-28,98.6,66.2
GEU,2023-04-29,98.6,71.6
GEU,2023-04-30,100.4,68.0
GEU,2023-05-01,96.8,69.8
GEU,2023-05-02,87.8,62.6
GEU,2023-05-03,86.0,64.4
GEU,2023-05-04,77.0,59.0
GEU,2023-05-05,80.6,59.0
GEU,2023-05-06,84.2,60.8
GEU,2023-05-07,86.0,62.6
GEU,2023-05-08,91.4,62.6
GEU,2023-05-09,91.4,60.8
GEU,2023-05-10,78.8,64.4
GEU,2023-05-11,87.8,59.0
GEU,2023-05-12,95.0,66.2
GEU,2023-05-13,96.8,71.6
GEU,2023-05-14,98.6,75.2
GEU,2023-05-15,100.4,73.4
GEU,2023-05-16,100.4,80.6
GEU,2023-05-17,98.6,75.2
GEU,2023-05-18,98.6,75.2
GEU,2023-05-19,91.4,73.4
GEU,2023-05-20,96.8,71.6
GEU,2023-05-21,98.6,77.0
GEU,2023-05-22,100.4,77.0
GEU,2023-05-23,98.6,71.6
GEU,2023-05-24,96.8,73.4
GEU,2023-05-25,95.0,73.4
GEU,2023-05-26,95.0,69.8
GEU,2023-05-27,95.0,73.4
GEU,2023-05-28,96.8,73.4
GEU,2023-05-29,96.8,66.2
GEU,2023-05-30,96.8,68.0
GEU,2023-05-31,87.8,71.6
GEU,2023-06-01,89.6,66.2
GEU,2023-06-02,93.2,69.8
GEU,2023-06-03,98.6,75.2
GEU,2023-06-04,102.2,78.8
GEU,2023-06-05,104.0,69.8
GEU,2023-06-06,96.8,69.8
GEU,2023-06-07,93.2,68.0
GEU,2023-06-08,93.2,66.2
GEU,2023-06-09,98.6,66.2
GEU,2023-06-10,96.8,73.4
GEU,2023-06-11,91.4,75.2
GEU,2023-06-12,89.6,69.8
GEU,2023-06-13,93.2,71.6
GEU,2023-06-14,96.8,73.4
GEU,2023-06-15,96.8,73.4
GEU,2023-06-16,98.6,71.6
GEU,2023-06-17,100.4,78.8
GEU,2023-06-18,104.0,80.6
GEU,2023-06-19,102.2,77.0
GEU,2023-06-20,100.4,77.0
GEU,2023-06-21,102.2,73.4
GEU,2023-06-22,102.2,77.0
GEU,2023-06-23,96.8,73.4
GEU,2023-06-24,102.2,69.8
GEU,2023-06-25,105.8,78.8
GEU,2023-06-26,107.6,75.2
GEU,2023-06-27,104.0,80.6
GEU,2023-06-28,104.0,73.4
GEU,2023-06-29,104.0,73.4
GEU,2023-06-30,107.6,73.4
GEU,2023-07-01,111.2,84.2
GEU,2023-07-02,111.2,86.0
GEU,2023-07-03,113.0,86.0
GEU,2023-07-04,109.4,87.8
GEU,2023-07-05,107.6,82.4
GEU,2023-07-06,111.2,80.6
GEU,2023-07-07,107.6,84.2
GEU,2023-07-08,109.4,87.8
GEU,2023-07-09,107.6,89.6
GEU,2023-07-10,105.8,87.8
GEU,2023-07-11,107.6,95.0
GEU,2023-07-12,107.6,91.4
GEU,2023-07-13,111.2,89.6
GEU,2023-07-14,114.8,91.4
GEU,2023-07-15,114.8,95.0
GEU,2023-07-16,111.2,95.0
GEU,2023-07-17,113.0,91.4
GEU,2023-07-18,114.8,89.6
GEU,2023-07-19,114.8,93.2
GEU,2023-07-20,116.6,91.4
GEU,2023-07-21,114.8,89.6
GEU,2023-07-22,114.8,95.0
GEU,2023-07-23,111.2,100.4
GEU,2023-07-24,113.0,91.4
GEU,2023-07-25,114.8,89.6
GEU,2023-07-26,114.8,93.2
GEU,2023-07-27,113.0,84.2
GEU,2023-07-28,113.0,93.2
GEU,2023-07-29,113.0,91.4
GEU,2023-07-30,109.4,93.2
GEU,2023-07-31,104.0,82.4
GEU,2023-08-01,104.0,86.0
GEU,2023-08-02,107.6,91.4
GEU,2023-08-03,109.4,89.6
GEU,2023-08-04,111.2,89.6
GEU,2023-08-05,111.2,87.8
GEU,2023-08-06,109.4,89.6
GEU,2023-08-07,107.6,89.6
GEU,2023-08-08,105.8,91.4
GEU,2023-08-09,105.8,89.6
GEU,2023-08-11,104.0,87.8
GEU,2023-08-12,104.0,86.0
GEU,2023-08-13,107.6,86.0
GEU,2023-08-14,102.2,84.2
GEU,2023-08-15,107.6,87.8
GEU,2023-08-16,109.4,86.0
GEU,2023-08-17,111.2,87.8
GEU,2023-08-18,104.0,86.0
GEU,2023-08-19,89.6,86.0
GEU,2023-08-20,98.6,82.4
GEU,2023-08-21,89.6,78.8
GEU,2023-08-22,100.4,75.2
GEU,2023-08-23,105.8,80.6
GEU,2023-08-24,102.2,86.0
GEU,2023-08-25,109.4,87.8
GEU,2023-08-26,109.4,89.6
GEU,2023-08-27,111.2,89.6
GEU,2023-08-28,114.8,89.6
GEU,2023-08-29,113.0,91.4
GEU,2023-08-30,109.4,87.8
GEU,2023-08-31,107.6,89.6
GEU,2023-09-01,86.0,77.0
GEU,2023-09-02,95.0,78.8
GEU,2023-09-03,98.6,77.0
GEU,2023-09-04,98.6,82.4
GEU,2023-09-05,100.4,71.6
GEU,2023-09-06,102.2,77.0
GEU,2023-09-07,105.8,77.0
GEU,2023-09-08,107.6,82.4
GEU,2023-09-09,114.8,84.2
GEU,2023-09-10,109.4,87.8
GEU,2023-09-11,104.0,82.4
GEU,2023-09-12,98.6,75.2
GEU,2023-09-13,96.8,77.0
GEU,2023-09-14,98.6,80.6
GEU,2023-09-15,100.4,77.0
GEU,2023-09-16,104.0,77.0
GEU,2023-09-17,102.2,75.2
GEU,2023-09-18,96.8,73.4
GEU,2023-09-19,96.8,69.8
GEU,2023-09-20,95.0,73.4
GEU,2023-09-21,95.0,69.8
GEU,2023-09-22,95.0,73.4
GEU,2023-09-23,95.0,75.2
GEU,2023-09-24,96.8,73.4
GEU,2023-09-25,100.4,73.4
GEU,2023-09-26,102.2,71.6
GEU,2023-09-27,102.2,68.0
GEU,2023-09-28,100.4,71.6
GEU,2023-09-29,98.6,68.0
GEU,2023-09-30,96.8,66.2
GEU,2023-10-01,80.6,68.0
GEU,2023-10-02,82.4,64.4
GEU,2023-10-03,86.0,64.4
GEU,2023-10-04,91.4,62.6
GEU,2023-10-05,96.8,66.2
GEU,2023-10-06,102.2,66.2
GEU,2023-10-07,100.4,75.2
GEU,2023-10-08,98.6,73.4
GEU,2023-10-09,98.6,69.8
GEU,2023-10-10,95.0,71.6
GEU,2023-10-11,89.6,69.8
GEU,2023-10-12,87.8,64.4
GEU,2023-10-13,87.8,60.8
GEU,2023-10-14,91.4,62.6
GEU,2023-10-15,98.6,62.6
GEU,2023-10-16,100.4,68.0
GEU,2023-10-17,98.6,69.8
GEU,2023-10-18,98.6,62.6
GEU,2023-10-19,102.2,66.2
GEU,2023-10-20,102.2,68.0
GEU,2023-10-21,100.4,64.4
GEU,2023-10-22,89.6,86.0
GEU,2023-10-23,84.2,69.8
GEU,2023-10-24,84.2,64.4
GEU,2023-10-25,82.4,60.8
GEU,2023-10-26,82.4,64.4
GEU,2023-10-28,82.4,59.0
GEU,2023-10-29,77.0,57.2
GEU,2023-10-30,78.8,60.8
GEU,2023-10-31,78.8,53.6
GEU,2023-11-01,80.6,55.4
GEU,2023-11-02,82.4,53.6
GEU,2023-11-03,84.2,51.8
GEU,2023-11-04,86.0,51.8
GEU,2023-11-05,91.4,57.2
GEU,2023-11-06,89.6,57.2
GEU,2023-11-07,86.0,53.6
GEU,2023-11-08,78.8,59.0
GEU,2023-11-09,77.0,50.0
GEU,2023-11-10,75.2,50.0
GEU,2023-11-11,78.8,50.0
GEU,2023-11-12,80.6,57.2
GEU,2023-11-13,86.0,57.2
GEU,2023-11-14,86.0,60.8
GEU,2023-11-15,84.2,62.6
GEU,2023-11-16,75.2,62.6
GEU,2023-11-17,78.8,60.8
GEU,2023-11-18,73.4,60.8
GEU,2023-11-19,73.4,57.2
GEU,2023-11-20,73.4,53.6
GEU,2023-11-21,77.0,53.6
GEU,2023-11-22,75.2,51.8
GEU,2023-11-23,68.0,50.0
GEU,2023-11-24,69.8,46.4
GEU,2023-11-25,66.2,51.8
GEU,2023-11-26,69.8,44.6
GEU,2023-11-27,73.4,53.6
GEU,2023-11-28,75.2,51.8
GEU,2023-11-29,69.8,50.0
GEU,2023-11-30,62.6,51.8
GEU,2023-12-01,62.6,51.8
GEU,2023-12-02,64.4,42.8
GEU,2023-12-03,66.2,42.8
GEU,2023-12-04,68.0,42.8
GEU,2023-12-05,80.6,46.4
GEU,2023-12-06,80.6,51.8
GEU,2023-12-07,75.2,44.6
GEU,2023-12-08,69.8,46.4
GEU,2023-12-09,66.2,51.8
GEU,2023-12-10,69.8,42.8
GEU,2023-12-11,68.0,42.8
GEU,2023-12-12,64.4,46.4
GEU,2023-12-13,66.2,39.2
GEU,2023-12-14,66.2,39.2
GEU,2023-12-15,73.4,41.0
GEU,2023-12-16,78.8,46.4
GEU,2023-12-17,75.2,41.0
GEU,2023-12-18,71.6,50.0
GEU,2023-12-19,73.4,53.6
GEU,2023-12-20,73.4,57.2
GEU,2023-12-21,75.2,48.2
GEU,2023-12-22,60.8,51.8
GEU,2023-12-23,57.2,48.2
GEU,2023-12-24,60.8,44.6
GEU,2023-12-25,60.8,42.8
GEU,2023-12-26,60.8,39.2
GEU,2023-12-27,62.6,39.2
GEU,2023-12-28,66.2,41.0
GEU,2023-12-29,69.8,39.2
GEU,2023-12-30,69.8,41.0
GEU,2023-12-31,60.8,42.8
GEU,2024-01-01,60.8,44.6
GEU,2024-01-02,64.4,37.4
GEU,2024-01-03,60.8,41.0
GEU,2024-01-04,59.0,41.0
GEU,2024-01-05,57.2,46.4
GEU,2024-01-06,59.0,33.8
GEU,2024-01-07,53.6,42.8
GEU,2024-01-08,51.8,32.0
GEU,2024-01-09,53.6,30.2
GEU,2024-01-10,57.2,32.0
GEU,2024-01-11,57.2,37.4
GEU,2024-01-12,55.4,30.2
GEU,2024-01-13,59.0,32.0
GEU,2024-01-14,64.4,37.4
GEU,2024-01-15,66.2,37.4
GEU,2024-01-16,66.2,37.4
GEU,2024-01-17,64.4,39.2
GEU,2024-01-18,73.4,42.8
GEU,2024-01-19,73.4,44.6
GEU,2024-01-20,66.2,48.2
GEU,2024-01-21,55.4,51.8
GEU,2024-01-22,60.8,50.0
GEU,2024-01-23,57.2,53.6
GEU,2024-01-24,60.8,51.8
GEU,2024-01-25,64.4,48.2
GEU,2024-01-26,68.0,42.8
GEU,2024-01-27,75.2,42.8
GEU,2024-01-28,77.0,50.0
GEU,2024-01-29,78.8,50.0
GEU,2024-01-30,78.8,48.2
GEU,2024-01-31,77.0,51.8
GEU,2024-02-01,77.0,55.4
GEU,2024-02-02,62.6,51.8
GEU,2024-02-03,60.8,46.4
GEU,2024-02-04,68.0,48.2
GEU,2024-02-05,71.6,48.2
GEU,2024-02-06,64.4,57.2
GEU,2024-02-07,59.0,48.2
GEU,2024-02-08,57.2,46.4
GEU,2024-02-09,57.2,37.4
GEU,2024-02-10,59.0,44.6
GEU,2024-02-11,59.0,37.4
GEU,2024-02-12,64.4,39.2
GEU,2024-02-13,68.0,39.2
GEU,2024-02-14,68.0,42.8
GEU,2024-02-15,71.6,44.6
GEU,2024-02-16,71.6,46.4
GEU,2024-02-17,73.4,48.2
GEU,2024-02-18,73.4,48.2
GEU,2024-02-19,75.2,50.0
GEU,2024-02-20,77.0,50.0
GEU,2024-02-21,71.6,64.4
GEU,2024-02-22,73.4,50.0
GEU,2024-02-23,78.8,51.8
GEU,2024-02-24,75.2,53.6
GEU,2024-02-25,80.6,53.6
GEU,2024-02-26,73.4,59.0
GEU,2024-02-27,73.4,57.2
GEU,2024-02-28,77.0,51.8
GEU,2024-02-29,73.4,48.2
GEU,2024-03-01,77.0,48.2
GEU,2024-03-02,75.2,50.0
GEU,2024-03-03,69.8,53.6
GEU,2024-03-04,69.8,50.0
GEU,2024-03-05,75.2,48.2
GEU,2024-03-06,73.4,53.6
GEU,2024-03-07,60.8,50.0
GEU,2024-03-08,68.0,51.8
GEU,2024-03-09,73.4,50.0
GEU,2024-03-10,78.8,51.8
GEU,2024-03-11,78.8,55.4
GEU,2024-03-12,75.2,51.8
GEU,2024-03-13,75.2,51.8
GEU,2024-03-14,69.8,50.0
GEU,2024-03-15,60.8,50.0
GEU,2024-03-16,64.4,62.6
GEU,2024-03-17,68.0,50.0
GEU,2024-03-18,75.2,48.2
GEU,2024-03-19,77.0,51.8
GEU,2024-03-20,77.0,51.8
GEU,2024-03-21,82.4,51.8
GEU,2024-03-22,82.4,53.6
GEU,2024-03-23,78.8,57.2
GEU,2024-03-24,66.2,51.8
GEU,2024-03-25,69.8,48.2
GEU,2024-03-26,71.6,53.6
GEU,2024-03-27,75.2,48.2
GEU,2024-03-28,78.8,48.2
GEU,2024-03-29,80.6,53.6
GEU,2024-03-30,82.4,55.4
GEU,2024-03-31,60.8,50.0
GEU,2024-04-01,62.6,48.2
GEU,2024-04-02,73.4,48.2
GEU,2024-04-03,80.6,53.6
GEU,2024-04-04,84.2,55.4
GEU,2024-04-05,66.2,60.8
GEU,2024-04-06,66.2,46.4
GEU,2024-04-07,73.4,46.4
GEU,2024-04-08,73.4,50.0
GEU,2024-04-09,82.4,51.8
GEU,2024-04-10,84.2,55.4
GEU,2024-04-11,91.4,59.0
GEU,2024-04-12,91.4,62.6
GEU,2024-04-13,86.0,59.0
GEU,2024-04-14,80.6,57.2
GEU,2024-04-15,77.0,53.6
GEU,2024-04-16,86.0,55.4
GEU,2024-04-17,89.6,59.0
GEU,2024-04-18,89.6,60.8
GEU,2024-04-19,91.4,60.8
GEU,2024-04-20,93.2,68.0
GEU,2024-04-21,96.8,64.4
GEU,2024-04-22,96.8,68.0
GEU,2024-04-23,95.0,68.0
GEU,2024-04-24,89.6,62.6
GEU,2024-04-25,80.6,68.0
GEU,2024-04-26,78.8,62.6
GEU,2024-04-27,80.6,59.0
GEU,2024-04-28,86.0,62.6
GEU,2024-04-29,89.6,59.0
GEU,2024-04-30,93.2,66.2
GEU,2024-05-01,89.6,66.2
GEU,2024-05-02,91.4,71.6
GEU,2024-05-03,91.4,68.0
GEU,2024-05-04,91.4,71.6
GEU,2024-05-05,82.4,69.8
GEU,2024-05-06,84.2,59.0
GEU,2024-05-07,87.8,55.4
GEU,2024-05-08,89.6,66.2
GEU,2024-05-09,86.0,60.8
GEU,2024-05-10,89.6,59.0
GEU,2024-05-11,91.4,68.0
GEU,2024-05-12,93.2,68.0
GEU,2024-05-13,98.6,68.0
GEU,2024-05-14,96.8,75.2
GEU,2024-05-15,95.0,75.2
GEU,2024-05-16,95.0,73.4
GEU,2024-05-17,100.4,71.6
GEU,2024-05-18,98.6,78.8
GEU,2024-05-19,96.8,77.0
GEU,2024-05-20,89.6,75.2
GEU,2024-05-21,91.4,66.2
GEU,2024-05-22,93.2,71.6
GEU,2024-05-23,95.0,68.0
GEU,2024-05-24,96.8,69.8
GEU,2024-05-25,87.8,68.0
GEU,2024-05-26,95.0,75.2
GEU,2024-05-27,100.4,69.8
GEU,2024-05-28,102.2,73.4
GEU,2024-05-29,100.4,73.4
GEU,2024-05-30,100.4,71.6
GEU,2024-05-31,102.2,73.4
GEU,2024-06-01,102.2,78.8
GEU,2024-06-02,100.4,78.8
GEU,2024-06-03,100.4,73.4
GEU,2024-06-04,100.4,77.0
GEU,2024-06-05,107.6,80.6
GEU,2024-06-06,109.4,86.0
GEU,2024-06-07,107.6,86.0
GEU,2024-06-08,104.0,86.0
GEU,2024-06-09,104.0,78.8
GEU,2024-06-10,104.0,75.2
GEU,2024-06-11,109.4,78.8
GEU,2024-06-12,107.6,78.8
GEU,2024-06-13,105.8,82.4
GEU,2024-06-14,105.8,78.8
GEU,2024-06-15,109.4,82.4
GEU,2024-06-16,109.4,84.2
GEU,2024-06-17,102.2,78.8
GEU,2024-06-18,100.4,78.8
GEU,2024-06-19,102.2,80.6
GEU,2024-06-20,111.2,80.6
GEU,2024-06-21,113.0,89.6
GEU,2024-06-22,105.8,89.6
GEU,2024-06-23,107.6,89.6
GEU,2024-06-24,109.4,91.4
GEU,2024-06-25,104.0,84.2
GEU,2024-06-26,109.4,82.4
GEU,2024-06-27,109.4,62.6
GEU,2024-06-28,107.6,89.6
GEU,2024-06-29,107.6,91.4
GEU,2024-06-30,107.6,91.4
GEU,2024-07-01,104.0,86.0
GEU,2024-07-02,111.2,87.8
GEU,2024-07-03,111.2,91.4
GEU,2024-07-04,111.2,87.8
GEU,2024-07-05,116.6,87.8
GEU,2024-07-06,111.2,93.2
GEU,2024-07-07,111.2,91.4
GEU,2024-07-08,114.8,87.8
GEU,2024-07-09,113.0,89.6
GEU,2024-07-10,113.0,89.6
GEU,2024-07-11,113.0,89.6
GEU,2024-07-12,111.2,87.8
GEU,2024-07-13,109.4,93.2
GEU,2024-07-14,105.8,87.8
GEU,2024-07-15,107.6,86.0
GEU,2024-07-16,109.4,87.8
GEU,2024-07-17,109.4,89.6
GEU,2024-07-18,109.4,87.8
GEU,2024-07-19,111.2,93.2
GEU,2024-07-20,111.2,82.4
GEU,2024-07-21,109.4,82.4
GEU,2024-07-22,107.6,80.6
GEU,2024-07-23,111.2,93.2
GEU,2024-07-24,113.0,91.4
GEU,2024-07-25,109.4,89.6
GEU,2024-07-26,107.6,82.4
GEU,2024-07-27,107.6,91.4
GEU,2024-07-28,107.6,89.6
GEU,2024-07-29,109.4,86.0
GEU,2024-07-30,105.8,86.0
GEU,2024-07-31,107.6,84.2
GEU,2024-08-01,104.0,86.0
GEU,2024-08-02,109.4,89.6
GEU,2024-08-03,113.0,96.8
GEU,2024-08-04,114.8,93.2
GEU,2024-08-05,109.4,91.4
GEU,2024-08-06,107.6,93.2
GEU,2024-08-07,102.2,82.4
GEU,2024-08-08,105.8,87.8
GEU,2024-08-09,105.8,86.0
GEU,2024-08-10,107.6,93.2
GEU,2024-08-11,102.2,86.0
GEU,2024-08-12,104.0,84.2
GEU,2024-08-13,105.8,89.6
GEU,2024-08-14,105.8,87.8
GEU,2024-08-15,107.6,91.4
GEU,2024-08-16,109.4,91.4
GEU,2024-08-17,109.4,95.0
GEU,2024-08-18,98.6,77.0
GEU,2024-08-19,109.4,86.0
GEU,2024-08-20,109.4,87.8
GEU,2024-08-21,100.4,87.8
GEU,2024-08-22,104.0,86.0
GEU,2024-08-23,105.8,82.4
GEU,2024-08-24,102.2,82.4
GEU,2024-08-25,104.0,84.2
GEU,2024-08-26,105.8,82.4
GEU,2024-08-27,105.8,80.6
GEU,2024-08-28,104.0,89.6
GEU,2024-08-29,107.6,78.8
GEU,2024-08-30,107.6,84.2
GEU,2024-08-31,105.8,82.4
GEU,2024-09-01,105.8,82.4
GEU,2024-09-02,105.8,82.4
GEU,2024-09-03,104.0,86.0
GEU,2024-09-04,109.4,86.0
GEU,2024-09-05,113.0,84.2
GEU,2024-09-06,107.6,89.6
GEU,2024-09-07,105.8,95.0
GEU,2024-09-08,107.6,87.8
GEU,2024-09-09,105.8,82.4
GEU,2024-09-10,107.6,77.0
GEU,2024-09-11,105.8,75.2
GEU,2024-09-12,104.0,73.4
GEU,2024-09-13,102.2,71.6
GEU,2024-09-14,98.6,84.2
GEU,2024-09-15,100.4,77.0
GEU,2024-09-16,98.6,77.0
GEU,2024-09-17,89.6,73.4
GEU,2024-09-18,91.4,68.0
GEU,2024-09-19,95.0,71.6
GEU,2024-09-20,91.4,75.2
GEU,2024-09-22,96.8,96.8
GEU,2024-09-23,100.4,73.4
GEU,2024-09-24,104.0,73.4
GEU,2024-09-25,107.6,75.2
GEU,2024-09-26,107.6,77.0
GEU,2024-09-27,109.4,77.0
GEU,2024-09-28,113.0,80.6
GEU,2024-09-29,109.4,87.8
GEU,2024-09-30,105.8,77.0
GEU,2024-10-01,109.4,78.8
GEU,2024-10-02,105.8,82.4
GEU,2024-10-03,105.8,77.0
GEU,2024-10-04,107.6,75.2
GEU,2024-10-05,105.8,73.4
GEU,2024-10-06,107.6,75.2
GEU,2024-10-07,105.8,75.2
GEU,2024-10-08,104.0,75.2
GEU,2024-10-09,102.2,73.4
GEU,2024-10-10,104.0,73.4
GEU,2024-10-11,102.2,75.2
GEU,2024-10-12,102.2,73.4
GEU,2024-10-13,100.4,73.4
GEU,2024-10-14,98.6,68.0
GEU,2024-10-15,95.0,68.0
GEU,2024-10-16,93.2,66.2
GEU,2024-10-17,86.0,64.4
GEU,2024-10-18,75.2,64.4
GEU,2024-10-19,71.6,57.2
GEU,2024-10-20,78.8,55.4
GEU,2024-10-21,86.0,53.6
GEU,2024-10-22,93.2,57.2
GEU,2024-10-23,95.0,59.0
GEU,2024-10-24,93.2,60.8
GEU,2024-10-25,95.0,59.0
GEU,2024-10-26,95.0,62.6
GEU,2024-10-27,93.2,60.8
GEU,2024-10-28,89.6,59.0
GEU,2024-10-29,73.4,60.8
GEU,2024-10-30,73.4,51.8
GEU,2024-10-31,77.0,46.4
GEU,2024-11-01,78.8,51.8
GEU,2024-11-02,75.2,48.2
GEU,2024-11-03,71.6,53.6
GEU,2024-11-04,69.8,50.0
GEU,2024-11-05,69.8,42.8
GEU,2024-11-06,69.8,50.0
GEU,2024-11-07,66.2,48.2
GEU,2024-11-08,66.2,42.8
GEU,2024-11-10,80.6,46.4
GEU,2024-11-11,80.6,48.2
GEU,2024-11-12,75.2,42.8
GEU,2024-11-13,77.0,44.6
GEU,2024-11-14,80.6,50.0
GEU,2024-11-15,69.8,48.2
GEU,2024-11-16,62.6,48.2
GEU,2024-11-17,69.8,42.8
GEU,2024-11-18,66.2,44.6
GEU,2024-11-19,69.8,44.6
GEU,2024-11-20,75.2,44.6
GEU,2024-11-21,78.8,42.8
GEU,2024-11-22,78.8,46.4
GEU,2024-11-23,77.0,42.8
GEU,2024-11-24,73.4,46.4
GEU,2024-11-25,75.2,50.0
GEU,2024-11-26,77.0,50.0
GEU,2024-11-27,75.2,55.4
GEU,2024-11-28,71.6,50.0
GEU,2024-11-29,73.4,48.2
GEU,2024-11-30,77.0,51.8
GEU,2024-12-01,77.0,48.2
GEU,2024-12-02,78.8,46.4
GEU,2024-12-03,77.0,64.4
GEU,2024-12-04,75.2,46.4
GEU,2024-12-05,77.0,46.4
GEU,2024-12-06,78.8,59.0
GEU,2024-12-07,75.2,48.2
GEU,2024-12-08,71.6,44.6
GEU,2024-12-09,71.6,44.6
GEU,2024-12-10,66.2,50.0
GEU,2024-12-11,68.0,37.4
GEU,2024-12-12,71.6,44.6
GEU,2024-12-13,66.2,42.8
GEU,2024-12-14,68.0,41.0
GEU,2024-12-15,80.6,39.2
GEU,2024-12-16,71.6,37.4
GEU,2024-12-17,71.6,41.0
GEU,2024-12-18,80.6,42.8
GEU,2024-12-19,80.6,46.4
GEU,2024-12-20,80.6,48.2
GEU,2024-12-21,77.0,41.0
GEU,2024-12-22,73.4,41.0
GEU,2024-12-23,73.4,46.4
GEU,2024-12-24,71.6,64.4
GEU,2024-12-25,68.0,46.4
GEU,2024-12-26,64.4,42.8
GEU,2024-12-27,64.4,39.2
GEU,2024-12-28,68.0,41.0
GEU,2024-12-29,68.0,68.0
GEU,2024-12-30,71.6,39.2
GEU,2024-12-31,68.0,39.2
GEU,2025-01-01,73.4,41.0
GEU,2025-01-02,73.4,42.8
GEU,2025-01-03,75.2,44.6
GEU,2025-01-04,69.8,41.0
GEU,2025-01-05,68.0,41.0
GEU,2025-01-06,68.0,41.0
GEU,2025-01-07,68.0,42.8
GEU,2025-01-08,66.2,51.8
GEU,2025-01-09,66.2,37.4
GEU,2025-01-10,62.6,50.0
GEU,2025-01-11,60.8,33.8
GEU,2025-01-12,60.8,33.8
GEU,2025-01-13,59.0,33.8
GEU,2025-01-14,64.4,32.0
GEU,2025-01-15,71.6,41.0
GEU,2025-01-18,64.4,37.4
GEU,2025-01-19,64.4,39.2
GEU,2025-01-20,64.4,35.6
GEU,2025-01-21,59.0,41.0
GEU,2025-01-22,62.6,35.6
GEU,2025-01-23,62.6,42.8
GEU,2025-01-24,66.2,37.4
GEU,2025-01-25,66.2,41.0
GEU,2025-01-26,66.2,42.8
GEU,2025-01-27,57.2,39.2
GEU,2025-01-28,60.8,41.0
GEU,2025-01-29,55.4,42.8
GEU,2025-01-30,60.8,39.2
GEU,2025-01-31,64.4,41.0
GEU,2025-02-01,71.6,41.0
GEU,2025-02-02,78.8,55.4
GEU,2025-02-03,82.4,48.2
GEU,2025-02-04,82.4,51.8
GEU,2025-02-05,77.0,50.0
GEU,2025-02-06,77.0,46.4
GEU,2025-02-07,73.4,68.0
GEU,2025-02-08,75.2,51.8
GEU,2025-02-09,73.4,50.0
GEU,2025-02-10,75.2,50.0
GEU,2025-02-11,66.2,46.4
GEU,2025-02-12,60.8,51.8
GEU,2025-02-13,66.2,46.4
GEU,2025-02-14,69.8,51.8
GEU,2025-02-15,69.8,48.2
GEU,2025-02-16,71.6,44.6
GEU,2025-02-17,75.2,50.0
GEU,2025-02-18,75.2,46.4
GEU,2025-02-19,77.0,50.0
GEU,2025-02-20,77.0,44.6
GEU,2025-02-21,75.2,48.2
GEU,2025-02-22,77.0,48.2
GEU,2025-02-23,80.6,46.4
GEU,2025-02-24,84.2,48.2
GEU,2025-02-25,86.0,53.6
GEU,2025-02-26,87.8,53.6
GEU,2025-02-27,82.4,62.6
GEU,2025-02-28,78.8,48.2
GEU,2025-03-01,80.6,51.8
GEU,2025-03-02,77.0,50.0
GEU,2025-03-03,64.4,48.2
GEU,2025-03-04,69.8,44.6
GEU,2025-03-05,73.4,48.2
GEU,2025-03-06,68.0,57.2
GEU,2025-03-07,51.8,46.4
GEU,2025-03-08,66.2,44.6
GEU,2025-03-09,75.2,46.4
GEU,2025-03-10,82.4,51.8
GEU,2025-03-11,77.0,50.0
GEU,2025-03-12,71.6,53.6
GEU,2025-03-13,68.0,51.8
GEU,2025-03-14,55.4,44.6
GEU,2025-03-15,66.2,44.6
GEU,2025-03-16,73.4,46.4
GEU,2025-03-17,78.8,50.0
GEU,2025-03-18,77.0,55.4
GEU,2025-03-19,69.8,51.8
GEU,2025-03-20,78.8,48.2
GEU,2025-03-21,80.6,51.8
GEU,2025-03-23,84.2,77.0
GEU,2025-03-24,93.2,59.0
GEU,2025-03-25,96.8,60.8
GEU,2025-03-26,91.4,64.4
GEU,2025-03-27,89.6,62.6
GEU,2025-03-28,80.6,62.6
GEU,2025-03-29,78.8,62.6
GEU,2025-03-30,80.6,55.4
GEU,2025-03-31,80.6,60.8
GEU,2025-04-01,73.4,60.8
GEU,2025-04-02,64.4,51.8
GEU,2025-04-03,69.8,48.2
GEU,2025-04-04,69.8,48.2
GEU,2025-04-05,77.0,51.8
GEU,2025-04-06,78.8,55.4
GEU,2025-04-07,84.2,53.6
GEU,2025-04-08,89.6,57.2
GEU,2025-04-09,95.0,59.0
GEU,2025-04-10,96.8,62.6
GEU,2025-04-11,98.6,64.4
GEU,2025-04-12,96.8,64.4
GEU,2025-04-13,91.4,66.2
GEU,2025-04-14,91.4,66.2
GEU,2025-04-15,91.4,62.6
GEU,2025-04-16,89.6,62.6
GEU,2025-04-17,77.0,62.6
GEU,2025-04-18,75.2,55.4
GEU,2025-04-19,73.4,51.8
GEU,2025-04-20,82.4,64.4
GEU,2025-04-22,89.6,57.2
GEU,2025-04-23,89.6,64.4
GEU,2025-04-24,87.8,60.8
GEU,2025-04-25,89.6,66.2
GEU,2025-04-26,80.6,62.6
GEU,2025-04-27,75.2,50.0
GEU,2025-04-29,84.2,77.0
GEU,2025-04-30,87.8,62.6
GEU,2025-05-01,91.4,66.2
GEU,2025-05-02,91.4,68.0
GEU,2025-05-03,91.4,69.8
GEU,2025-05-04,80.6,60.8
GEU,2025-05-05,69.8,59.0
GEU,2025-05-06,75.2,60.8
GEU,2025-05-07,82.4,66.2
GEU,2025-05-08,93.2,64.4
GEU,2025-05-09,100.4,68.0
GEU,2025-05-10,100.4,80.6
GEU,2025-05-11,100.4,80.6
GEU,2025-05-12,96.8,78.8
GEU,2025-05-13,86.0,69.8
GEU,2025-05-14,82.4,60.8
GEU,2025-05-15,87.8,64.4
GEU,2025-05-16,91.4,62.6
GEU,2025-05-17,91.4,71.6
GEU,2025-05-18,86.0,62.6
GEU,2025-05-19,91.4,87.8
GEU,2025-05-20,96.8,69.8
GEU,2025-05-21,100.4,75.2
GEU,2025-05-22,104.0,71.6
GEU,2025-05-23,102.2,73.4
GEU,2025-05-24,96.8,78.8
GEU,2025-05-25,95.0,75.2
GEU,2025-05-26,96.8,73.4
GEU,2025-05-27,98.6,73.4
GEU,2025-05-28,98.6,68.0
GEU,2025-05-29,95.0,73.4
GEU,2025-05-30,102.2,68.0
GEU,2025-05-31,100.4,80.6
GEU,2025-06-01,87.8,73.4
GEU,2025-06-02,87.8,66.2
GEU,2025-06-03,93.2,77.0
GEU,2025-06-04,96.8,77.0
GEU,2025-06-05,100.4,75.2
GEU,2025-06-06,100.4,78.8
GEU,2025-06-07,102.2,82.4
GEU,2025-06-08,105.8,80.6
GEU,2025-06-09,105.8,78.8
GEU,2025-06-10,105.8,80.6
GEU,2025-06-11,107.6,80.6
GEU,2025-06-12,102.2,98.6
GEU,2025-06-13,104.0,82.4
GEU,2025-06-14,107.6,82.4
GEU,2025-06-15,113.0,82.4
GEU,2025-06-16,111.2,78.8
GEU,2025-06-17,109.4,80.6
GEU,2025-06-18,109.4,80.6
GEU,2025-06-19,113.0,82.4
GEU,2025-06-20,107.6,80.6
GEU,2025-06-21,102.2,84.2
GEU,2025-06-22,96.8,75.2
GEU,2025-06-23,100.4,75.2
GEU,2025-06-24,100.4,77.0
GEU,2025-06-25,100.4,73.4
GEU,2025-06-26,104.0,78.8
GEU,2025-06-27,105.8,78.8
GEU,2025-06-28,107.6,91.4
GEU,2025-06-29,113.0,87.8
GEU,2025-06-30,114.8,86.0
GEU,2025-07-01,109.4,93.2
GEU,2025-07-02,105.8,89.6
GEU,2025-07-03,98.6,77.0
GEU,2025-07-04,100.4,80.6
GEU,2025-07-05,105.8,84.2
GEU,2025-07-06,107.6,87.8
GEU,2025-07-07,107.6,87.8
GEU,2025-07-08,111.2,87.8
GEU,2025-07-09,114.8,91.4
GEU,2025-07-10,111.2,91.4
GEU,2025-07-11,107.6,87.8
GEU,2025-07-12,105.8,87.8
GEU,2025-07-13,105.8,89.6
GEU,2025-07-14,105.8,87.8
GEU,2025-07-15,105.8,86.0
GEU,2025-07-16,98.6,78.8
GEU,2025-07-17,98.6,80.6
GEU,2025-07-18,105.8,86.0
GEU,2025-07-19,105.8,87.8
GEU,2025-07-20,93.2,87.8
GEU,2025-07-21,102.2,84.2
GEU,2025-07-22,100.4,84.2
GEU,2025-07-23,102.2,82.4
GEU,2025-07-24,104.0,80.6
GEU,2025-07-25,105.8,77.0
GEU,2025-07-26,104.0,78.8
GEU,2025-07-27,105.8,78.8
GEU,2025-07-28,109.4,82.4
GEU,2025-07-29,107.6,82.4
GEU,2025-07-30,109.4,84.2
GEU,2025-07-31,107.6,105.8
GEU,2025-08-01,109.4,91.4
GEU,2025-08-02,111.2,89.6
GEU,2025-08-03,109.4,80.6
GEU,2025-08-04,109.4,84.2
GEU,2025-08-05,111.2,86.0
GEU,2025-08-06,113.0,87.8
GEU,2025-08-07,116.6,89.6
GEU,2025-08-08,111.2,91.4
GEU,2025-08-09,111.2,91.4
GEU,2025-08-10,105.8,89.6
GEU,2025-08-11,111.2,89.6
GEU,2025-08-12,111.2,87.8
GEU,2025-08-13,109.4,87.8
GEU,2025-08-14,105.8,86.0
GEU,2025-08-15,102.2,78.8
GEU,2025-08-16,104.0,82.4
GEU,2025-08-19,107.6,104.0
GEU,2025-08-20,113.0,93.2
GEU,2025-08-22,109.4,91.4
GEU,2025-08-23,107.6,89.6
GEU,2025-08-24,109.4,91.4
GEU,2025-08-25,102.2,73.4
GEU,2025-08-26,96.8,77.0
GEU,2025-08-27,100.4,77.0
GEU,2025-08-28,104.0,86.0
GEU,2025-08-29,102.2,82.4
GEU,2025-08-30,104.0,84.2
GEU,2025-08-31,107.6,80.6
GEU,2025-09-01,105.8,86.0
GEU,2025-09-02,104.0,87.8
GEU,2025-09-03,102.2,82.4
GEU,2025-09-04,93.2,75.2
GEU,2025-09-05,96.8,78.8
GEU,2025-09-06,98.6,82.4
GEU,2025-09-07,100.4,84.2
GEU,2025-09-08,102.2,84.2
GEU,2025-09-09,104.0,86.0
GEU,2025-09-10,104.0,82.4
GEU,2025-09-11,100.4,77.0
GEU,2025-09-12,98.6,77.0
GEU,2025-09-13,95.0,75.2
GEU,2025-09-14,77.0,69.8
GEU,2025-09-15,100.4,77.0
GEU,2025-09-16,120.2,80.6
GEU,2025-09-17,98.6,84.2
GEU,2025-09-18,96.8,84.2
GEU,2025-09-19,95.0,77.0
GEU,2025-09-20,100.4,77.0
GEU,2025-09-21,98.6,82.4
GEU,2025-09-22,89.6,78.8
GEU,2025-09-23,100.4,77.0
GEU,2025-09-24,104.0,84.2
GEU,2025-09-25,104.0,78.8
GEU,2025-09-26,86.0,69.8
GEU,2025-09-27,84.2,69.8
GEU,2025-09-28,86.0,69.8
GEU,2025-09-29,91.4,71.6
GEU,2025-09-30,93.2,71.6
GEU,2025-10-01,95.0,71.6
GEU,2025-10-02,98.6,71.6
GEU,2025-10-03,96.8,73.4
GEU,2025-10-04,84.2,68.0
GEU,2025-10-05,86.0,62.6
GEU,2025-10-06,91.4,60.8
GEU,2025-10-07,96.8,64.4
GEU,2025-10-08,96.8,68.0
GEU,2025-10-09,89.6,77.0
GEU,2025-10-10,86.0,73.4
GEU,2025-10-11,80.6,69.8
GEU,2025-10-12,78.8,71.6
GEU,2025-10-13,82.4,71.6
GEU,2025-10-14,82.4,66.2
GEU,2025-10-15,77.0,64.4
GEU,2025-10-16,78.8,59.0
GEU,2025-10-17,80.6,53.6
GEU,2025-10-18,86.0,60.8
GEU,2025-10-19,87.8,59.0
GEU,2025-10-20,86.0,59.0
GEU,2025-10-21,89.6,60.8
GEU,2025-10-22,87.8,69.8
GEU,2025-10-23,82.4,64.4
GEU,2025-10-24,84.2,60.8
GEU,2025-10-25,86.0,59.0
GEU,2025-10-26,86.0,60.8
GEU,2025-10-27,87.8,60.8
GEU,2025-10-28,91.4,60.8
GEU,2025-10-29,89.6,60.8
GEU,2025-10-30,87.8,59.0
GEU,2025-10-31,86.0,57.2
GEU,2025-11-01,86.0,57.2
GEU,2025-11-02,87.8,55.4
GEU,2025-11-03,87.8,59.0
GEU,2025-11-04,87.8,59.0
GEU,2025-11-05,86.0,57.2
GEU,2025-11-06,84.2,57.2
GEU,2025-11-07,84.2,57.2
GEU,2025-11-08,84.2,57.2
GEU,2025-11-09,89.6,57.2
GEU,2025-11-10,86.0,59.0
GEU,2025-11-11,86.0,57.2
GEU,2025-11-12,84.2,59.0
GEU,2025-11-13,86.0,59.0
GEU,2025-11-14,86.0,55.4
GEU,2025-11-15,78.8,57.2
GEU,2025-11-16,71.6,62.6
GEU,2025-11-17,73.4,51.8
GEU,2025-11-18,68.0,59.0
GEU,2025-11-19,64.4,53.6
GEU,2025-11-20,64.4,53.6
GEU,2025-11-21,64.4,53.6
GEU,2025-11-22,68.0,55.4
GEU,2025-11-23,64.4,57.2
GEU,2025-11-24,68.0,50.0
GEU,2025-11-25,71.6,48.2
GEU,2025-11-26,77.0,50.0
GEU,2025-11-27,77.0,51.8
GEU,2025-11-30,69.8,50.0
GEU,2025-12-01,69.8,50.0
GEU,2025-12-02,68.0,44.6
GEU,2025-12-03,66.2,44.6
GEU,2025-12-04,64.4,44.6
GEU,2025-12-05,64.4,42.8
GEU,2025-12-06,66.2,39.2
GEU,2025-12-07,69.8,42.8
GEU,2025-12-08,73.4,44.6
GEU,2025-12-09,75.2,46.4
GEU,2025-12-10,73.4,44.6
GEU,2025-12-11,77.0,46.4
GEU,2025-12-12,77.0,55.4
GEU,2025-12-13,77.0,50.0
GEU,2025-12-14,78.8,48.2
GEU,2025-12-15,80.6,50.0
GEU,2025-12-16,75.2,48.2
GEU,2025-12-17,73.4,48.2
GEU,2025-12-18,73.4,46.4
GEU,2025-12-19,77.0,48.2
GEU,2025-12-20,73.4,50.0
GEU,2025-12-21,78.8,48.2
GEU,2025-12-22,77.0,50.0
GEU,2025-12-23,75.2,51.8
GEU,2025-12-24,68.0,60.8
GEU,2025-12-25,71.6,60.8
GEU,2025-12-26,69.8,53.6
GEU,2025-12-27,68.0,57.2
GEU,2025-12-28,66.2,46.4
GEU,2025-12-29,75.2,57.2
GEU,2025-12-30,73.4,55.4
GEU,2025-12-31,64.4,50.0
FFZ,2016-01-01,64.4,35.6
FFZ,2016-01-02,66.2,48.2
FFZ,2016-01-03,68.0,50.0
FFZ,2016-01-04,57.2,50.0
FFZ,2016-01-05,53.6,48.2
FFZ,2016-01-06,55.4,46.4
FFZ,2016-01-07,48.2,44.6
FFZ,2016-01-08,51.8,41.0
FFZ,2016-01-09,55.4,39.2
FFZ,2016-01-10,53.6,41.0
FFZ,2016-01-11,57.2,39.2
FFZ,2016-01-12,64.4,37.4
FFZ,2016-01-13,62.6,42.8
FFZ,2016-01-14,59.0,39.2
FFZ,2016-01-15,42.8,42.8
FFZ,2017-05-23,102.2,93.2
FFZ,2017-05-24,105.8,78.8
FFZ,2017-05-25,100.4,78.8
FFZ,2017-05-26,93.2,75.2
FFZ,2017-05-27,93.2,71.6
FFZ,2017-05-28,98.6,69.8
FFZ,2017-05-29,100.4,71.6
FFZ,2017-05-30,98.6,75.2
FFZ,2017-05-31,98.6,91.4
FFZ,2017-06-01,96.8,78.8
FFZ,2017-06-02,98.6,75.2
FFZ,2017-06-03,105.8,80.6
FFZ,2017-06-04,104.0,80.6
FFZ,2017-06-05,105.8,82.4
FFZ,2017-06-06,104.0,82.4
FFZ,2017-06-07,104.0,80.6
FFZ,2017-06-08,102.2,78.8
FFZ,2017-06-09,102.2,82.4
FFZ,2017-06-10,100.4,82.4
FFZ,2017-06-11,98.6,75.2
FFZ,2017-06-12,91.4,73.4
FFZ,2017-06-13,93.2,68.0
FFZ,2017-06-14,100.4,68.0
FFZ,2017-06-15,105.8,71.6
FFZ,2017-06-16,107.6,80.6
FFZ,2017-06-17,107.6,80.6
FFZ,2017-06-18,109.4,80.6
FFZ,2017-06-19,114.8,82.4
FFZ,2017-06-20,116.6,87.8
FFZ,2017-06-21,114.8,89.6
FFZ,2017-06-22,109.4,91.4
FFZ,2017-06-23,109.4,87.8
FFZ,2017-06-24,114.8,87.8
FFZ,2017-06-25,113.0,91.4
FFZ,2017-06-26,109.4,87.8
FFZ,2017-06-27,107.6,87.8
FFZ,2017-06-28,105.8,82.4
FFZ,2017-06-29,105.8,84.2
FFZ,2017-06-30,105.8,84.2
FFZ,2017-07-01,109.4,86.0
FFZ,2017-07-02,105.8,84.2
FFZ,2017-07-03,104.0,86.0
FFZ,2017-07-04,107.6,87.8
FFZ,2017-07-05,109.4,87.8
FFZ,2017-07-09,105.8,86.0
FFZ,2017-07-10,105.8,86.0
FFZ,2017-07-11,100.4,80.6
FFZ,2017-07-12,105.8,84.2
FFZ,2017-07-13,105.8,86.0
FFZ,2017-07-14,105.8,84.2
FFZ,2017-07-15,105.8,89.6
FFZ,2017-07-16,102.2,84.2
FFZ,2017-07-17,96.8,78.8
FFZ,2017-07-18,98.6,84.2
FFZ,2017-07-19,98.6,82.4
FFZ,2017-07-20,100.4,84.2
FFZ,2017-07-21,100.4,82.4
FFZ,2017-07-22,104.0,84.2
FFZ,2017-07-23,100.4,75.2
FFZ,2017-07-25,98.6,80.6
FFZ,2017-07-26,102.2,82.4
FFZ,2017-07-27,105.8,86.0
FFZ,2017-07-28,98.6,82.4
FFZ,2017-07-29,98.6,84.2
FFZ,2017-07-30,96.8,82.4
FFZ,2017-07-31,102.2,87.8
FFZ,2017-08-01,98.6,86.0
FFZ,2017-08-02,96.8,84.2
FFZ,2017-08-03,102.2,75.2
FFZ,2017-08-04,100.4,78.8
FFZ,2017-08-05,100.4,80.6
FFZ,2017-08-06,98.6,84.2
FFZ,2017-08-07,100.4,80.6
FFZ,2017-08-08,105.8,80.6
FFZ,2017-08-09,107.6,82.4
FFZ,2017-08-10,102.2,87.8
FFZ,2017-08-11,105.8,87.8
FFZ,2017-08-12,100.4,84.2
FFZ,2017-08-13,96.8,77.0
FFZ,2017-08-14,100.4,82.4
FFZ,2017-08-15,98.6,82.4
FFZ,2017-08-16,100.4,77.0
FFZ,2017-08-17,100.4,80.6
FFZ,2017-08-18,102.2,77.0
FFZ,2017-08-19,100.4,78.8
FFZ,2017-08-20,98.6,84.2
FFZ,2017-08-21,100.4,82.4
FFZ,2017-08-22,105.8,84.2
FFZ,2017-08-23,102.2,87.8
FFZ,2017-08-24,100.4,80.6
FFZ,2017-08-25,105.8,84.2
FFZ,2017-08-26,107.6,84.2
FFZ,2017-08-27,107.6,87.8
FFZ,2017-08-28,107.6,87.8
FFZ,2017-08-29,105.8,87.8
FFZ,2017-08-30,105.8,87.8
FFZ,2017-08-31,107.6,82.4
FFZ,2017-09-01,107.6,82.4
FFZ,2017-09-02,100.4,84.2
FFZ,2017-09-03,102.2,82.4
FFZ,2017-09-04,100.4,80.6
FFZ,2017-09-05,105.8,84.2
FFZ,2017-09-06,107.6,84.2
FFZ,2017-09-07,102.2,86.0
FFZ,2017-09-08,96.8,78.8
FFZ,2017-09-09,95.0,78.8
FFZ,2017-09-10,102.2,80.6
FFZ,2017-09-11,105.8,87.8
FFZ,2017-09-12,105.8,84.2
FFZ,2017-09-13,105.8,87.8
FFZ,2017-09-14,98.6,84.2
FFZ,2017-09-15,93.2,78.8
FFZ,2017-09-16,93.2,75.2
FFZ,2017-09-17,96.8,75.2
FFZ,2017-09-18,96.8,71.6
FFZ,2017-09-19,98.6,71.6
FFZ,2017-09-20,98.6,75.2
FFZ,2017-09-21,96.8,75.2
FFZ,2017-09-22,87.8,71.6
FFZ,2017-09-23,82.4,66.2
FFZ,2017-09-24,84.2,75.2
FFZ,2017-09-25,89.6,60.8
FFZ,2017-09-26,87.8,62.6
FFZ,2017-09-27,89.6,71.6
FFZ,2017-09-28,91.4,69.8
FFZ,2017-09-29,95.0,73.4
FFZ,2017-09-30,96.8,71.6
FFZ,2017-10-01,96.8,68.0
FFZ,2017-10-02,87.8,73.4
FFZ,2017-10-03,95.0,66.2
FFZ,2017-10-04,96.8,69.8
FFZ,2017-10-05,96.8,77.0
FFZ,2017-10-06,93.2,68.0
FFZ,2017-10-07,93.2,69.8
FFZ,2017-10-08,91.4,64.4
FFZ,2017-10-09,87.8,64.4
FFZ,2017-10-10,89.6,66.2
FFZ,2017-10-11,95.0,71.6
FFZ,2017-10-12,91.4,66.2
FFZ,2017-10-13,93.2,66.2
FFZ,2017-10-14,91.4,66.2
FFZ,2017-10-15,95.0,69.8
FFZ,2017-10-16,96.8,73.4
FFZ,2017-10-17,96.8,73.4
FFZ,2017-10-18,93.2,71.6
FFZ,2017-10-19,93.2,73.4
FFZ,2017-10-20,87.8,71.6
FFZ,2017-10-21,82.4,64.4
FFZ,2017-10-22,89.6,64.4
FFZ,2017-10-23,93.2,68.0
FFZ,2017-10-24,96.8,73.4
FFZ,2017-10-25,93.2,73.4
FFZ,2017-10-26,89.6,66.2
FFZ,2017-10-27,89.6,64.4
FFZ,2017-10-28,89.6,69.8
FFZ,2017-10-29,89.6,64.4
FFZ,2017-10-30,84.2,62.6
FFZ,2017-10-31,82.4,66.2
FFZ,2017-11-01,82.4,62.6
FFZ,2017-11-02,78.8,62.6
FFZ,2017-11-03,80.6,62.6
FFZ,2017-11-04,82.4,68.0
FFZ,2017-11-05,77.0,64.4
FFZ,2017-11-06,80.6,57.2
FFZ,2017-11-07,78.8,64.4
FFZ,2017-11-08,80.6,62.6
FFZ,2017-11-09,84.2,62.6
FFZ,2017-11-10,82.4,60.8
FFZ,2017-11-11,82.4,57.2
FFZ,2017-11-12,84.2,60.8
FFZ,2017-11-13,84.2,64.4
FFZ,2017-11-14,84.2,60.8
FFZ,2017-11-15,82.4,59.0
FFZ,2017-11-16,84.2,59.0
FFZ,2017-11-17,78.8,62.6
FFZ,2017-11-18,77.0,60.8
FFZ,2017-11-19,78.8,55.4
FFZ,2017-11-20,77.0,55.4
FFZ,2017-11-21,77.0,55.4
FFZ,2017-11-22,87.8,55.4
FFZ,2017-11-23,84.2,62.6
FFZ,2017-11-24,84.2,59.0
FFZ,2017-11-25,84.2,57.2
FFZ,2017-11-26,87.8,60.8
FFZ,2017-11-27,82.4,55.4
FFZ,2017-11-28,73.4,51.8
FFZ,2017-11-29,75.2,57.2
FFZ,2017-11-30,71.6,62.6
FFZ,2017-12-01,75.2,62.6
FFZ,2017-12-02,82.4,64.4
FFZ,2017-12-03,78.8,59.0
FFZ,2017-12-04,69.8,53.6
FFZ,2017-12-05,64.4,53.6
FFZ,2017-12-06,73.4,55.4
FFZ,2017-12-07,64.4,51.8
FFZ,2017-12-08,64.4,39.2
FFZ,2017-12-09,75.2,41.0
FFZ,2017-12-10,75.2,60.8
FFZ,2017-12-11,75.2,60.8
FFZ,2017-12-12,75.2,55.4
FFZ,2017-12-13,75.2,55.4
FFZ,2017-12-14,71.6,46.4
FFZ,2017-12-15,71.6,51.8
FFZ,2017-12-16,66.2,48.2
FFZ,2017-12-17,60.8,48.2
FFZ,2017-12-18,64.4,48.2
FFZ,2017-12-19,64.4,44.6
FFZ,2017-12-20,66.2,42.8
FFZ,2017-12-21,53.6,44.6
FFZ,2017-12-22,55.4,35.6
FFZ,2017-12-23,62.6,42.8
FFZ,2017-12-24,68.0,42.8
FFZ,2017-12-25,64.4,46.4
FFZ,2017-12-26,69.8,42.8
FFZ,2017-12-27,71.6,48.2
FFZ,2017-12-28,75.2,50.0
FFZ,2017-12-29,75.2,51.8
FFZ,2017-12-30,75.2,48.2
FFZ,2017-12-31,69.8,46.4
FFZ,2018-01-01,73.4,46.4
FFZ,2018-01-02,75.2,50.0
FFZ,2018-01-03,73.4,59.0
FFZ,2018-01-04,75.2,57.2
FFZ,2018-01-05,75.2,53.6
FFZ,2018-01-06,71.6,50.0
FFZ,2018-01-07,75.2,53.6
FFZ,2018-01-08,75.2,57.2
FFZ,2018-01-09,78.8,55.4
FFZ,2018-01-10,60.8,51.8
FFZ,2018-01-11,66.2,46.4
FFZ,2018-01-12,69.8,48.2
FFZ,2018-01-13,77.0,53.6
FFZ,2018-01-14,75.2,53.6
FFZ,2018-01-15,73.4,50.0
FFZ,2018-01-16,71.6,55.4
FFZ,2018-01-17,69.8,48.2
FFZ,2018-01-18,73.4,46.4
FFZ,2018-01-19,75.2,50.0
FFZ,2018-01-20,60.8,51.8
FFZ,2018-01-21,55.4,37.4
FFZ,2018-01-22,59.0,37.4
FFZ,2018-01-23,68.0,44.6
FFZ,2018-01-24,73.4,51.8
FFZ,2018-01-25,73.4,46.4
FFZ,2018-01-26,66.2,44.6
FFZ,2018-01-27,71.6,48.2
FFZ,2018-01-28,78.8,55.4
FFZ,2018-01-29,82.4,60.8
FFZ,2018-01-30,80.6,55.4
FFZ,2018-01-31,78.8,51.8
FFZ,2018-02-01,78.8,50.0
FFZ,2018-02-02,78.8,48.2
FFZ,2018-02-03,75.2,50.0
FFZ,2018-02-04,77.0,53.6
FFZ,2018-02-05,78.8,51.8
FFZ,2018-02-06,75.2,53.6
FFZ,2018-02-07,78.8,55.4
FFZ,2018-02-08,82.4,57.2
FFZ,2018-02-09,80.6,53.6
FFZ,2018-02-10,75.2,55.4
FFZ,2018-02-11,75.2,55.4
FFZ,2018-02-12,64.4,55.4
FFZ,2018-02-13,71.6,57.2
FFZ,2018-02-14,62.6,53.6
FFZ,2018-02-15,64.4,53.6
FFZ,2018-02-16,64.4,53.6
FFZ,2018-02-17,69.8,51.8
FFZ,2018-02-18,71.6,48.2
FFZ,2018-02-19,68.0,53.6
FFZ,2018-02-20,55.4,42.8
FFZ,2018-02-21,57.2,39.2
FFZ,2018-02-22,59.0,41.0
FFZ,2018-02-23,60.8,41.0
FFZ,2018-02-24,57.2,39.2
FFZ,2018-02-25,62.6,39.2
FFZ,2018-02-26,68.0,41.0
FFZ,2018-02-27,66.2,44.6
FFZ,2018-02-28,57.2,42.8
FFZ,2018-03-01,69.8,44.6
FFZ,2018-03-02,75.2,46.4
FFZ,2018-03-03,73.4,48.2
FFZ,2018-03-04,64.4,51.8
FFZ,2018-03-05,71.6,48.2
FFZ,2018-03-06,78.8,51.8
FFZ,2018-03-07,78.8,55.4
FFZ,2018-03-08,78.8,55.4
FFZ,2018-03-09,80.6,55.4
FFZ,2018-03-10,73.4,62.6
FFZ,2018-03-11,73.4,57.2
FFZ,2018-03-12,80.6,60.8
FFZ,2018-03-13,82.4,62.6
FFZ,2018-03-14,82.4,59.0
FFZ,2018-03-15,69.8,55.4
FFZ,2018-03-16,71.6,51.8
FFZ,2018-03-17,69.8,53.6
FFZ,2018-03-18,64.4,53.6
FFZ,2018-03-19,71.6,53.6
FFZ,2018-03-20,77.0,51.8
FFZ,2018-03-21,80.6,55.4
FFZ,2018-03-22,87.8,64.4
FFZ,2018-03-23,80.6,69.8
FFZ,2018-03-24,80.6,57.2
FFZ,2018-03-25,73.4,57.2
FFZ,2018-03-26,71.6,60.8
FFZ,2018-03-27,71.6,53.6
FFZ,2018-03-28,75.2,51.8
FFZ,2018-03-29,82.4,55.4
FFZ,2018-03-30,86.0,60.8
FFZ,2018-03-31,89.6,62.6
FFZ,2018-04-01,89.6,66.2
FFZ,2018-04-02,87.8,62.6
FFZ,2018-04-03,84.2,62.6
FFZ,2018-04-04,86.0,62.6
FFZ,2018-04-05,89.6,62.6
FFZ,2018-04-06,89.6,69.8
FFZ,2018-04-07,91.4,71.6
FFZ,2018-04-08,89.6,73.4
FFZ,2018-04-09,91.4,68.0
FFZ,2018-04-10,95.0,69.8
FFZ,2018-04-11,93.2,66.2
FFZ,2018-04-12,86.0,69.8
FFZ,2018-04-13,75.2,57.2
FFZ,2018-04-14,80.6,55.4
FFZ,2018-04-15,87.8,57.2
FFZ,2018-04-16,82.4,62.6
FFZ,2018-04-17,75.2,57.2
FFZ,2018-04-18,80.6,53.6
FFZ,2018-04-19,82.4,64.4
FFZ,2018-04-20,75.2,55.4
FFZ,2018-04-21,86.0,59.0
FFZ,2018-04-22,93.2,66.2
FFZ,2018-04-23,93.2,66.2
FFZ,2018-04-24,95.0,69.8
FFZ,2018-04-25,95.0,69.8
FFZ,2018-04-26,93.2,73.4
FFZ,2018-04-27,96.8,73.4
FFZ,2018-04-28,96.8,71.6
FFZ,2018-04-29,89.6,69.8
FFZ,2018-04-30,82.4,66.2
FFZ,2018-05-01,73.4,62.6
FFZ,2018-05-02,71.6,60.8
FFZ,2018-05-03,80.6,55.4
FFZ,2018-05-04,93.2,64.4
FFZ,2018-05-05,100.4,71.6
FFZ,2018-05-06,104.0,80.6
FFZ,2018-05-07,98.6,80.6
FFZ,2018-05-08,100.4,73.4
FFZ,2018-05-09,102.2,78.8
FFZ,2018-05-10,102.2,78.8
FFZ,2018-05-11,98.6,78.8
FFZ,2018-05-12,89.6,73.4
FFZ,2018-05-13,87.8,68.0
FFZ,2018-05-14,91.4,69.8
FFZ,2018-05-15,93.2,71.6
FFZ,2018-05-16,96.8,68.0
FFZ,2018-05-17,96.8,73.4
FFZ,2018-05-18,91.4,69.8
FFZ,2018-05-19,93.2,69.8
FFZ,2018-05-20,96.8,73.4
FFZ,2018-05-21,95.0,73.4
FFZ,2018-05-22,91.4,69.8
FFZ,2018-05-23,91.4,71.6
FFZ,2018-05-24,96.8,69.8
FFZ,2018-05-25,98.6,71.6
FFZ,2018-05-26,91.4,73.4
FFZ,2018-05-27,89.6,66.2
FFZ,2018-05-28,95.0,69.8
FFZ,2018-05-29,100.4,73.4
FFZ,2018-05-30,100.4,78.8
FFZ,2018-05-31,100.4,71.6
FFZ,2018-06-01,96.8,75.2
FFZ,2018-06-02,102.2,75.2
FFZ,2018-06-03,105.8,75.2
FFZ,2018-06-04,107.6,77.0
FFZ,2018-06-05,102.2,80.6
FFZ,2018-06-06,102.2,93.2
FFZ,2018-06-07,102.2,78.8
FFZ,2018-06-08,105.8,77.0
FFZ,2018-06-09,107.6,78.8
FFZ,2018-06-10,102.2,78.8
FFZ,2018-06-11,102.2,80.6
FFZ,2018-06-12,105.8,75.2
FFZ,2018-06-13,107.6,86.0
FFZ,2018-06-14,107.6,87.8
FFZ,2018-06-15,91.4,86.0
FFZ,2018-06-16,80.6,71.6
FFZ,2018-06-17,96.8,73.4
FFZ,2018-06-18,100.4,71.6
FFZ,2018-06-19,100.4,73.4
FFZ,2018-06-20,105.8,75.2
FFZ,2018-06-21,107.6,80.6
FFZ,2018-06-22,107.6,80.6
FFZ,2018-06-23,105.8,84.2
FFZ,2018-06-24,102.2,80.6
FFZ,2018-06-25,102.2,80.6
FFZ,2018-06-27,107.6,80.6
FFZ,2018-06-28,105.8,84.2
FFZ,2018-06-29,102.2,82.4
FFZ,2018-06-30,100.4,80.6
FFZ,2018-07-01,100.4,78.8
FFZ,2018-07-02,105.8,77.0
FFZ,2018-07-03,107.6,80.6
FFZ,2018-07-04,104.0,82.4
FFZ,2018-07-05,111.2,84.2
FFZ,2018-07-06,109.4,93.2
FFZ,2018-07-07,111.2,93.2
FFZ,2018-07-08,107.6,93.2
FFZ,2018-07-09,102.2,77.0
FFZ,2018-07-10,95.0,78.8
FFZ,2018-07-11,96.8,80.6
FFZ,2018-07-12,96.8,80.6
FFZ,2018-07-13,102.2,89.6
FFZ,2018-07-14,100.4,84.2
FFZ,2018-07-15,96.8,84.2
FFZ,2018-07-16,100.4,82.4
FFZ,2018-07-17,104.0,84.2
FFZ,2018-07-18,98.6,87.8
FFZ,2018-07-19,102.2,86.0
FFZ,2018-07-20,105.8,89.6
FFZ,2018-07-21,100.4,82.4
FFZ,2018-07-22,105.8,84.2
FFZ,2018-07-23,113.0,87.8
FFZ,2018-07-24,114.8,89.6
FFZ,2018-07-25,113.0,93.2
FFZ,2018-07-26,107.6,93.2
FFZ,2018-07-27,107.6,91.4
FFZ,2018-07-28,105.8,89.6
FFZ,2018-07-29,102.2,80.6
FFZ,2018-07-30,105.8,78.8
FFZ,2018-07-31,104.0,80.6
FFZ,2018-08-01,107.6,87.8
FFZ,2018-08-02,107.6,89.6
FFZ,2018-08-03,107.6,87.8
FFZ,2018-08-04,109.4,91.4
FFZ,2018-08-05,109.4,91.4
FFZ,2018-08-06,111.2,89.6
FFZ,2018-08-07,111.2,91.4
FFZ,2018-08-08,100.4,80.6
FFZ,2018-08-09,98.6,84.2
FFZ,2018-08-10,96.8,75.2
FFZ,2018-08-11,98.6,75.2
FFZ,2018-08-12,100.4,82.4
FFZ,2018-08-13,98.6,80.6
FFZ,2018-08-14,100.4,82.4
FFZ,2018-08-15,93.2,80.6
FFZ,2018-08-16,98.6,82.4
FFZ,2018-08-17,100.4,82.4
FFZ,2018-08-18,102.2,84.2
FFZ,2018-08-19,105.8,87.8
FFZ,2018-08-20,104.0,91.4
FFZ,2018-08-21,100.4,82.4
FFZ,2018-08-22,96.8,80.6
FFZ,2018-08-23,82.4,78.8
FFZ,2018-08-24,98.6,78.8
FFZ,2018-08-25,98.6,80.6
FFZ,2018-08-26,98.6,80.6
FFZ,2018-08-27,102.2,84.2
FFZ,2018-08-28,100.4,82.4
FFZ,2018-08-29,102.2,98.6
FFZ,2018-08-30,100.4,82.4
FFZ,2018-08-31,100.4,84.2
FFZ,2018-09-01,100.4,87.8
FFZ,2018-09-02,98.6,78.8
FFZ,2018-09-03,96.8,78.8
FFZ,2018-09-04,98.6,78.8
FFZ,2018-09-05,100.4,84.2
FFZ,2018-09-06,102.2,80.6
FFZ,2018-09-07,102.2,82.4
FFZ,2018-09-08,105.8,82.4
FFZ,2018-09-09,102.2,86.0
FFZ,2018-09-10,104.0,84.2
FFZ,2018-09-11,104.0,80.6
FFZ,2018-09-12,104.0,80.6
FFZ,2018-09-13,102.2,77.0
FFZ,2018-09-14,105.8,80.6
FFZ,2018-09-15,107.6,84.2
FFZ,2018-09-16,100.4,84.2
FFZ,2018-09-17,104.0,87.8
FFZ,2018-09-18,100.4,84.2
FFZ,2018-09-19,87.8,68.0
FFZ,2018-09-20,93.2,73.4
FFZ,2018-09-21,98.6,78.8
FFZ,2018-09-22,100.4,80.6
FFZ,2018-09-23,100.4,80.6
FFZ,2018-09-24,98.6,80.6
FFZ,2018-09-25,96.8,80.6
FFZ,2018-09-26,100.4,78.8
FFZ,2018-09-27,100.4,75.2
FFZ,2018-09-28,100.4,75.2
FFZ,2018-09-29,100.4,78.8
FFZ,2018-09-30,95.0,75.2
FFZ,2018-10-01,78.0,70.0
FFZ,2018-10-02,80.0,71.0
FFZ,2018-10-03,85.0,73.0
FFZ,2018-10-04,85.0,70.0
FFZ,2018-10-05,84.0,68.0
FFZ,2018-10-06,84.0,68.0
FFZ,2018-10-07,74.0,55.0
FFZ,2018-10-08,75.0,59.0
FFZ,2018-10-09,78.0,60.0
FFZ,2018-10-10,81.0,59.0
FFZ,2018-10-11,81.0,65.0
FFZ,2018-10-12,82.0,68.0
FFZ,2018-10-13,74.0,62.0
FFZ,2018-10-14,75.0,60.0
FFZ,2018-10-15,75.2,62.6
FFZ,2018-10-16,70.0,59.0
FFZ,2018-10-17,77.0,58.0
FFZ,2018-10-18,80.0,61.0
FFZ,2018-10-19,85.0,66.0
FFZ,2018-10-20,90.0,72.0
FFZ,2018-10-21,88.0,67.0
FFZ,2018-10-22,85.0,67.0
FFZ,2018-10-23,87.0,69.0
FFZ,2018-10-24,82.0,64.0
FFZ,2018-10-25,84.0,63.0
FFZ,2018-10-26,88.0,64.0
FFZ,2018-10-27,87.0,63.0
FFZ,2018-10-28,88.0,65.0
FFZ,2018-10-29,86.0,65.0
FFZ,2018-10-30,83.0,66.0
FFZ,2018-10-31,75.0,55.0
FFZ,2018-11-01,75.0,53.0
FFZ,2018-11-02,80.0,54.0
FFZ,2018-11-03,80.0,57.0
FFZ,2018-11-04,79.0,55.0
FFZ,2018-11-05,80.0,58.0
FFZ,2018-11-06,82.0,57.0
FFZ,2018-11-07,81.0,59.0
FFZ,2018-11-08,79.0,59.0
FFZ,2018-11-09,78.1,57.9
FFZ,2018-11-10,78.1,59.0
FFZ,2018-11-11,71.0,52.0
FFZ,2018-11-12,67.0,50.0
FFZ,2018-11-13,67.0,45.0
FFZ,2018-11-14,67.0,53.0
FFZ,2018-11-15,75.0,51.0
FFZ,2018-11-16,75.0,46.0
FFZ,2018-11-17,73.0,50.0
FFZ,2018-11-18,72.0,50.0
FFZ,2018-11-19,77.0,50.0
FFZ,2018-11-20,79.0,56.0
FFZ,2018-11-21,74.0,52.0
FFZ,2018-11-22,65.0,53.0
FFZ,2018-11-23,70.0,50.0
FFZ,2018-11-24,69.0,48.0
FFZ,2018-11-25,73.0,53.0
FFZ,2018-11-26,76.0,54.0
FFZ,2018-11-27,74.0,52.0
FFZ,2018-11-28,75.0,51.0
FFZ,2018-11-29,69.0,51.0
FFZ,2018-11-30,62.0,51.0
FFZ,2018-12-01,62.0,49.0
FFZ,2018-12-02,60.1,46.9
FFZ,2018-12-03,62.0,44.0
FFZ,2018-12-04,66.0,44.0
FFZ,2018-12-05,73.0,52.0
FFZ,2018-12-06,61.0,54.0
FFZ,2018-12-07,69.0,54.0
FFZ,2018-12-08,66.0,48.0
FFZ,2018-12-09,71.0,50.0
FFZ,2018-12-10,73.0,52.0
FFZ,2018-12-11,70.0,51.0
FFZ,2018-12-12,66.0,45.0
FFZ,2018-12-13,69.0,46.0
FFZ,2018-12-14,66.0,40.0
FFZ,2018-12-15,71.0,54.0
FFZ,2018-12-16,71.0,50.0
FFZ,2018-12-17,69.0,49.0
FFZ,2018-12-18,67.0,47.0
FFZ,2018-12-19,67.0,45.0
FFZ,2018-12-20,73.0,44.0
FFZ,2018-12-21,69.0,46.0
FFZ,2018-12-22,72.0,47.0
FFZ,2018-12-23,72.0,47.0
FFZ,2018-12-24,70.0,47.0
FFZ,2018-12-25,64.0,47.0
FFZ,2018-12-26,58.0,46.0
FFZ,2018-12-27,58.0,44.0
FFZ,2018-12-28,52.0,37.0
FFZ,2018-12-29,56.0,37.0
FFZ,2018-12-30,55.0,37.0
FFZ,2018-12-31,52.0,36.0
FFZ,2019-01-01,50.0,38.0
FFZ,2019-01-02,50.0,33.0
FFZ,2019-01-03,55.0,32.0
FFZ,2019-01-04,69.0,37.0
FFZ,2019-01-05,68.0,42.0
FFZ,2019-01-06,54.0,46.0
FFZ,2019-01-07,63.0,43.0
FFZ,2019-01-08,72.0,45.0
FFZ,2019-01-09,73.0,48.0
FFZ,2019-01-10,64.0,50.0
FFZ,2019-01-11,65.0,45.0
FFZ,2019-01-12,68.0,45.0
FFZ,2019-01-13,61.0,48.0
FFZ,2019-01-14,68.0,51.0
FFZ,2019-01-15,67.0,54.0
FFZ,2019-01-16,69.0,49.0
FFZ,2019-01-17,68.0,48.0
FFZ,2019-01-18,68.0,56.0
FFZ,2019-01-19,72.0,50.0
FFZ,2019-01-20,74.0,50.0
FFZ,2019-01-21,66.0,45.0
FFZ,2019-01-22,62.0,39.0
FFZ,2019-01-23,61.0,42.0
FFZ,2019-01-24,69.0,39.0
FFZ,2019-01-25,70.0,47.0
FFZ,2019-01-26,72.0,47.0
FFZ,2019-01-27,72.0,52.0
FFZ,2019-01-28,71.0,46.0
FFZ,2019-01-29,73.0,53.0
FFZ,2019-01-30,74.0,54.0
FFZ,2019-01-31,72.0,52.0
FFZ,2019-02-01,72.0,54.0
FFZ,2019-02-02,71.0,53.0
FFZ,2019-02-03,66.0,56.0
FFZ,2019-02-04,64.0,54.0
FFZ,2019-02-05,64.0,51.0
FFZ,2019-02-06,56.0,40.0
FFZ,2019-02-07,57.0,35.0
FFZ,2019-02-08,66.0,37.0
FFZ,2019-02-09,58.0,42.0
FFZ,2019-02-10,62.0,40.0
FFZ,2019-02-11,58.0,43.0
FFZ,2019-02-12,69.0,38.0
FFZ,2019-02-13,68.0,48.0
FFZ,2019-02-14,60.0,55.0
FFZ,2019-02-15,65.0,53.0
FFZ,2019-02-16,61.0,44.0
FFZ,2019-02-17,57.0,41.0
FFZ,2019-02-18,52.0,42.0
FFZ,2019-02-19,55.0,35.0
FFZ,2019-02-20,55.0,34.0
FFZ,2019-02-21,50.0,37.0
FFZ,2019-02-22,47.0,37.0
FFZ,2019-02-23,55.0,36.0
FFZ,2019-02-24,64.0,38.0
FFZ,2019-02-25,65.0,43.0
FFZ,2019-02-26,72.0,45.0
FFZ,2019-02-27,74.0,53.0
FFZ,2019-02-28,74.0,50.0
FFZ,2019-03-01,76.0,52.0
FFZ,2019-03-02,72.0,57.0
FFZ,2019-03-03,72.0,54.0
FFZ,2019-03-04,73.0,52.0
FFZ,2019-03-05,79.0,49.0
FFZ,2019-03-06,83.0,57.0
FFZ,2019-03-07,73.0,57.0
FFZ,2019-03-08,66.0,50.0
FFZ,2019-03-09,65.0,45.0
FFZ,2019-03-10,70.0,44.0
FFZ,2019-03-11,71.0,49.0
FFZ,2019-03-12,59.0,51.0
FFZ,2019-03-13,64.0,46.0
FFZ,2019-03-14,63.0,42.0
FFZ,2019-03-15,74.0,49.0
FFZ,2019-03-16,79.0,60.0
FFZ,2019-03-17,79.0,58.0
FFZ,2019-03-18,83.0,59.0
FFZ,2019-03-19,82.0,60.1
FFZ,2019-03-20,84.0,60.0
FFZ,2019-03-21,68.0,55.0
FFZ,2019-03-22,71.0,48.0
FFZ,2019-03-23,75.0,50.0
FFZ,2019-03-24,79.0,52.0
FFZ,2019-03-25,85.0,55.0
FFZ,2019-03-26,85.0,59.0
FFZ,2019-03-27,81.0,61.0
FFZ,2019-03-28,84.0,57.0
FFZ,2019-03-29,80.0,55.0
FFZ,2019-03-30,82.0,57.0
FFZ,2019-03-31,80.0,55.0
FFZ,2019-04-01,83.0,61.0
FFZ,2019-04-02,87.0,56.0
FFZ,2019-04-03,78.0,58.0
FFZ,2019-04-04,82.0,57.0
FFZ,2019-04-05,80.0,57.0
FFZ,2019-04-06,79.0,63.0
FFZ,2019-04-07,87.0,59.0
FFZ,2019-04-08,95.0,63.0
FFZ,2019-04-09,95.0,65.0
FFZ,2019-04-10,78.0,58.0
FFZ,2019-04-11,76.0,55.0
FFZ,2019-04-12,73.0,59.0
FFZ,2019-04-13,78.0,52.0
FFZ,2019-04-14,84.0,57.0
FFZ,2019-04-15,88.0,60.0
FFZ,2019-04-16,80.0,61.0
FFZ,2019-04-17,76.0,56.0
FFZ,2019-04-18,89.0,59.0
FFZ,2019-04-19,98.0,64.0
FFZ,2019-04-20,92.0,69.0
FFZ,2019-04-21,87.0,68.0
FFZ,2019-04-22,85.0,59.0
FFZ,2019-04-23,84.0,63.0
FFZ,2019-04-24,92.0,61.0
FFZ,2019-04-25,97.0,67.0
FFZ,2019-04-26,99.0,68.0
FFZ,2019-04-27,95.0,71.0
FFZ,2019-04-28,95.0,69.0
FFZ,2019-04-29,85.0,62.0
FFZ,2019-04-30,82.0,59.0
FFZ,2019-05-01,86.0,63.0
FFZ,2019-05-02,86.0,62.0
FFZ,2019-05-03,92.0,63.0
FFZ,2019-05-04,94.0,65.0
FFZ,2019-05-05,92.0,66.0
FFZ,2019-05-06,85.0,68.0
FFZ,2019-05-07,77.0,60.0
FFZ,2019-05-08,86.0,62.0
FFZ,2019-05-09,88.0,61.0
FFZ,2019-05-10,85.0,64.0
FFZ,2019-05-11,85.0,64.0
FFZ,2019-05-12,85.0,65.0
FFZ,2019-05-13,90.0,63.0
FFZ,2019-05-14,97.0,70.0
FFZ,2019-05-15,99.0,72.0
FFZ,2019-05-16,94.0,73.0
FFZ,2019-05-17,80.0,61.0
FFZ,2019-05-18,85.0,60.0
FFZ,2019-05-19,81.0,66.0
FFZ,2019-05-20,72.0,59.0
FFZ,2019-05-21,81.0,53.0
FFZ,2019-05-22,73.0,60.0
FFZ,2019-05-23,75.0,53.0
FFZ,2019-05-24,87.0,59.0
FFZ,2019-05-25,91.0,62.0
FFZ,2019-05-26,84.0,61.0
FFZ,2019-05-27,78.0,64.0
FFZ,2019-05-28,83.0,58.0
FFZ,2019-05-29,89.0,62.0
FFZ,2019-05-30,95.0,66.0
FFZ,2019-05-31,97.0,70.0
FFZ,2019-06-01,96.0,67.0
FFZ,2019-06-02,94.0,71.0
FFZ,2019-06-03,96.0,72.0
FFZ,2019-06-04,97.0,72.0
FFZ,2019-06-05,100.0,74.0
FFZ,2019-06-06,100.0,75.0
FFZ,2019-06-07,101.0,77.0
FFZ,2019-06-08,98.0,70.0
FFZ,2019-06-09,103.0,72.0
FFZ,2019-06-10,106.0,79.0
FFZ,2019-06-11,107.0,82.0
FFZ,2019-06-12,109.0,81.0
FFZ,2019-06-13,107.0,81.0
FFZ,2019-06-14,103.0,81.0
FFZ,2019-06-15,102.0,77.0
FFZ,2019-06-16,103.0,79.0
FFZ,2019-06-17,104.0,80.0
FFZ,2019-06-18,102.0,78.0
FFZ,2019-06-19,102.0,75.0
FFZ,2019-06-20,102.0,75.0
FFZ,2019-06-21,102.0,79.0
FFZ,2019-06-22,97.0,77.0
FFZ,2019-06-23,98.0,75.0
FFZ,2019-06-24,101.0,73.0
FFZ,2019-06-25,103.0,73.0
FFZ,2019-06-26,101.0,73.0
FFZ,2019-06-27,104.0,76.0
FFZ,2019-06-28,109.0,78.0
FFZ,2019-06-29,110.0,82.0
FFZ,2019-06-30,109.0,82.0
FFZ,2019-07-01,109.0,83.0
FFZ,2019-07-02,107.0,82.0
FFZ,2019-07-03,106.0,80.0
FFZ,2019-07-04,105.0,78.0
FFZ,2019-07-05,104.0,77.0
FFZ,2019-07-06,104.0,80.0
FFZ,2019-07-07,106.0,83.0
FFZ,2019-07-08,103.0,78.0
FFZ,2019-07-09,103.0,75.0
FFZ,2019-07-10,110.0,80.0
FFZ,2019-07-11,112.0,86.0
FFZ,2019-07-12,110.0,90.0
FFZ,2019-07-13,109.0,88.0
FFZ,2019-07-14,109.0,90.0
FFZ,2019-07-15,112.0,88.0
FFZ,2019-07-16,113.0,90.0
FFZ,2019-07-17,104.0,88.0
FFZ,2019-07-18,106.0,86.0
FFZ,2019-07-19,106.0,83.0
FFZ,2019-07-20,107.0,81.0
FFZ,2019-07-21,108.0,85.0
FFZ,2019-07-22,102.0,78.0
FFZ,2019-07-23,105.0,80.0
FFZ,2019-07-24,103.0,79.0
FFZ,2019-07-25,106.0,86.0
FFZ,2019-07-26,109.0,89.0
FFZ,2019-07-27,112.0,90.0
FFZ,2019-07-28,110.0,90.0
FFZ,2019-07-29,108.0,88.0
FFZ,2019-07-30,105.0,76.0
FFZ,2019-07-31,94.0,76.0
FFZ,2019-08-01,102.0,82.0
FFZ,2019-08-02,108.0,87.0
FFZ,2019-08-03,110.0,80.0
FFZ,2019-08-04,109.0,84.0
FFZ,2019-08-05,114.0,89.0
FFZ,2019-08-06,103.0,88.0
FFZ,2019-08-07,105.0,86.0
FFZ,2019-08-08,107.0,85.0
FFZ,2019-08-09,98.0,88.0
FFZ,2019-08-10,100.0,84.0
FFZ,2019-08-11,101.0,82.0
FFZ,2019-08-12,104.0,85.0
FFZ,2019-08-13,107.0,80.0
FFZ,2019-08-14,111.0,82.0
FFZ,2019-08-15,112.0,83.0
FFZ,2019-08-16,108.0,85.0
FFZ,2019-08-17,106.0,85.0
FFZ,2019-08-18,102.0,82.0
FFZ,2019-08-19,108.0,79.0
FFZ,2019-08-20,111.0,83.0
FFZ,2019-08-21,113.0,84.0
FFZ,2019-08-22,108.0,85.0
FFZ,2019-08-23,102.0,84.0
FFZ,2019-08-24,100.0,83.0
FFZ,2019-08-25,101.0,84.0
FFZ,2019-08-26,106.0,87.0
FFZ,2019-08-27,109.0,86.0
FFZ,2019-08-28,107.0,79.0
FFZ,2019-08-29,103.0,81.0
FFZ,2019-08-30,108.0,84.0
FFZ,2019-08-31,105.0,86.0
FFZ,2019-09-01,107.0,78.0
FFZ,2019-09-02,105.0,82.0
FFZ,2019-09-03,107.0,85.0
FFZ,2019-09-04,110.0,87.0
FFZ,2019-09-05,110.0,87.0
FFZ,2019-09-06,106.0,86.0
FFZ,2019-09-07,106.0,88.0
FFZ,2019-09-08,100.0,84.0
FFZ,2019-09-09,97.0,80.0
FFZ,2019-09-10,99.0,83.0
FFZ,2019-09-11,95.0,80.0
FFZ,2019-09-12,101.0,78.0
FFZ,2019-09-13,105.0,80.0
FFZ,2019-09-14,103.0,83.0
FFZ,2019-09-15,96.0,81.0
FFZ,2019-09-16,97.0,79.0
FFZ,2019-09-17,96.0,72.0
FFZ,2019-09-18,101.0,71.0
FFZ,2019-09-19,101.0,78.0
FFZ,2019-09-20,96.0,73.0
FFZ,2019-09-21,93.0,69.0
FFZ,2019-09-22,96.0,70.0
FFZ,2019-09-23,85.0,68.0
FFZ,2019-09-24,87.0,68.0
FFZ,2019-09-25,90.0,71.0
FFZ,2019-09-26,88.0,72.0
FFZ,2019-09-27,85.0,71.0
FFZ,2019-09-28,92.0,69.0
FFZ,2019-09-29,89.0,73.0
FFZ,2019-09-30,89.0,66.0
FFZ,2019-10-01,88.0,64.0
FFZ,2019-10-02,89.0,65.0
FFZ,2019-10-03,94.0,68.0
FFZ,2019-10-04,93.0,72.0
FFZ,2019-10-05,93.0,69.0
FFZ,2019-10-06,94.0,69.0
FFZ,2019-10-07,98.0,67.0
FFZ,2019-10-08,95.0,69.0
FFZ,2019-10-09,93.0,67.0
FFZ,2019-10-10,87.0,67.0
FFZ,2019-10-11,87.0,63.0
FFZ,2019-10-12,88.0,67.0
FFZ,2019-10-13,89.0,64.0
FFZ,2019-10-14,88.0,65.0
FFZ,2019-10-15,92.0,68.0
FFZ,2019-10-16,96.0,66.0
FFZ,2019-10-17,94.0,72.0
FFZ,2019-10-18,83.0,65.0
FFZ,2019-10-19,84.0,60.0
FFZ,2019-10-20,84.0,57.0
FFZ,2019-10-21,84.0,61.0
FFZ,2019-10-22,90.0,63.0
FFZ,2019-10-23,88.0,62.0
FFZ,2019-10-24,85.0,65.0
FFZ,2019-10-25,83.0,63.0
FFZ,2019-10-26,82.0,56.0
FFZ,2019-10-27,87.0,59.0
FFZ,2019-10-28,73.0,52.0
FFZ,2019-10-29,72.0,47.0
FFZ,2019-10-30,69.0,49.0
FFZ,2019-10-31,77.0,49.0
FFZ,2019-11-01,79.0,51.0
FFZ,2019-11-02,88.0,54.0
FFZ,2019-11-03,84.0,61.0
FFZ,2019-11-04,85.0,56.0
FFZ,2019-11-05,88.0,61.0
FFZ,2019-11-06,84.0,65.0
FFZ,2019-11-07,86.0,63.0
FFZ,2019-11-08,87.0,67.0
FFZ,2019-11-09,85.0,66.0
FFZ,2019-11-10,86.0,65.0
FFZ,2019-11-11,84.0,62.0
FFZ,2019-11-12,80.0,60.0
FFZ,2019-11-13,76.0,53.0
FFZ,2019-11-14,80.0,53.0
FFZ,2019-11-15,84.0,55.0
FFZ,2019-11-16,82.0,62.0
FFZ,2019-11-17,86.0,55.0
FFZ,2019-11-18,82.0,54.0
FFZ,2019-11-19,77.0,57.0
FFZ,2019-11-20,69.0,54.0
FFZ,2019-11-21,61.0,51.0
FFZ,2019-11-22,65.0,50.0
FFZ,2019-11-23,73.0,49.0
FFZ,2019-11-24,73.0,53.0
FFZ,2019-11-25,66.0,49.0
FFZ,2019-11-26,60.0,44.0
FFZ,2019-11-27,68.0,41.0
FFZ,2019-11-28,68.0,55.0
FFZ,2019-11-29,63.0,44.0
FFZ,2019-11-30,59.0,40.0
FFZ,2019-12-01,67.0,44.0
FFZ,2019-12-02,69.0,50.0
FFZ,2019-12-03,66.0,46.0
FFZ,2019-12-04,74.0,57.0
FFZ,2019-12-05,69.0,57.0
FFZ,2019-12-06,71.0,53.0
FFZ,2019-12-07,70.0,52.0
FFZ,2019-12-08,63.0,55.0
FFZ,2019-12-09,64.0,43.0
FFZ,2019-12-10,67.0,46.0
FFZ,2019-12-11,69.0,50.0
FFZ,2019-12-12,67.0,47.0
FFZ,2019-12-13,67.0,45.0
FFZ,2019-12-14,69.0,48.0
FFZ,2019-12-15,62.0,47.0
FFZ,2019-12-16,61.0,43.0
FFZ,2019-12-17,62.0,41.0
FFZ,2019-12-18,65.0,50.0
FFZ,2019-12-19,64.0,43.0
FFZ,2019-12-20,69.0,40.0
FFZ,2019-12-21,71.0,46.0
FFZ,2019-12-22,72.0,46.0
FFZ,2019-12-23,68.0,52.0
FFZ,2019-12-24,56.0,51.0
FFZ,2019-12-25,56.0,46.0
FFZ,2019-12-26,62.0,43.0
FFZ,2019-12-27,48.0,46.0
FFZ,2019-12-28,52.0,38.0
FFZ,2019-12-29,51.0,34.0
FFZ,2019-12-30,56.0,40.0
FFZ,2019-12-31,59.0,46.0
FFZ,2020-01-01,58.0,41.0
FFZ,2020-01-02,61.0,42.0
FFZ,2020-01-03,62.0,42.0
FFZ,2020-01-04,69.0,44.0
FFZ,2020-01-05,68.0,43.0
FFZ,2020-01-06,69.0,44.0
FFZ,2020-01-07,72.0,50.0
FFZ,2020-01-08,66.0,42.0
FFZ,2020-01-09,60.0,44.0
FFZ,2020-01-10,60.0,42.0
FFZ,2020-01-11,60.0,37.0
FFZ,2020-01-12,64.0,42.0
FFZ,2020-01-13,67.0,41.0
FFZ,2020-01-14,68.0,43.0
FFZ,2020-01-15,70.0,48.0
FFZ,2020-01-16,67.0,51.0
FFZ,2020-01-17,63.0,45.0
FFZ,2020-01-18,71.0,47.0
FFZ,2020-01-19,75.0,52.0
FFZ,2020-01-20,73.0,61.0
FFZ,2020-01-21,61.0,53.0
FFZ,2020-01-22,63.0,50.0
FFZ,2020-01-23,70.0,48.0
FFZ,2020-01-24,73.0,52.0
FFZ,2020-01-25,70.0,50.0
FFZ,2020-01-26,70.0,48.0
FFZ,2020-01-27,71.0,50.0
FFZ,2020-01-28,68.0,50.0
FFZ,2020-01-29,66.0,45.0
FFZ,2020-01-30,66.0,50.0
FFZ,2020-01-31,70.0,46.0
FFZ,2020-02-01,78.0,47.0
FFZ,2020-02-02,77.0,51.0
FFZ,2020-02-03,60.0,45.0
FFZ,2020-02-04,52.0,34.0
FFZ,2020-02-05,51.0,36.0
FFZ,2020-02-06,57.0,36.0
FFZ,2020-02-07,64.0,40.0
FFZ,2020-02-08,70.0,44.0
FFZ,2020-02-09,72.0,48.0
FFZ,2020-02-10,70.0,51.0
FFZ,2020-02-11,60.0,48.0
FFZ,2020-02-12,60.0,42.0
FFZ,2020-02-13,66.0,44.0
FFZ,2020-02-14,69.0,49.0
FFZ,2020-02-15,69.0,48.0
FFZ,2020-02-16,72.0,48.0
FFZ,2020-02-17,73.0,48.0
FFZ,2020-02-18,74.0,52.0
FFZ,2020-02-19,76.0,53.0
FFZ,2020-02-20,78.0,53.0
FFZ,2020-02-21,75.0,63.0
FFZ,2020-02-22,67.0,54.0
FFZ,2020-02-23,61.0,48.0
FFZ,2020-02-24,68.0,46.0
FFZ,2020-02-25,67.0,48.0
FFZ,2020-02-26,66.0,43.0
FFZ,2020-02-27,75.0,45.0
FFZ,2020-02-28,75.0,57.0
FFZ,2020-02-29,74.0,52.0
FFZ,2020-03-01,73.0,54.0
FFZ,2020-03-02,65.0,48.0
FFZ,2020-03-03,73.0,49.0
FFZ,2020-03-04,71.0,51.0
FFZ,2020-03-05,82.0,53.0
FFZ,2020-03-06,82.0,62.0
FFZ,2020-03-07,82.0,61.0
FFZ,2020-03-08,73.0,58.0
FFZ,2020-03-09,76.0,54.0
FFZ,2020-03-10,72.0,60.0
FFZ,2020-03-11,66.0,60.0
FFZ,2020-03-12,72.0,63.0
FFZ,2020-03-13,66.0,52.0
FFZ,2020-03-14,70.0,50.0
FFZ,2020-03-15,74.0,54.0
FFZ,2020-03-16,76.0,54.0
FFZ,2020-03-17,73.0,55.0
FFZ,2020-03-18,65.0,49.0
FFZ,2020-03-19,62.0,49.0
FFZ,2020-03-20,68.0,48.0
FFZ,2020-03-21,71.0,50.0
FFZ,2020-03-22,72.0,53.0
FFZ,2020-03-23,75.0,56.0
FFZ,2020-03-24,74.0,54.0
FFZ,2020-03-25,75.0,54.0
FFZ,2020-03-26,68.0,57.0
FFZ,2020-03-27,63.0,50.0
FFZ,2020-03-28,69.0,45.0
FFZ,2020-03-29,74.0,52.0
FFZ,2020-03-30,74.0,50.0
FFZ,2020-03-31,77.0,56.0
FFZ,2020-04-01,82.0,60.0
FFZ,2020-04-02,81.0,61.0
FFZ,2020-04-03,81.0,57.0
FFZ,2020-04-04,81.0,58.0
FFZ,2020-04-05,83.0,57.0
FFZ,2020-04-06,82.0,56.0
FFZ,2020-04-07,81.0,55.0
FFZ,2020-04-08,81.0,58.0
FFZ,2020-04-09,70.0,53.0
FFZ,2020-04-10,76.0,52.0
FFZ,2020-04-11,68.0,57.0
FFZ,2020-04-12,74.0,53.0
FFZ,2020-04-13,75.0,57.0
FFZ,2020-04-14,78.0,54.0
FFZ,2020-04-15,80.0,56.0
FFZ,2020-04-16,83.0,55.0
FFZ,2020-04-17,86.0,56.0
FFZ,2020-04-18,76.0,59.0
FFZ,2020-04-19,80.0,56.0
FFZ,2020-04-20,84.0,61.0
FFZ,2020-04-21,80.0,63.0
FFZ,2020-04-22,88.0,62.0
FFZ,2020-04-23,94.0,64.0
FFZ,2020-04-24,95.0,66.0
FFZ,2020-04-25,98.0,65.0
FFZ,2020-04-26,99.0,70.0
FFZ,2020-04-27,99.0,72.0
FFZ,2020-04-28,98.0,70.0
FFZ,2020-04-29,102.0,72.0
FFZ,2020-04-30,98.0,75.0
FFZ,2020-05-01,99.0,71.0
FFZ,2020-05-02,96.0,73.0
FFZ,2020-05-03,94.0,69.0
FFZ,2020-05-04,96.0,67.0
FFZ,2020-05-05,100.0,71.0
FFZ,2020-05-06,102.0,73.0
FFZ,2020-05-07,103.0,73.0
FFZ,2020-05-08,100.0,72.0
FFZ,2020-05-09,99.0,77.0
FFZ,2020-05-10,97.0,78.0
FFZ,2020-05-11,96.0,76.0
FFZ,2020-05-12,92.0,73.0
FFZ,2020-05-13,89.0,68.0
FFZ,2020-05-14,87.0,69.0
FFZ,2020-05-15,91.0,68.0
FFZ,2020-05-16,96.0,69.0
FFZ,2020-05-17,99.0,72.0
FFZ,2020-05-18,99.0,70.0
FFZ,2020-05-19,90.0,70.0
FFZ,2020-05-20,84.0,60.0
FFZ,2020-05-21,89.0,63.0
FFZ,2020-05-22,93.0,64.0
FFZ,2020-05-23,91.0,69.0
FFZ,2020-05-24,91.0,70.0
FFZ,2020-05-25,94.0,69.0
FFZ,2020-05-26,100.0,73.0
FFZ,2020-05-27,105.0,75.0
FFZ,2020-05-28,107.0,78.0
FFZ,2020-05-29,110.0,79.0
FFZ,2020-05-30,108.0,83.0
FFZ,2020-05-31,106.0,81.0
FFZ,2020-06-01,103.0,80.0
FFZ,2020-06-02,105.0,82.0
FFZ,2020-06-03,109.0,84.0
FFZ,2020-06-04,108.0,84.0
FFZ,2020-06-05,102.0,83.0
FFZ,2020-06-06,91.0,73.0
FFZ,2020-06-07,95.0,74.0
FFZ,2020-06-08,88.0,71.0
FFZ,2020-06-09,92.0,69.0
FFZ,2020-06-10,101.0,73.0
FFZ,2020-06-11,106.0,78.0
FFZ,2020-06-12,107.0,78.0
FFZ,2020-06-13,106.0,76.0
FFZ,2020-06-14,104.0,75.0
FFZ,2020-06-15,103.0,76.0
FFZ,2020-06-16,105.0,75.0
FFZ,2020-06-17,101.0,78.0
FFZ,2020-06-18,101.0,77.0
FFZ,2020-06-19,100.0,76.0
FFZ,2020-06-20,103.0,76.0
FFZ,2020-06-21,105.0,77.0
FFZ,2020-06-22,106.0,81.0
FFZ,2020-06-23,107.0,78.0
FFZ,2020-06-24,107.0,77.0
FFZ,2020-06-25,107.0,80.0
FFZ,2020-06-26,107.0,83.0
FFZ,2020-06-27,105.0,82.0
FFZ,2020-06-28,102.0,82.0
FFZ,2020-06-29,98.0,81.0
FFZ,2020-06-30,99.0,76.0
FFZ,2020-07-01,101.0,76.0
FFZ,2020-07-02,99.0,79.0
FFZ,2020-07-03,103.0,84.0
FFZ,2020-07-04,107.0,84.0
FFZ,2020-07-05,109.0,84.0
FFZ,2020-07-06,109.0,81.0
FFZ,2020-07-07,108.0,81.0
FFZ,2020-07-08,108.0,87.0
FFZ,2020-07-09,107.0,86.0
FFZ,2020-07-10,110.0,91.0
FFZ,2020-07-11,112.0,90.0
FFZ,2020-07-12,113.0,91.0
FFZ,2020-07-13,110.0,92.0
FFZ,2020-07-14,108.0,89.0
FFZ,2020-07-15,107.0,87.0
FFZ,2020-07-16,108.0,88.0
FFZ,2020-07-17,106.0,90.0
FFZ,2020-07-18,109.0,87.0
FFZ,2020-07-19,109.0,91.0
FFZ,2020-07-20,105.0,90.0
FFZ,2020-07-21,106.0,91.0
FFZ,2020-07-22,105.0,88.0
FFZ,2020-07-23,93.0,83.0
FFZ,2020-07-24,101.0,80.0
FFZ,2020-07-25,102.0,80.0
FFZ,2020-07-26,106.0,85.0
FFZ,2020-07-27,108.0,87.0
FFZ,2020-07-28,111.0,88.0
FFZ,2020-07-29,112.0,88.0
FFZ,2020-07-30,116.0,86.0
FFZ,2020-07-31,114.0,89.0
FFZ,2020-08-01,108.0,92.0
FFZ,2020-08-02,106.0,92.0
FFZ,2020-08-03,110.0,89.0
FFZ,2020-08-04,107.0,85.0
FFZ,2020-08-05,110.0,87.0
FFZ,2020-08-06,107.0,80.0
FFZ,2020-08-07,106.0,83.0
FFZ,2020-08-08,109.0,85.0
FFZ,2020-08-09,109.0,82.0
FFZ,2020-08-10,109.0,83.0
FFZ,2020-08-11,107.0,84.0
FFZ,2020-08-12,109.0,87.0
FFZ,2020-08-13,113.0,90.0
FFZ,2020-08-14,115.0,89.0
FFZ,2020-08-15,111.0,90.0
FFZ,2020-08-16,112.0,91.0
FFZ,2020-08-17,112.0,87.0
FFZ,2020-08-18,110.0,86.0
FFZ,2020-08-19,111.0,90.0
FFZ,2020-08-20,108.0,83.0
FFZ,2020-08-21,99.0,83.0
FFZ,2020-08-22,104.0,86.0
FFZ,2020-08-23,108.0,88.0
FFZ,2020-08-24,113.0,90.0
FFZ,2020-08-25,109.0,91.0
FFZ,2020-08-26,109.0,90.0
FFZ,2020-08-27,110.0,88.0
FFZ,2020-08-28,109.0,89.0
FFZ,2020-08-29,102.0,77.0
FFZ,2020-08-30,98.0,77.0
FFZ,2020-08-31,97.0,76.0
FFZ,2020-09-01,99.0,83.0
FFZ,2020-09-02,100.0,82.0
FFZ,2020-09-03,105.0,84.0
FFZ,2020-09-04,112.0,84.0
FFZ,2020-09-05,112.0,88.0
FFZ,2020-09-06,109.0,87.0
FFZ,2020-09-07,106.0,85.0
FFZ,2020-09-08,97.0,80.0
FFZ,2020-09-09,87.0,70.0
FFZ,2020-09-10,89.0,69.0
FFZ,2020-09-11,89.0,74.0
FFZ,2020-09-12,96.0,74.0
FFZ,2020-09-13,101.0,79.0
FFZ,2020-09-14,101.0,81.0
FFZ,2020-09-15,102.0,80.0
FFZ,2020-09-16,105.0,79.0
FFZ,2020-09-17,105.0,78.0
FFZ,2020-09-18,105.0,79.0
FFZ,2020-09-19,102.0,81.0
FFZ,2020-09-20,104.0,81.0
FFZ,2020-09-21,102.0,81.0
FFZ,2020-09-22,98.0,83.0
FFZ,2020-09-23,103.0,76.0
FFZ,2020-09-24,103.0,76.0
FFZ,2020-09-25,102.0,78.0
FFZ,2020-09-26,100.0,77.0
FFZ,2020-09-27,100.0,74.0
FFZ,2020-09-28,101.0,74.0
FFZ,2020-09-29,100.0,79.0
FFZ,2020-09-30,101.0,72.0
FFZ,2020-10-01,103.0,78.0
FFZ,2020-10-02,104.0,76.0
FFZ,2020-10-03,102.0,74.0
FFZ,2020-10-04,102.0,71.0
FFZ,2020-10-05,101.0,72.0
FFZ,2020-10-06,101.0,76.0
FFZ,2020-10-07,100.0,73.0
FFZ,2020-10-08,99.0,74.0
FFZ,2020-10-09,97.0,74.0
FFZ,2020-10-10,94.0,70.0
FFZ,2020-10-11,91.0,68.0
FFZ,2020-10-12,95.0,69.0
FFZ,2020-10-13,99.0,71.0
FFZ,2020-10-14,97.0,66.0
FFZ,2020-10-15,95.0,70.0
FFZ,2020-10-16,101.0,76.0
FFZ,2020-10-17,94.0,68.0
FFZ,2020-10-18,93.0,66.0
FFZ,2020-10-19,93.0,65.0
FFZ,2020-10-20,94.0,68.0
FFZ,2020-10-21,94.0,65.0
FFZ,2020-10-22,91.0,68.0
FFZ,2020-10-23,91.0,70.0
FFZ,2020-10-24,85.0,69.0
FFZ,2020-10-25,85.0,68.0
FFZ,2020-10-26,71.0,51.0
FFZ,2020-10-27,64.0,49.0
FFZ,2020-10-28,67.0,45.0
FFZ,2020-10-29,84.0,53.0
FFZ,2020-10-30,86.0,61.0
FFZ,2020-10-31,87.0,63.0
FFZ,2020-11-01,94.0,68.0
FFZ,2020-11-02,94.0,73.0
FFZ,2020-11-03,91.0,70.0
FFZ,2020-11-04,90.0,67.0
FFZ,2020-11-05,97.0,72.0
FFZ,2020-11-06,90.0,75.0
FFZ,2020-11-07,82.0,60.0
FFZ,2020-11-08,65.0,50.0
FFZ,2020-11-09,60.0,47.0
FFZ,2020-11-10,65.0,46.0
FFZ,2020-11-11,68.0,47.0
FFZ,2020-11-12,71.0,48.0
FFZ,2020-11-13,73.0,52.0
FFZ,2020-11-14,73.0,50.0
FFZ,2020-11-15,84.0,54.0
FFZ,2020-11-16,92.0,61.0
FFZ,2020-11-17,89.0,65.0
FFZ,2020-11-18,88.0,61.0
FFZ,2020-11-19,85.0,61.0
FFZ,2020-11-20,86.0,62.0
FFZ,2020-11-21,82.0,62.0
FFZ,2020-11-22,82.0,59.0
FFZ,2020-11-23,76.0,58.0
FFZ,2020-11-24,69.0,52.0
FFZ,2020-11-25,69.0,48.0
FFZ,2020-11-26,69.0,47.0
FFZ,2020-11-27,62.0,42.0
FFZ,2020-11-28,69.0,48.0
FFZ,2020-11-29,75.0,48.0
FFZ,2020-11-30,72.0,54.0
FFZ,2020-12-01,68.0,49.0
FFZ,2020-12-02,68.0,51.0
FFZ,2020-12-03,64.0,48.0
FFZ,2020-12-04,64.0,43.0
FFZ,2020-12-05,69.0,43.0
FFZ,2020-12-06,71.0,43.0
FFZ,2020-12-07,78.0,48.0
FFZ,2020-12-08,79.0,57.0
FFZ,2020-12-09,79.0,57.0
FFZ,2020-12-10,58.0,51.0
FFZ,2020-12-11,62.0,48.2
FFZ,2020-12-12,65.0,46.0
FFZ,2020-12-13,61.0,43.0
FFZ,2020-12-14,59.0,43.0
FFZ,2020-12-15,60.0,42.0
FFZ,2020-12-16,63.0,41.0
FFZ,2020-12-17,63.0,43.0
FFZ,2020-12-18,63.0,41.0
FFZ,2020-12-19,65.0,45.0
FFZ,2020-12-20,69.0,41.0
FFZ,2020-12-21,73.0,47.0
FFZ,2020-12-22,69.0,44.0
FFZ,2020-12-23,68.0,46.0
FFZ,2020-12-24,60.0,46.0
FFZ,2020-12-25,69.0,48.0
FFZ,2020-12-26,68.0,43.0
FFZ,2020-12-27,70.0,45.0
FFZ,2020-12-28,67.0,52.0
FFZ,2020-12-29,59.0,45.0
FFZ,2020-12-30,63.0,45.0
FFZ,2020-12-31,60.0,41.0
FFZ,2021-01-01,63.0,41.0
FFZ,2021-01-02,61.0,41.0
FFZ,2021-01-03,62.0,39.0
FFZ,2021-01-04,69.0,40.0
FFZ,2021-01-05,69.0,44.0
FFZ,2021-01-06,69.0,46.0
FFZ,2021-01-07,70.0,44.0
FFZ,2021-01-08,67.0,44.0
FFZ,2021-01-09,67.0,41.0
FFZ,2021-01-10,66.0,45.0
FFZ,2021-01-11,65.0,47.0
FFZ,2021-01-12,66.0,45.0
FFZ,2021-01-13,65.0,44.0
FFZ,2021-01-14,70.0,43.0
FFZ,2021-01-15,79.0,57.0
FFZ,2021-01-16,75.0,49.0
FFZ,2021-01-17,79.0,50.0
FFZ,2021-01-18,71.0,47.0
FFZ,2021-01-19,71.0,55.0
FFZ,2021-01-20,73.0,59.0
FFZ,2021-01-21,70.0,57.0
FFZ,2021-01-22,67.0,56.0
FFZ,2021-01-23,63.0,54.0
FFZ,2021-01-24,53.0,44.6
FFZ,2021-01-25,52.0,35.0
FFZ,2021-01-26,49.0,41.0
FFZ,2021-01-27,60.0,38.0
FFZ,2021-01-28,72.0,51.0
FFZ,2021-01-29,67.0,47.0
FFZ,2021-01-30,61.0,43.0
FFZ,2021-01-31,72.0,46.0
FFZ,2021-02-01,73.0,60.0
FFZ,2021-02-02,81.0,62.0
FFZ,2021-02-03,78.0,63.0
FFZ,2021-02-04,71.0,52.0
FFZ,2021-02-05,67.0,48.0
FFZ,2021-02-06,70.0,47.0
FFZ,2021-02-07,70.0,46.0
FFZ,2021-02-08,73.0,48.0
FFZ,2021-02-09,73.0,51.0
FFZ,2021-02-10,72.0,54.0
FFZ,2021-02-11,73.0,51.0
FFZ,2021-02-12,71.0,55.0
FFZ,2021-02-13,69.0,48.0
FFZ,2021-02-14,64.0,50.0
FFZ,2021-02-15,63.0,44.0
FFZ,2021-02-16,66.0,51.0
FFZ,2021-02-17,64.0,42.0
FFZ,2021-02-18,64.0,45.0
FFZ,2021-02-19,70.0,47.0
FFZ,2021-02-20,76.0,46.0
FFZ,2021-02-21,69.0,47.0
FFZ,2021-02-22,76.0,49.0
FFZ,2021-02-23,76.0,49.0
FFZ,2021-02-24,76.0,51.0
FFZ,2021-02-25,66.0,48.0
FFZ,2021-02-26,67.0,43.0
FFZ,2021-02-27,69.0,45.0
FFZ,2021-02-28,62.0,46.0
FFZ,2021-03-01,68.0,43.0
FFZ,2021-03-02,76.0,53.0
FFZ,2021-03-03,84.0,50.0
FFZ,2021-03-04,68.0,53.0
FFZ,2021-03-05,81.0,53.0
FFZ,2021-03-06,83.0,57.0
FFZ,2021-03-07,86.0,60.0
FFZ,2021-03-08,83.0,64.0
FFZ,2021-03-09,77.0,58.0
FFZ,2021-03-10,66.0,49.0
FFZ,2021-03-11,65.0,47.0
FFZ,2021-03-12,57.0,46.0
FFZ,2021-03-13,58.0,45.0
FFZ,2021-03-14,65.0,42.0
FFZ,2021-03-15,71.0,50.0
FFZ,2021-03-16,58.0,47.0
FFZ,2021-03-17,70.0,43.0
FFZ,2021-03-18,79.0,51.0
FFZ,2021-03-19,82.0,55.0
FFZ,2021-03-20,83.0,56.0
FFZ,2021-03-21,75.0,57.0
FFZ,2021-03-22,69.0,52.0
FFZ,2021-03-23,64.0,52.0
FFZ,2021-03-24,68.0,48.0
FFZ,2021-03-25,71.0,53.0
FFZ,2021-03-26,63.0,51.0
FFZ,2021-03-27,78.0,49.0
FFZ,2021-03-28,86.0,58.0
FFZ,2021-03-29,85.0,61.0
FFZ,2021-03-30,83.0,62.0
FFZ,2021-03-31,87.0,62.0
FFZ,2021-04-01,93.0,69.0
FFZ,2021-04-02,90.0,69.0
FFZ,2021-04-03,94.0,67.0
FFZ,2021-04-04,96.0,66.0
FFZ,2021-04-05,92.0,67.0
FFZ,2021-04-06,89.0,66.0
FFZ,2021-04-07,88.0,58.0
FFZ,2021-04-08,89.0,68.0
FFZ,2021-04-09,91.0,64.0
FFZ,2021-04-10,91.0,63.0
FFZ,2021-04-11,89.0,64.0
FFZ,2021-04-12,89.0,68.0
FFZ,2021-04-13,87.0,65.0
FFZ,2021-04-14,85.0,63.0
FFZ,2021-04-15,79.0,61.0
FFZ,2021-04-16,80.0,61.0
FFZ,2021-04-17,83.0,59.0
FFZ,2021-04-18,82.0,63.0
FFZ,2021-04-19,84.0,64.0
FFZ,2021-04-20,90.0,62.0
FFZ,2021-04-21,91.0,68.0
FFZ,2021-04-22,80.0,62.0
FFZ,2021-04-23,83.0,61.0
FFZ,2021-04-24,88.0,62.0
FFZ,2021-04-25,92.0,63.0
FFZ,2021-04-26,77.0,64.0
FFZ,2021-04-27,72.0,57.0
FFZ,2021-04-28,75.0,59.0
FFZ,2021-04-29,91.0,59.0
FFZ,2021-04-30,95.0,66.0
FFZ,2021-05-01,96.0,69.0
FFZ,2021-05-02,91.0,72.0
FFZ,2021-05-03,86.0,67.0
FFZ,2021-05-04,90.0,68.0
FFZ,2021-05-05,95.0,68.0
FFZ,2021-05-06,99.0,71.0
FFZ,2021-05-07,95.0,71.0
FFZ,2021-05-08,90.0,67.0
FFZ,2021-05-09,92.0,68.0
FFZ,2021-05-10,93.0,70.0
FFZ,2021-05-11,92.0,68.0
FFZ,2021-05-12,96.0,67.0
FFZ,2021-05-13,99.0,71.0
FFZ,2021-05-14,98.0,73.0
FFZ,2021-05-15,96.0,74.0
FFZ,2021-05-16,90.0,68.0
FFZ,2021-05-17,86.0,67.0
FFZ,2021-05-18,92.0,70.0
FFZ,2021-05-19,98.0,74.0
FFZ,2021-05-20,97.0,73.0
FFZ,2021-05-21,85.0,67.0
FFZ,2021-05-22,81.0,60.0
FFZ,2021-05-23,85.0,60.0
FFZ,2021-05-24,91.0,63.0
FFZ,2021-05-25,95.0,67.0
FFZ,2021-05-26,92.0,71.0
FFZ,2021-05-27,95.0,69.0
FFZ,2021-05-28,97.0,72.0
FFZ,2021-05-29,100.0,73.0
FFZ,2021-05-30,97.0,71.0
FFZ,2021-05-31,98.0,75.0
FFZ,2021-06-01,101.0,75.0
FFZ,2021-06-02,104.0,78.0
FFZ,2021-06-03,104.0,79.0
FFZ,2021-06-04,105.0,81.0
FFZ,2021-06-05,105.0,81.0
FFZ,2021-06-06,102.0,76.0
FFZ,2021-06-07,100.0,74.0
FFZ,2021-06-08,96.0,73.0
FFZ,2021-06-09,100.0,75.0
FFZ,2021-06-10,99.0,75.0
FFZ,2021-06-11,102.0,72.0
FFZ,2021-06-12,107.0,74.0
FFZ,2021-06-13,111.0,81.0
FFZ,2021-06-14,109.0,83.0
FFZ,2021-06-15,113.0,83.0
FFZ,2021-06-16,112.0,88.0
FFZ,2021-06-17,114.0,91.0
FFZ,2021-06-18,115.0,91.0
FFZ,2021-06-19,113.0,90.0
FFZ,2021-06-20,111.0,87.0
FFZ,2021-06-21,107.0,86.0
FFZ,2021-06-22,105.0,85.0
FFZ,2021-06-23,89.0,80.0
FFZ,2021-06-24,101.0,78.0
FFZ,2021-06-25,103.0,83.0
FFZ,2021-06-26,106.0,80.0
FFZ,2021-06-27,111.0,86.0
FFZ,2021-06-28,107.0,87.0
FFZ,2021-06-29,104.0,85.0
FFZ,2021-06-30,102.0,86.0
FFZ,2021-07-01,104.0,83.0
FFZ,2021-07-02,102.0,86.0
FFZ,2021-07-03,104.0,79.0
FFZ,2021-07-04,100.0,80.0
FFZ,2021-07-05,105.0,88.0
FFZ,2021-07-06,108.0,87.0
FFZ,2021-07-07,108.0,89.0
FFZ,2021-07-08,109.0,90.0
FFZ,2021-07-09,109.0,86.0
FFZ,2021-07-10,109.0,82.0
FFZ,2021-07-11,107.0,82.0
FFZ,2021-07-12,103.0,89.0
FFZ,2021-07-13,106.0,85.0
FFZ,2021-07-14,95.0,76.0
FFZ,2021-07-15,98.0,76.0
FFZ,2021-07-16,96.0,79.0
FFZ,2021-07-17,99.0,81.0
FFZ,2021-07-18,98.0,84.0
FFZ,2021-07-19,105.0,86.0
FFZ,2021-07-20,102.0,89.0
FFZ,2021-07-21,107.0,81.0
FFZ,2021-07-22,103.0,77.0
FFZ,2021-07-23,83.0,73.0
FFZ,2021-07-24,79.0,73.0
FFZ,2021-07-25,80.0,73.0
FFZ,2021-07-26,95.0,74.0
FFZ,2021-07-27,102.0,80.0
FFZ,2021-07-28,103.0,82.0
FFZ,2021-07-29,104.0,86.0
FFZ,2021-07-30,101.0,78.0
FFZ,2021-07-31,97.0,77.0
FFZ,2021-08-01,101.0,84.0
FFZ,2021-08-02,106.0,87.0
FFZ,2021-08-03,109.0,88.0
FFZ,2021-08-04,111.0,87.0
FFZ,2021-08-05,106.0,90.0
FFZ,2021-08-06,105.0,90.0
FFZ,2021-08-07,105.0,87.0
FFZ,2021-08-08,104.0,87.0
FFZ,2021-08-09,92.0,84.0
FFZ,2021-08-10,92.0,75.0
FFZ,2021-08-11,92.0,73.0
FFZ,2021-08-12,94.0,73.0
FFZ,2021-08-13,96.0,71.0
FFZ,2021-08-14,90.0,72.0
FFZ,2021-08-15,96.0,78.0
FFZ,2021-08-16,98.0,70.0
FFZ,2021-08-17,92.0,74.0
FFZ,2021-08-18,93.0,74.0
FFZ,2021-08-19,94.0,74.0
FFZ,2021-08-20,95.0,78.0
FFZ,2021-08-21,98.0,78.0
FFZ,2021-08-22,100.0,79.0
FFZ,2021-08-23,102.0,77.0
FFZ,2021-08-24,102.0,79.0
FFZ,2021-08-25,106.0,82.0
FFZ,2021-08-26,109.0,84.0
FFZ,2021-08-27,110.0,84.0
FFZ,2021-08-28,104.0,86.0
FFZ,2021-08-29,106.0,86.0
FFZ,2021-08-30,102.0,85.0
FFZ,2021-08-31,95.0,72.0
FFZ,2021-09-01,91.0,71.0
FFZ,2021-09-02,92.0,74.0
FFZ,2021-09-03,98.0,78.0
FFZ,2021-09-04,101.0,80.0
FFZ,2021-09-05,104.0,81.0
FFZ,2021-09-06,100.0,80.0
FFZ,2021-09-07,102.0,83.0
FFZ,2021-09-08,104.0,84.0
FFZ,2021-09-09,108.0,84.0
FFZ,2021-09-10,106.0,83.0
FFZ,2021-09-11,105.0,82.0
FFZ,2021-09-12,106.0,81.0
FFZ,2021-09-13,105.0,81.0
FFZ,2021-09-14,103.0,82.0
FFZ,2021-09-15,103.0,80.0
FFZ,2021-09-16,102.0,78.0
FFZ,2021-09-17,97.0,83.0
FFZ,2021-09-18,99.0,77.0
FFZ,2021-09-19,96.0,77.0
FFZ,2021-09-20,96.0,74.0
FFZ,2021-09-21,100.0,75.0
FFZ,2021-09-22,101.0,76.0
FFZ,2021-09-23,95.0,78.0
FFZ,2021-09-24,88.0,70.0
FFZ,2021-09-25,92.0,75.0
FFZ,2021-09-26,78.0,69.0
FFZ,2021-09-27,84.0,71.0
FFZ,2021-09-28,88.0,70.0
FFZ,2021-09-29,86.0,72.0
FFZ,2021-09-30,87.0,70.0
FFZ,2021-10-01,89.0,67.0
FFZ,2021-10-02,91.0,69.0
FFZ,2021-10-03,94.0,72.0
FFZ,2021-10-04,96.0,75.0
FFZ,2021-10-05,81.0,71.0
FFZ,2021-10-06,87.0,68.0
FFZ,2021-10-07,89.0,69.0
FFZ,2021-10-08,89.0,69.0
FFZ,2021-10-09,83.0,69.0
FFZ,2021-10-10,81.0,59.0
FFZ,2021-10-11,86.0,59.0
FFZ,2021-10-12,67.0,54.0
FFZ,2021-10-13,74.0,53.0
FFZ,2021-10-14,76.0,54.0
FFZ,2021-10-15,84.0,61.0
FFZ,2021-10-16,91.0,66.0
FFZ,2021-10-17,88.0,64.0
FFZ,2021-10-18,82.0,64.0
FFZ,2021-10-19,77.0,58.0
FFZ,2021-10-20,85.0,61.0
FFZ,2021-10-21,89.0,61.0
FFZ,2021-10-22,85.0,62.0
FFZ,2021-10-23,84.0,60.0
FFZ,2021-10-24,85.0,63.0
FFZ,2021-10-25,88.0,62.0
FFZ,2021-10-26,74.0,58.0
FFZ,2021-10-27,75.0,59.0
FFZ,2021-10-28,89.0,61.0
FFZ,2021-10-29,91.0,62.0
FFZ,2021-10-30,86.0,64.0
FFZ,2021-10-31,85.0,62.0
FFZ,2021-11-01,83.0,62.0
FFZ,2021-11-02,81.0,61.0
FFZ,2021-11-03,85.0,57.0
FFZ,2021-11-04,89.0,64.0
FFZ,2021-11-05,88.0,62.0
FFZ,2021-11-06,88.0,63.0
FFZ,2021-11-07,85.0,61.0
FFZ,2021-11-08,85.0,61.0
FFZ,2021-11-09,80.0,59.0
FFZ,2021-11-10,81.0,57.0
FFZ,2021-11-11,84.0,61.0
FFZ,2021-11-12,88.0,62.0
FFZ,2021-11-13,88.0,63.0
FFZ,2021-11-14,86.0,63.0
FFZ,2021-11-15,85.0,58.0
FFZ,2021-11-16,80.0,57.0
FFZ,2021-11-17,78.0,53.0
FFZ,2021-11-18,83.0,52.0
FFZ,2021-11-19,81.0,60.0
FFZ,2021-11-20,77.0,56.0
FFZ,2021-11-21,80.0,63.0
FFZ,2021-11-22,80.0,65.0
FFZ,2021-11-23,77.0,67.0
FFZ,2021-11-24,71.0,59.0
FFZ,2021-11-25,74.0,57.0
FFZ,2021-11-26,76.0,59.0
FFZ,2021-11-27,73.0,53.0
FFZ,2021-11-28,80.0,53.0
FFZ,2021-11-29,82.0,57.0
FFZ,2021-11-30,80.0,58.0
FFZ,2021-12-01,86.0,55.0
FFZ,2021-12-02,81.0,60.0
FFZ,2021-12-03,78.0,55.0
FFZ,2021-12-04,75.0,55.0
FFZ,2021-12-05,74.0,53.0
FFZ,2021-12-06,74.0,51.0
FFZ,2021-12-07,74.0,52.0
FFZ,2021-12-08,70.0,56.0
FFZ,2021-12-09,71.0,56.0
FFZ,2021-12-12,71.0,51.0
FFZ,2021-12-13,71.0,47.0
FFZ,2021-12-14,71.0,58.0
FFZ,2021-12-15,56.0,42.0
FFZ,2021-12-16,61.0,40.0
FFZ,2021-12-17,60.0,41.0
FFZ,2021-12-18,66.0,46.0
FFZ,2021-12-19,67.0,48.0
FFZ,2021-12-20,71.0,47.0
FFZ,2021-12-21,66.0,51.0
FFZ,2021-12-22,71.0,50.0
FFZ,2021-12-23,73.0,57.0
FFZ,2021-12-24,63.0,53.0
FFZ,2021-12-25,61.0,53.0
FFZ,2021-12-26,62.0,50.0
FFZ,2021-12-27,56.0,46.0
FFZ,2021-12-28,56.0,43.0
FFZ,2021-12-29,57.0,48.0
FFZ,2021-12-30,60.0,47.0
FFZ,2021-12-31,57.0,51.0
FFZ,2022-01-01,54.0,42.0
FFZ,2022-01-02,59.0,38.0
FFZ,2022-01-03,65.0,43.0
FFZ,2022-01-04,63.0,40.0
FFZ,2022-01-05,64.0,41.0
FFZ,2022-01-06,65.0,42.0
FFZ,2022-01-07,69.0,45.0
FFZ,2022-01-08,65.0,49.0
FFZ,2022-01-09,74.0,46.0
FFZ,2022-01-10,72.0,54.0
FFZ,2022-01-11,71.0,53.0
FFZ,2022-01-12,70.0,49.0
FFZ,2022-01-13,70.0,45.0
FFZ,2022-01-14,68.0,51.0
FFZ,2022-01-15,68.0,55.0
FFZ,2022-01-16,73.0,51.0
FFZ,2022-01-17,69.0,48.0
FFZ,2022-01-18,67.0,53.0
FFZ,2022-01-19,68.0,51.0
FFZ,2022-01-20,72.0,49.0
FFZ,2022-01-21,69.0,45.0
FFZ,2022-01-22,67.0,51.0
FFZ,2022-01-23,69.0,51.0
FFZ,2022-01-24,65.0,46.0
FFZ,2022-01-25,67.0,45.0
FFZ,2022-01-26,66.0,47.0
FFZ,2022-01-27,66.0,43.0
FFZ,2022-01-28,70.0,50.0
FFZ,2022-01-29,73.0,55.0
FFZ,2022-01-30,71.0,53.0
FFZ,2022-01-31,67.0,46.0
FFZ,2022-02-01,66.0,49.0
FFZ,2022-02-02,57.0,46.0
FFZ,2022-02-03,55.0,39.0
FFZ,2022-02-04,63.0,41.0
FFZ,2022-02-05,65.0,48.0
FFZ,2022-02-06,70.0,41.0
FFZ,2022-02-07,71.0,52.0
FFZ,2022-02-08,72.0,50.0
FFZ,2022-02-09,79.0,54.0
FFZ,2022-02-10,81.0,56.0
FFZ,2022-02-11,77.0,50.0
FFZ,2022-02-12,80.0,55.0
FFZ,2022-02-13,79.0,55.0
FFZ,2022-02-14,79.0,53.0
FFZ,2022-02-15,77.0,49.0
FFZ,2022-02-16,60.0,48.0
FFZ,2022-02-17,66.0,45.0
FFZ,2022-02-18,70.0,46.0
FFZ,2022-02-19,76.0,52.0
FFZ,2022-02-20,77.0,50.0
FFZ,2022-02-21,69.0,51.0
FFZ,2022-02-22,64.0,50.0
FFZ,2022-02-23,53.0,40.0
FFZ,2022-02-24,56.0,37.0
FFZ,2022-02-25,62.0,41.0
FFZ,2022-02-26,67.0,43.0
FFZ,2022-02-27,72.0,45.0
FFZ,2022-02-28,79.0,57.0
FFZ,2022-03-01,83.0,56.0
FFZ,2022-03-02,86.0,58.0
FFZ,2022-03-03,84.0,58.0
FFZ,2022-03-04,71.0,54.0
FFZ,2022-03-05,67.0,53.0
FFZ,2022-03-06,60.0,43.0
FFZ,2022-03-07,65.0,44.0
FFZ,2022-03-08,63.0,46.0
FFZ,2022-03-09,68.0,43.0
FFZ,2022-03-10,68.0,48.0
FFZ,2022-03-11,66.0,44.0
FFZ,2022-03-12,76.0,48.0
FFZ,2022-03-13,77.0,50.0
FFZ,2022-03-14,80.0,51.0
FFZ,2022-03-15,84.0,55.0
FFZ,2022-03-16,81.0,58.0
FFZ,2022-03-17,77.0,58.0
FFZ,2022-03-18,80.0,55.0
FFZ,2022-03-19,82.0,51.0
FFZ,2022-03-20,70.0,58.0
FFZ,2022-03-21,74.0,51.0
FFZ,2022-03-22,80.0,57.0
FFZ,2022-03-23,80.0,57.0
FFZ,2022-03-24,83.0,54.0
FFZ,2022-03-25,92.0,59.0
FFZ,2022-03-26,91.0,64.0
FFZ,2022-03-27,92.0,62.0
FFZ,2022-03-28,80.0,65.0
FFZ,2022-03-29,67.0,54.0
FFZ,2022-03-30,76.0,54.0
FFZ,2022-03-31,79.0,61.0
FFZ,2022-04-01,84.0,59.0
FFZ,2022-04-02,85.0,61.0
FFZ,2022-04-03,83.0,60.0
FFZ,2022-04-04,85.0,61.0
FFZ,2022-04-05,89.0,63.0
FFZ,2022-04-06,93.0,63.0
FFZ,2022-04-07,92.0,66.0
FFZ,2022-04-08,94.0,71.0
FFZ,2022-04-09,94.0,62.0
FFZ,2022-04-10,87.0,68.0
FFZ,2022-04-11,85.0,65.0
FFZ,2022-04-12,72.0,58.0
FFZ,2022-04-13,71.0,49.0
FFZ,2022-04-14,80.0,52.0
FFZ,2022-04-15,85.0,56.0
FFZ,2022-04-16,89.0,59.0
FFZ,2022-04-17,89.0,59.0
FFZ,2022-04-18,93.0,64.0
FFZ,2022-04-19,95.0,69.0
FFZ,2022-04-20,88.0,63.0
FFZ,2022-04-21,91.0,62.0
FFZ,2022-04-22,77.0,65.0
FFZ,2022-04-23,79.0,56.0
FFZ,2022-04-24,84.0,61.0
FFZ,2022-04-25,90.0,64.0
FFZ,2022-04-26,97.0,68.0
FFZ,2022-04-27,91.0,68.0
FFZ,2022-04-28,89.0,67.0
FFZ,2022-04-29,87.0,62.0
FFZ,2022-04-30,92.0,64.0
FFZ,2022-05-01,94.0,66.0
FFZ,2022-05-02,89.0,68.0
FFZ,2022-05-03,89.0,68.0
FFZ,2022-05-04,89.0,66.0
FFZ,2022-05-05,93.0,64.0
FFZ,2022-05-06,96.0,70.0
FFZ,2022-05-07,99.0,71.0
FFZ,2022-05-08,93.0,72.0
FFZ,2022-05-09,87.0,66.0
FFZ,2022-05-10,88.0,64.0
FFZ,2022-05-11,86.0,63.0
FFZ,2022-05-12,83.0,57.0
FFZ,2022-05-13,93.0,61.0
FFZ,2022-05-14,100.0,69.0
FFZ,2022-05-15,102.0,68.0
FFZ,2022-05-16,101.0,77.0
FFZ,2022-05-17,99.0,76.0
FFZ,2022-05-18,97.0,74.0
FFZ,2022-05-19,97.0,73.0
FFZ,2022-05-20,96.0,73.0
FFZ,2022-05-21,92.0,69.0
FFZ,2022-05-22,93.0,69.0
FFZ,2022-05-23,93.0,70.0
FFZ,2022-05-24,95.0,70.0
FFZ,2022-05-25,101.0,72.0
FFZ,2022-05-26,102.0,75.0
FFZ,2022-05-27,102.0,78.0
FFZ,2022-05-28,98.0,77.0
FFZ,2022-05-29,92.0,73.0
FFZ,2022-05-30,92.0,71.0
FFZ,2022-05-31,95.0,69.0
FFZ,2022-06-01,97.0,72.0
FFZ,2022-06-02,99.0,74.0
FFZ,2022-06-03,99.0,77.0
FFZ,2022-06-04,98.0,74.0
FFZ,2022-06-05,98.0,76.0
FFZ,2022-06-06,102.0,79.0
FFZ,2022-06-07,103.0,80.0
FFZ,2022-06-08,105.0,81.0
FFZ,2022-06-09,107.0,83.0
FFZ,2022-06-10,110.0,87.0
FFZ,2022-06-11,112.0,85.0
FFZ,2022-06-12,109.0,87.0
FFZ,2022-06-13,105.0,85.0
FFZ,2022-06-14,101.0,81.0
FFZ,2022-06-15,103.0,80.0
FFZ,2022-06-16,109.0,79.0
FFZ,2022-06-17,107.0,87.0
FFZ,2022-06-18,93.0,80.0
FFZ,2022-06-19,98.0,78.0
FFZ,2022-06-20,100.0,73.0
FFZ,2022-06-21,105.0,79.0
FFZ,2022-06-22,104.0,85.0
FFZ,2022-06-23,106.0,87.0
FFZ,2022-06-24,104.0,84.0
FFZ,2022-06-25,103.0,79.0
FFZ,2022-06-26,102.0,77.0
FFZ,2022-06-27,100.0,78.0
FFZ,2022-06-28,104.0,85.0
FFZ,2022-06-29,105.0,89.0
FFZ,2022-06-30,103.0,85.0
FFZ,2022-07-01,105.0,87.0
FFZ,2022-07-02,103.0,87.0
FFZ,2022-07-03,105.0,86.0
FFZ,2022-07-04,101.0,83.0
FFZ,2022-07-05,101.0,86.0
FFZ,2022-07-06,103.0,80.0
FFZ,2022-07-07,104.0,79.0
FFZ,2022-07-08,109.0,84.0
FFZ,2022-07-09,109.0,88.0
FFZ,2022-07-10,109.0,89.0
FFZ,2022-07-11,112.0,90.0
FFZ,2022-07-12,108.0,92.0
FFZ,2022-07-13,110.0,92.0
FFZ,2022-07-14,109.0,87.0
FFZ,2022-07-15,109.0,87.0
FFZ,2022-07-16,112.0,91.0
FFZ,2022-07-17,108.0,83.0
FFZ,2022-07-18,105.0,83.0
FFZ,2022-07-19,109.0,91.0
FFZ,2022-07-20,107.0,91.0
FFZ,2022-07-21,107.0,89.0
FFZ,2022-07-22,110.0,93.0
FFZ,2022-07-23,103.0,83.0
FFZ,2022-07-24,97.0,79.0
FFZ,2022-07-25,96.0,81.0
FFZ,2022-07-26,97.0,79.0
FFZ,2022-07-27,95.0,81.0
FFZ,2022-07-28,90.0,76.0
FFZ,2022-07-29,96.0,80.0
FFZ,2022-07-30,102.0,79.0
FFZ,2022-07-31,102.0,79.0
FFZ,2022-08-01,101.0,83.0
FFZ,2022-08-02,105.0,87.0
FFZ,2022-08-03,98.0,83.0
FFZ,2022-08-04,92.0,76.0
FFZ,2022-08-05,101.0,81.0
FFZ,2022-08-06,106.0,86.0
FFZ,2022-08-07,103.0,86.0
FFZ,2022-08-08,101.0,84.0
FFZ,2022-08-09,98.0,74.0
FFZ,2022-08-10,101.0,83.0
FFZ,2022-08-11,102.0,83.0
FFZ,2022-08-12,102.0,74.0
FFZ,2022-08-13,101.0,79.0
FFZ,2022-08-14,99.0,80.0
FFZ,2022-08-15,100.0,79.0
FFZ,2022-08-16,102.0,84.0
FFZ,2022-08-17,104.0,82.0
FFZ,2022-08-18,102.0,78.0
FFZ,2022-08-19,96.0,80.0
FFZ,2022-08-20,91.0,79.0
FFZ,2022-08-21,95.0,73.0
FFZ,2022-08-22,96.0,77.0
FFZ,2022-08-23,102.0,83.0
FFZ,2022-08-24,99.0,82.0
FFZ,2022-08-25,100.0,82.0
FFZ,2022-08-26,102.0,86.0
FFZ,2022-08-27,101.0,85.0
FFZ,2022-08-28,101.0,82.0
FFZ,2022-08-29,106.0,83.0
FFZ,2022-08-30,108.0,86.0
FFZ,2022-08-31,105.0,84.0
FFZ,2022-09-01,103.0,86.0
FFZ,2022-09-02,103.0,84.0
FFZ,2022-09-03,105.0,84.0
FFZ,2022-09-04,106.0,88.0
FFZ,2022-09-05,105.0,84.0
FFZ,2022-09-06,107.0,89.0
FFZ,2022-09-07,104.0,85.0
FFZ,2022-09-08,102.0,83.0
FFZ,2022-09-09,96.0,75.0
FFZ,2022-09-10,91.0,74.0
FFZ,2022-09-11,100.0,71.0
FFZ,2022-09-12,94.0,75.0
FFZ,2022-09-13,94.0,78.0
FFZ,2022-09-14,94.0,75.0
FFZ,2022-09-15,94.0,76.0
FFZ,2022-09-16,95.0,77.0
FFZ,2022-09-17,97.0,75.0
FFZ,2022-09-18,99.0,73.0
FFZ,2022-09-19,101.0,77.0
FFZ,2022-09-20,96.0,75.0
FFZ,2022-09-21,88.0,76.0
FFZ,2022-09-22,92.0,77.0
FFZ,2022-09-23,98.0,78.0
FFZ,2022-09-24,100.0,76.0
FFZ,2022-09-25,101.0,79.0
FFZ,2022-09-26,102.0,81.0
FFZ,2022-09-27,100.0,84.0
FFZ,2022-09-28,98.0,81.0
FFZ,2022-09-29,96.0,76.0
FFZ,2022-09-30,94.0,74.0
FFZ,2022-10-01,94.0,75.0
FFZ,2022-10-02,95.0,77.0
FFZ,2022-10-03,96.0,73.0
FFZ,2022-10-04,90.0,71.0
FFZ,2022-10-05,92.0,71.0
FFZ,2022-10-06,91.0,74.0
FFZ,2022-10-07,91.0,74.0
FFZ,2022-10-08,89.0,71.0
FFZ,2022-10-09,89.0,66.0
FFZ,2022-10-10,88.0,70.0
FFZ,2022-10-11,90.0,69.0
FFZ,2022-10-12,92.0,71.0
FFZ,2022-10-13,95.0,72.0
FFZ,2022-10-14,94.0,71.0
FFZ,2022-10-15,80.0,64.4
FFZ,2022-10-16,75.0,64.0
FFZ,2022-10-17,83.0,64.0
FFZ,2022-10-18,85.0,70.0
FFZ,2022-10-19,87.0,70.0
FFZ,2022-10-20,89.0,69.0
FFZ,2022-10-21,87.0,67.0
FFZ,2022-10-22,86.0,68.0
FFZ,2022-10-23,74.0,64.0
FFZ,2022-10-24,70.0,54.0
FFZ,2022-10-25,74.0,50.0
FFZ,2022-10-26,76.0,53.0
FFZ,2022-10-27,78.0,55.0
FFZ,2022-10-28,80.0,57.0
FFZ,2022-10-29,80.0,61.0
FFZ,2022-10-30,78.0,55.0
FFZ,2022-10-31,80.0,56.0
FFZ,2022-11-01,79.0,59.0
FFZ,2022-11-02,76.0,61.0
FFZ,2022-11-03,64.0,48.0
FFZ,2022-11-04,61.0,43.0
FFZ,2022-11-05,67.0,47.0
FFZ,2022-11-06,77.0,50.0
FFZ,2022-11-07,78.0,52.0
FFZ,2022-11-08,78.0,53.0
FFZ,2022-11-09,71.0,55.0
FFZ,2022-11-10,66.0,51.0
FFZ,2022-11-11,69.0,50.0
FFZ,2022-11-12,71.0,49.0
FFZ,2022-11-13,66.0,46.0
FFZ,2022-11-14,63.0,44.0
FFZ,2022-11-15,70.0,46.0
FFZ,2022-11-16,69.0,48.0
FFZ,2022-11-17,71.0,52.0
FFZ,2022-11-18,69.0,50.0
FFZ,2022-11-19,73.0,48.0
FFZ,2022-11-20,72.0,54.0
FFZ,2022-11-21,72.0,49.0
FFZ,2022-11-22,74.0,50.0
FFZ,2022-11-23,70.0,50.0
FFZ,2022-11-24,70.0,51.0
FFZ,2022-11-25,68.0,49.0
FFZ,2022-11-26,66.0,44.0
FFZ,2022-11-27,66.0,44.0
FFZ,2022-11-28,69.0,44.0
FFZ,2022-11-29,65.0,46.0
FFZ,2022-11-30,71.0,48.0
FFZ,2022-12-01,71.0,49.0
FFZ,2022-12-02,69.0,51.0
FFZ,2022-12-03,61.0,51.0
FFZ,2022-12-04,65.0,56.0
FFZ,2022-12-05,68.0,57.0
FFZ,2022-12-06,66.0,54.0
FFZ,2022-12-07,63.0,49.0
FFZ,2022-12-08,65.0,47.0
FFZ,2022-12-09,63.0,45.0
FFZ,2022-12-10,64.0,44.0
FFZ,2022-12-11,69.0,45.0
FFZ,2022-12-12,58.0,45.0
FFZ,2022-12-13,52.0,41.0
FFZ,2022-12-14,52.0,38.0
FFZ,2022-12-15,54.0,38.0
FFZ,2022-12-16,58.0,42.0
FFZ,2022-12-17,62.0,40.0
FFZ,2022-12-18,61.0,43.0
FFZ,2022-12-19,61.0,41.0
FFZ,2022-12-20,64.0,45.0
FFZ,2022-12-21,63.0,42.0
FFZ,2022-12-22,62.0,43.0
FFZ,2022-12-23,66.0,45.0
FFZ,2022-12-24,69.0,48.0
FFZ,2022-12-25,72.0,50.0
FFZ,2022-12-26,71.0,50.0
FFZ,2022-12-27,72.0,48.0
FFZ,2022-12-28,61.0,51.0
FFZ,2022-12-29,62.0,48.0
FFZ,2022-12-30,58.0,52.0
FFZ,2022-12-31,66.0,51.0
FFZ,2023-01-01,61.0,48.0
FFZ,2023-01-02,55.0,46.4
FFZ,2023-01-03,58.0,48.0
FFZ,2023-01-04,65.0,48.0
FFZ,2023-01-05,63.0,50.0
FFZ,2023-01-06,61.0,48.0
FFZ,2023-01-07,67.0,47.0
FFZ,2023-01-08,69.0,47.0
FFZ,2023-01-09,68.0,48.0
FFZ,2023-01-10,71.0,49.0
FFZ,2023-01-11,62.0,48.0
FFZ,2023-01-12,73.0,48.0
FFZ,2023-01-13,75.0,57.0
FFZ,2023-01-14,66.0,49.0
FFZ,2023-01-15,59.0,50.0
FFZ,2023-01-16,57.2,50.0
FFZ,2023-01-17,58.0,48.0
FFZ,2023-01-18,56.0,45.0
FFZ,2023-01-19,58.0,40.0
FFZ,2023-01-20,55.0,46.0
FFZ,2023-01-21,56.0,41.0
FFZ,2023-01-22,58.0,38.0
FFZ,2023-01-23,47.0,39.0
FFZ,2023-01-24,52.0,34.0
FFZ,2023-01-25,58.0,37.0
FFZ,2023-01-26,61.0,42.0
FFZ,2023-01-27,62.0,42.0
FFZ,2023-01-28,63.0,40.0
FFZ,2023-01-29,68.0,41.0
FFZ,2023-01-30,59.0,47.0
FFZ,2023-01-31,62.0,45.0
FFZ,2023-02-01,66.0,46.0
FFZ,2023-02-02,66.0,46.0
FFZ,2023-02-03,73.0,51.0
FFZ,2023-02-04,75.0,51.0
FFZ,2023-02-05,72.0,50.0
FFZ,2023-02-06,64.0,47.0
FFZ,2023-02-07,65.0,46.0
FFZ,2023-02-08,65.0,46.0
FFZ,2023-02-09,68.0,44.0
FFZ,2023-02-10,70.0,49.0
FFZ,2023-02-11,72.0,50.0
FFZ,2023-02-12,77.0,51.0
FFZ,2023-02-13,56.0,46.0
FFZ,2023-02-14,57.0,41.0
FFZ,2023-02-15,51.0,37.0
FFZ,2023-02-16,56.0,37.0
FFZ,2023-02-17,65.0,46.0
FFZ,2023-02-18,71.0,52.0
FFZ,2023-02-19,71.0,53.0
FFZ,2023-02-20,74.0,53.0
FFZ,2023-02-21,62.0,54.0
FFZ,2023-02-22,56.0,47.0
FFZ,2023-02-23,57.0,46.0
FFZ,2023-02-24,64.0,44.0
FFZ,2023-02-25,73.0,51.0
FFZ,2023-02-26,56.0,42.0
FFZ,2023-02-27,61.0,40.0
FFZ,2023-02-28,61.0,42.0
FFZ,2023-03-01,62.0,40.0
FFZ,2023-03-02,52.0,38.0
FFZ,2023-03-03,59.0,42.0
FFZ,2023-03-04,67.0,44.0
FFZ,2023-03-05,70.0,47.0
FFZ,2023-03-06,71.0,50.0
FFZ,2023-03-07,71.0,54.0
FFZ,2023-03-08,74.0,48.0
FFZ,2023-03-09,71.0,50.0
FFZ,2023-03-10,77.0,52.0
FFZ,2023-03-11,74.0,60.0
FFZ,2023-03-12,77.0,54.0
FFZ,2023-03-13,76.0,55.0
FFZ,2023-03-14,76.0,54.0
FFZ,2023-03-15,64.0,55.0
FFZ,2023-03-16,68.0,51.0
FFZ,2023-03-17,71.0,50.0
FFZ,2023-03-18,73.0,52.0
FFZ,2023-03-19,70.0,52.0
FFZ,2023-03-20,70.0,58.0
FFZ,2023-03-21,66.0,59.0
FFZ,2023-03-22,64.0,50.0
FFZ,2023-03-23,65.0,47.0
FFZ,2023-03-24,65.0,50.0
FFZ,2023-03-25,67.0,46.0
FFZ,2023-03-26,67.0,46.0
FFZ,2023-03-27,71.0,49.0
FFZ,2023-03-28,79.0,52.0
FFZ,2023-03-29,81.0,50.0
FFZ,2023-03-30,63.0,52.0
FFZ,2023-03-31,69.0,46.0
FFZ,2023-04-01,80.0,52.0
FFZ,2023-04-02,78.0,52.0
FFZ,2023-04-03,81.0,53.0
FFZ,2023-04-04,60.0,45.0
FFZ,2023-04-05,67.0,44.0
FFZ,2023-04-06,78.0,50.0
FFZ,2023-04-07,81.0,54.0
FFZ,2023-04-08,82.0,56.0
FFZ,2023-04-09,88.0,59.0
FFZ,2023-04-10,97.0,65.0
FFZ,2023-04-11,97.0,66.0
FFZ,2023-04-12,91.0,65.0
FFZ,2023-04-13,81.0,62.0
FFZ,2023-04-14,76.0,58.0
FFZ,2023-04-15,83.0,55.0
FFZ,2023-04-16,89.0,62.0
FFZ,2023-04-17,89.0,62.0
FFZ,2023-04-18,84.0,64.0
FFZ,2023-04-19,80.0,62.0
FFZ,2023-04-20,83.0,58.0
FFZ,2023-04-21,87.0,62.0
FFZ,2023-04-22,90.0,64.0
FFZ,2023-04-23,91.0,65.0
FFZ,2023-04-24,89.0,68.0
FFZ,2023-04-25,88.0,68.0
FFZ,2023-04-26,86.0,64.0
FFZ,2023-04-27,92.0,66.0
FFZ,2023-04-28,98.0,67.0
FFZ,2023-04-29,96.0,68.0
FFZ,2023-04-30,99.0,67.0
FFZ,2023-05-01,94.0,73.0
FFZ,2023-05-02,89.0,63.0
FFZ,2023-05-03,88.0,66.0
FFZ,2023-05-04,79.0,64.0
FFZ,2023-05-05,78.0,58.0
FFZ,2023-05-06,83.0,60.0
FFZ,2023-05-07,86.0,60.0
FFZ,2023-05-08,89.0,62.0
FFZ,2023-05-09,91.0,65.0
FFZ,2023-05-10,77.0,65.0
FFZ,2023-05-11,86.0,60.0
FFZ,2023-05-12,93.0,65.0
FFZ,2023-05-13,95.0,71.0
FFZ,2023-05-14,98.0,76.0
FFZ,2023-05-15,100.0,77.0
FFZ,2023-05-16,100.0,80.0
FFZ,2023-05-17,96.0,75.0
FFZ,2023-05-18,96.0,73.0
FFZ,2023-05-19,90.0,73.0
FFZ,2023-05-20,94.0,71.0
FFZ,2023-05-21,96.0,76.0
FFZ,2023-05-22,97.0,74.0
FFZ,2023-05-23,98.0,74.0
FFZ,2023-05-24,95.0,75.0
FFZ,2023-05-25,95.0,71.0
FFZ,2023-05-26,94.0,72.0
FFZ,2023-05-27,94.0,69.0
FFZ,2023-05-28,96.0,71.0
FFZ,2023-05-29,98.0,72.0
FFZ,2023-05-30,96.0,71.0
FFZ,2023-05-31,91.0,69.0
FFZ,2023-06-01,88.0,68.0
FFZ,2023-06-02,91.0,69.0
FFZ,2023-06-03,97.0,71.0
FFZ,2023-06-04,100.0,75.0
FFZ,2023-06-05,103.0,76.0
FFZ,2023-06-06,97.0,71.0
FFZ,2023-06-07,93.0,70.0
FFZ,2023-06-08,91.0,67.0
FFZ,2023-06-09,92.0,69.0
FFZ,2023-06-10,97.0,70.0
FFZ,2023-06-11,91.0,69.0
FFZ,2023-06-12,88.0,69.0
FFZ,2023-06-13,92.0,71.0
FFZ,2023-06-14,96.0,71.0
FFZ,2023-06-15,96.0,75.0
FFZ,2023-06-16,98.0,74.0
FFZ,2023-06-17,100.0,74.0
FFZ,2023-06-18,104.0,79.0
FFZ,2023-06-19,101.0,78.0
FFZ,2023-06-20,99.0,78.0
FFZ,2023-06-21,101.0,77.0
FFZ,2023-06-22,101.0,75.0
FFZ,2023-06-23,96.0,74.0
FFZ,2023-06-24,100.0,71.0
FFZ,2023-06-25,105.0,75.0
FFZ,2023-06-26,106.0,79.0
FFZ,2023-06-27,105.0,80.0
FFZ,2023-06-28,104.0,79.0
FFZ,2023-06-29,102.0,76.0
FFZ,2023-06-30,105.0,77.0
FFZ,2023-07-01,109.0,83.0
FFZ,2023-07-02,110.0,83.0
FFZ,2023-07-03,111.0,83.0
FFZ,2023-07-04,108.0,83.0
FFZ,2023-07-05,107.0,82.0
FFZ,2023-07-06,110.0,84.0
FFZ,2023-07-07,107.0,84.0
FFZ,2023-07-08,108.0,83.0
FFZ,2023-07-09,107.0,84.0
FFZ,2023-07-10,106.0,86.0
FFZ,2023-07-11,106.0,89.0
FFZ,2023-07-12,106.0,89.0
FFZ,2023-07-13,110.0,92.0
FFZ,2023-07-14,111.0,91.0
FFZ,2023-07-15,114.0,91.0
FFZ,2023-07-16,109.0,92.0
FFZ,2023-07-17,112.0,91.0
FFZ,2023-07-18,113.0,90.0
FFZ,2023-07-19,115.0,90.0
FFZ,2023-07-20,115.0,91.0
FFZ,2023-07-21,111.0,89.0
FFZ,2023-07-22,113.0,93.0
FFZ,2023-07-23,109.0,89.0
FFZ,2023-07-24,112.0,92.0
FFZ,2023-07-25,114.0,91.0
FFZ,2023-07-26,114.0,78.8
FFZ,2023-07-27,110.0,85.0
FFZ,2023-07-28,110.0,92.0
FFZ,2023-07-29,110.0,93.0
FFZ,2023-07-30,106.0,92.0
FFZ,2023-07-31,102.0,81.0
FFZ,2023-08-01,104.0,81.0
FFZ,2023-08-02,107.0,90.0
FFZ,2023-08-03,107.0,87.0
FFZ,2023-08-04,109.0,83.0
FFZ,2023-08-05,111.0,85.0
FFZ,2023-08-06,108.0,85.0
FFZ,2023-08-07,107.0,90.0
FFZ,2023-08-08,105.0,79.0
FFZ,2023-08-09,105.0,88.0
FFZ,2023-08-10,103.0,86.0
FFZ,2023-08-11,102.0,86.0
FFZ,2023-08-12,103.0,85.0
FFZ,2023-08-13,103.0,84.0
FFZ,2023-08-14,103.0,87.0
FFZ,2023-08-15,107.0,86.0
FFZ,2023-08-16,109.4,88.0
FFZ,2023-08-17,109.0,90.0
FFZ,2023-08-18,103.0,85.0
FFZ,2023-08-19,92.0,82.0
FFZ,2023-08-20,101.0,82.0
FFZ,2023-08-21,90.0,76.0
FFZ,2023-08-22,102.0,76.0
FFZ,2023-08-23,103.0,83.0
FFZ,2023-08-24,101.0,85.0
FFZ,2023-08-25,108.0,86.0
FFZ,2023-08-26,107.0,88.0
FFZ,2023-08-27,109.0,90.0
FFZ,2023-08-28,112.0,91.0
FFZ,2023-08-29,110.0,89.0
FFZ,2023-08-30,107.0,93.0
FFZ,2023-08-31,105.0,74.0
FFZ,2023-09-01,85.0,76.0
FFZ,2023-09-02,95.0,78.0
FFZ,2023-09-03,98.0,78.0
FFZ,2023-09-04,98.0,80.0
FFZ,2023-09-05,99.0,78.0
FFZ,2023-09-06,101.0,77.0
FFZ,2023-09-07,104.0,80.0
FFZ,2023-09-08,106.0,83.0
FFZ,2023-09-09,110.0,85.0
FFZ,2023-09-10,109.0,89.0
FFZ,2023-09-11,102.0,83.0
FFZ,2023-09-12,97.0,82.0
FFZ,2023-09-13,93.0,72.0
FFZ,2023-09-14,96.0,77.0
FFZ,2023-09-15,98.0,77.0
FFZ,2023-09-16,100.0,77.0
FFZ,2023-09-17,102.0,77.0
FFZ,2023-09-18,97.0,76.0
FFZ,2023-09-19,96.0,72.0
FFZ,2023-09-20,96.0,72.0
FFZ,2023-09-21,95.0,69.0
FFZ,2023-09-22,93.0,72.0
FFZ,2023-09-23,94.0,74.0
FFZ,2023-09-24,96.0,73.0
FFZ,2023-09-25,99.0,75.0
FFZ,2023-09-26,101.0,77.0
FFZ,2023-09-27,101.0,76.0
FFZ,2023-09-28,97.0,75.0
FFZ,2023-09-29,96.0,72.0
FFZ,2023-09-30,97.0,70.0
FFZ,2023-10-01,85.0,69.0
FFZ,2023-10-02,83.0,66.0
FFZ,2023-10-03,84.0,65.0
FFZ,2023-10-04,91.0,66.0
FFZ,2023-10-05,95.0,74.0
FFZ,2023-10-06,102.0,75.0
FFZ,2023-10-07,98.0,78.0
FFZ,2023-10-08,97.0,75.0
FFZ,2023-10-09,96.0,79.0
FFZ,2023-10-10,93.0,73.0
FFZ,2023-10-11,91.0,74.0
FFZ,2023-10-12,85.0,67.0
FFZ,2023-10-13,86.0,66.0
FFZ,2023-10-14,90.0,67.0
FFZ,2023-10-15,97.0,69.0
FFZ,2023-10-16,102.0,77.0
FFZ,2023-10-17,97.0,75.0
FFZ,2023-10-18,98.0,71.0
FFZ,2023-10-19,101.0,69.0
FFZ,2023-10-20,101.0,75.0
FFZ,2023-10-21,97.0,72.0
FFZ,2023-10-22,94.0,71.0
FFZ,2023-10-23,86.0,70.0
FFZ,2023-10-24,83.0,68.0
FFZ,2023-10-25,80.0,63.0
FFZ,2023-10-26,80.0,64.0
FFZ,2023-10-27,84.0,61.0
FFZ,2023-10-28,82.0,62.0
FFZ,2023-10-29,77.0,56.0
FFZ,2023-10-30,78.0,58.0
FFZ,2023-10-31,80.0,62.0
FFZ,2023-11-01,81.0,59.0
FFZ,2023-11-02,82.0,61.0
FFZ,2023-11-03,84.0,58.0
FFZ,2023-11-04,85.0,60.0
FFZ,2023-11-05,90.0,60.0
FFZ,2023-11-06,89.0,62.0
FFZ,2023-11-07,86.0,62.0
FFZ,2023-11-08,77.0,57.0
FFZ,2023-11-09,75.0,57.0
FFZ,2023-11-10,75.0,55.0
FFZ,2023-11-11,76.0,58.0
FFZ,2023-11-12,82.0,63.0
FFZ,2023-11-13,84.0,62.0
FFZ,2023-11-14,85.0,69.0
FFZ,2023-11-15,84.0,65.0
FFZ,2023-11-16,76.0,63.0
FFZ,2023-11-17,78.0,61.0
FFZ,2023-11-18,72.0,62.0
FFZ,2023-11-19,70.0,58.0
FFZ,2023-11-20,72.0,51.0
FFZ,2023-11-21,76.0,60.0
FFZ,2023-11-22,76.0,55.0
FFZ,2023-11-23,70.0,51.0
FFZ,2023-11-24,69.0,56.0
FFZ,2023-11-25,66.0,51.0
FFZ,2023-11-26,70.0,51.0
FFZ,2023-11-27,74.0,56.0
FFZ,2023-11-28,77.0,58.0
FFZ,2023-11-29,70.0,53.0
FFZ,2023-11-30,63.0,53.0
FFZ,2023-12-01,62.0,50.0
FFZ,2023-12-02,63.0,47.0
FFZ,2023-12-03,65.0,46.0
FFZ,2023-12-04,66.0,46.0
FFZ,2023-12-05,83.0,48.0
FFZ,2023-12-06,81.0,57.0
FFZ,2023-12-07,74.0,52.0
FFZ,2023-12-08,69.0,49.0
FFZ,2023-12-09,66.0,49.0
FFZ,2023-12-10,70.0,50.0
FFZ,2023-12-11,73.0,48.0
FFZ,2023-12-12,69.0,48.0
FFZ,2023-12-13,67.0,46.0
FFZ,2023-12-14,67.0,44.0
FFZ,2023-12-15,74.0,50.0
FFZ,2023-12-16,78.0,62.0
FFZ,2023-12-17,78.0,55.0
FFZ,2023-12-18,78.0,51.0
FFZ,2023-12-19,73.0,57.0
FFZ,2023-12-20,73.0,57.0
FFZ,2023-12-21,76.0,55.0
FFZ,2023-12-22,61.0,53.6
FFZ,2023-12-23,57.0,51.0
FFZ,2023-12-24,58.0,45.0
FFZ,2023-12-25,61.0,47.0
FFZ,2023-12-26,60.0,43.0
FFZ,2023-12-27,64.0,40.0
FFZ,2023-12-28,66.0,41.0
FFZ,2023-12-29,72.0,42.0
FFZ,2023-12-30,73.0,50.0
FFZ,2023-12-31,61.0,46.0
FFZ,2024-01-01,64.0,49.0
FFZ,2024-01-02,63.0,43.0
FFZ,2024-01-03,62.0,43.0
FFZ,2024-01-04,55.0,43.0
FFZ,2024-01-05,56.0,42.0
FFZ,2024-01-06,58.0,39.0
FFZ,2024-01-07,50.0,40.0
FFZ,2024-01-08,51.0,33.0
FFZ,2024-01-09,52.0,34.0
FFZ,2024-01-10,56.0,36.0
FFZ,2024-01-11,56.0,39.0
FFZ,2024-01-12,53.0,35.0
FFZ,2024-01-13,59.0,36.0
FFZ,2024-01-14,64.0,41.0
FFZ,2024-01-15,64.0,43.0
FFZ,2024-01-16,66.0,44.0
FFZ,2024-01-17,65.0,43.0
FFZ,2024-01-18,72.0,49.0
FFZ,2024-01-19,75.0,50.0
FFZ,2024-01-20,68.0,51.0
FFZ,2024-01-21,60.0,53.0
FFZ,2024-01-22,62.0,50.0
FFZ,2024-01-23,59.0,52.0
FFZ,2024-01-24,60.0,52.0
FFZ,2024-01-25,63.0,49.0
FFZ,2024-01-26,65.0,46.0
FFZ,2024-01-27,74.0,49.0
FFZ,2024-01-28,76.0,58.0
FFZ,2024-01-29,79.0,58.0
FFZ,2024-01-30,78.0,56.0
FFZ,2024-01-31,77.0,54.0
FFZ,2024-02-01,78.0,54.0
FFZ,2024-02-02,61.0,50.0
FFZ,2024-02-03,59.0,46.0
FFZ,2024-02-04,66.0,46.0
FFZ,2024-02-05,73.0,53.0
FFZ,2024-02-06,68.0,49.0
FFZ,2024-02-07,58.0,48.0
FFZ,2024-02-08,57.0,41.0
FFZ,2024-02-09,56.0,39.0
FFZ,2024-02-10,54.0,43.0
FFZ,2024-02-11,57.0,38.0
FFZ,2024-02-12,66.0,43.0
FFZ,2024-02-13,68.0,41.0
FFZ,2024-02-14,68.0,44.0
FFZ,2024-02-15,69.0,47.0
FFZ,2024-02-16,69.0,49.0
FFZ,2024-02-17,72.0,49.0
FFZ,2024-02-18,73.0,50.0
FFZ,2024-02-19,76.0,49.0
FFZ,2024-02-20,77.0,53.0
FFZ,2024-02-21,70.0,55.0
FFZ,2024-02-22,71.0,53.0
FFZ,2024-02-23,78.0,54.0
FFZ,2024-02-24,75.0,56.0
FFZ,2024-02-25,80.0,57.0
FFZ,2024-02-26,73.0,63.0
FFZ,2024-02-27,72.0,57.0
FFZ,2024-02-28,74.0,55.0
FFZ,2024-02-29,72.0,50.0
FFZ,2024-03-01,74.0,50.0
FFZ,2024-03-02,75.0,52.0
FFZ,2024-03-03,69.0,52.0
FFZ,2024-03-04,69.0,51.0
FFZ,2024-03-05,73.0,50.0
FFZ,2024-03-06,70.0,54.0
FFZ,2024-03-07,62.0,50.0
FFZ,2024-03-08,66.0,51.0
FFZ,2024-03-09,73.0,50.0
FFZ,2024-03-10,76.0,55.0
FFZ,2024-03-11,77.0,55.0
FFZ,2024-03-12,74.0,53.0
FFZ,2024-03-13,73.0,54.0
FFZ,2024-03-14,70.0,50.0
FFZ,2024-03-15,58.0,48.0
FFZ,2024-03-16,64.0,45.0
FFZ,2024-03-17,67.0,51.0
FFZ,2024-03-18,74.0,50.0
FFZ,2024-03-19,74.0,52.0
FFZ,2024-03-20,75.0,53.0
FFZ,2024-03-21,79.0,55.0
FFZ,2024-03-22,82.0,56.0
FFZ,2024-03-23,79.0,59.0
FFZ,2024-03-24,62.0,51.0
FFZ,2024-03-25,67.0,47.0
FFZ,2024-03-26,67.0,51.0
FFZ,2024-03-27,72.0,48.0
FFZ,2024-03-28,77.0,54.0
FFZ,2024-03-29,81.0,54.0
FFZ,2024-03-30,83.0,59.0
FFZ,2024-03-31,62.0,50.0
FFZ,2024-04-01,61.0,47.0
FFZ,2024-04-02,73.0,49.0
FFZ,2024-04-03,80.0,54.0
FFZ,2024-04-04,85.0,57.0
FFZ,2024-04-05,71.0,55.0
FFZ,2024-04-06,64.0,48.0
FFZ,2024-04-07,72.0,48.0
FFZ,2024-04-08,73.0,52.0
FFZ,2024-04-09,81.0,51.0
FFZ,2024-04-10,83.0,55.0
FFZ,2024-04-11,91.0,61.0
FFZ,2024-04-12,90.0,64.0
FFZ,2024-04-13,85.0,61.0
FFZ,2024-04-14,82.0,56.0
FFZ,2024-04-15,73.0,54.0
FFZ,2024-04-16,84.0,55.0
FFZ,2024-04-17,88.0,61.0
FFZ,2024-04-18,88.0,63.0
FFZ,2024-04-19,91.0,64.0
FFZ,2024-04-20,90.0,69.0
FFZ,2024-04-21,95.0,67.0
FFZ,2024-04-22,96.0,69.0
FFZ,2024-04-23,92.0,69.0
FFZ,2024-04-24,88.0,65.0
FFZ,2024-04-25,80.0,64.0
FFZ,2024-04-26,80.0,61.0
FFZ,2024-04-27,77.0,60.0
FFZ,2024-04-28,83.0,60.0
FFZ,2024-04-29,88.0,62.0
FFZ,2024-04-30,92.0,64.0
FFZ,2024-05-01,89.0,69.0
FFZ,2024-05-02,89.0,65.0
FFZ,2024-05-03,91.0,69.0
FFZ,2024-05-04,91.0,68.0
FFZ,2024-05-05,83.0,67.0
FFZ,2024-05-06,82.0,57.0
FFZ,2024-05-07,88.0,58.0
FFZ,2024-05-08,87.0,66.0
FFZ,2024-05-09,85.0,60.0
FFZ,2024-05-10,88.0,63.0
FFZ,2024-05-11,89.0,64.0
FFZ,2024-05-12,91.0,68.0
FFZ,2024-05-13,96.0,72.0
FFZ,2024-05-14,94.0,73.0
FFZ,2024-05-15,94.0,74.0
FFZ,2024-05-16,93.0,74.0
FFZ,2024-05-17,98.0,71.0
FFZ,2024-05-18,98.0,75.0
FFZ,2024-05-19,95.0,73.0
FFZ,2024-05-20,87.0,71.0
FFZ,2024-05-21,91.0,65.0
FFZ,2024-05-22,92.0,65.0
FFZ,2024-05-23,93.0,69.0
FFZ,2024-05-24,96.0,71.0
FFZ,2024-05-25,88.0,71.0
FFZ,2024-05-26,93.0,66.0
FFZ,2024-05-27,98.0,71.0
FFZ,2024-05-28,101.0,74.0
FFZ,2024-05-29,98.0,76.0
FFZ,2024-05-30,100.0,74.0
FFZ,2024-05-31,101.0,74.0
FFZ,2024-06-01,102.0,75.0
FFZ,2024-06-02,100.0,76.0
FFZ,2024-06-03,98.0,77.0
FFZ,2024-06-04,99.0,77.0
FFZ,2024-06-05,105.0,77.0
FFZ,2024-06-06,109.0,82.0
FFZ,2024-06-07,107.0,83.0
FFZ,2024-06-08,103.0,83.0
FFZ,2024-06-09,103.0,81.0
FFZ,2024-06-10,102.0,77.0
FFZ,2024-06-11,108.0,79.0
FFZ,2024-06-12,107.0,81.0
FFZ,2024-06-13,105.0,83.0
FFZ,2024-06-14,103.0,80.0
FFZ,2024-06-15,108.0,78.0
FFZ,2024-06-16,108.0,82.0
FFZ,2024-06-17,104.0,81.0
FFZ,2024-06-18,101.0,79.0
FFZ,2024-06-19,101.0,81.0
FFZ,2024-06-20,111.0,79.0
FFZ,2024-06-21,110.0,89.0
FFZ,2024-06-22,101.0,89.0
FFZ,2024-06-23,104.0,87.0
FFZ,2024-06-24,107.0,87.0
FFZ,2024-06-25,104.0,84.0
FFZ,2024-06-26,107.0,85.0
FFZ,2024-06-27,108.0,91.0
FFZ,2024-06-28,107.0,89.0
FFZ,2024-06-29,105.0,87.0
FFZ,2024-06-30,107.0,89.0
FFZ,2024-07-01,105.0,84.0
FFZ,2024-07-02,109.0,88.0
FFZ,2024-07-03,109.0,91.0
FFZ,2024-07-04,109.0,90.0
FFZ,2024-07-05,114.0,89.0
FFZ,2024-07-06,110.0,89.0
FFZ,2024-07-07,110.0,88.0
FFZ,2024-07-08,114.0,90.0
FFZ,2024-07-09,112.0,92.0
FFZ,2024-07-10,111.0,91.0
FFZ,2024-07-11,110.0,90.0
FFZ,2024-07-12,110.0,88.0
FFZ,2024-07-13,108.0,88.0
FFZ,2024-07-14,105.0,86.0
FFZ,2024-07-15,106.0,85.0
FFZ,2024-07-16,106.0,87.0
FFZ,2024-07-17,107.0,87.0
FFZ,2024-07-18,108.0,88.0
FFZ,2024-07-19,108.0,88.0
FFZ,2024-07-20,109.0,90.0
FFZ,2024-07-21,106.0,85.0
FFZ,2024-07-22,107.0,82.0
FFZ,2024-07-23,108.0,90.0
FFZ,2024-07-24,110.0,91.0
FFZ,2024-07-25,109.0,78.0
FFZ,2024-07-26,105.0,82.0
FFZ,2024-07-27,107.0,87.0
FFZ,2024-07-28,107.0,87.0
FFZ,2024-07-29,105.0,86.0
FFZ,2024-07-30,106.0,88.0
FFZ,2024-07-31,106.0,86.0
FFZ,2024-08-01,103.0,86.0
FFZ,2024-08-02,107.0,89.0
FFZ,2024-08-03,110.0,90.0
FFZ,2024-08-04,112.0,90.0
FFZ,2024-08-05,108.0,91.0
FFZ,2024-08-06,106.0,89.0
FFZ,2024-08-07,98.0,79.0
FFZ,2024-08-08,103.0,83.0
FFZ,2024-08-09,103.0,84.0
FFZ,2024-08-10,108.0,88.0
FFZ,2024-08-11,100.0,85.0
FFZ,2024-08-12,102.0,86.0
FFZ,2024-08-13,103.0,87.0
FFZ,2024-08-14,104.0,89.0
FFZ,2024-08-15,107.0,86.0
FFZ,2024-08-16,108.0,88.0
FFZ,2024-08-17,107.0,90.0
FFZ,2024-08-18,99.0,76.0
FFZ,2024-08-19,107.0,84.0
FFZ,2024-08-20,108.0,88.0
FFZ,2024-08-21,97.0,86.0
FFZ,2024-08-22,104.0,85.0
FFZ,2024-08-23,105.0,85.0
FFZ,2024-08-24,101.0,84.0
FFZ,2024-08-25,102.0,84.0
FFZ,2024-08-26,104.0,81.0
FFZ,2024-08-27,105.0,80.0
FFZ,2024-08-28,99.0,86.0
FFZ,2024-08-29,105.0,83.0
FFZ,2024-08-30,106.0,84.0
FFZ,2024-08-31,106.0,85.0
FFZ,2024-09-01,104.0,84.0
FFZ,2024-09-02,104.0,81.0
FFZ,2024-09-03,103.0,83.0
FFZ,2024-09-04,106.0,82.0
FFZ,2024-09-05,112.0,85.0
FFZ,2024-09-06,106.0,92.0
FFZ,2024-09-07,105.0,88.0
FFZ,2024-09-08,105.0,86.0
FFZ,2024-09-09,105.0,81.0
FFZ,2024-09-10,106.0,83.0
FFZ,2024-09-11,104.0,81.0
FFZ,2024-09-12,105.0,81.0
FFZ,2024-09-13,102.0,77.0
FFZ,2024-09-14,98.0,81.0
FFZ,2024-09-15,101.0,80.0
FFZ,2024-09-16,98.0,81.0
FFZ,2024-09-17,91.0,75.0
FFZ,2024-09-18,92.0,72.0
FFZ,2024-09-19,94.0,70.0
FFZ,2024-09-20,93.0,74.0
FFZ,2024-09-21,87.0,71.0
FFZ,2024-09-22,95.0,73.0
FFZ,2024-09-23,101.0,77.0
FFZ,2024-09-24,103.0,80.0
FFZ,2024-09-25,108.0,79.0
FFZ,2024-09-26,106.0,83.0
FFZ,2024-09-27,110.0,80.0
FFZ,2024-09-28,112.0,81.0
FFZ,2024-09-29,108.0,82.0
FFZ,2024-09-30,104.0,88.0
FFZ,2024-10-01,108.0,84.0
FFZ,2024-10-02,102.0,86.0
FFZ,2024-10-03,105.0,77.0
FFZ,2024-10-04,106.0,78.0
FFZ,2024-10-05,105.0,80.0
FFZ,2024-10-06,106.0,80.0
FFZ,2024-10-07,107.0,85.0
FFZ,2024-10-08,103.0,77.0
FFZ,2024-10-09,101.0,76.0
FFZ,2024-10-10,102.0,80.0
FFZ,2024-10-11,101.0,76.0
FFZ,2024-10-12,101.0,75.0
FFZ,2024-10-13,99.0,73.0
FFZ,2024-10-14,97.0,74.0
FFZ,2024-10-15,94.0,72.0
FFZ,2024-10-16,94.0,66.0
FFZ,2024-10-17,86.0,69.0
FFZ,2024-10-18,74.0,58.0
FFZ,2024-10-19,69.0,57.0
FFZ,2024-10-20,78.0,56.0
FFZ,2024-10-21,86.0,60.0
FFZ,2024-10-22,93.0,62.0
FFZ,2024-10-23,94.0,68.0
FFZ,2024-10-24,93.0,65.0
FFZ,2024-10-25,94.0,63.0
FFZ,2024-10-26,96.0,65.0
FFZ,2024-10-27,94.0,69.0
FFZ,2024-10-28,90.0,65.0
FFZ,2024-10-29,76.0,58.0
FFZ,2024-10-30,72.0,53.0
FFZ,2024-10-31,77.0,53.0
FFZ,2024-11-01,79.0,53.0
FFZ,2024-11-02,76.0,54.0
FFZ,2024-11-03,69.0,53.0
FFZ,2024-11-04,68.0,49.0
FFZ,2024-11-05,69.0,49.0
FFZ,2024-11-06,67.0,51.0
FFZ,2024-11-07,63.0,49.0
FFZ,2024-11-08,66.0,46.0
FFZ,2024-11-09,73.0,46.0
FFZ,2024-11-10,81.0,52.0
FFZ,2024-11-11,79.0,56.0
FFZ,2024-11-12,72.0,51.0
FFZ,2024-11-13,77.0,53.0
FFZ,2024-11-14,81.0,51.0
FFZ,2024-11-15,71.0,51.0
FFZ,2024-11-16,62.0,52.0
FFZ,2024-11-17,66.0,48.0
FFZ,2024-11-18,65.0,50.0
FFZ,2024-11-19,68.0,46.0
FFZ,2024-11-20,77.0,52.0
FFZ,2024-11-21,80.0,53.0
FFZ,2024-11-22,82.0,51.0
FFZ,2024-11-23,77.0,52.0
FFZ,2024-11-24,73.0,51.0
FFZ,2024-11-25,75.0,56.0
FFZ,2024-11-26,76.0,53.0
FFZ,2024-11-27,73.0,57.0
FFZ,2024-11-28,71.0,53.0
FFZ,2024-11-29,75.0,55.0
FFZ,2024-11-30,79.0,57.0
FFZ,2024-12-01,79.0,54.0
FFZ,2024-12-02,81.0,56.0
FFZ,2024-12-03,81.0,54.0
FFZ,2024-12-04,74.0,53.0
FFZ,2024-12-05,76.0,54.0
FFZ,2024-12-06,77.0,62.0
FFZ,2024-12-07,75.0,55.0
FFZ,2024-12-08,71.0,50.0
FFZ,2024-12-09,70.0,50.0
FFZ,2024-12-10,64.0,48.0
FFZ,2024-12-11,69.0,47.0
FFZ,2024-12-12,72.0,51.0
FFZ,2024-12-13,66.0,48.0
FFZ,2024-12-14,71.0,48.0
FFZ,2024-12-15,70.0,46.0
FFZ,2024-12-16,70.0,45.0
FFZ,2024-12-17,71.0,45.0
FFZ,2024-12-18,82.0,48.0
FFZ,2024-12-19,79.0,60.0
FFZ,2024-12-20,83.0,51.0
FFZ,2024-12-21,79.0,54.0
FFZ,2024-12-22,74.0,47.0
FFZ,2024-12-23,73.0,52.0
FFZ,2024-12-24,75.0,52.0
FFZ,2024-12-25,65.0,51.0
FFZ,2024-12-26,62.0,45.0
FFZ,2024-12-27,65.0,44.0
FFZ,2024-12-28,66.0,46.0
FFZ,2024-12-29,75.0,44.0
FFZ,2024-12-30,71.0,45.0
FFZ,2024-12-31,69.0,45.0
FFZ,2025-01-01,70.0,44.0
FFZ,2025-01-02,75.0,48.0
FFZ,2025-01-03,78.0,50.0
FFZ,2025-01-04,69.0,48.0
FFZ,2025-01-05,67.0,43.0
FFZ,2025-01-06,69.0,46.0
FFZ,2025-01-07,65.0,46.0
FFZ,2025-01-08,63.0,48.0
FFZ,2025-01-09,62.0,39.0
FFZ,2025-01-10,60.0,45.0
FFZ,2025-01-11,60.0,37.0
FFZ,2025-01-12,61.0,40.0
FFZ,2025-01-13,59.0,39.0
FFZ,2025-01-14,65.0,40.0
FFZ,2025-01-15,71.0,48.0
FFZ,2025-01-16,73.0,55.0
FFZ,2025-01-17,62.0,48.0
FFZ,2025-01-18,63.0,42.0
FFZ,2025-01-19,62.0,44.0
FFZ,2025-01-20,65.0,41.0
FFZ,2025-01-21,56.0,37.0
FFZ,2025-01-22,61.0,40.0
FFZ,2025-01-23,62.0,46.0
FFZ,2025-01-24,67.0,44.0
FFZ,2025-01-25,68.0,44.0
FFZ,2025-01-26,68.0,45.0
FFZ,2025-01-27,60.0,43.0
FFZ,2025-01-28,59.0,43.0
FFZ,2025-01-29,53.0,44.0
FFZ,2025-01-30,59.0,41.0
FFZ,2025-01-31,65.0,41.0
FFZ,2025-02-01,71.0,45.0
FFZ,2025-02-02,77.0,53.0
FFZ,2025-02-03,85.0,52.0
FFZ,2025-02-04,82.0,55.0
FFZ,2025-02-05,78.0,53.0
FFZ,2025-02-06,76.0,51.0
FFZ,2025-02-07,74.0,53.0
FFZ,2025-02-08,75.0,54.0
FFZ,2025-02-09,73.0,54.0
FFZ,2025-02-10,74.0,54.0
FFZ,2025-02-11,68.0,51.0
FFZ,2025-02-12,59.0,50.0
FFZ,2025-02-13,68.0,48.0
FFZ,2025-02-14,68.0,56.0
FFZ,2025-02-15,68.0,47.0
FFZ,2025-02-16,74.0,50.0
FFZ,2025-02-17,73.0,50.0
FFZ,2025-02-18,74.0,52.0
FFZ,2025-02-19,75.0,50.0
FFZ,2025-02-20,75.0,50.0
FFZ,2025-02-21,75.0,52.0
FFZ,2025-02-22,76.0,54.0
FFZ,2025-02-23,79.0,49.0
FFZ,2025-02-24,83.0,52.0
FFZ,2025-02-25,85.0,57.0
FFZ,2025-02-26,85.0,59.0
FFZ,2025-02-27,82.0,61.0
FFZ,2025-02-28,78.0,57.0
FFZ,2025-03-01,81.0,53.0
FFZ,2025-03-02,75.0,54.0
FFZ,2025-03-03,64.0,50.0
FFZ,2025-03-04,67.0,48.0
FFZ,2025-03-05,74.0,49.0
FFZ,2025-03-06,68.0,61.0
FFZ,2025-03-07,60.0,45.0
FFZ,2025-03-08,64.0,45.0
FFZ,2025-03-09,76.0,48.0
FFZ,2025-03-10,82.0,56.0
FFZ,2025-03-11,77.0,58.0
FFZ,2025-03-12,69.0,55.0
FFZ,2025-03-13,71.0,49.0
FFZ,2025-03-14,55.0,43.0
FFZ,2025-03-15,63.0,46.0
FFZ,2025-03-16,72.0,48.0
FFZ,2025-03-17,78.0,54.0
FFZ,2025-03-18,68.0,56.0
FFZ,2025-03-19,69.0,52.0
FFZ,2025-03-20,77.0,52.0
FFZ,2025-03-21,79.0,55.0
FFZ,2025-03-22,82.0,55.0
FFZ,2025-03-23,85.0,60.0
FFZ,2025-03-24,91.0,66.0
FFZ,2025-03-25,95.0,68.0
FFZ,2025-03-26,92.0,72.0
FFZ,2025-03-27,89.0,65.0
FFZ,2025-03-28,80.0,63.0
FFZ,2025-03-29,78.0,62.0
FFZ,2025-03-30,80.0,58.0
FFZ,2025-03-31,79.0,59.0
FFZ,2025-04-01,72.0,60.0
FFZ,2025-04-02,66.0,54.0
FFZ,2025-04-03,67.0,50.0
FFZ,2025-04-04,69.0,53.0
FFZ,2025-04-05,77.0,54.0
FFZ,2025-04-06,77.0,58.0
FFZ,2025-04-07,84.0,57.0
FFZ,2025-04-08,88.0,59.0
FFZ,2025-04-09,94.0,64.0
FFZ,2025-04-10,96.0,67.0
FFZ,2025-04-11,99.0,66.0
FFZ,2025-04-12,96.0,67.0
FFZ,2025-04-13,91.0,69.0
FFZ,2025-04-14,90.0,68.0
FFZ,2025-04-15,92.0,69.0
FFZ,2025-04-16,90.0,65.0
FFZ,2025-04-17,78.0,63.0
FFZ,2025-04-18,75.0,50.0
FFZ,2025-04-19,70.0,50.0
FFZ,2025-04-20,81.0,56.0
FFZ,2025-04-21,88.0,62.0
FFZ,2025-04-22,90.0,63.0
FFZ,2025-04-23,87.0,65.0
FFZ,2025-04-24,87.0,63.0
FFZ,2025-04-25,91.0,65.0
FFZ,2025-04-26,84.0,61.0
FFZ,2025-04-27,76.0,58.0
FFZ,2025-04-28,78.0,56.0
FFZ,2025-04-29,83.0,59.0
FFZ,2025-04-30,86.0,63.0
FFZ,2025-05-01,90.0,64.0
FFZ,2025-05-02,91.0,66.0
FFZ,2025-05-03,92.0,69.0
FFZ,2025-05-04,81.0,65.0
FFZ,2025-05-05,70.0,58.0
FFZ,2025-05-06,72.0,61.0
FFZ,2025-05-07,82.0,62.0
FFZ,2025-05-08,92.0,66.0
FFZ,2025-05-09,100.0,75.0
FFZ,2025-05-10,99.0,76.0
FFZ,2025-05-11,100.0,77.0
FFZ,2025-05-12,99.0,79.0
FFZ,2025-05-13,88.0,73.0
FFZ,2025-05-14,80.0,63.0
FFZ,2025-05-15,88.0,63.0
FFZ,2025-05-16,91.0,65.0
FFZ,2025-05-17,91.0,69.0
FFZ,2025-05-18,84.0,67.0
FFZ,2025-05-19,91.0,66.0
FFZ,2025-05-20,95.0,70.0
FFZ,2025-05-21,98.0,71.0
FFZ,2025-05-22,102.0,74.0
FFZ,2025-05-23,100.0,75.0
FFZ,2025-05-24,95.0,74.0
FFZ,2025-05-25,93.0,73.0
FFZ,2025-05-26,96.0,71.0
FFZ,2025-05-27,97.0,70.0
FFZ,2025-05-28,98.0,70.0
FFZ,2025-05-29,97.0,75.0
FFZ,2025-05-30,100.0,71.0
FFZ,2025-05-31,98.0,80.0
FFZ,2025-06-01,87.0,68.0
FFZ,2025-06-02,86.0,64.0
FFZ,2025-06-03,93.0,74.0
FFZ,2025-06-04,93.0,73.0
FFZ,2025-06-05,98.0,76.0
FFZ,2025-06-06,100.0,76.0
FFZ,2025-06-07,101.0,75.0
FFZ,2025-06-08,103.0,76.0
FFZ,2025-06-09,105.0,79.0
FFZ,2025-06-10,105.0,80.0
FFZ,2025-06-11,105.0,79.0
FFZ,2025-06-12,105.0,80.0
FFZ,2025-06-13,104.0,81.0
FFZ,2025-06-14,106.0,79.0
FFZ,2025-06-15,110.0,82.0
FFZ,2025-06-16,110.0,82.0
FFZ,2025-06-17,107.0,82.0
FFZ,2025-06-18,109.0,80.0
FFZ,2025-06-19,113.0,82.0
FFZ,2025-06-20,106.0,81.0
FFZ,2025-06-21,103.0,82.0
FFZ,2025-06-22,98.0,77.0
FFZ,2025-06-23,101.0,77.0
FFZ,2025-06-24,101.0,78.0
FFZ,2025-06-25,100.0,76.0
FFZ,2025-06-26,103.0,78.0
FFZ,2025-06-27,104.0,80.0
FFZ,2025-06-28,106.0,83.0
FFZ,2025-06-29,110.0,82.0
FFZ,2025-06-30,113.0,85.0
FFZ,2025-07-01,108.0,90.0
FFZ,2025-07-02,106.0,76.0
FFZ,2025-07-03,99.0,77.0
FFZ,2025-07-04,99.0,80.0
FFZ,2025-07-05,104.0,85.0
FFZ,2025-07-06,107.0,85.0
FFZ,2025-07-07,108.0,88.0
FFZ,2025-07-08,109.0,90.0
FFZ,2025-07-09,114.0,89.0
FFZ,2025-07-10,110.0,88.0
FFZ,2025-07-11,107.0,88.0
FFZ,2025-07-12,105.0,85.0
FFZ,2025-07-13,105.0,87.0
FFZ,2025-07-14,104.0,87.0
FFZ,2025-07-15,104.0,85.0
FFZ,2025-07-16,91.0,82.0
FFZ,2025-07-17,99.0,81.0
FFZ,2025-07-18,105.0,85.0
FFZ,2025-07-19,104.0,86.0
FFZ,2025-07-20,94.0,84.0
FFZ,2025-07-21,99.0,85.0
FFZ,2025-07-22,97.0,82.0
FFZ,2025-07-23,100.0,82.0
FFZ,2025-07-24,103.0,76.0
FFZ,2025-07-25,105.0,79.0
FFZ,2025-07-26,105.0,81.0
FFZ,2025-07-27,106.0,79.0
FFZ,2025-07-28,109.0,82.0
FFZ,2025-07-29,107.0,87.0
FFZ,2025-07-30,108.0,83.0
FFZ,2025-07-31,107.0,87.0
FFZ,2025-08-01,108.0,89.0
FFZ,2025-08-02,110.0,87.0
FFZ,2025-08-03,108.0,84.0
FFZ,2025-08-04,108.0,84.0
FFZ,2025-08-05,110.0,87.0
FFZ,2025-08-06,113.0,89.0
FFZ,2025-08-07,116.0,93.0
FFZ,2025-08-08,111.0,90.0
FFZ,2025-08-09,107.0,89.0
FFZ,2025-08-10,104.0,88.0
FFZ,2025-08-11,108.0,89.0
FFZ,2025-08-12,108.0,87.0
FFZ,2025-08-13,106.0,89.0
FFZ,2025-08-14,103.0,86.0
FFZ,2025-08-15,99.0,74.0
FFZ,2025-08-16,101.0,82.0
FFZ,2025-08-17,101.0,81.0
FFZ,2025-08-18,103.0,80.0
FFZ,2025-08-19,105.0,82.0
FFZ,2025-08-20,109.0,87.0
FFZ,2025-08-21,110.0,88.0
FFZ,2025-08-22,108.0,90.0
FFZ,2025-08-23,108.0,89.0
FFZ,2025-08-24,107.0,90.0
FFZ,2025-08-25,101.0,76.0
FFZ,2025-08-26,94.0,77.0
FFZ,2025-08-27,98.0,81.0
FFZ,2025-08-28,103.0,86.0
FFZ,2025-08-29,99.0,74.0
FFZ,2025-08-30,102.0,83.0
FFZ,2025-08-31,107.0,81.0
FFZ,2025-09-01,103.0,84.0
FFZ,2025-09-02,106.0,87.0
FFZ,2025-09-03,101.0,77.0
FFZ,2025-09-04,93.0,75.0
FFZ,2025-09-05,94.0,79.0
FFZ,2025-09-06,97.0,82.0
FFZ,2025-09-07,99.0,82.0
FFZ,2025-09-08,101.0,84.0
FFZ,2025-09-09,103.0,84.0
FFZ,2025-09-10,105.0,83.0
FFZ,2025-09-11,100.0,81.0
FFZ,2025-09-12,98.0,82.0
FFZ,2025-09-13,95.0,75.0
FFZ,2025-09-14,97.0,74.0
FFZ,2025-09-15,101.0,78.0
FFZ,2025-09-16,102.0,81.0
FFZ,2025-09-17,99.0,83.0
FFZ,2025-09-18,95.0,79.0
FFZ,2025-09-19,95.0,77.0
FFZ,2025-09-20,99.0,77.0
FFZ,2025-09-21,96.0,81.0
FFZ,2025-09-22,92.0,79.0
FFZ,2025-09-23,99.0,77.0
FFZ,2025-09-24,104.0,83.0
FFZ,2025-09-25,103.0,85.0
FFZ,2025-09-26,87.0,67.0
FFZ,2025-09-27,85.0,70.0
FFZ,2025-09-28,86.0,70.0
FFZ,2025-09-29,89.0,70.0
FFZ,2025-09-30,93.0,72.0
FFZ,2025-10-01,93.0,73.0
FFZ,2025-10-02,98.0,74.0
FFZ,2025-10-03,99.0,75.0
FFZ,2025-10-04,85.0,69.0
FFZ,2025-10-05,85.0,64.0
FFZ,2025-10-06,91.0,67.0
FFZ,2025-10-07,96.0,68.0
FFZ,2025-10-08,98.0,72.0
FFZ,2025-10-09,90.0,76.0
FFZ,2025-10-10,92.0,73.0
FFZ,2025-10-11,81.0,67.0
FFZ,2025-10-12,78.0,68.0
FFZ,2025-10-13,82.0,71.0
FFZ,2025-10-14,84.0,66.0
FFZ,2025-10-15,78.0,64.0
FFZ,2025-10-16,77.0,60.0
FFZ,2025-10-17,79.0,57.0
FFZ,2025-10-18,82.0,60.0
FFZ,2025-10-19,87.0,60.0
FFZ,2025-10-20,85.0,63.0
FFZ,2025-10-21,87.0,63.0
FFZ,2025-10-22,88.0,69.0
FFZ,2025-10-23,81.0,63.0
FFZ,2025-10-24,81.0,61.0
FFZ,2025-10-25,83.0,62.0
FFZ,2025-10-26,85.0,59.0
FFZ,2025-10-27,87.0,62.0
FFZ,2025-10-28,90.0,65.0
FFZ,2025-10-29,88.0,69.0
FFZ,2025-10-30,87.0,65.0
FFZ,2025-10-31,85.0,62.0
FFZ,2025-11-01,85.0,59.0
FFZ,2025-11-02,87.0,59.0
FFZ,2025-11-03,86.0,61.0
FFZ,2025-11-04,87.0,60.0
FFZ,2025-11-05,86.0,60.0
FFZ,2025-11-06,84.0,61.0
FFZ,2025-11-07,82.0,59.0
FFZ,2025-11-08,83.0,59.0
FFZ,2025-11-14,85.0,59.0
FFZ,2025-11-15,82.0,61.0
FFZ,2025-11-16,72.0,62.0
FFZ,2025-11-17,72.0,54.0
FFZ,2025-11-18,70.0,57.0
FFZ,2025-11-19,62.0,53.0
FFZ,2025-11-20,60.0,51.0
FFZ,2025-11-21,63.0,50.0
FFZ,2025-11-22,71.0,55.0
FFZ,2025-11-23,63.0,54.0
FFZ,2025-11-24,66.0,50.0
FFZ,2025-12-02,66.0,49.0
FFZ,2025-12-03,63.0,45.0
FFZ,2025-12-04,64.0,46.0
FFZ,2025-12-05,64.0,44.0
FFZ,2025-12-06,65.0,43.0
FFZ,2025-12-07,71.0,45.0
FFZ,2025-12-11,76.0,57.0
FFZ,2025-12-12,75.0,52.0
FFZ,2025-12-13,77.0,52.0
FFZ,2025-12-14,80.0,55.0
FFZ,2025-12-20,75.0,51.0
FFZ,2025-12-21,79.0,52.0
FFZ,2025-12-22,80.0,52.0
FFZ,2025-12-23,78.0,52.0
FFZ,2025-12-24,73.0,62.0
FFZ,2025-12-25,72.0,61.0
FFZ,2025-12-26,71.0,56.0
FFZ,2025-12-27,68.0,54.0
FFZ,2025-12-28,68.0,45.0
FFZ,2025-12-29,74.0,54.0
FFZ,2025-12-30,72.0,57.0
FFZ,2025-12-31,65.0,57.0
LUF,2016-01-01,64.22,32.18
LUF,2016-01-02,68.54,37.04
LUF,2016-01-03,69.8,41.72
LUF,2016-01-04,60.26,50.0
LUF,2016-01-05,55.4,51.08
LUF,2016-01-06,59.0,49.82
LUF,2016-01-07,55.4,46.0
LUF,2016-01-08,55.76,42.6
LUF,2016-01-09,57.74,37.58
LUF,2016-01-10,55.76,41.0
LUF,2016-01-11,60.08,38.12
LUF,2016-01-12,63.68,34.52
LUF,2016-01-13,64.04,36.32
LUF,2016-01-14,61.7,35.42
LUF,2016-01-15,59.18,40.1
LUF,2016-01-16,60.08,36.32
LUF,2016-01-17,66.02,37.58
LUF,2016-01-18,65.12,40.82
LUF,2016-01-19,69.08,39.02
LUF,2016-01-20,69.26,43.34
LUF,2016-01-21,70.16,44.6
LUF,2016-01-22,72.68,41.36
LUF,2016-01-23,69.26,44.42
LUF,2016-01-24,66.56,40.1
LUF,2016-01-25,65.84,41.36
LUF,2016-01-26,66.74,46.58
LUF,2016-01-27,69.44,41.9
LUF,2016-01-28,69.98,42.08
LUF,2016-01-29,70.52,40.64
LUF,2016-01-30,71.78,41.18
LUF,2016-01-31,75.02,36.86
LUF,2016-02-01,52.34,44.06
LUF,2016-02-02,55.4,37.76
LUF,2016-02-03,55.94,32.0
LUF,2016-02-04,63.32,32.72
LUF,2016-02-05,68.9,42.8
LUF,2016-02-06,72.68,38.84
LUF,2016-02-07,76.46,41.18
LUF,2016-02-08,81.68,53.6
LUF,2016-02-09,85.28,48.38
LUF,2016-02-10,81.68,46.94
LUF,2016-02-11,81.86,47.12
LUF,2016-02-12,83.66,46.58
LUF,2016-02-13,81.68,46.4
LUF,2016-02-14,80.24,47.84
LUF,2016-02-15,83.66,49.1
LUF,2016-02-16,84.74,50.9
LUF,2016-02-17,86.0,49.46
LUF,2016-02-18,79.88,51.8
LUF,2016-02-19,79.16,53.78
LUF,2016-02-20,82.94,47.66
LUF,2016-02-21,84.74,49.1
LUF,2016-02-22,82.94,47.66
LUF,2016-02-23,72.14,49.28
LUF,2016-02-24,75.02,53.78
LUF,2016-02-25,80.6,47.48
LUF,2016-02-26,84.56,47.84
LUF,2016-02-27,84.2,49.28
LUF,2016-02-28,82.94,47.84
LUF,2016-02-29,85.1,49.82
LUF,2016-03-01,86.18,50.72
LUF,2016-03-02,86.54,52.16
LUF,2016-03-03,86.0,51.8
LUF,2016-03-04,86.72,50.0
LUF,2016-03-05,79.88,49.64
LUF,2016-03-06,78.26,59.72
LUF,2016-03-07,69.08,48.74
LUF,2016-03-08,73.94,46.94
LUF,2016-03-09,78.8,46.4
LUF,2016-03-10,85.28,53.06
LUF,2016-03-11,82.76,49.64
LUF,2016-03-12,72.14,52.34
LUF,2016-03-13,75.74,44.96
LUF,2016-03-14,78.44,54.32
LUF,2016-03-15,85.1,51.44
LUF,2016-03-16,86.18,51.98
LUF,2016-03-17,87.08,51.62
LUF,2016-03-18,88.34,49.28
LUF,2016-03-19,89.6,53.96
LUF,2016-03-20,89.96,54.86
LUF,2016-03-21,91.04,55.4
LUF,2016-03-22,79.34,61.34
LUF,2016-03-23,75.38,52.88
LUF,2016-03-24,78.98,46.58
LUF,2016-03-25,85.28,50.36
LUF,2016-03-26,86.36,50.9
LUF,2016-03-27,84.02,49.82
LUF,2016-03-28,81.14,55.22
LUF,2016-03-29,68.0,55.76
LUF,2016-03-30,67.46,48.56
LUF,2016-03-31,73.76,48.92
LUF,2016-04-01,78.26,50.18
LUF,2016-04-02,82.76,51.44
LUF,2016-04-03,87.26,50.54
LUF,2016-04-04,90.32,53.42
LUF,2016-04-05,91.22,55.04
LUF,2016-04-06,95.54,62.96
LUF,2016-04-07,89.24,64.4
LUF,2016-04-08,78.62,60.44
LUF,2016-04-09,80.78,57.56
LUF,2016-04-10,68.54,57.2
LUF,2016-04-11,75.92,52.16
LUF,2016-04-12,81.86,56.12
LUF,2016-04-13,85.28,57.02
LUF,2016-04-14,88.52,57.2
LUF,2016-04-15,82.4,61.16
LUF,2016-04-16,83.3,59.18
LUF,2016-04-17,81.32,60.26
LUF,2016-04-18,87.08,62.24
LUF,2016-04-19,89.96,55.58
LUF,2016-04-20,93.74,56.66
LUF,2016-04-21,95.54,58.1
LUF,2016-04-22,96.26,61.16
LUF,2016-04-23,86.9,68.0
LUF,2016-04-24,87.8,57.2
LUF,2016-04-25,79.34,64.4
LUF,2016-04-26,78.8,53.96
LUF,2016-04-27,82.76,53.06
LUF,2016-04-28,75.38,59.54
LUF,2016-04-29,82.76,61.52
LUF,2016-04-30,80.6,59.54
LUF,2016-05-01,78.26,54.68
LUF,2016-05-02,85.64,57.2
LUF,2016-05-03,92.48,59.9
LUF,2016-05-04,101.48,63.32
LUF,2016-05-05,97.34,61.52
LUF,2016-05-06,77.72,60.26
LUF,2016-05-07,77.54,56.66
LUF,2016-05-08,80.06,57.2
LUF,2016-05-09,84.38,57.38
LUF,2016-05-10,90.14,60.98
LUF,2016-05-11,93.38,62.42
LUF,2016-05-12,99.68,65.3
LUF,2016-05-13,101.84,64.94
LUF,2016-05-14,100.76,71.96
LUF,2016-05-15,92.48,65.48
LUF,2016-05-16,89.96,68.9
LUF,2016-05-17,88.88,66.92
LUF,2016-05-18,86.0,67.1
LUF,2016-05-19,92.84,64.04
LUF,2016-05-20,96.98,71.96
LUF,2016-05-21,90.68,68.18
LUF,2016-05-22,86.18,63.32
LUF,2016-05-23,88.88,63.5
LUF,2016-05-24,87.62,66.56
LUF,2016-05-25,90.14,58.46
LUF,2016-05-26,86.0,61.34
LUF,2016-05-27,93.2,62.78
LUF,2016-05-28,96.08,63.5
LUF,2016-05-29,96.8,65.48
LUF,2016-05-30,92.48,62.42
LUF,2016-05-31,98.6,62.06
LUF,2016-06-01,102.38,74.66
LUF,2016-06-02,107.6,72.86
LUF,2016-06-03,112.1,75.02
LUF,2016-06-04,113.72,75.56
LUF,2016-06-05,112.82,76.1
LUF,2016-06-06,108.5,78.98
LUF,2016-06-07,104.36,75.56
LUF,2016-06-08,105.98,78.8
LUF,2016-06-09,103.82,81.5
LUF,2016-06-10,98.78,78.8
LUF,2016-06-11,100.04,75.74
LUF,2016-06-12,100.22,70.88
LUF,2016-06-13,97.34,73.76
LUF,2016-06-14,98.24,71.06
LUF,2016-06-15,99.86,68.18
LUF,2016-06-16,100.76,74.12
LUF,2016-06-17,103.82,68.9
LUF,2016-06-18,110.12,71.42
LUF,2016-06-19,117.86,81.32
LUF,2016-06-20,115.16,93.2
LUF,2016-06-21,109.76,89.96
LUF,2016-06-22,110.66,84.38
LUF,2016-06-23,111.38,84.2
LUF,2016-06-24,108.32,80.96
LUF,2016-06-25,107.78,80.06
LUF,2016-06-26,106.16,83.84
LUF,2016-06-27,108.68,87.44
LUF,2016-06-28,111.2,85.82
LUF,2016-06-29,106.34,87.8
LUF,2016-06-30,96.8,82.22
LUF,2016-07-01,99.32,81.68
LUF,2016-07-02,102.56,78.26
LUF,2016-07-03,105.8,84.02
LUF,2016-07-04,108.14,81.68
LUF,2016-07-05,107.6,85.82
LUF,2016-07-06,105.8,84.74
LUF,2016-07-07,105.44,80.78
LUF,2016-07-08,106.88,79.34
LUF,2016-07-09,109.76,85.28
LUF,2016-07-10,109.76,86.72
LUF,2016-07-11,106.7,84.92
LUF,2016-07-12,107.6,75.56
LUF,2016-07-13,107.42,79.3
LUF,2016-07-14,110.3,87.44
LUF,2016-07-15,110.48,87.26
LUF,2016-07-16,107.42,89.42
LUF,2016-07-17,104.9,87.98
LUF,2016-07-18,105.8,85.64
LUF,2016-07-19,107.06,85.28
LUF,2016-07-20,107.24,87.44
LUF,2016-07-21,110.84,85.1
LUF,2016-07-22,112.82,91.04
LUF,2016-07-23,111.2,88.34
LUF,2016-07-24,107.06,89.42
LUF,2016-07-25,107.78,87.26
LUF,2016-07-26,110.3,86.72
LUF,2016-07-27,112.82,90.32
LUF,2016-07-28,111.74,90.5
LUF,2016-07-29,111.56,80.6
LUF,2016-07-30,102.2,83.12
LUF,2016-07-31,103.28,83.66
LUF,2016-08-01,100.22,82.4
LUF,2016-08-02,98.78,80.6
LUF,2016-08-03,100.04,82.04
LUF,2016-08-04,102.74,83.12
LUF,2016-08-05,97.52,79.34
LUF,2016-08-06,106.16,81.5
LUF,2016-08-07,108.14,82.94
LUF,2016-08-08,109.22,83.48
LUF,2016-08-09,99.68,84.2
LUF,2016-08-10,100.76,74.84
LUF,2016-08-11,97.16,79.7
LUF,2016-08-12,105.26,84.74
LUF,2016-08-13,107.96,81.86
LUF,2016-08-14,105.08,81.86
LUF,2016-08-15,107.96,84.02
LUF,2016-08-16,110.12,84.38
LUF,2016-08-17,107.6,84.38
LUF,2016-08-18,102.92,78.8
LUF,2016-08-19,102.92,74.48
LUF,2016-08-20,99.32,75.2
LUF,2016-08-21,99.68,76.64
LUF,2016-08-22,98.24,78.44
LUF,2016-08-23,94.64,73.04
LUF,2016-08-24,102.4,75.74
LUF,2016-08-25,101.7,77.5
LUF,2016-08-26,96.8,78.6
LUF,2016-08-27,97.34,75.92
LUF,2016-08-28,99.14,73.04
LUF,2016-08-29,105.44,76.28
LUF,2016-08-30,106.88,77.36
LUF,2016-08-31,104.9,80.6
LUF,2016-09-01,102.2,84.56
LUF,2016-09-02,102.92,84.92
LUF,2016-09-03,103.46,82.4
LUF,2016-09-04,98.6,73.4
LUF,2016-09-05,99.68,68.36
LUF,2016-09-06,98.42,72.32
LUF,2016-09-07,88.16,75.2
LUF,2016-09-08,95.0,76.28
LUF,2016-09-09,102.02,76.28
LUF,2016-09-10,104.0,77.9
LUF,2016-09-11,102.56,73.94
LUF,2016-09-12,98.6,81.5
LUF,2016-09-13,96.44,74.66
LUF,2016-09-14,95.18,71.06
LUF,2016-09-15,95.9,65.12
LUF,2016-09-16,95.9,63.14
LUF,2016-09-17,98.96,65.48
LUF,2016-09-18,103.1,67.82
LUF,2016-09-19,98.96,69.26
LUF,2016-09-20,87.8,77.9
LUF,2016-09-21,96.26,75.02
LUF,2016-09-22,83.48,73.4
LUF,2016-09-23,86.36,64.4
LUF,2016-09-24,89.6,58.1
LUF,2016-09-25,95.54,68.36
LUF,2016-09-26,92.12,76.64
LUF,2016-09-27,87.26,69.98
LUF,2016-09-28,95.54,71.6
LUF,2016-09-29,92.84,75.2
LUF,2016-09-30,95.72,69.98
LUF,2016-10-01,95.36,71.78
LUF,2016-10-02,85.46,70.34
LUF,2016-10-03,86.0,62.42
LUF,2016-10-04,84.56,55.22
LUF,2016-10-05,87.98,58.82
LUF,2016-10-06,88.7,61.16
LUF,2016-10-07,94.64,60.26
LUF,2016-10-08,96.08,71.06
LUF,2016-10-09,95.0,69.8
LUF,2016-10-10,94.46,67.46
LUF,2016-10-11,94.64,65.3
LUF,2016-10-12,91.58,61.52
LUF,2016-10-13,92.3,60.98
LUF,2016-10-14,94.28,60.08
LUF,2016-10-15,92.66,60.26
LUF,2016-10-16,91.94,59.0
LUF,2016-10-17,88.16,61.34
LUF,2016-10-18,88.88,61.34
LUF,2016-10-19,91.58,60.08
LUF,2016-10-20,95.36,69.08
LUF,2016-10-21,95.36,65.84
LUF,2016-10-22,95.72,65.48
LUF,2016-10-23,94.28,61.88
LUF,2016-10-24,89.42,67.82
LUF,2016-10-25,89.96,67.1
LUF,2016-10-26,94.28,64.4
LUF,2016-10-27,97.16,66.92
LUF,2016-10-28,91.58,69.8
LUF,2016-10-29,93.92,64.94
LUF,2016-10-30,90.86,65.84
LUF,2016-10-31,83.3,62.78
LUF,2016-11-01,79.88,58.46
LUF,2016-11-02,83.3,56.7
LUF,2016-11-03,84.2,63.5
LUF,2016-11-04,80.2,57.9
LUF,2016-11-05,81.1,57.9
LUF,2016-11-06,82.8,58.1
LUF,2016-11-07,85.6,57.6
LUF,2016-11-08,90.1,62.2
LUF,2016-11-09,85.1,61.0
LUF,2016-11-10,81.9,56.3
LUF,2016-11-11,82.6,57.2
LUF,2016-11-12,82.9,55.4
LUF,2016-11-13,84.4,55.2
LUF,2016-11-14,85.1,54.0
LUF,2016-11-15,84.9,53.4
LUF,2016-11-16,76.1,55.0
LUF,2016-11-17,71.6,51.8
LUF,2016-11-18,73.6,42.8
LUF,2016-11-19,82.8,48.0
LUF,2016-11-20,71.2,57.4
LUF,2016-11-21,69.8,53.4
LUF,2016-11-22,69.6,46.6
LUF,2016-11-23,73.8,47.1
LUF,2016-11-24,76.8,50.5
LUF,2016-11-25,79.5,51.8
LUF,2016-11-26,69.6,52.0
LUF,2016-11-27,63.7,48.9
LUF,2016-11-28,57.2,41.7
LUF,2016-11-29,59.9,41.9
LUF,2016-11-30,62.2,36.9
LUF,2016-12-01,61.5,37.8
LUF,2016-12-02,60.8,42.4
LUF,2016-12-03,69.4,41.2
LUF,2016-12-04,68.5,41.2
LUF,2016-12-05,65.7,39.2
LUF,2016-12-06,64.8,42.4
LUF,2016-12-07,65.8,44.2
LUF,2016-12-08,67.5,41.5
LUF,2016-12-09,69.4,43.7
LUF,2016-12-10,69.6,43.9
LUF,2016-12-11,71.4,47.7
LUF,2016-12-12,72.1,48.0
LUF,2016-12-13,72.9,51.1
LUF,2016-12-14,74.3,48.7
LUF,2016-12-15,73.0,47.5
LUF,2016-12-16,72.9,57.2
LUF,2016-12-17,62.6,42.4
LUF,2016-12-18,62.2,33.8
LUF,2016-12-19,71.6,42.4
LUF,2016-12-20,72.3,48.7
LUF,2016-12-21,68.7,56.3
LUF,2016-12-22,61.7,56.3
LUF,2016-12-23,61.2,51.4
LUF,2016-12-24,58.1,44.2
LUF,2016-12-25,53.1,39.4
LUF,2016-12-26,60.8,36.7
LUF,2016-12-27,69.3,40.6
LUF,2016-12-28,63.5,43.7
LUF,2016-12-29,77.0,47.8
LUF,2016-12-30,71.1,48.2
LUF,2016-12-31,62.2,51.8
LUF,2017-01-01,55.6,49.1
LUF,2017-01-02,57.6,46.0
LUF,2017-01-03,59.9,43.3
LUF,2017-01-04,65.1,42.6
LUF,2017-01-05,66.2,44.4
LUF,2017-01-06,64.2,46.2
LUF,2017-01-07,64.9,40.6
LUF,2017-01-08,71.2,45.0
LUF,2017-01-09,64.4,49.3
LUF,2017-01-10,66.9,46.0
LUF,2017-01-11,63.3,48.0
LUF,2017-01-12,66.9,44.6
LUF,2017-01-13,64.4,52.3
LUF,2017-01-14,67.5,52.5
LUF,2017-01-15,60.8,47.5
LUF,2017-01-16,61.0,48.2
LUF,2017-01-17,64.4,42.3
LUF,2017-01-18,65.3,40.8
LUF,2017-01-19,55.4,43.7
LUF,2017-01-20,54.5,43.5
LUF,2017-01-21,59.2,43.3
LUF,2017-01-22,60.8,41.2
LUF,2017-01-23,59.0,48.0
LUF,2017-01-24,55.4,40.3
LUF,2017-01-25,56.7,34.9
LUF,2017-01-26,58.1,34.9
LUF,2017-01-27,58.1,37.0
LUF,2017-01-28,64.9,35.1
LUF,2017-01-29,73.8,37.2
LUF,2017-01-30,74.5,42.1
LUF,2017-01-31,72.7,41.2
LUF,2017-02-01,73.0,41.0
LUF,2017-02-02,71.6,43.2
LUF,2017-02-03,70.3,44.1
LUF,2017-02-04,73.9,42.3
LUF,2017-02-05,73.9,44.1
LUF,2017-02-06,66.2,50.2
LUF,2017-02-07,71.6,46.8
LUF,2017-02-08,75.4,50.0
LUF,2017-02-09,81.1,52.5
LUF,2017-02-10,81.0,51.8
LUF,2017-02-11,76.8,57.9
LUF,2017-02-12,72.7,59.0
LUF,2017-02-13,72.7,53.6
LUF,2017-02-14,73.2,52.0
LUF,2017-02-15,74.3,51.4
LUF,2017-02-16,74.1,45.7
LUF,2017-02-17,75.2,53.2
LUF,2017-02-18,68.0,51.6
LUF,2017-02-19,59.4,50.0
LUF,2017-02-20,67.6,47.1
LUF,2017-02-21,74.7,49.3
LUF,2017-02-22,75.6,53.4
LUF,2017-02-23,62.2,45.3
LUF,2017-02-24,62.6,38.3
LUF,2017-02-25,65.1,37.0
LUF,2017-02-26,67.3,49.1
LUF,2017-02-27,59.5,46.2
LUF,2017-02-28,64.6,48.9
LUF,2017-03-01,69.8,42.1
LUF,2017-03-02,77.5,41.2
LUF,2017-03-03,77.9,49.1
LUF,2017-03-04,77.0,46.4
LUF,2017-03-05,73.8,52.3
LUF,2017-03-06,65.7,45.5
LUF,2017-03-07,74.7,42.1
LUF,2017-03-08,83.5,45.1
LUF,2017-03-09,84.4,48.6
LUF,2017-03-10,86.9,50.2
LUF,2017-03-11,87.4,54.1
LUF,2017-03-12,87.8,56.3
LUF,2017-03-13,89.8,55.0
LUF,2017-03-14,92.5,56.3
LUF,2017-03-15,90.9,55.8
LUF,2017-03-16,90.9,54.9
LUF,2017-03-17,92.1,57.6
LUF,2017-03-18,92.7,57.9
LUF,2017-03-19,94.3,57.0
LUF,2017-03-20,94.0,59.0
LUF,2017-03-21,89.4,57.6
LUF,2017-03-22,79.7,58.8
LUF,2017-03-23,71.2,53.6
LUF,2017-03-24,78.1,46.9
LUF,2017-03-25,82.4,49.8
LUF,2017-03-26,80.8,49.8
LUF,2017-03-27,81.5,51.6
LUF,2017-03-28,79.2,54.5
LUF,2017-03-29,85.6,53.6
LUF,2017-03-30,88.2,50.5
LUF,2017-03-31,66.2,53.6
LUF,2017-04-01,73.2,48.4
LUF,2017-04-02,82.9,46.9
LUF,2017-04-03,84.2,54.1
LUF,2017-04-04,80.2,50.7
LUF,2017-04-05,83.3,53.1
LUF,2017-04-06,88.9,52.7
LUF,2017-04-07,89.1,55.6
LUF,2017-04-08,86.4,54.7
LUF,2017-04-09,79.2,54.0
LUF,2017-04-10,82.6,48.9
LUF,2017-04-11,87.3,50.5
LUF,2017-04-12,90.0,54.0
LUF,2017-04-13,91.8,57.2
LUF,2017-04-14,87.3,55.9
LUF,2017-04-15,86.2,54.7
LUF,2017-04-16,89.1,54.3
LUF,2017-04-17,90.3,56.8
LUF,2017-04-18,92.7,58.6
LUF,2017-04-19,89.4,66.9
LUF,2017-04-20,92.7,60.1
LUF,2017-04-21,94.5,58.3
LUF,2017-04-22,94.3,58.8
LUF,2017-04-23,97.9,58.8
LUF,2017-04-24,90.1,67.3
LUF,2017-04-25,87.8,66.0
LUF,2017-04-26,91.4,59.4
LUF,2017-04-27,90.1,68.4
LUF,2017-04-28,86.0,62.4
LUF,2017-04-29,82.8,54.1
LUF,2017-04-30,87.3,55.9
LUF,2017-05-01,93.0,55.9
LUF,2017-05-02,96.8,59.4
LUF,2017-05-03,99.3,65.3
LUF,2017-05-04,102.2,66.2
LUF,2017-05-05,105.6,68.9
LUF,2017-05-06,97.3,69.8
LUF,2017-05-07,73.4,59.9
LUF,2017-05-08,81.1,57.2
LUF,2017-05-09,73.8,57.2
LUF,2017-05-10,78.8,56.1
LUF,2017-05-11,91.6,58.5
LUF,2017-05-12,95.5,66.2
LUF,2017-05-13,96.6,69.6
LUF,2017-05-14,91.4,61.9
LUF,2017-05-15,83.5,60.1
LUF,2017-05-16,78.1,57.4
LUF,2017-05-17,84.6,60.1
LUF,2017-05-18,86.0,64.4
LUF,2017-05-19,86.5,58.6
LUF,2017-05-20,94.1,61.9
LUF,2017-05-21,99.0,63.9
LUF,2017-05-22,104.0,66.6
LUF,2017-05-23,103.6,70.9
LUF,2017-05-24,106.5,71.1
LUF,2017-05-25,99.0,75.2
LUF,2017-05-26,93.0,69.3
LUF,2017-05-27,96.1,64.0
LUF,2017-05-28,100.2,68.4
LUF,2017-05-29,101.8,67.3
LUF,2017-05-30,101.5,70.9
LUF,2017-05-31,99.0,70.2
LUF,2017-06-01,96.3,75.2
LUF,2017-06-02,102.0,70.2
LUF,2017-06-03,106.9,74.7
LUF,2017-06-04,106.9,82.0
LUF,2017-06-05,106.2,78.8
LUF,2017-06-06,105.4,77.7
LUF,2017-06-07,105.1,74.5
LUF,2017-06-08,104.0,70.3
LUF,2017-06-09,104.5,73.2
LUF,2017-06-10,100.9,75.6
LUF,2017-06-11,97.2,73.6
LUF,2017-06-12,90.9,70.2
LUF,2017-06-13,95.0,63.9
LUF,2017-06-14,102.4,63.5
LUF,2017-06-15,106.3,65.7
LUF,2017-06-16,108.0,68.9
LUF,2017-06-17,108.7,75.2
LUF,2017-06-18,113.0,75.0
LUF,2017-06-19,117.0,78.6
LUF,2017-06-20,118.8,81.3
LUF,2017-06-21,116.8,82.2
LUF,2017-06-22,112.5,87.8
LUF,2017-06-23,111.7,85.3
LUF,2017-06-24,114.8,82.8
LUF,2017-06-25,114.8,88.0
LUF,2017-06-26,112.6,87.1
LUF,2017-06-27,109.8,85.6
LUF,2017-06-28,107.6,79.2
LUF,2017-06-29,105.8,76.1
LUF,2017-06-30,107.1,76.5
LUF,2017-07-01,109.4,78.1
LUF,2017-07-02,107.6,75.9
LUF,2017-07-03,107.1,84.4
LUF,2017-07-04,110.3,81.0
LUF,2017-07-05,113.0,83.7
LUF,2017-07-06,111.7,88.5
LUF,2017-07-07,115.7,84.6
LUF,2017-07-08,110.8,93.9
LUF,2017-07-09,109.4,86.4
LUF,2017-07-10,109.0,86.4
LUF,2017-07-11,104.2,86.2
LUF,2017-07-12,108.1,84.2
LUF,2017-07-13,109.4,86.5
LUF,2017-07-14,109.4,87.4
LUF,2017-07-15,108.0,83.5
LUF,2017-07-16,104.0,72.5
LUF,2017-07-17,96.8,75.2
LUF,2017-07-18,101.3,81.7
LUF,2017-07-19,100.4,82.6
LUF,2017-07-20,103.1,85.3
LUF,2017-07-21,104.7,83.8
LUF,2017-07-22,106.5,84.2
LUF,2017-07-23,102.6,80.4
LUF,2017-07-24,87.8,75.2
LUF,2017-07-25,100.2,81.9
LUF,2017-07-26,104.0,81.7
LUF,2017-07-27,108.7,83.5
LUF,2017-07-28,100.6,85.3
LUF,2017-07-29,101.7,76.3
LUF,2017-07-30,96.6,77.2
LUF,2017-07-31,104.4,85.1
LUF,2017-08-01,99.0,85.8
LUF,2017-08-02,97.3,84.0
LUF,2017-08-03,102.4,84.2
LUF,2017-08-04,103.5,81.5
LUF,2017-08-05,103.6,84.0
LUF,2017-08-06,104.0,84.6
LUF,2017-08-07,105.3,79.7
LUF,2017-08-08,107.2,78.1
LUF,2017-08-09,109.0,79.5
LUF,2017-08-10,103.6,77.0
LUF,2017-08-11,102.9,76.6
LUF,2017-08-12,102.7,75.2
LUF,2017-08-13,98.4,74.3
LUF,2017-08-14,101.8,79.9
LUF,2017-08-15,100.0,80.8
LUF,2017-08-16,99.7,72.0
LUF,2017-08-17,101.7,73.9
LUF,2017-08-18,103.8,72.3
LUF,2017-08-19,103.6,75.7
LUF,2017-08-20,98.6,83.8
LUF,2017-08-21,102.9,82.8
LUF,2017-08-22,106.2,79.0
LUF,2017-08-23,105.4,82.2
LUF,2017-08-24,101.8,78.8
LUF,2017-08-25,107.4,80.4
LUF,2017-08-26,109.6,82.8
LUF,2017-08-27,107.8,84.7
LUF,2017-08-28,108.7,86.9
LUF,2017-08-29,107.6,82.2
LUF,2017-08-30,107.1,83.1
LUF,2017-08-31,106.9,81.1
LUF,2017-09-01,107.1,77.7
LUF,2017-09-02,102.0,83.1
LUF,2017-09-03,101.8,82.4
LUF,2017-09-04,104.4,80.2
LUF,2017-09-05,104.7,81.0
LUF,2017-09-06,107.1,83.1
LUF,2017-09-07,102.9,81.1
LUF,2017-09-08,95.9,80.4
LUF,2017-09-09,94.5,80.1
LUF,2017-09-10,102.9,77.0
LUF,2017-09-11,105.6,81.1
LUF,2017-09-12,108.7,84.7
LUF,2017-09-13,105.8,83.5
LUF,2017-09-14,99.1,80.2
LUF,2017-09-15,95.4,73.0
LUF,2017-09-16,95.4,69.4
LUF,2017-09-17,95.0,69.3
LUF,2017-09-18,96.8,66.0
LUF,2017-09-19,97.7,63.9
LUF,2017-09-20,97.0,65.7
LUF,2017-09-21,95.5,65.8
LUF,2017-09-22,86.5,70.3
LUF,2017-09-23,84.4,58.3
LUF,2017-09-24,84.7,59.4
LUF,2017-09-25,88.3,57.6
LUF,2017-09-26,87.6,57.7
LUF,2017-09-27,90.1,62.8
LUF,2017-09-28,93.4,61.3
LUF,2017-09-29,96.4,63.7
LUF,2017-09-30,96.3,64.0
LUF,2017-10-01,94.8,61.2
LUF,2017-10-02,89.2,62.4
LUF,2017-10-03,92.7,62.4
LUF,2017-10-04,95.5,63.5
LUF,2017-10-05,96.4,67.1
LUF,2017-10-06,97.7,62.2
LUF,2017-10-07,94.5,59.0
LUF,2017-10-08,93.0,55.9
LUF,2017-10-09,86.7,65.1
LUF,2017-10-10,90.0,63.0
LUF,2017-10-11,94.3,62.1
LUF,2017-10-12,92.5,58.6
LUF,2017-10-13,93.0,60.1
LUF,2017-10-14,92.7,59.4
LUF,2017-10-15,94.6,61.0
LUF,2017-10-16,97.0,64.4
LUF,2017-10-17,96.4,65.1
LUF,2017-10-18,94.8,64.0
LUF,2017-10-19,93.7,69.1
LUF,2017-10-20,84.7,61.9
LUF,2017-10-21,83.5,58.6
LUF,2017-10-22,91.8,57.7
LUF,2017-10-23,96.1,59.5
LUF,2017-10-24,97.9,68.4
LUF,2017-10-25,92.5,64.6
LUF,2017-10-26,91.6,58.1
LUF,2017-10-27,89.8,58.3
LUF,2017-10-28,90.1,56.8
LUF,2017-10-29,90.0,57.7
LUF,2017-10-30,83.3,56.8
LUF,2017-10-31,79.2,55.6
LUF,2017-11-01,81.5,58.1
LUF,2017-11-02,78.4,57.2
LUF,2017-11-03,78.6,55.6
LUF,2017-11-04,80.6,64.4
LUF,2017-11-05,78.1,56.1
LUF,2017-11-06,80.1,53.8
LUF,2017-11-07,79.0,60.6
LUF,2017-11-08,81.3,55.8
LUF,2017-11-09,84.0,57.6
LUF,2017-11-10,83.1,54.7
LUF,2017-11-11,83.3,52.9
LUF,2017-11-12,84.2,51.4
LUF,2017-11-13,86.4,58.8
LUF,2017-11-14,84.2,53.1
LUF,2017-11-15,83.5,53.2
LUF,2017-11-16,83.5,53.2
LUF,2017-11-17,74.7,56.5
LUF,2017-11-18,78.4,52.5
LUF,2017-11-19,80.8,47.1
LUF,2017-11-20,77.0,46.6
LUF,2017-11-21,77.7,49.3
LUF,2017-11-22,87.4,50.7
LUF,2017-11-23,86.0,52.0
LUF,2017-11-24,83.7,51.4
LUF,2017-11-25,84.6,50.9
LUF,2017-11-26,86.7,51.3
LUF,2017-11-27,77.4,49.8
LUF,2017-11-28,73.0,51.1
LUF,2017-11-29,76.1,53.6
LUF,2017-11-30,74.7,58.5
LUF,2017-12-01,78.6,56.3
LUF,2017-12-02,81.7,53.4
LUF,2017-12-03,78.6,50.7
LUF,2017-12-04,72.7,48.4
LUF,2017-12-05,67.5,43.7
LUF,2017-12-06,75.6,52.0
LUF,2017-12-07,67.1,47.5
LUF,2017-12-08,65.5,38.3
LUF,2017-12-09,73.9,36.1
LUF,2017-12-10,78.6,47.3
LUF,2017-12-11,76.3,47.7
LUF,2017-12-12,73.6,39.7
LUF,2017-12-13,74.7,40.3
LUF,2017-12-14,74.5,37.8
LUF,2017-12-15,71.6,43.9
LUF,2017-12-16,65.3,41.9
LUF,2017-12-17,62.6,44.6
LUF,2017-12-18,66.4,43.0
LUF,2017-12-19,64.8,38.3
LUF,2017-12-20,66.7,37.6
LUF,2017-12-21,56.8,39.4
LUF,2017-12-22,57.2,33.6
LUF,2017-12-23,61.2,34.0
LUF,2017-12-24,67.8,35.6
LUF,2017-12-25,65.8,37.8
LUF,2017-12-26,67.8,36.3
LUF,2017-12-27,72.3,39.0
LUF,2017-12-28,74.5,36.9
LUF,2017-12-29,77.0,37.6
LUF,2017-12-30,73.6,39.0
LUF,2017-12-31,67.3,39.7
LUF,2018-01-01,72.3,37.0
LUF,2018-01-02,73.8,45.1
LUF,2018-01-03,76.6,45.7
LUF,2018-01-04,77.7,48.2
LUF,2018-01-05,76.1,43.5
LUF,2018-01-06,72.5,46.4
LUF,2018-01-07,75.9,47.8
LUF,2018-01-08,74.1,50.9
LUF,2018-01-09,76.8,50.9
LUF,2018-01-10,63.3,50.0
LUF,2018-01-11,67.1,44.6
LUF,2018-01-12,70.0,44.4
LUF,2018-01-13,78.4,44.4
LUF,2018-01-14,74.8,43.9
LUF,2018-01-15,72.9,44.6
LUF,2018-01-16,72.0,47.3
LUF,2018-01-17,70.0,45.0
LUF,2018-01-18,72.7,41.5
LUF,2018-01-19,73.8,42.3
LUF,2018-01-20,63.1,45.1
LUF,2018-01-21,58.8,40.3
LUF,2018-01-22,61.0,36.1
LUF,2018-01-23,69.1,34.5
LUF,2018-01-24,74.7,37.9
LUF,2018-01-25,73.0,40.3
LUF,2018-01-26,67.5,41.2
LUF,2018-01-27,73.0,38.3
LUF,2018-01-28,80.8,41.2
LUF,2018-01-29,82.0,54.0
LUF,2018-01-30,80.2,47.3
LUF,2018-01-31,78.1,43.0
LUF,2018-02-01,78.3,43.7
LUF,2018-02-02,77.7,45.0
LUF,2018-02-03,77.4,44.2
LUF,2018-02-04,78.1,46.0
LUF,2018-02-05,78.8,46.8
LUF,2018-02-06,79.0,45.3
LUF,2018-02-07,76.8,50.0
LUF,2018-02-08,81.3,45.7
LUF,2018-02-09,79.9,46.2
LUF,2018-02-10,77.5,45.9
LUF,2018-02-11,73.4,53.2
LUF,2018-02-12,64.8,52.3
LUF,2018-02-13,69.8,55.2
LUF,2018-02-14,60.6,48.7
LUF,2018-02-15,65.3,53.6
LUF,2018-02-16,66.2,49.6
LUF,2018-02-17,69.8,44.8
LUF,2018-02-18,72.5,45.5
LUF,2018-02-19,66.2,43.3
LUF,2018-02-20,58.6,35.6
LUF,2018-02-21,59.7,33.8
LUF,2018-02-22,60.8,34.7
LUF,2018-02-23,59.5,36.7
LUF,2018-02-24,58.5,35.8
LUF,2018-02-25,63.7,33.3
LUF,2018-02-26,66.6,34.7
LUF,2018-02-27,65.5,38.7
LUF,2018-02-28,60.1,41.0
LUF,2018-03-01,67.3,39.2
LUF,2018-03-02,73.6,41.5
LUF,2018-03-03,73.4,42.4
LUF,2018-03-04,66.2,48.0
LUF,2018-03-05,71.4,42.1
LUF,2018-03-06,77.5,45.0
LUF,2018-03-07,77.5,44.2
LUF,2018-03-08,80.1,51.8
LUF,2018-03-09,82.4,48.6
LUF,2018-03-10,75.0,56.5
LUF,2018-03-11,75.0,57.2
LUF,2018-03-12,81.9,55.0
LUF,2018-03-13,81.0,57.9
LUF,2018-03-14,82.9,54.5
LUF,2018-03-15,70.9,51.8
LUF,2018-03-16,72.0,47.3
LUF,2018-03-17,69.4,49.8
LUF,2018-03-18,67.6,48.7
LUF,2018-03-19,72.9,46.4
LUF,2018-03-20,79.0,45.0
LUF,2018-03-21,82.9,51.3
LUF,2018-03-22,87.1,56.5
LUF,2018-03-23,83.1,64.0
LUF,2018-03-24,79.5,53.8
LUF,2018-03-25,75.0,48.7
LUF,2018-03-26,72.3,47.7
LUF,2018-03-27,74.8,49.3
LUF,2018-03-28,79.0,47.8
LUF,2018-03-29,86.4,50.5
LUF,2018-03-30,89.1,55.2
LUF,2018-03-31,91.2,57.2
LUF,2018-04-01,89.4,62.4
LUF,2018-04-02,87.6,56.7
LUF,2018-04-03,85.3,57.2
LUF,2018-04-04,89.6,59.9
LUF,2018-04-05,90.9,59.0
LUF,2018-04-06,90.5,61.3
LUF,2018-04-07,93.6,66.9
LUF,2018-04-08,92.7,70.0
LUF,2018-04-09,93.0,56.7
LUF,2018-04-10,95.5,61.0
LUF,2018-04-11,95.7,64.4
LUF,2018-04-12,86.0,66.9
LUF,2018-04-13,77.4,54.5
LUF,2018-04-14,81.9,54.0
LUF,2018-04-15,87.4,50.2
LUF,2018-04-16,84.4,59.9
LUF,2018-04-17,75.0,56.3
LUF,2018-04-18,81.0,48.4
LUF,2018-04-19,79.0,50.4
LUF,2018-04-20,79.3,52.9
LUF,2018-04-21,87.6,53.6
LUF,2018-04-22,93.4,58.3
LUF,2018-04-23,94.6,59.7
LUF,2018-04-24,96.3,63.7
LUF,2018-04-25,97.3,64.0
LUF,2018-04-26,95.5,67.3
LUF,2018-04-27,97.3,67.6
LUF,2018-04-28,95.7,68.5
LUF,2018-04-29,90.9,64.0
LUF,2018-04-30,84.2,62.2
LUF,2018-05-01,73.4,62.4
LUF,2018-05-02,72.7,57.2
LUF,2018-05-03,82.2,52.2
LUF,2018-05-04,94.3,58.8
LUF,2018-05-05,101.7,62.6
LUF,2018-05-06,104.2,66.6
LUF,2018-05-07,100.8,71.4
LUF,2018-05-08,102.4,66.7
LUF,2018-05-09,102.9,67.8
LUF,2018-05-10,104.2,67.1
LUF,2018-05-11,97.3,74.8
LUF,2018-05-12,87.8,66.9
LUF,2018-05-13,86.2,62.1
LUF,2018-05-14,91.8,61.9
LUF,2018-05-15,92.8,62.4
LUF,2018-05-16,97.9,63.5
LUF,2018-05-17,95.7,64.8
LUF,2018-05-18,91.6,68.4
LUF,2018-05-19,94.3,62.8
LUF,2018-05-20,95.2,66.2
LUF,2018-05-21,91.6,64.6
LUF,2018-05-22,90.9,66.6
LUF,2018-05-23,91.2,61.7
LUF,2018-05-24,96.1,64.0
LUF,2018-05-25,97.9,63.9
LUF,2018-05-26,90.0,69.4
LUF,2018-05-27,90.3,64.2
LUF,2018-05-28,97.7,65.8
LUF,2018-05-29,101.3,70.3
LUF,2018-05-30,100.4,77.0
LUF,2018-05-31,98.6,73.4
LUF,2018-06-01,97.7,73.4
LUF,2018-06-02,102.4,67.6
LUF,2018-06-03,106.2,71.2
LUF,2018-06-04,108.0,69.8
LUF,2018-06-05,102.7,73.9
LUF,2018-06-06,99.9,71.1
LUF,2018-06-07,102.0,69.3
LUF,2018-06-08,105.3,70.7
LUF,2018-06-09,107.4,70.3
LUF,2018-06-10,103.3,75.7
LUF,2018-06-11,104.5,70.3
LUF,2018-06-12,107.2,71.6
LUF,2018-06-13,108.7,77.5
LUF,2018-06-14,108.1,82.0
LUF,2018-06-15,93.9,83.5
LUF,2018-06-16,84.7,73.4
LUF,2018-06-17,98.1,68.4
LUF,2018-06-18,98.1,68.0
LUF,2018-06-19,101.8,67.8
LUF,2018-06-20,108.0,72.0
LUF,2018-06-21,108.9,77.2
LUF,2018-06-22,109.8,73.4
LUF,2018-06-23,106.9,76.8
LUF,2018-06-24,102.7,76.5
LUF,2018-06-25,105.4,77.0
LUF,2018-06-26,108.1,75.0
LUF,2018-06-27,109.4,73.9
LUF,2018-06-28,105.8,79.7
LUF,2018-06-29,102.2,80.8
LUF,2018-06-30,100.9,77.2
LUF,2018-07-01,102.2,77.4
LUF,2018-07-02,106.7,71.1
LUF,2018-07-03,107.6,77.9
LUF,2018-07-04,104.9,77.9
LUF,2018-07-05,114.1,80.2
LUF,2018-07-06,111.2,88.2
LUF,2018-07-07,111.6,86.0
LUF,2018-07-08,109.8,89.6
LUF,2018-07-09,104.0,73.4
LUF,2018-07-10,96.1,76.8
LUF,2018-07-11,100.0,75.2
LUF,2018-07-12,98.8,75.4
LUF,2018-07-13,104.9,80.4
LUF,2018-07-14,103.5,84.0
LUF,2018-07-15,99.7,85.5
LUF,2018-07-16,103.5,82.9
LUF,2018-07-17,103.6,84.7
LUF,2018-07-18,102.2,82.8
LUF,2018-07-19,106.2,85.6
LUF,2018-07-20,108.3,88.5
LUF,2018-07-21,102.2,75.0
LUF,2018-07-22,108.5,79.7
LUF,2018-07-23,114.8,85.5
LUF,2018-07-24,115.3,87.1
LUF,2018-07-25,115.7,89.6
LUF,2018-07-26,111.0,93.4
LUF,2018-07-27,109.0,89.2
LUF,2018-07-28,107.1,87.6
LUF,2018-07-29,103.5,85.8
LUF,2018-07-30,109.4,80.6
LUF,2018-07-31,105.8,80.4
LUF,2018-08-01,109.4,86.0
LUF,2018-08-02,108.5,80.6
LUF,2018-08-03,108.0,79.7
LUF,2018-08-04,110.1,86.2
LUF,2018-08-05,111.4,89.4
LUF,2018-08-06,113.0,83.3
LUF,2018-08-07,109.4,90.0
LUF,2018-08-08,103.5,78.8
LUF,2018-08-09,100.8,81.0
LUF,2018-08-10,99.7,75.2
LUF,2018-08-11,99.9,73.4
LUF,2018-08-12,104.0,82.9
LUF,2018-08-13,101.1,81.0
LUF,2018-08-14,103.8,82.4
LUF,2018-08-15,96.8,80.4
LUF,2018-08-16,100.4,85.3
LUF,2018-08-17,101.8,82.8
LUF,2018-08-18,105.8,84.4
LUF,2018-08-19,107.8,86.2
LUF,2018-08-20,106.9,90.5
LUF,2018-08-21,101.5,87.3
LUF,2018-08-22,102.7,85.6
LUF,2018-08-23,101.7,82.8
LUF,2018-08-24,101.8,80.4
LUF,2018-08-25,95.7,95.7
LUF,2018-08-28,103.1,74.7
LUF,2018-08-29,104.5,76.5
LUF,2018-08-30,103.1,82.0
LUF,2018-08-31,103.6,81.1
LUF,2018-09-01,102.2,84.2
LUF,2018-09-02,100.4,76.5
LUF,2018-09-03,97.5,75.0
LUF,2018-09-04,99.1,75.7
LUF,2018-09-05,101.8,78.3
LUF,2018-09-06,103.6,77.2
LUF,2018-09-07,104.4,79.0
LUF,2018-09-08,106.5,77.7
LUF,2018-09-09,106.0,82.6
LUF,2018-09-10,105.1,83.5
LUF,2018-09-11,106.2,76.1
LUF,2018-09-12,104.5,73.9
LUF,2018-09-13,103.1,70.2
LUF,2018-09-14,106.2,72.5
LUF,2018-09-15,97.3,76.5
LUF,2018-09-16,102.9,82.6
LUF,2018-09-24,100.0,81.7
LUF,2018-09-25,98.6,74.1
LUF,2018-09-26,102.2,78.8
LUF,2018-09-27,103.1,71.6
LUF,2018-09-28,103.5,71.8
LUF,2018-09-29,101.7,73.8
LUF,2018-09-30,94.6,73.9
LUF,2018-10-01,78.4,70.7
LUF,2018-10-02,80.6,69.4
LUF,2018-10-03,86.4,73.4
LUF,2018-10-04,85.6,69.1
LUF,2018-10-05,85.5,65.7
LUF,2018-10-06,82.0,64.9
LUF,2018-10-07,73.9,55.4
LUF,2018-10-08,72.7,56.5
LUF,2018-10-09,80.2,56.7
LUF,2018-10-10,81.9,58.1
LUF,2018-10-11,81.5,64.2
LUF,2018-10-12,82.8,67.5
LUF,2018-10-13,70.7,62.1
LUF,2018-10-14,70.3,60.4
LUF,2018-10-15,78.1,59.9
LUF,2018-10-16,68.9,57.7
LUF,2018-10-17,77.5,54.7
LUF,2018-10-18,81.0,56.1
LUF,2018-10-19,84.9,60.3
LUF,2018-10-20,91.6,64.6
LUF,2018-10-21,90.0,66.2
LUF,2018-10-22,86.7,65.1
LUF,2018-10-23,88.3,65.5
LUF,2018-10-24,82.8,59.5
LUF,2018-10-25,85.3,60.8
LUF,2018-10-26,86.7,59.4
LUF,2018-10-27,87.3,57.4
LUF,2018-10-28,86.7,56.7
LUF,2018-10-29,85.5,59.9
LUF,2018-10-30,84.0,60.1
LUF,2018-10-31,77.4,58.5
LUF,2018-11-01,76.6,50.5
LUF,2018-11-02,80.4,49.6
LUF,2018-11-03,80.6,50.7
LUF,2018-11-04,79.0,53.1
LUF,2018-11-05,80.6,51.4
LUF,2018-11-06,81.7,52.0
LUF,2018-11-07,81.0,52.3
LUF,2018-11-08,79.7,51.6
LUF,2018-11-09,78.8,56.5
LUF,2018-11-10,77.0,50.7
LUF,2018-11-11,75.0,45.5
LUF,2018-11-12,68.0,44.6
LUF,2018-11-13,65.8,43.9
LUF,2018-11-14,68.7,40.8
LUF,2018-11-15,75.2,41.4
LUF,2018-11-16,74.3,41.4
LUF,2018-11-17,73.6,40.6
LUF,2018-11-18,72.0,43.5
LUF,2018-11-19,73.4,42.8
LUF,2018-11-20,77.9,48.0
LUF,2018-11-21,72.1,43.3
LUF,2018-11-22,66.6,50.9
LUF,2018-11-23,68.4,45.1
LUF,2018-11-24,70.0,44.4
LUF,2018-11-25,71.6,44.4
LUF,2018-11-26,74.7,44.6
LUF,2018-11-27,74.1,43.0
LUF,2018-11-28,73.2,44.8
LUF,2018-11-29,67.8,44.8
LUF,2018-11-30,63.7,50.0
LUF,2018-12-01,63.0,45.1
LUF,2018-12-02,61.7,44.8
LUF,2018-12-03,61.5,38.3
LUF,2018-12-04,63.9,36.9
LUF,2018-12-05,70.2,40.3
LUF,2018-12-06,58.1,50.7
LUF,2018-12-07,66.9,51.8
LUF,2018-12-08,65.7,45.3
LUF,2018-12-09,69.6,43.5
LUF,2018-12-10,70.9,45.3
LUF,2018-12-11,69.4,49.8
LUF,2018-12-12,66.0,41.4
LUF,2018-12-13,69.4,40.6
LUF,2018-12-14,63.0,36.1
LUF,2018-12-15,66.2,45.1
LUF,2018-12-16,69.1,41.5
LUF,2018-12-17,66.9,41.5
LUF,2018-12-18,68.5,42.8
LUF,2018-12-19,67.3,39.6
LUF,2018-12-20,72.5,40.3
LUF,2018-12-21,65.8,42.6
LUF,2018-12-22,70.0,40.3
LUF,2018-12-23,71.1,40.1
LUF,2018-12-24,70.9,41.9
LUF,2018-12-25,63.7,40.6
LUF,2018-12-26,61.7,39.7
LUF,2018-12-27,58.6,36.9
LUF,2018-12-28,54.9,38.1
LUF,2018-12-29,56.7,33.8
LUF,2018-12-30,55.6,31.5
LUF,2018-12-31,43.2,41.0
LUF,2019-01-01,50.7,37.9
LUF,2019-01-02,51.4,32.4
LUF,2019-01-03,55.2,35.8
LUF,2019-01-04,63.7,39.7
LUF,2019-01-05,64.2,51.1
LUF,2019-01-06,54.1,42.8
LUF,2019-01-07,61.9,46.9
LUF,2019-01-08,69.8,48.7
LUF,2019-01-09,72.3,51.4
LUF,2019-01-10,65.5,47.1
LUF,2019-01-11,62.8,40.8
LUF,2019-01-14,68.2,55.4
LUF,2019-01-15,62.1,51.8
LUF,2019-01-16,67.3,50.0
LUF,2019-01-17,66.6,56.8
LUF,2019-01-18,70.9,50.0
LUF,2019-01-19,70.9,48.7
LUF,2019-01-20,70.5,51.8
LUF,2019-01-21,66.9,45.7
LUF,2019-01-22,63.9,44.8
LUF,2019-01-23,60.8,35.6
LUF,2019-01-24,67.6,49.8
LUF,2019-01-25,68.9,47.1
LUF,2019-01-26,72.9,50.5
LUF,2019-01-27,72.3,50.0
LUF,2019-01-28,70.0,53.6
LUF,2019-01-29,69.8,47.5
LUF,2019-01-30,72.0,56.1
LUF,2019-01-31,71.2,57.2
LUF,2019-02-01,71.4,54.9
LUF,2019-02-02,72.0,62.1
LUF,2019-02-03,64.4,53.6
LUF,2019-02-04,64.4,51.8
LUF,2019-02-05,66.6,53.6
LUF,2019-02-06,55.6,37.8
LUF,2019-02-07,56.7,38.7
LUF,2019-02-08,65.1,42.3
LUF,2019-02-09,58.5,38.5
LUF,2019-02-10,63.7,46.4
LUF,2019-02-11,58.5,39.2
LUF,2019-02-12,68.4,47.8
LUF,2019-02-13,77.0,44.1
LUF,2019-02-14,58.8,53.6
LUF,2019-02-15,66.2,55.2
LUF,2019-02-16,61.3,46.0
LUF,2019-02-17,59.5,50.5
LUF,2019-02-18,55.9,40.3
LUF,2019-02-19,56.8,41.4
LUF,2019-02-20,56.8,48.6
LUF,2019-02-21,52.5,41.0
LUF,2019-02-22,48.9,39.2
LUF,2019-02-23,55.6,41.0
LUF,2019-02-24,63.3,44.1
LUF,2019-02-25,65.3,45.9
LUF,2019-02-26,70.0,40.5
LUF,2019-02-27,74.7,52.3
LUF,2019-02-28,74.8,50.0
LUF,2019-03-01,77.4,53.6
LUF,2019-03-02,72.3,57.0
LUF,2019-03-03,74.1,61.9
LUF,2019-03-04,72.7,52.7
LUF,2019-03-05,78.8,57.4
LUF,2019-03-06,84.0,55.4
LUF,2019-03-07,74.1,54.5
LUF,2019-03-08,66.7,52.9
LUF,2019-03-09,64.9,41.4
LUF,2019-03-10,68.5,41.5
LUF,2019-03-11,66.2,48.4
LUF,2019-03-12,59.0,51.8
LUF,2019-03-13,52.0,51.4
LUF,2019-03-14,63.1,39.2
LUF,2019-03-15,74.1,47.3
LUF,2019-03-16,78.6,50.9
LUF,2019-03-17,78.4,49.5
LUF,2019-03-18,81.7,50.9
LUF,2019-03-19,83.8,51.8
LUF,2019-03-20,83.5,54.7
LUF,2019-03-21,67.0,52.3
LUF,2019-03-22,71.4,45.3
LUF,2019-03-23,76.6,49.6
LUF,2019-03-24,78.8,48.9
LUF,2019-03-25,84.2,50.5
LUF,2019-03-26,85.8,52.9
LUF,2019-03-27,81.1,55.9
LUF,2019-03-28,83.8,50.7
LUF,2019-03-29,80.4,50.2
LUF,2019-03-30,81.7,50.4
LUF,2019-03-31,80.6,50.7
LUF,2019-04-01,81.7,54.9
LUF,2019-04-02,85.5,53.6
LUF,2019-04-03,77.5,58.8
LUF,2019-04-04,81.0,55.8
LUF,2019-04-05,78.8,52.7
LUF,2019-04-06,79.0,60.1
LUF,2019-04-07,88.2,56.5
LUF,2019-04-08,94.5,58.8
LUF,2019-04-09,95.7,59.9
LUF,2019-04-10,75.0,59.5
LUF,2019-04-11,76.6,52.3
LUF,2019-04-12,73.6,56.8
LUF,2019-04-13,78.8,50.7
LUF,2019-04-14,83.7,51.6
LUF,2019-04-15,86.0,55.4
LUF,2019-04-16,77.2,59.9
LUF,2019-04-17,77.4,55.4
LUF,2019-04-18,88.9,55.2
LUF,2019-04-19,97.7,59.4
LUF,2019-04-20,91.4,69.6
LUF,2019-04-21,86.0,67.5
LUF,2019-04-22,84.6,57.6
LUF,2019-04-23,86.0,60.6
LUF,2019-04-24,93.6,59.0
LUF,2019-04-25,97.5,62.6
LUF,2019-04-26,99.0,66.7
LUF,2019-04-27,95.5,68.0
LUF,2019-04-28,94.5,64.6
LUF,2019-04-29,86.0,62.6
LUF,2019-04-30,84.2,59.2
LUF,2019-05-01,84.9,61.7
LUF,2019-05-02,84.6,58.8
LUF,2019-05-03,91.2,58.8
LUF,2019-05-04,93.9,59.5
LUF,2019-05-05,92.3,61.5
LUF,2019-05-06,82.4,65.7
LUF,2019-05-07,79.0,58.3
LUF,2019-05-08,86.7,62.4
LUF,2019-05-09,87.1,60.8
LUF,2019-05-10,82.0,62.2
LUF,2019-05-11,84.2,61.0
LUF,2019-05-12,84.0,66.7
LUF,2019-05-13,92.1,62.8
LUF,2019-05-14,96.8,68.2
LUF,2019-05-15,97.2,69.6
LUF,2019-05-16,91.4,72.1
LUF,2019-05-17,79.9,58.3
LUF,2019-05-18,86.0,58.5
LUF,2019-05-19,80.8,68.7
LUF,2019-05-20,80.6,58.5
LUF,2019-05-21,79.9,58.6
LUF,2019-05-22,75.2,57.2
LUF,2019-05-23,75.0,53.6
LUF,2019-05-24,85.5,55.6
LUF,2019-05-25,90.0,56.5
LUF,2019-05-26,81.7,63.3
LUF,2019-05-27,78.8,62.6
LUF,2019-05-28,83.1,56.7
LUF,2019-05-29,89.6,62.8
LUF,2019-05-30,94.1,64.8
LUF,2019-05-31,96.3,68.9
LUF,2019-06-01,94.5,66.7
LUF,2019-06-02,92.5,67.6
LUF,2019-06-03,94.3,69.8
LUF,2019-06-04,100.4,73.0
LUF,2019-06-05,101.1,70.0
LUF,2019-06-06,101.1,77.2
LUF,2019-06-07,98.6,74.3
LUF,2019-06-08,98.2,67.5
LUF,2019-06-09,103.1,71.6
LUF,2019-06-10,105.6,73.4
LUF,2019-06-11,105.8,78.3
LUF,2019-06-12,109.9,76.5
LUF,2019-06-13,105.8,80.2
LUF,2019-06-14,102.4,74.3
LUF,2019-06-15,101.8,74.3
LUF,2019-06-16,102.7,75.4
LUF,2019-06-17,102.2,80.1
LUF,2019-06-18,100.6,73.8
LUF,2019-06-19,101.3,71.8
LUF,2019-06-20,102.0,70.9
LUF,2019-06-21,100.6,76.6
LUF,2019-06-22,97.9,78.3
LUF,2019-06-23,98.6,74.1
LUF,2019-06-24,101.7,68.0
LUF,2019-06-25,101.8,71.2
LUF,2019-06-26,100.6,74.1
LUF,2019-06-27,101.7,70.7
LUF,2019-06-28,108.1,72.7
LUF,2019-06-29,111.0,82.0
LUF,2019-06-30,108.5,85.1
LUF,2019-07-01,109.0,80.2
LUF,2019-07-02,105.8,82.0
LUF,2019-07-03,104.0,82.0
LUF,2019-07-04,103.5,77.2
LUF,2019-07-05,103.1,72.5
LUF,2019-07-06,103.1,74.7
LUF,2019-07-07,104.9,80.2
LUF,2019-07-08,102.2,70.0
LUF,2019-07-09,103.3,68.4
LUF,2019-07-10,109.4,76.1
LUF,2019-07-11,111.9,80.8
LUF,2019-07-12,111.2,89.6
LUF,2019-07-13,108.0,91.4
LUF,2019-07-14,109.4,88.5
LUF,2019-07-15,111.7,83.8
LUF,2019-07-16,113.4,86.2
LUF,2019-07-17,103.5,88.5
LUF,2019-07-18,107.6,82.6
LUF,2019-07-19,105.3,88.7
LUF,2019-07-20,107.6,77.9
LUF,2019-07-21,107.8,87.4
LUF,2019-07-22,105.1,78.6
LUF,2019-07-23,104.7,79.3
LUF,2019-07-24,99.3,78.6
LUF,2019-07-25,106.3,85.8
LUF,2019-07-26,109.4,90.3
LUF,2019-07-27,111.7,90.7
LUF,2019-07-28,109.9,92.1
LUF,2019-07-29,109.4,90.7
LUF,2019-07-30,105.8,79.7
LUF,2019-07-31,93.4,78.8
LUF,2019-08-01,103.6,81.9
LUF,2019-08-02,109.6,87.4
LUF,2019-08-03,111.0,81.9
LUF,2019-08-04,109.2,81.3
LUF,2019-08-05,115.0,88.2
LUF,2019-08-06,99.0,87.3
LUF,2019-08-07,105.8,87.3
LUF,2019-08-08,107.6,82.0
LUF,2019-08-09,100.6,87.1
LUF,2019-08-10,102.2,83.1
LUF,2019-08-11,102.0,83.7
LUF,2019-08-12,105.8,84.0
LUF,2019-08-13,108.3,79.2
LUF,2019-08-14,111.9,80.1
LUF,2019-08-15,113.0,80.2
LUF,2019-08-16,107.8,80.6
LUF,2019-08-17,106.2,83.7
LUF,2019-08-18,104.9,79.5
LUF,2019-08-19,107.2,77.5
LUF,2019-08-20,111.9,78.4
LUF,2019-08-21,112.5,80.6
LUF,2019-08-22,107.6,79.9
LUF,2019-08-23,102.9,81.9
LUF,2019-08-24,101.3,85.5
LUF,2019-08-25,102.7,82.9
LUF,2019-08-26,105.8,87.1
LUF,2019-08-27,109.8,88.5
LUF,2019-08-28,107.6,76.8
LUF,2019-08-29,105.1,78.3
LUF,2019-08-30,109.6,83.1
LUF,2019-08-31,108.5,88.9
LUF,2019-09-01,107.6,85.5
LUF,2019-09-02,105.6,83.1
LUF,2019-09-03,109.6,85.6
LUF,2019-09-04,109.8,86.5
LUF,2019-09-05,108.1,87.6
LUF,2019-09-06,107.6,87.6
LUF,2019-09-07,106.5,89.2
LUF,2019-09-08,100.0,84.2
LUF,2019-09-09,97.3,81.1
LUF,2019-09-10,97.9,82.2
LUF,2019-09-11,95.0,75.2
LUF,2019-09-12,101.7,74.3
LUF,2019-09-13,105.4,74.1
LUF,2019-09-14,102.4,80.4
LUF,2019-09-15,97.5,76.6
LUF,2019-09-16,97.5,76.8
LUF,2019-09-17,95.5,74.1
LUF,2019-09-18,99.5,73.9
LUF,2019-09-19,97.0,70.9
LUF,2019-09-20,93.9,66.7
LUF,2019-09-21,93.0,64.9
LUF,2019-09-22,96.3,66.2
LUF,2019-09-23,89.6,64.4
LUF,2019-09-24,88.0,64.4
LUF,2019-09-25,87.8,69.4
LUF,2019-09-26,85.6,69.8
LUF,2019-09-27,85.1,68.0
LUF,2019-09-28,90.7,68.9
LUF,2019-09-29,87.8,70.9
LUF,2019-09-30,87.8,62.8
LUF,2019-10-01,87.1,58.3
LUF,2019-10-02,88.5,60.4
LUF,2019-10-03,93.6,63.5
LUF,2019-10-04,93.6,68.4
LUF,2019-10-05,94.1,63.0
LUF,2019-10-06,93.6,61.5
LUF,2019-10-07,95.5,61.3
LUF,2019-10-08,95.0,62.2
LUF,2019-10-09,92.8,59.7
LUF,2019-10-10,88.2,63.7
LUF,2019-10-11,86.5,63.1
LUF,2019-10-12,87.6,57.9
LUF,2019-10-13,88.9,56.1
LUF,2019-10-14,86.7,60.4
LUF,2019-10-15,91.2,61.0
LUF,2019-10-16,96.3,61.2
LUF,2019-10-17,92.7,63.5
LUF,2019-10-18,85.3,64.6
LUF,2019-10-19,83.3,53.6
LUF,2019-10-20,85.5,52.3
LUF,2019-10-21,85.8,54.1
LUF,2019-10-22,89.2,56.8
LUF,2019-10-23,88.7,56.3
LUF,2019-10-24,84.6,59.9
LUF,2019-10-25,82.9,57.6
LUF,2019-10-26,82.9,50.5
LUF,2019-10-27,85.6,49.1
LUF,2019-10-28,72.0,53.6
LUF,2019-10-29,72.0,39.9
LUF,2019-10-30,68.9,50.7
LUF,2019-10-31,75.0,44.4
LUF,2019-11-01,79.3,42.6
LUF,2019-11-02,85.3,46.2
LUF,2019-11-03,84.6,50.7
LUF,2019-11-04,86.4,49.8
LUF,2019-11-05,89.6,53.4
LUF,2019-11-06,84.4,58.6
LUF,2019-11-07,84.0,54.0
LUF,2019-11-08,88.0,57.4
LUF,2019-11-09,84.4,55.9
LUF,2019-11-10,85.3,68.4
LUF,2019-11-11,84.9,56.3
LUF,2019-11-12,80.8,55.8
LUF,2019-11-13,77.5,50.7
LUF,2019-11-14,81.3,51.1
LUF,2019-11-15,82.4,51.4
LUF,2019-11-16,80.2,52.5
LUF,2019-11-17,83.7,48.0
LUF,2019-11-18,82.0,48.9
LUF,2019-11-19,74.7,53.6
LUF,2019-11-20,66.7,54.3
LUF,2019-11-21,60.8,51.6
LUF,2019-11-22,64.4,49.1
LUF,2019-11-23,71.2,45.1
LUF,2019-11-24,71.8,47.1
LUF,2019-11-25,66.4,44.8
LUF,2019-11-26,59.7,43.7
LUF,2019-11-27,66.2,38.5
LUF,2019-11-28,68.0,50.0
LUF,2019-11-29,62.6,46.4
LUF,2019-11-30,58.6,39.0
LUF,2019-12-01,65.8,39.7
LUF,2019-12-02,66.7,42.6
LUF,2019-12-03,64.6,44.2
LUF,2019-12-04,71.1,55.0
LUF,2019-12-05,69.6,52.3
LUF,2019-12-06,71.1,50.9
LUF,2019-12-07,66.9,48.6
LUF,2019-12-08,59.7,53.6
LUF,2019-12-09,65.5,50.0
LUF,2019-12-10,66.6,43.5
LUF,2019-12-11,68.0,45.5
LUF,2019-12-12,66.2,43.9
LUF,2019-12-13,68.0,43.5
LUF,2019-12-14,67.8,45.5
LUF,2019-12-15,64.8,45.3
LUF,2019-12-16,60.3,38.8
LUF,2019-12-17,61.3,43.2
LUF,2019-12-18,65.1,38.7
LUF,2019-12-19,62.6,35.8
LUF,2019-12-20,68.0,35.8
LUF,2019-12-21,70.2,37.8
LUF,2019-12-22,71.2,42.3
LUF,2019-12-23,63.0,49.1
LUF,2019-12-24,59.0,50.0
LUF,2019-12-25,57.4,43.3
LUF,2019-12-26,58.3,39.7
LUF,2019-12-27,48.4,46.4
LUF,2019-12-28,54.3,39.6
LUF,2019-12-29,51.6,32.0
LUF,2019-12-30,52.9,36.3
LUF,2019-12-31,61.5,42.8
LUF,2020-01-01,58.3,36.5
LUF,2020-01-02,61.5,37.2
LUF,2020-01-03,63.5,37.2
LUF,2020-01-04,67.0,37.2
LUF,2020-01-05,68.0,38.0
LUF,2020-01-06,70.5,39.7
LUF,2020-01-07,72.5,38.7
LUF,2020-01-08,65.0,38.3
LUF,2020-01-09,62.6,39.6
LUF,2020-01-10,63.0,38.7
LUF,2020-01-11,61.0,37.0
LUF,2020-01-12,62.8,34.7
LUF,2020-01-13,65.8,37.4
LUF,2020-01-14,67.3,37.2
LUF,2020-01-15,65.7,40.3
LUF,2020-01-16,66.2,45.0
LUF,2020-01-17,63.5,39.6
LUF,2020-01-18,70.0,39.4
LUF,2020-01-19,76.0,40.8
LUF,2020-01-20,73.4,52.5
LUF,2020-01-21,60.3,53.0
LUF,2020-01-22,62.8,44.6
LUF,2020-01-23,68.7,44.6
LUF,2020-01-24,71.0,43.5
LUF,2020-01-25,70.5,42.0
LUF,2020-01-26,68.5,43.2
LUF,2020-01-27,73.4,51.8
LUF,2020-01-28,69.0,47.0
LUF,2020-01-29,64.4,44.0
LUF,2020-01-30,69.3,46.0
LUF,2020-01-31,73.0,46.4
LUF,2020-02-01,75.4,41.5
LUF,2020-02-02,75.4,43.3
LUF,2020-02-03,64.4,45.0
LUF,2020-02-04,54.0,33.8
LUF,2020-02-05,54.3,33.0
LUF,2020-02-06,59.2,33.6
LUF,2020-02-07,66.2,36.0
LUF,2020-02-08,70.3,38.7
LUF,2020-02-09,71.0,41.4
LUF,2020-02-10,68.0,48.2
LUF,2020-02-11,61.0,45.3
LUF,2020-02-12,62.0,39.0
LUF,2020-02-13,66.6,39.2
LUF,2020-02-14,69.4,43.2
LUF,2020-02-15,70.3,42.0
LUF,2020-02-16,72.3,42.8
LUF,2020-02-17,73.8,43.7
LUF,2020-02-18,76.0,46.4
LUF,2020-02-19,77.0,49.6
LUF,2020-02-20,77.4,46.0
LUF,2020-02-21,76.6,55.4
LUF,2020-02-22,66.7,54.5
LUF,2020-02-23,64.4,49.5
LUF,2020-02-24,70.3,46.4
LUF,2020-02-25,69.0,43.7
LUF,2020-02-26,67.3,40.6
LUF,2020-02-27,72.7,40.0
LUF,2020-02-28,76.0,46.4
LUF,2020-02-29,77.0,43.7
LUF,2020-03-01,74.0,48.4
LUF,2020-03-02,68.0,45.0
LUF,2020-03-03,77.0,46.8
LUF,2020-03-04,71.4,47.5
LUF,2020-03-05,82.8,47.5
LUF,2020-03-06,84.4,53.0
LUF,2020-03-07,82.4,51.0
LUF,2020-03-08,72.0,53.6
LUF,2020-03-09,74.8,47.7
LUF,2020-03-10,74.0,58.8
LUF,2020-03-11,66.6,60.8
LUF,2020-03-12,69.8,56.0
LUF,2020-03-13,65.7,50.0
LUF,2020-03-14,70.2,48.2
LUF,2020-03-15,74.5,50.2
LUF,2020-03-16,77.0,50.7
LUF,2020-03-17,71.6,54.7
LUF,2020-03-18,66.2,50.0
LUF,2020-03-19,63.0,49.0
LUF,2020-03-20,68.2,45.0
LUF,2020-03-21,71.6,49.0
LUF,2020-03-22,72.0,50.7
LUF,2020-03-23,75.2,53.0
LUF,2020-03-24,76.0,49.6
LUF,2020-03-25,72.5,52.5
LUF,2020-03-26,68.0,54.0
LUF,2020-03-27,64.4,47.0
LUF,2020-03-28,69.0,40.6
LUF,2020-03-29,75.2,46.6
LUF,2020-03-30,76.3,49.5
LUF,2020-03-31,80.6,51.0
LUF,2020-04-01,82.8,56.0
LUF,2020-04-02,82.0,53.6
LUF,2020-04-03,82.4,52.0
LUF,2020-04-04,82.4,50.2
LUF,2020-04-05,80.4,53.2
LUF,2020-04-06,79.5,50.7
LUF,2020-04-07,81.0,50.5
LUF,2020-04-08,78.8,53.0
LUF,2020-04-09,70.5,47.5
LUF,2020-04-10,74.8,50.0
LUF,2020-04-11,69.8,56.0
LUF,2020-04-12,75.6,53.0
LUF,2020-04-13,77.0,58.3
LUF,2020-04-14,80.4,51.8
LUF,2020-04-15,81.5,49.5
LUF,2020-04-16,83.5,49.8
LUF,2020-04-17,85.6,52.5
LUF,2020-04-18,77.0,55.6
LUF,2020-04-19,81.3,53.2
LUF,2020-04-20,86.0,57.4
LUF,2020-04-21,82.4,59.5
LUF,2020-04-22,91.4,57.2
LUF,2020-04-23,96.8,60.4
LUF,2020-04-24,96.8,62.6
LUF,2020-04-25,98.0,64.8
LUF,2020-04-26,100.8,63.0
LUF,2020-04-27,100.4,68.5
LUF,2020-04-28,99.5,64.2
LUF,2020-04-29,102.6,67.0
LUF,2020-04-30,98.6,71.2
LUF,2020-05-01,99.5,64.2
LUF,2020-05-02,96.8,69.4
LUF,2020-05-03,94.8,64.4
LUF,2020-05-04,96.6,62.8
LUF,2020-05-05,101.0,67.3
LUF,2020-05-06,104.0,67.0
LUF,2020-05-07,104.5,65.7
LUF,2020-05-08,101.8,70.5
LUF,2020-05-09,100.4,75.4
LUF,2020-05-10,99.7,78.8
LUF,2020-05-11,96.8,72.7
LUF,2020-05-12,92.5,72.7
LUF,2020-05-13,87.6,66.0
LUF,2020-05-14,89.0,69.0
LUF,2020-05-15,93.0,64.0
LUF,2020-05-16,96.8,66.6
LUF,2020-05-17,99.0,67.6
LUF,2020-05-18,98.6,68.0
LUF,2020-05-19,86.7,68.5
LUF,2020-05-20,85.5,60.0
LUF,2020-05-21,90.0,60.8
LUF,2020-05-22,94.0,61.0
LUF,2020-05-23,91.8,70.3
LUF,2020-05-24,95.0,69.0
LUF,2020-05-25,95.5,66.7
LUF,2020-05-26,101.8,66.2
LUF,2020-05-27,107.6,69.4
LUF,2020-05-28,108.5,76.0
LUF,2020-05-29,109.0,76.6
LUF,2020-05-30,107.2,77.7
LUF,2020-05-31,105.0,79.0
LUF,2020-06-01,104.5,73.6
LUF,2020-06-02,106.5,82.4
LUF,2020-06-03,109.4,82.6
LUF,2020-06-04,108.7,83.0
LUF,2020-06-05,106.2,82.8
LUF,2020-06-06,89.6,71.0
LUF,2020-06-07,94.0,73.0
LUF,2020-06-08,89.0,68.5
LUF,2020-06-09,92.5,68.4
LUF,2020-06-10,101.8,66.0
LUF,2020-06-11,106.7,68.4
LUF,2020-06-12,105.3,72.7
LUF,2020-06-13,102.2,72.7
LUF,2020-06-14,101.5,66.2
LUF,2020-06-15,103.0,68.0
LUF,2020-06-16,104.2,69.8
LUF,2020-06-17,100.8,72.0
LUF,2020-06-18,100.4,76.0
LUF,2020-06-19,101.7,74.3
LUF,2020-06-20,104.0,71.0
LUF,2020-06-21,107.6,73.6
LUF,2020-06-22,107.0,79.5
LUF,2020-06-23,108.0,76.5
LUF,2020-06-24,109.0,75.0
LUF,2020-06-25,106.0,75.7
LUF,2020-06-26,107.0,77.7
LUF,2020-06-27,104.5,80.0
LUF,2020-06-28,102.2,75.4
LUF,2020-06-29,97.3,79.5
LUF,2020-06-30,98.0,71.8
LUF,2020-07-01,102.2,70.7
LUF,2020-07-02,102.0,76.3
LUF,2020-07-03,103.3,85.0
LUF,2020-07-04,108.3,82.4
LUF,2020-07-05,110.3,82.2
LUF,2020-07-06,110.0,77.5
LUF,2020-07-07,109.4,77.4
LUF,2020-07-08,108.7,87.8
LUF,2020-07-09,108.5,87.4
LUF,2020-07-10,110.5,90.5
LUF,2020-07-11,114.8,90.0
LUF,2020-07-12,114.8,91.8
LUF,2020-07-13,110.0,91.0
LUF,2020-07-14,108.5,87.0
LUF,2020-07-15,107.6,85.0
LUF,2020-07-16,108.5,83.7
LUF,2020-07-17,106.3,83.0
LUF,2020-07-18,109.2,86.5
LUF,2020-07-19,109.0,89.6
LUF,2020-07-20,100.6,89.8
LUF,2020-07-21,107.6,83.0
LUF,2020-07-22,107.6,84.4
LUF,2020-07-23,98.6,82.0
LUF,2020-07-24,101.3,78.0
LUF,2020-07-25,105.8,80.6
LUF,2020-07-26,108.5,79.0
LUF,2020-07-27,110.0,84.6
LUF,2020-07-28,111.6,85.6
LUF,2020-07-29,114.0,89.6
LUF,2020-07-30,118.4,87.0
LUF,2020-07-31,114.8,90.5
LUF,2020-08-01,111.2,89.2
LUF,2020-08-02,108.0,91.6
LUF,2020-08-03,111.7,87.0
LUF,2020-08-04,109.4,86.2
LUF,2020-08-05,107.6,87.4
LUF,2020-08-06,106.3,76.6
LUF,2020-08-07,106.5,76.5
LUF,2020-08-08,109.4,80.2
LUF,2020-08-09,111.2,78.0
LUF,2020-08-10,111.2,82.0
LUF,2020-08-11,108.3,85.0
LUF,2020-08-12,110.0,84.7
LUF,2020-08-13,113.0,87.0
LUF,2020-08-14,115.3,84.6
LUF,2020-08-15,113.2,90.7
LUF,2020-08-16,113.4,88.3
LUF,2020-08-17,112.5,87.3
LUF,2020-08-18,112.0,87.6
LUF,2020-08-19,112.3,89.0
LUF,2020-08-20,110.8,82.0
LUF,2020-08-21,99.5,82.4
LUF,2020-08-22,106.5,87.0
LUF,2020-08-23,108.3,86.5
LUF,2020-08-24,114.8,86.2
LUF,2020-08-25,111.2,86.7
LUF,2020-08-26,110.5,86.4
LUF,2020-08-27,112.0,86.0
LUF,2020-08-28,109.2,89.8
LUF,2020-08-29,102.2,84.2
LUF,2020-08-30,101.7,73.4
LUF,2020-08-31,98.2,74.7
LUF,2020-09-01,102.2,83.5
LUF,2020-09-02,102.2,83.0
LUF,2020-09-03,107.4,81.3
LUF,2020-09-04,112.8,81.0
LUF,2020-09-05,113.2,83.3
LUF,2020-09-06,111.2,82.2
LUF,2020-09-07,107.6,79.7
LUF,2020-09-08,97.5,77.4
LUF,2020-09-09,88.5,67.6
LUF,2020-09-10,89.8,69.3
LUF,2020-09-11,90.0,66.6
LUF,2020-09-12,97.3,68.2
LUF,2020-09-13,100.4,71.6
LUF,2020-09-14,103.3,76.6
LUF,2020-09-15,102.4,75.7
LUF,2020-09-16,106.5,74.0
LUF,2020-09-17,106.5,73.0
LUF,2020-09-18,104.0,75.0
LUF,2020-09-19,103.3,76.3
LUF,2020-09-20,104.5,73.0
LUF,2020-09-21,102.4,80.0
LUF,2020-09-22,101.0,80.6
LUF,2020-09-23,104.0,74.0
LUF,2020-09-24,104.4,73.4
LUF,2020-09-25,103.5,75.0
LUF,2020-09-26,100.6,72.5
LUF,2020-09-27,100.4,70.2
LUF,2020-09-28,101.7,69.3
LUF,2020-09-29,100.0,72.7
LUF,2020-09-30,103.0,70.0
LUF,2020-10-01,104.4,70.2
LUF,2020-10-02,104.4,69.4
LUF,2020-10-03,104.0,67.6
LUF,2020-10-04,102.4,65.0
LUF,2020-10-05,103.0,67.5
LUF,2020-10-06,102.7,67.3
LUF,2020-10-07,101.0,66.4
LUF,2020-10-08,98.0,67.0
LUF,2020-10-09,97.3,67.3
LUF,2020-10-10,93.2,63.5
LUF,2020-10-11,92.7,63.0
LUF,2020-10-12,97.0,65.0
LUF,2020-10-13,100.0,64.8
LUF,2020-10-14,99.0,64.2
LUF,2020-10-15,98.8,63.0
LUF,2020-10-16,100.0,68.2
LUF,2020-10-17,93.6,65.3
LUF,2020-10-18,94.6,59.7
LUF,2020-10-19,95.0,60.6
LUF,2020-10-20,94.8,61.3
LUF,2020-10-21,95.4,59.5
LUF,2020-10-22,91.6,61.3
LUF,2020-10-23,90.3,64.2
LUF,2020-10-24,85.0,65.0
LUF,2020-10-25,85.3,65.5
LUF,2020-10-26,68.0,52.2
LUF,2020-10-27,67.0,50.0
LUF,2020-10-28,70.2,44.4
LUF,2020-10-29,82.6,48.0
LUF,2020-10-30,85.6,54.0
LUF,2020-10-31,83.5,57.7
LUF,2020-11-01,95.0,60.0
LUF,2020-11-02,93.6,66.4
LUF,2020-11-03,90.0,62.2
LUF,2020-11-04,90.7,57.4
LUF,2020-11-05,96.0,61.2
LUF,2020-11-06,87.6,69.3
LUF,2020-11-07,77.0,57.4
LUF,2020-11-08,66.2,48.0
LUF,2020-11-09,62.0,46.0
LUF,2020-11-10,67.0,43.2
LUF,2020-11-11,69.6,41.0
LUF,2020-11-12,72.5,42.8
LUF,2020-11-13,75.6,44.4
LUF,2020-11-14,75.0,44.0
LUF,2020-11-15,80.8,44.8
LUF,2020-11-16,89.0,48.6
LUF,2020-11-17,88.2,54.0
LUF,2020-11-18,86.0,56.3
LUF,2020-11-19,84.6,53.6
LUF,2020-11-20,85.0,55.4
LUF,2020-11-21,82.4,56.7
LUF,2020-11-22,82.0,55.0
LUF,2020-11-23,77.5,54.5
LUF,2020-11-24,71.4,49.3
LUF,2020-11-25,68.7,42.0
LUF,2020-11-26,69.8,42.0
LUF,2020-11-27,64.4,41.5
LUF,2020-11-28,67.8,42.4
LUF,2020-11-29,73.0,40.0
LUF,2020-11-30,72.7,45.7
LUF,2020-12-01,70.0,41.0
LUF,2020-12-02,69.3,43.7
LUF,2020-12-03,65.5,44.6
LUF,2020-12-04,65.8,36.3
LUF,2020-12-05,69.3,37.0
LUF,2020-12-06,70.5,37.2
LUF,2020-12-07,79.3,39.0
LUF,2020-12-08,78.4,48.4
LUF,2020-12-09,78.8,47.7
LUF,2020-12-10,62.0,48.2
LUF,2020-12-11,62.6,46.4
LUF,2020-12-12,64.0,44.6
LUF,2020-12-13,60.6,39.4
LUF,2020-12-14,62.0,40.6
LUF,2020-12-15,62.4,39.2
LUF,2020-12-16,62.4,37.0
LUF,2020-12-17,59.4,37.2
LUF,2020-12-18,65.0,38.0
LUF,2020-12-19,65.5,38.7
LUF,2020-12-20,67.3,36.3
LUF,2020-12-21,74.0,40.3
LUF,2020-12-22,68.5,41.2
LUF,2020-12-23,68.2,38.3
LUF,2020-12-24,58.0,44.4
LUF,2020-12-25,68.5,42.0
LUF,2020-12-26,68.0,39.4
LUF,2020-12-27,67.8,38.7
LUF,2020-12-28,66.2,44.0
LUF,2020-12-29,59.2,40.0
LUF,2020-12-30,65.3,42.0
LUF,2020-12-31,57.2,37.8
LUF,2021-01-01,64.2,36.0
LUF,2021-01-02,61.7,36.0
LUF,2021-01-03,62.8,36.0
LUF,2021-01-04,67.3,37.4
LUF,2021-01-05,69.0,39.4
LUF,2021-01-06,68.4,40.3
LUF,2021-01-07,68.5,39.4
LUF,2021-01-08,66.6,38.5
LUF,2021-01-09,68.4,36.7
LUF,2021-01-10,65.0,38.5
LUF,2021-01-11,65.3,39.7
LUF,2021-01-12,64.8,37.4
LUF,2021-01-13,65.5,36.0
LUF,2021-01-14,71.4,39.2
LUF,2021-01-15,78.3,48.6
LUF,2021-01-16,74.5,43.2
LUF,2021-01-17,76.5,42.4
LUF,2021-01-18,69.4,40.3
LUF,2021-01-19,68.0,50.0
LUF,2021-01-20,69.8,55.4
LUF,2021-01-21,71.6,55.2
LUF,2021-01-22,66.0,53.2
LUF,2021-01-23,62.0,50.0
LUF,2021-01-24,53.0,48.2
LUF,2021-01-25,51.8,39.2
LUF,2021-01-26,50.7,39.2
LUF,2021-01-27,60.8,35.8
LUF,2021-01-28,69.0,44.0
LUF,2021-01-29,64.4,42.8
LUF,2021-01-30,61.0,41.0
LUF,2021-01-31,71.0,40.0
LUF,2021-02-01,69.8,50.2
LUF,2021-02-02,80.0,55.4
LUF,2021-02-03,79.5,60.4
LUF,2021-02-04,74.3,53.2
LUF,2021-02-05,68.2,44.4
LUF,2021-02-06,70.7,41.7
LUF,2021-02-07,72.0,42.8
LUF,2021-02-08,74.0,42.8
LUF,2021-02-09,71.6,43.7
LUF,2021-02-10,71.4,49.6
LUF,2021-02-11,74.3,44.8
LUF,2021-02-12,71.4,51.8
LUF,2021-02-13,70.3,46.2
LUF,2021-02-14,66.6,46.4
LUF,2021-02-15,65.0,41.4
LUF,2021-02-16,69.8,50.0
LUF,2021-02-17,65.5,45.0
LUF,2021-02-18,63.7,41.7
LUF,2021-02-19,47.3,42.6
LUF,2021-02-21,68.5,53.0
LUF,2021-02-22,82.4,42.3
LUF,2021-02-23,77.7,44.0
LUF,2021-02-24,78.8,45.5
LUF,2021-02-25,68.4,50.5
LUF,2021-02-26,69.0,41.0
LUF,2021-02-27,70.7,39.6
LUF,2021-02-28,64.0,43.5
LUF,2021-03-01,69.0,38.0
LUF,2021-03-02,76.8,46.0
LUF,2021-03-03,82.4,42.8
LUF,2021-03-04,69.8,53.6
LUF,2021-03-05,81.0,48.2
LUF,2021-03-06,83.7,52.0
LUF,2021-03-07,85.0,50.0
LUF,2021-03-08,82.0,62.4
LUF,2021-03-09,77.0,57.7
LUF,2021-03-10,68.0,46.2
LUF,2021-03-11,66.4,46.0
LUF,2021-03-12,60.8,47.0
LUF,2021-03-13,61.7,42.8
LUF,2021-03-14,69.6,40.0
LUF,2021-03-15,72.0,47.7
LUF,2021-03-16,60.3,45.7
LUF,2021-03-17,69.4,41.4
LUF,2021-03-18,78.4,46.8
LUF,2021-03-19,82.4,49.0
LUF,2021-03-20,84.2,51.0
LUF,2021-03-21,75.2,52.7
LUF,2021-03-22,71.8,54.0
LUF,2021-03-23,62.6,51.0
LUF,2021-03-24,72.0,46.4
LUF,2021-03-25,71.2,50.4
LUF,2021-03-26,64.8,51.8
LUF,2021-03-27,77.2,48.0
LUF,2021-03-28,83.8,52.0
LUF,2021-03-29,87.8,53.6
LUF,2021-03-30,85.3,56.0
LUF,2021-03-31,86.7,57.0
LUF,2021-04-01,93.7,59.5
LUF,2021-04-02,90.7,66.6
LUF,2021-04-03,95.5,61.7
LUF,2021-04-04,96.8,63.0
LUF,2021-04-05,96.0,60.4
LUF,2021-04-06,91.4,68.2
LUF,2021-04-07,91.4,58.0
LUF,2021-04-08,93.2,62.0
LUF,2021-04-09,93.0,60.0
LUF,2021-04-10,92.0,59.0
LUF,2021-04-11,92.0,58.0
LUF,2021-04-12,89.6,65.0
LUF,2021-04-13,87.8,62.8
LUF,2021-04-14,84.2,60.0
LUF,2021-04-15,81.5,59.4
LUF,2021-04-16,84.2,56.8
LUF,2021-04-19,105.8,64.4
LUF,2021-04-20,91.0,55.2
LUF,2021-04-21,89.6,58.6
LUF,2021-04-22,80.0,62.0
LUF,2021-04-23,84.6,62.4
LUF,2021-04-24,69.6,57.2
LUF,2021-04-26,78.8,66.2
LUF,2021-04-27,75.2,59.0
LUF,2021-04-28,82.4,57.2
LUF,2021-04-29,92.0,56.7
LUF,2021-04-30,95.5,60.3
LUF,2021-05-01,98.0,64.6
LUF,2021-05-02,91.0,74.0
LUF,2021-05-03,89.6,65.7
LUF,2021-05-04,92.0,63.0
LUF,2021-05-05,97.3,64.4
LUF,2021-05-06,99.5,69.0
LUF,2021-05-07,95.0,67.3
LUF,2021-05-08,91.8,65.5
LUF,2021-05-09,93.7,65.0
LUF,2021-05-10,93.4,62.4
LUF,2021-05-11,92.8,61.0
LUF,2021-05-12,97.5,63.0
LUF,2021-05-13,99.5,67.3
LUF,2021-05-14,98.6,67.0
LUF,2021-05-15,96.8,70.5
LUF,2021-05-16,89.6,69.0
LUF,2021-05-17,87.6,66.7
LUF,2021-05-18,94.3,68.7
LUF,2021-05-19,99.3,76.0
LUF,2021-05-20,96.8,73.0
LUF,2021-05-21,83.3,67.0
LUF,2021-05-22,79.7,58.6
LUF,2021-05-23,85.8,53.4
LUF,2021-05-24,92.7,59.7
LUF,2021-05-25,95.0,65.0
LUF,2021-05-26,95.0,73.4
LUF,2021-05-27,97.2,66.6
LUF,2021-05-28,99.0,66.7
LUF,2021-05-29,100.4,67.6
LUF,2021-05-30,98.0,66.7
LUF,2021-05-31,100.4,71.8
LUF,2021-06-01,103.0,78.0
LUF,2021-06-02,104.4,74.5
LUF,2021-06-03,105.8,82.2
LUF,2021-06-04,106.3,78.0
LUF,2021-06-05,106.0,77.5
LUF,2021-06-06,102.2,72.0
LUF,2021-06-07,100.8,67.3
LUF,2021-06-08,95.4,69.4
LUF,2021-06-09,100.2,70.2
LUF,2021-06-10,99.3,74.3
LUF,2021-06-11,101.8,69.4
LUF,2021-06-12,108.3,68.5
LUF,2021-06-13,112.3,72.3
LUF,2021-06-14,114.8,77.0
LUF,2021-06-15,113.5,86.5
LUF,2021-06-16,112.6,91.0
LUF,2021-06-17,114.4,89.2
LUF,2021-06-18,114.4,86.5
LUF,2021-06-19,115.0,88.7
LUF,2021-06-20,113.4,89.8
LUF,2021-06-21,107.6,84.0
LUF,2021-06-22,105.8,84.4
LUF,2021-06-23,92.3,77.0
LUF,2021-06-24,102.4,77.2
LUF,2021-06-25,106.0,81.0
LUF,2021-06-26,107.2,78.3
LUF,2021-06-27,111.2,80.0
LUF,2021-06-28,107.0,90.0
LUF,2021-06-29,102.4,87.4
LUF,2021-06-30,104.7,85.3
LUF,2021-07-01,105.6,83.7
LUF,2021-07-02,103.5,87.8
LUF,2021-07-03,107.6,78.8
LUF,2021-07-04,103.0,79.3
LUF,2021-07-05,107.0,86.0
LUF,2021-07-06,110.3,88.0
LUF,2021-07-07,110.0,90.7
LUF,2021-07-08,110.3,89.0
LUF,2021-07-09,111.4,91.0
LUF,2021-07-10,111.6,86.0
LUF,2021-07-11,109.6,82.4
LUF,2021-07-12,105.8,90.7
LUF,2021-07-13,105.0,85.6
LUF,2021-07-14,96.8,75.2
LUF,2021-07-15,102.2,84.4
LUF,2021-07-16,104.5,78.8
LUF,2021-07-17,100.4,80.0
LUF,2021-07-18,99.3,83.0
LUF,2021-07-19,100.4,82.6
LUF,2021-07-20,106.0,87.8
LUF,2021-07-21,107.6,88.7
LUF,2021-07-22,106.0,84.7
LUF,2021-07-23,86.5,75.2
LUF,2021-07-24,86.0,78.8
LUF,2021-07-25,82.8,71.4
LUF,2021-07-26,95.5,74.8
LUF,2021-07-27,102.4,79.2
LUF,2021-07-28,103.8,82.2
LUF,2021-07-29,105.0,84.6
LUF,2021-07-30,101.0,78.8
LUF,2021-07-31,98.6,75.2
LUF,2021-08-01,105.0,82.2
LUF,2021-08-02,108.0,88.2
LUF,2021-08-03,110.0,84.7
LUF,2021-08-04,112.5,85.0
LUF,2021-08-05,107.6,89.4
LUF,2021-08-06,106.7,89.2
LUF,2021-08-07,106.0,87.8
LUF,2021-08-08,105.8,87.8
LUF,2021-08-09,94.0,86.4
LUF,2021-08-10,91.2,78.8
LUF,2021-08-11,96.0,78.8
LUF,2021-08-12,96.4,80.0
LUF,2021-08-13,98.4,74.5
LUF,2021-08-14,93.4,73.4
LUF,2021-08-15,98.0,82.0
LUF,2021-08-16,99.5,74.0
LUF,2021-08-17,93.2,71.6
LUF,2021-08-18,96.4,78.8
LUF,2021-08-19,94.8,74.8
LUF,2021-08-20,97.0,78.8
LUF,2021-08-21,100.0,79.2
LUF,2021-08-22,101.3,78.4
LUF,2021-08-23,102.4,75.2
LUF,2021-08-24,103.5,76.0
LUF,2021-08-25,107.4,81.0
LUF,2021-08-26,109.2,82.0
LUF,2021-08-27,110.7,82.6
LUF,2021-08-28,103.3,84.2
LUF,2021-08-29,105.8,88.7
LUF,2021-08-30,102.6,87.3
LUF,2021-08-31,89.6,77.0
LUF,2021-09-01,93.7,74.3
LUF,2021-09-02,93.4,76.6
LUF,2021-09-03,100.0,78.0
LUF,2021-09-04,103.8,78.3
LUF,2021-09-05,105.6,79.0
LUF,2021-09-06,102.0,81.5
LUF,2021-09-07,105.4,85.0
LUF,2021-09-08,102.6,82.0
LUF,2021-09-09,110.0,82.0
LUF,2021-09-10,105.4,80.0
LUF,2021-09-11,105.8,84.6
LUF,2021-09-12,107.0,80.8
LUF,2021-09-13,108.0,79.3
LUF,2021-09-14,105.0,82.0
LUF,2021-09-15,105.8,78.6
LUF,2021-09-16,103.8,75.0
LUF,2021-09-17,96.4,77.5
LUF,2021-09-18,97.0,79.3
LUF,2021-09-19,99.0,76.6
LUF,2021-09-20,98.0,70.2
LUF,2021-09-21,101.5,69.0
LUF,2021-09-22,101.0,71.4
LUF,2021-09-23,99.0,73.2
LUF,2021-09-24,91.0,76.0
LUF,2021-09-25,93.7,74.0
LUF,2021-09-26,83.0,69.0
LUF,2021-09-27,84.6,67.3
LUF,2021-09-28,90.3,69.3
LUF,2021-09-29,84.2,69.8
LUF,2021-09-30,88.0,68.0
LUF,2021-10-01,89.6,64.8
LUF,2021-10-02,92.5,63.3
LUF,2021-10-03,94.8,66.0
LUF,2021-10-04,96.8,69.4
LUF,2021-10-05,87.3,69.8
LUF,2021-10-06,88.2,64.4
LUF,2021-10-07,89.0,68.0
LUF,2021-10-08,89.6,68.4
LUF,2021-10-09,84.2,68.7
LUF,2021-10-10,83.3,61.5
LUF,2021-10-11,86.0,56.0
LUF,2021-10-12,68.7,53.2
LUF,2021-10-13,74.3,48.0
LUF,2021-10-14,78.8,51.4
LUF,2021-10-15,83.7,56.0
LUF,2021-10-16,90.5,61.3
LUF,2021-10-17,88.3,60.3
LUF,2021-10-18,84.2,56.5
LUF,2021-10-19,77.4,55.0
LUF,2021-10-20,83.3,56.7
LUF,2021-10-21,88.0,56.0
LUF,2021-10-22,87.6,56.7
LUF,2021-10-23,83.8,54.0
LUF,2021-10-24,85.0,57.2
LUF,2021-10-25,86.5,59.2
LUF,2021-10-26,76.0,59.2
LUF,2021-10-27,78.0,53.4
LUF,2021-10-28,86.0,52.3
LUF,2021-10-29,90.7,56.5
LUF,2021-10-30,86.4,55.2
LUF,2021-10-31,85.0,56.3
LUF,2021-11-01,82.4,57.2
LUF,2021-11-02,83.0,57.2
LUF,2021-11-03,85.6,54.7
LUF,2021-11-04,87.0,54.7
LUF,2021-11-05,87.4,54.0
LUF,2021-11-06,88.0,55.0
LUF,2021-11-07,84.0,54.0
LUF,2021-11-08,85.0,55.6
LUF,2021-11-09,80.2,53.6
LUF,2021-11-10,83.5,52.3
LUF,2021-11-11,84.6,55.0
LUF,2021-11-12,87.3,55.0
LUF,2021-11-13,85.8,51.6
LUF,2021-11-14,85.6,51.3
LUF,2021-11-15,84.2,50.0
LUF,2021-11-16,78.0,51.6
LUF,2021-11-17,78.8,49.6
LUF,2021-11-18,82.0,47.0
LUF,2021-11-19,80.0,50.4
LUF,2021-11-20,77.2,48.0
LUF,2021-11-21,81.0,52.7
LUF,2021-11-22,82.0,58.5
LUF,2021-11-23,77.0,62.2
LUF,2021-11-24,72.7,53.4
LUF,2021-11-25,75.2,55.8
LUF,2021-11-26,76.5,55.4
LUF,2021-11-27,74.0,47.5
LUF,2021-11-28,78.6,45.0
LUF,2021-11-29,80.0,47.3
LUF,2021-11-30,78.3,48.0
LUF,2021-12-01,81.3,48.0
LUF,2021-12-02,81.3,51.8
LUF,2021-12-03,78.4,49.6
LUF,2021-12-04,76.5,47.8
LUF,2021-12-05,74.8,45.0
LUF,2021-12-06,74.0,45.5
LUF,2021-12-07,71.0,49.3
LUF,2021-12-08,70.7,51.4
LUF,2021-12-09,69.4,46.8
LUF,2021-12-10,60.3,48.7
LUF,2021-12-11,64.6,40.0
LUF,2021-12-12,69.3,39.7
LUF,2021-12-13,67.6,42.0
LUF,2021-12-14,69.8,49.6
LUF,2021-12-15,56.0,41.0
LUF,2021-12-16,60.8,36.0
LUF,2021-12-17,62.0,36.3
LUF,2021-12-18,67.5,38.8
LUF,2021-12-19,67.8,41.2
LUF,2021-12-20,68.4,39.2
LUF,2021-12-21,64.6,47.8
LUF,2021-12-22,69.8,43.2
LUF,2021-12-23,73.4,54.7
LUF,2021-12-24,62.6,53.4
LUF,2021-12-25,60.4,51.4
LUF,2021-12-26,63.0,49.0
LUF,2021-12-27,57.0,46.0
LUF,2021-12-28,56.3,42.8
LUF,2021-12-29,59.0,47.7
LUF,2021-12-30,59.4,44.8
LUF,2021-12-31,59.7,51.0
LUF,2022-01-01,56.0,40.3
LUF,2022-01-02,59.7,33.4
LUF,2022-01-03,63.0,35.2
LUF,2022-01-04,63.5,36.0
LUF,2022-01-05,64.0,37.2
LUF,2022-01-06,64.0,40.0
LUF,2022-01-07,68.7,40.0
LUF,2022-01-08,66.4,44.4
LUF,2022-01-09,72.5,41.0
LUF,2022-01-10,74.0,48.4
LUF,2022-01-11,71.0,48.0
LUF,2022-01-12,68.5,40.5
LUF,2022-01-13,70.7,39.6
LUF,2022-01-14,69.8,49.6
LUF,2022-01-15,69.6,48.2
LUF,2022-01-16,70.2,43.0
LUF,2022-01-17,69.8,44.2
LUF,2022-01-18,68.5,49.0
LUF,2022-01-19,68.2,45.3
LUF,2022-01-20,71.4,44.6
LUF,2022-01-21,69.0,41.2
LUF,2022-01-22,69.3,51.3
LUF,2022-01-23,69.6,46.4
LUF,2022-01-24,66.4,42.3
LUF,2022-01-25,67.3,40.6
LUF,2022-01-26,66.0,41.5
LUF,2022-01-27,67.3,39.6
LUF,2022-01-28,70.3,46.6
LUF,2022-01-29,71.6,43.7
LUF,2022-01-30,71.4,50.5
LUF,2022-01-31,67.8,41.5
LUF,2022-02-01,67.8,46.0
LUF,2022-02-02,61.0,46.6
LUF,2022-02-03,56.5,35.2
LUF,2022-02-04,64.2,37.4
LUF,2022-02-05,65.7,35.2
LUF,2022-02-06,71.2,37.4
LUF,2022-02-07,70.3,47.3
LUF,2022-02-08,74.0,42.8
LUF,2022-02-09,78.6,47.7
LUF,2022-02-10,80.4,51.4
LUF,2022-02-11,78.8,47.5
LUF,2022-02-12,80.4,49.5
LUF,2022-02-13,80.0,45.3
LUF,2022-02-14,79.7,43.2
LUF,2022-02-15,77.0,42.8
LUF,2022-02-16,61.0,51.8
LUF,2022-02-17,67.5,43.7
LUF,2022-02-18,45.0,39.7
LUF,2022-02-19,77.2,52.7
LUF,2022-02-20,75.7,43.2
LUF,2022-02-21,69.0,46.4
LUF,2022-02-22,64.4,49.5
LUF,2022-02-23,53.0,39.2
LUF,2022-02-24,56.3,34.7
LUF,2022-02-25,63.5,38.0
LUF,2022-02-26,68.2,40.0
LUF,2022-02-27,71.0,42.6
LUF,2022-02-28,80.0,51.0
LUF,2022-03-01,83.0,47.7
LUF,2022-03-02,84.4,48.7
LUF,2022-03-03,84.2,54.7
LUF,2022-03-04,68.4,52.2
LUF,2022-03-05,68.4,51.0
LUF,2022-03-06,62.0,43.5
LUF,2022-03-07,68.0,41.0
LUF,2022-03-08,64.6,42.6
LUF,2022-03-09,71.0,39.7
LUF,2022-03-10,71.6,43.3
LUF,2022-03-11,69.0,48.7
LUF,2022-03-12,75.0,42.4
LUF,2022-03-13,78.4,42.0
LUF,2022-03-14,80.0,48.0
LUF,2022-03-15,84.0,49.5
LUF,2022-03-16,84.2,51.8
LUF,2022-03-17,78.4,57.2
LUF,2022-03-18,82.0,48.4
LUF,2022-03-19,83.0,49.8
LUF,2022-03-20,73.8,60.0
LUF,2022-03-21,77.7,52.5
LUF,2022-03-22,80.6,54.0
LUF,2022-03-23,79.0,58.8
LUF,2022-03-24,84.4,49.8
LUF,2022-03-25,92.8,53.2
LUF,2022-03-26,91.2,56.3
LUF,2022-03-27,90.7,54.0
LUF,2022-03-28,80.0,63.5
LUF,2022-03-29,69.8,54.5
LUF,2022-03-30,80.0,52.0
LUF,2022-03-31,80.8,56.5
LUF,2022-04-01,85.3,55.2
LUF,2022-04-02,85.6,58.0
LUF,2022-04-03,83.0,58.0
LUF,2022-04-04,87.0,59.5
LUF,2022-04-05,91.2,61.3
LUF,2022-04-06,93.0,62.6
LUF,2022-04-07,94.0,69.4
LUF,2022-04-08,94.0,67.6
LUF,2022-04-09,94.5,59.2
LUF,2022-04-10,88.3,64.6
LUF,2022-04-11,84.2,65.8
LUF,2022-04-12,75.2,54.0
LUF,2022-04-13,75.2,44.0
LUF,2022-04-14,81.3,47.8
LUF,2022-04-15,86.2,51.0
LUF,2022-04-16,89.0,54.5
LUF,2022-04-17,90.3,55.6
LUF,2022-04-18,94.6,56.8
LUF,2022-04-19,98.6,64.0
LUF,2022-04-20,87.8,63.7
LUF,2022-04-21,91.4,61.3
LUF,2022-04-22,78.8,63.0
LUF,2022-04-23,82.6,54.5
LUF,2022-04-24,84.2,65.0
LUF,2022-04-25,90.3,61.7
LUF,2022-04-26,95.7,58.8
LUF,2022-04-27,90.0,62.4
LUF,2022-04-28,89.6,61.7
LUF,2022-04-29,89.6,62.8
LUF,2022-04-30,93.0,58.8
LUF,2022-05-01,95.0,69.8
LUF,2022-05-02,91.0,65.0
LUF,2022-05-03,91.4,64.0
LUF,2022-05-04,91.4,62.4
LUF,2022-05-05,94.0,62.0
LUF,2022-05-06,97.7,63.0
LUF,2022-05-07,98.8,66.2
LUF,2022-05-08,92.7,69.0
LUF,2022-05-09,86.4,66.0
LUF,2022-05-10,88.5,63.5
LUF,2022-05-11,86.0,62.0
LUF,2022-05-12,84.7,56.0
LUF,2022-05-13,95.4,58.5
LUF,2022-05-14,102.2,64.6
LUF,2022-05-15,104.4,66.6
LUF,2022-05-16,102.2,70.0
LUF,2022-05-17,98.6,73.0
LUF,2022-05-18,98.4,70.0
LUF,2022-05-19,98.0,68.5
LUF,2022-05-20,95.4,67.6
LUF,2022-05-21,91.4,68.0
LUF,2022-05-22,95.0,66.6
LUF,2022-05-23,95.0,68.4
LUF,2022-05-24,100.4,69.6
LUF,2022-05-25,102.0,71.0
LUF,2022-05-26,104.0,73.2
LUF,2022-05-27,102.7,74.0
LUF,2022-05-28,99.7,75.6
LUF,2022-05-29,93.2,73.6
LUF,2022-05-30,93.2,72.7
LUF,2022-05-31,95.4,66.2
LUF,2022-06-01,98.4,67.0
LUF,2022-06-02,101.3,67.8
LUF,2022-06-03,100.0,71.0
LUF,2022-06-04,99.0,72.7
LUF,2022-06-05,99.7,77.5
LUF,2022-06-06,103.0,78.3
LUF,2022-06-07,104.5,76.8
LUF,2022-06-08,107.4,82.6
LUF,2022-06-09,108.7,83.0
LUF,2022-06-10,113.0,84.2
LUF,2022-06-11,112.0,86.4
LUF,2022-06-12,111.2,87.8
LUF,2022-06-13,105.0,84.7
LUF,2022-06-14,102.2,78.6
LUF,2022-06-15,104.5,75.4
LUF,2022-06-16,109.8,77.0
LUF,2022-06-17,108.0,80.2
LUF,2022-06-18,97.5,82.4
LUF,2022-06-19,98.6,79.3
LUF,2022-06-20,101.3,69.3
LUF,2022-06-21,105.8,71.6
LUF,2022-06-22,103.5,85.6
LUF,2022-06-23,109.4,83.0
LUF,2022-06-24,105.8,80.6
LUF,2022-06-25,106.2,80.2
LUF,2022-06-26,104.4,80.6
LUF,2022-06-27,100.2,79.0
LUF,2022-06-28,106.0,86.0
LUF,2022-06-29,106.7,85.3
LUF,2022-06-30,104.0,78.8
LUF,2022-07-01,106.5,88.3
LUF,2022-07-02,105.8,87.0
LUF,2022-07-03,105.8,86.7
LUF,2022-07-04,102.4,82.8
LUF,2022-07-05,102.2,86.0
LUF,2022-07-06,104.0,80.4
LUF,2022-07-07,105.8,77.2
LUF,2022-07-08,110.0,85.5
LUF,2022-07-09,111.6,86.5
LUF,2022-07-10,111.0,87.6
LUF,2022-07-11,113.7,89.0
LUF,2022-07-12,110.0,94.0
LUF,2022-07-13,110.8,90.0
LUF,2022-07-14,108.0,85.8
LUF,2022-07-15,110.0,87.0
LUF,2022-07-16,114.0,89.6
LUF,2022-07-17,110.0,77.0
LUF,2022-07-18,106.0,80.0
LUF,2022-07-19,109.4,89.6
LUF,2022-07-20,111.2,90.0
LUF,2022-07-21,110.0,91.2
LUF,2022-07-22,111.6,94.0
LUF,2022-07-23,104.4,82.4
LUF,2022-07-24,97.0,77.0
LUF,2022-07-25,96.8,82.4
LUF,2022-07-26,95.0,75.2
LUF,2022-07-27,94.8,82.4
LUF,2022-07-28,91.0,78.4
LUF,2022-07-29,96.0,75.2
LUF,2022-07-30,102.2,78.8
LUF,2022-07-31,100.4,81.0
LUF,2022-08-01,102.2,84.6
LUF,2022-08-02,105.0,87.4
LUF,2022-08-03,100.2,89.4
LUF,2022-08-04,91.8,75.2
LUF,2022-08-05,101.5,79.0
LUF,2022-08-06,103.6,82.8
LUF,2022-08-07,102.4,86.0
LUF,2022-08-08,102.2,87.0
LUF,2022-08-09,98.6,76.5
LUF,2022-08-10,101.3,84.2
LUF,2022-08-11,103.3,82.0
LUF,2022-08-12,101.3,82.4
LUF,2022-08-13,103.8,81.3
LUF,2022-08-14,102.0,80.6
LUF,2022-08-15,100.2,78.8
LUF,2022-08-16,104.0,84.4
LUF,2022-08-17,104.4,87.6
LUF,2022-08-18,103.0,75.2
LUF,2022-08-19,95.4,76.3
LUF,2022-08-20,96.8,73.4
LUF,2022-08-21,94.3,72.7
LUF,2022-08-22,97.7,76.0
LUF,2022-08-23,102.2,82.0
LUF,2022-08-24,100.0,83.3
LUF,2022-08-25,100.6,82.4
LUF,2022-08-26,104.5,85.3
LUF,2022-08-27,102.2,83.7
LUF,2022-08-28,102.2,81.0
LUF,2022-08-29,106.7,84.2
LUF,2022-08-30,109.2,85.3
LUF,2022-08-31,106.2,87.0
LUF,2022-09-01,104.4,84.6
LUF,2022-09-02,104.5,85.3
LUF,2022-09-03,107.6,82.8
LUF,2022-09-04,106.5,85.3
LUF,2022-09-05,107.0,82.2
LUF,2022-09-06,107.6,83.5
LUF,2022-09-07,104.4,83.7
LUF,2022-09-08,101.8,83.0
LUF,2022-09-09,97.7,74.7
LUF,2022-09-10,91.8,75.2
LUF,2022-09-11,99.0,78.3
LUF,2022-09-12,95.4,75.4
LUF,2022-09-13,93.7,79.2
LUF,2022-09-14,94.8,74.8
LUF,2022-09-15,95.5,77.0
LUF,2022-09-16,95.4,77.2
LUF,2022-09-17,97.2,73.6
LUF,2022-09-18,98.8,66.7
LUF,2022-09-19,101.7,73.4
LUF,2022-09-20,94.0,77.0
LUF,2022-09-21,82.4,75.2
LUF,2022-09-22,89.6,76.6
LUF,2022-09-23,97.5,76.0
LUF,2022-09-24,100.8,74.7
LUF,2022-09-25,102.4,74.3
LUF,2022-09-26,103.8,74.3
LUF,2022-09-27,102.2,76.6
LUF,2022-09-28,98.6,77.0
LUF,2022-09-29,97.3,76.8
LUF,2022-09-30,96.0,72.0
LUF,2022-10-01,94.8,73.8
LUF,2022-10-02,95.7,75.6
LUF,2022-10-03,97.7,72.0
LUF,2022-10-04,92.0,68.0
LUF,2022-10-05,93.6,70.0
LUF,2022-10-06,91.0,71.6
LUF,2022-10-07,91.6,70.2
LUF,2022-10-08,88.0,73.0
LUF,2022-10-09,88.5,67.3
LUF,2022-10-10,89.6,68.7
LUF,2022-10-11,92.0,67.6
LUF,2022-10-12,93.6,67.0
LUF,2022-10-13,95.4,67.3
LUF,2022-10-14,95.7,66.4
LUF,2022-10-15,80.6,64.2
LUF,2022-10-16,78.0,62.6
LUF,2022-10-17,83.0,62.4
LUF,2022-10-18,86.7,64.0
LUF,2022-10-19,87.3,64.0
LUF,2022-10-20,88.5,62.0
LUF,2022-10-21,87.6,62.4
LUF,2022-10-22,86.0,63.0
LUF,2022-10-23,77.2,62.6
LUF,2022-10-24,71.0,52.5
LUF,2022-10-25,74.8,48.4
LUF,2022-10-26,77.0,49.6
LUF,2022-10-27,79.5,51.4
LUF,2022-10-28,78.3,51.0
LUF,2022-10-29,80.4,51.0
LUF,2022-10-30,77.5,52.0
LUF,2022-10-31,81.0,49.8
LUF,2022-11-01,77.7,56.0
LUF,2022-11-02,78.0,53.0
LUF,2022-11-03,63.0,47.7
LUF,2022-11-04,63.0,42.6
LUF,2022-11-05,67.3,43.3
LUF,2022-11-06,76.6,44.4
LUF,2022-11-07,77.5,49.0
LUF,2022-11-08,76.5,50.0
LUF,2022-11-09,64.6,53.0
LUF,2022-11-10,67.3,46.6
LUF,2022-11-11,68.0,44.6
LUF,2022-11-12,70.2,43.0
LUF,2022-11-13,66.4,40.5
LUF,2022-11-14,64.8,42.4
LUF,2022-11-15,69.0,40.3
LUF,2022-11-16,69.8,51.6
LUF,2022-11-17,70.7,43.7
LUF,2022-11-18,68.2,41.0
LUF,2022-11-19,72.3,42.0
LUF,2022-11-20,71.0,44.6
LUF,2022-11-21,71.4,41.5
LUF,2022-11-22,73.0,43.0
LUF,2022-11-23,70.7,42.4
LUF,2022-11-24,71.0,46.8
LUF,2022-11-25,69.8,44.0
LUF,2022-11-26,66.6,38.8
LUF,2022-11-27,67.0,38.5
LUF,2022-11-28,69.0,42.4
LUF,2022-11-29,65.0,42.3
LUF,2022-11-30,69.0,43.0
LUF,2022-12-01,70.3,42.0
LUF,2022-12-02,67.0,48.6
LUF,2022-12-03,59.2,47.0
LUF,2022-12-04,66.2,57.0
LUF,2022-12-05,69.0,56.0
LUF,2022-12-06,66.2,53.6
LUF,2022-12-07,64.0,46.6
LUF,2022-12-08,65.3,41.5
LUF,2022-12-09,63.0,42.3
LUF,2022-12-10,64.0,37.8
LUF,2022-12-11,65.8,38.8
LUF,2022-12-12,57.2,44.2
LUF,2022-12-13,53.6,40.0
LUF,2022-12-14,54.0,34.5
LUF,2022-12-15,55.8,34.7
LUF,2022-12-16,58.5,36.3
LUF,2022-12-17,60.3,32.4
LUF,2022-12-18,59.2,39.7
LUF,2022-12-19,61.2,35.0
LUF,2022-12-20,62.6,39.0
LUF,2022-12-21,63.5,35.8
LUF,2022-12-22,62.8,36.5
LUF,2022-12-23,66.4,42.3
LUF,2022-12-24,69.3,39.7
LUF,2022-12-25,73.0,45.0
LUF,2022-12-26,72.5,43.5
LUF,2022-12-27,68.7,44.0
LUF,2022-12-28,60.8,49.5
LUF,2022-12-29,62.0,44.8
LUF,2022-12-30,59.5,50.7
LUF,2022-12-31,65.0,48.2
LUF,2023-01-01,59.0,48.2
LUF,2023-01-02,58.0,46.4
LUF,2023-01-03,60.0,46.4
LUF,2023-01-04,65.0,48.2
LUF,2023-01-05,64.6,46.0
LUF,2023-01-06,63.0,44.8
LUF,2023-01-07,68.2,39.2
LUF,2023-01-08,69.0,41.5
LUF,2023-01-09,66.4,42.3
LUF,2023-01-10,68.0,46.2
LUF,2023-01-11,69.8,48.2
LUF,2023-01-12,73.4,41.0
LUF,2023-01-13,75.6,46.4
LUF,2023-01-14,62.0,44.2
LUF,2023-01-15,58.3,50.0
LUF,2023-01-16,59.5,49.8
LUF,2023-01-17,57.2,47.3
LUF,2023-01-18,57.7,43.3
LUF,2023-01-19,58.0,38.0
LUF,2023-01-20,56.3,42.8
LUF,2023-01-21,57.0,35.8
LUF,2023-01-22,57.6,34.3
LUF,2023-01-23,49.8,37.2
LUF,2023-01-24,55.0,32.5
LUF,2023-01-25,59.7,33.4
LUF,2023-01-26,62.6,40.8
LUF,2023-01-27,61.5,35.0
LUF,2023-01-28,62.6,34.0
LUF,2023-01-29,65.0,35.4
LUF,2023-01-30,59.0,46.4
LUF,2023-01-31,60.8,44.4
LUF,2023-02-01,66.6,42.0
LUF,2023-02-02,66.2,39.0
LUF,2023-02-03,72.5,41.5
LUF,2023-02-04,73.2,41.2
LUF,2023-02-05,71.8,40.8
LUF,2023-02-06,69.4,45.0
LUF,2023-02-07,67.3,42.0
LUF,2023-02-08,67.5,39.2
LUF,2023-02-09,68.4,40.0
LUF,2023-02-10,70.5,47.5
LUF,2023-02-11,73.0,46.0
LUF,2023-02-12,76.8,41.2
LUF,2023-02-13,56.3,42.0
LUF,2023-02-14,56.0,39.2
LUF,2023-02-15,53.6,36.7
LUF,2023-02-16,58.0,35.0
LUF,2023-02-17,65.0,42.0
LUF,2023-02-18,70.5,49.3
LUF,2023-02-19,75.2,45.5
LUF,2023-02-20,74.5,47.5
LUF,2023-02-21,68.2,53.2
LUF,2023-02-22,59.0,48.2
LUF,2023-02-23,60.0,39.4
LUF,2023-02-24,64.0,46.0
LUF,2023-02-25,75.2,47.5
LUF,2023-02-26,57.4,42.8
LUF,2023-02-27,62.4,37.6
LUF,2023-02-28,63.7,39.7
LUF,2023-03-01,62.0,41.0
LUF,2023-03-02,53.0,39.0
LUF,2023-03-03,60.8,40.0
LUF,2023-03-04,66.7,41.0
LUF,2023-03-05,68.7,42.4
LUF,2023-03-06,71.0,49.8
LUF,2023-03-07,71.6,50.4
LUF,2023-03-08,73.6,43.5
LUF,2023-03-09,73.2,45.3
LUF,2023-03-10,76.6,47.3
LUF,2023-03-11,77.5,60.0
LUF,2023-03-12,80.6,51.3
LUF,2023-03-13,78.8,52.2
LUF,2023-03-14,79.3,50.7
LUF,2023-03-15,66.2,55.4
LUF,2023-03-16,68.0,50.0
LUF,2023-03-17,72.0,48.0
LUF,2023-03-18,72.7,50.7
LUF,2023-03-19,70.7,52.5
LUF,2023-03-20,71.6,52.7
LUF,2023-03-21,64.4,58.6
LUF,2023-03-22,64.2,51.3
LUF,2023-03-23,67.0,46.0
LUF,2023-03-24,68.2,49.6
LUF,2023-03-25,69.8,43.5
LUF,2023-03-26,69.0,46.8
LUF,2023-03-27,71.0,44.8
LUF,2023-03-28,77.5,46.6
LUF,2023-03-29,79.5,47.3
LUF,2023-03-30,66.2,52.3
LUF,2023-03-31,69.0,44.2
LUF,2023-04-01,79.3,47.7
LUF,2023-04-02,80.4,49.0
LUF,2023-04-03,78.8,53.0
LUF,2023-04-04,61.2,46.8
LUF,2023-04-05,68.2,41.0
LUF,2023-04-06,79.2,45.0
LUF,2023-04-07,82.0,48.4
LUF,2023-04-08,83.0,48.7
LUF,2023-04-09,89.0,53.6
LUF,2023-04-10,95.7,58.8
LUF,2023-04-11,97.0,63.5
LUF,2023-04-12,89.8,63.0
LUF,2023-04-13,79.2,63.7
LUF,2023-04-14,75.4,57.4
LUF,2023-04-15,83.7,54.0
LUF,2023-04-16,89.6,56.0
LUF,2023-04-17,89.6,59.0
LUF,2023-04-18,83.5,64.4
LUF,2023-04-19,80.6,59.4
LUF,2023-04-20,84.7,53.0
LUF,2023-04-21,88.2,60.0
LUF,2023-04-22,93.4,62.0
LUF,2023-04-23,93.2,63.0
LUF,2023-04-24,91.4,66.2
LUF,2023-04-25,89.6,69.0
LUF,2023-04-26,88.5,68.0
LUF,2023-04-27,95.0,60.3
LUF,2023-04-28,98.0,63.0
LUF,2023-04-29,97.3,66.0
LUF,2023-04-30,100.4,66.4
LUF,2023-05-01,95.7,69.0
LUF,2023-05-02,87.6,62.6
LUF,2023-05-03,86.0,65.8
LUF,2023-05-04,77.0,60.6
LUF,2023-05-05,79.5,57.7
LUF,2023-05-06,84.2,57.4
LUF,2023-05-07,86.7,58.5
LUF,2023-05-08,91.0,60.8
LUF,2023-05-09,91.4,62.2
LUF,2023-05-10,78.8,64.2
LUF,2023-05-11,88.3,58.3
LUF,2023-05-12,94.3,62.4
LUF,2023-05-13,96.3,68.4
LUF,2023-05-14,98.8,69.0
LUF,2023-05-15,99.5,76.5
LUF,2023-05-16,100.0,80.8
LUF,2023-05-17,98.6,74.7
LUF,2023-05-18,98.8,75.7
LUF,2023-05-19,93.2,72.7
LUF,2023-05-20,95.2,67.5
LUF,2023-05-21,98.2,72.7
LUF,2023-05-22,98.8,77.0
LUF,2023-05-23,98.6,72.7
LUF,2023-05-24,96.6,71.0
LUF,2023-05-25,96.8,70.5
LUF,2023-05-26,93.6,71.0
LUF,2023-05-27,94.3,70.5
LUF,2023-05-28,96.4,67.0
LUF,2023-05-29,96.6,66.2
LUF,2023-05-30,96.8,67.8
LUF,2023-05-31,87.8,67.0
LUF,2023-06-01,89.8,68.7
LUF,2023-06-02,92.7,70.5
LUF,2023-06-03,98.8,73.4
LUF,2023-06-04,101.3,73.0
LUF,2023-06-05,104.0,73.4
LUF,2023-06-06,95.7,69.0
LUF,2023-06-07,92.5,65.7
LUF,2023-06-08,93.2,69.4
LUF,2023-06-09,94.0,67.6
LUF,2023-06-10,96.4,68.0
LUF,2023-06-11,88.5,70.0
LUF,2023-06-12,89.0,69.3
LUF,2023-06-13,92.8,72.7
LUF,2023-06-14,96.8,72.3
LUF,2023-06-15,96.8,76.0
LUF,2023-06-16,99.0,72.7
LUF,2023-06-17,101.5,74.5
LUF,2023-06-18,104.0,76.0
LUF,2023-06-19,100.4,76.6
LUF,2023-06-20,99.0,76.3
LUF,2023-06-21,102.2,73.0
LUF,2023-06-22,102.2,72.3
LUF,2023-06-23,96.0,71.8
LUF,2023-06-24,100.8,63.5
LUF,2023-06-25,106.3,72.5
LUF,2023-06-26,106.7,76.0
LUF,2023-06-27,104.2,74.3
LUF,2023-06-28,104.0,74.7
LUF,2023-06-29,102.6,72.3
LUF,2023-06-30,106.7,73.2
LUF,2023-07-01,110.0,80.4
LUF,2023-07-02,112.0,80.4
LUF,2023-07-03,113.4,83.5
LUF,2023-07-04,109.4,87.4
LUF,2023-07-05,107.6,85.5
LUF,2023-07-06,111.2,80.0
LUF,2023-07-07,107.6,83.5
LUF,2023-07-08,108.3,82.8
LUF,2023-07-09,107.0,85.0
LUF,2023-07-10,106.5,86.0
LUF,2023-07-11,106.2,91.0
LUF,2023-07-12,107.6,90.7
LUF,2023-07-13,111.4,91.0
LUF,2023-07-14,114.8,92.7
LUF,2023-07-15,116.6,93.4
LUF,2023-07-16,111.4,94.5
LUF,2023-07-17,113.5,93.0
LUF,2023-07-18,114.8,89.8
LUF,2023-07-19,115.0,90.5
LUF,2023-07-20,116.6,90.0
LUF,2023-07-21,115.0,89.6
LUF,2023-07-22,114.8,93.0
LUF,2023-07-23,109.4,89.4
LUF,2023-07-24,112.5,89.4
LUF,2023-07-25,114.3,91.0
LUF,2023-07-26,116.6,84.2
LUF,2023-07-27,113.0,87.6
LUF,2023-07-28,113.0,93.0
LUF,2023-07-29,111.7,91.6
LUF,2023-07-30,109.4,89.6
LUF,2023-07-31,104.7,82.0
LUF,2023-08-01,105.0,86.0
LUF,2023-08-02,107.4,90.5
LUF,2023-08-03,109.0,88.7
LUF,2023-08-04,110.0,80.8
LUF,2023-08-05,111.7,84.0
LUF,2023-08-06,109.4,86.4
LUF,2023-08-07,108.5,89.6
LUF,2023-08-08,106.0,89.6
LUF,2023-08-09,106.0,89.2
LUF,2023-08-10,104.5,89.6
LUF,2023-08-11,105.8,85.6
LUF,2023-08-12,104.0,85.0
LUF,2023-08-13,104.4,85.0
LUF,2023-08-14,102.4,83.3
LUF,2023-08-15,107.8,87.0
LUF,2023-08-16,109.4,85.6
LUF,2023-08-17,111.4,87.8
LUF,2023-08-18,104.0,83.0
LUF,2023-08-19,90.7,82.2
LUF,2023-08-20,98.6,80.6
LUF,2023-08-21,89.0,75.0
LUF,2023-08-22,100.0,75.4
LUF,2023-08-23,107.0,82.0
LUF,2023-08-24,103.0,86.5
LUF,2023-08-25,109.0,84.7
LUF,2023-08-26,109.8,88.3
LUF,2023-08-27,111.2,86.5
LUF,2023-08-28,113.0,89.2
LUF,2023-08-29,112.3,89.0
LUF,2023-08-30,109.2,87.3
LUF,2023-08-31,106.5,75.2
LUF,2023-09-01,86.0,75.2
LUF,2023-09-02,95.0,76.6
LUF,2023-09-03,98.6,76.3
LUF,2023-09-04,98.6,82.2
LUF,2023-09-05,100.4,74.3
LUF,2023-09-06,103.0,74.0
LUF,2023-09-07,105.6,73.6
LUF,2023-09-08,108.3,81.7
LUF,2023-09-09,112.0,84.0
LUF,2023-09-10,109.2,86.0
LUF,2023-09-11,104.0,82.8
LUF,2023-09-12,100.4,74.7
LUF,2023-09-13,96.0,76.0
LUF,2023-09-14,98.0,78.3
LUF,2023-09-15,100.4,75.4
LUF,2023-09-16,102.4,75.4
LUF,2023-09-17,100.8,75.6
LUF,2023-09-18,97.0,73.6
LUF,2023-09-19,90.7,71.2
LUF,2023-09-20,95.5,70.0
LUF,2023-09-21,95.4,68.7
LUF,2023-09-22,95.5,73.8
LUF,2023-09-23,94.0,76.0
LUF,2023-09-24,97.3,69.6
LUF,2023-09-25,100.4,70.7
LUF,2023-09-26,102.0,71.0
LUF,2023-09-27,102.0,71.0
LUF,2023-09-28,99.7,69.4
LUF,2023-09-29,97.7,66.6
LUF,2023-09-30,95.0,67.3
LUF,2023-10-01,83.3,67.6
LUF,2023-10-02,82.8,63.0
LUF,2023-10-03,86.4,64.0
LUF,2023-10-04,91.8,64.0
LUF,2023-10-05,97.3,69.8
LUF,2023-10-06,102.2,69.0
LUF,2023-10-07,100.4,76.3
LUF,2023-10-08,99.3,73.8
LUF,2023-10-09,97.5,73.2
LUF,2023-10-10,95.0,70.7
LUF,2023-10-11,90.5,70.0
LUF,2023-10-12,88.5,65.0
LUF,2023-10-13,88.7,61.0
LUF,2023-10-14,90.0,61.7
LUF,2023-10-15,98.0,63.3
LUF,2023-10-16,101.0,67.0
LUF,2023-10-17,98.2,70.0
LUF,2023-10-18,98.4,65.7
LUF,2023-10-19,101.5,67.3
LUF,2023-10-20,102.0,69.0
LUF,2023-10-21,99.3,68.0
LUF,2023-10-22,95.4,66.0
LUF,2023-10-23,84.2,69.8
LUF,2023-10-24,84.0,64.4
LUF,2023-10-25,82.4,62.4
LUF,2023-10-26,83.0,65.5
LUF,2023-10-27,85.3,61.0
LUF,2023-10-28,84.2,60.8
LUF,2023-10-29,77.5,59.7
LUF,2023-10-30,78.8,59.7
LUF,2023-10-31,80.0,52.7
LUF,2023-11-01,81.3,54.3
LUF,2023-11-02,83.0,51.6
LUF,2023-11-03,84.4,52.7
LUF,2023-11-04,87.3,53.2
LUF,2023-11-05,90.0,56.5
LUF,2023-11-06,89.8,59.4
LUF,2023-11-07,86.4,57.6
LUF,2023-11-08,78.0,58.0
LUF,2023-11-09,78.4,54.5
LUF,2023-11-10,75.4,49.5
LUF,2023-11-11,78.8,52.0
LUF,2023-11-12,82.0,58.5
LUF,2023-11-13,85.3,58.3
LUF,2023-11-14,86.0,62.0
LUF,2023-11-15,83.5,64.0
LUF,2023-11-16,76.3,64.2
LUF,2023-11-17,79.0,62.6
LUF,2023-11-18,73.4,60.8
LUF,2023-11-19,73.4,58.0
LUF,2023-11-20,73.8,53.4
LUF,2023-11-21,77.4,58.0
LUF,2023-11-22,75.2,53.2
LUF,2023-11-23,71.2,50.4
LUF,2023-11-24,71.2,48.0
LUF,2023-11-25,68.0,50.5
LUF,2023-11-26,70.3,45.0
LUF,2023-11-27,74.3,54.5
LUF,2023-11-28,77.0,58.3
LUF,2023-11-29,70.0,50.0
LUF,2023-11-30,63.0,51.6
LUF,2023-12-01,63.0,50.0
LUF,2023-12-02,64.4,44.2
LUF,2023-12-03,66.4,42.4
LUF,2023-12-04,68.0,44.0
LUF,2023-12-05,79.0,46.8
LUF,2023-12-06,81.0,52.3
LUF,2023-12-07,75.4,49.0
LUF,2023-12-08,69.4,45.0
LUF,2023-12-09,67.0,50.0
LUF,2023-12-10,69.8,45.3
LUF,2023-12-11,69.4,43.7
LUF,2023-12-12,69.0,45.7
LUF,2023-12-13,66.7,40.5
LUF,2023-12-14,67.3,39.6
LUF,2023-12-15,73.4,42.6
LUF,2023-12-16,78.8,46.4
LUF,2023-12-17,76.5,44.0
LUF,2023-12-18,72.0,49.3
LUF,2023-12-19,73.6,57.0
LUF,2023-12-20,75.0,55.6
LUF,2023-12-21,75.7,50.7
LUF,2023-12-22,60.8,53.2
LUF,2023-12-23,58.3,48.2
LUF,2023-12-24,61.3,44.6
LUF,2023-12-25,62.6,43.0
LUF,2023-12-26,61.5,40.0
LUF,2023-12-27,62.8,38.5
LUF,2023-12-28,66.6,41.0
LUF,2023-12-29,70.3,40.5
LUF,2023-12-30,69.8,42.8
LUF,2023-12-31,62.0,44.4
LUF,2024-01-01,60.8,44.0
LUF,2024-01-02,64.0,39.0
LUF,2024-01-03,60.6,41.4
LUF,2024-01-04,59.0,41.4
LUF,2024-01-05,57.4,40.0
LUF,2024-01-06,59.0,36.0
LUF,2024-01-07,53.6,38.3
LUF,2024-01-08,53.4,36.0
LUF,2024-01-09,54.0,31.5
LUF,2024-01-10,57.7,33.0
LUF,2024-01-11,57.6,36.0
LUF,2024-01-12,56.0,32.0
LUF,2024-01-13,60.4,33.4
LUF,2024-01-14,64.4,39.2
LUF,2024-01-15,66.0,37.0
LUF,2024-01-16,67.0,39.7
LUF,2024-01-17,64.4,41.7
LUF,2024-01-18,72.7,42.4
LUF,2024-01-19,73.0,46.0
LUF,2024-01-20,66.7,49.0
LUF,2024-01-21,59.0,50.4
LUF,2024-01-22,60.8,50.0
LUF,2024-01-23,60.8,52.0
LUF,2024-01-24,61.7,51.8
LUF,2024-01-25,64.8,48.4
LUF,2024-01-26,68.7,45.0
LUF,2024-01-27,74.5,44.0
LUF,2024-01-28,77.4,54.0
LUF,2024-01-29,78.0,52.0
LUF,2024-01-30,78.8,49.0
LUF,2024-01-31,77.0,50.4
LUF,2024-02-01,75.7,53.6
LUF,2024-02-02,62.8,51.6
LUF,2024-02-03,62.2,48.2
LUF,2024-02-04,68.0,48.0
LUF,2024-02-05,74.3,48.2
LUF,2024-02-06,64.6,50.0
LUF,2024-02-07,60.8,47.5
LUF,2024-02-08,55.8,42.3
LUF,2024-02-09,58.5,39.2
LUF,2024-02-10,59.4,45.0
LUF,2024-02-11,60.0,37.6
LUF,2024-02-12,64.6,38.5
LUF,2024-02-13,67.6,40.6
LUF,2024-02-14,68.0,42.0
LUF,2024-02-15,69.6,44.2
LUF,2024-02-16,71.4,46.0
LUF,2024-02-17,73.2,48.4
LUF,2024-02-18,74.7,47.7
LUF,2024-02-19,75.4,49.0
LUF,2024-02-20,78.0,50.0
LUF,2024-02-21,73.4,53.8
LUF,2024-02-22,73.8,49.5
LUF,2024-02-23,79.0,51.0
LUF,2024-02-24,76.0,54.0
LUF,2024-02-25,80.0,55.0
LUF,2024-02-26,74.7,60.6
LUF,2024-02-27,73.6,58.3
LUF,2024-02-28,78.0,53.6
LUF,2024-02-29,75.2,51.0
LUF,2024-03-01,77.4,50.7
LUF,2024-03-02,75.6,51.0
LUF,2024-03-03,70.3,53.6
LUF,2024-03-04,70.0,53.6
LUF,2024-03-05,74.5,48.4
LUF,2024-03-06,73.4,53.8
LUF,2024-03-07,62.0,46.4
LUF,2024-03-08,68.7,52.7
LUF,2024-03-09,73.4,49.6
LUF,2024-03-10,78.4,58.6
LUF,2024-03-11,78.6,53.6
LUF,2024-03-12,75.6,52.0
LUF,2024-03-13,77.0,51.3
LUF,2024-03-14,70.0,48.6
LUF,2024-03-15,60.8,49.5
LUF,2024-03-16,64.4,46.4
LUF,2024-03-17,68.0,51.0
LUF,2024-03-18,75.0,48.7
LUF,2024-03-19,76.0,52.0
LUF,2024-03-20,78.0,51.8
LUF,2024-03-21,83.3,53.0
LUF,2024-03-22,83.0,56.7
LUF,2024-03-23,80.0,58.3
LUF,2024-03-24,66.6,51.8
LUF,2024-03-25,72.3,47.5
LUF,2024-03-26,72.5,56.0
LUF,2024-03-27,75.4,49.0
LUF,2024-03-28,78.3,51.3
LUF,2024-03-29,82.4,53.0
LUF,2024-03-30,84.2,55.6
LUF,2024-03-31,64.4,50.0
LUF,2024-04-01,62.6,49.6
LUF,2024-04-02,75.4,50.0
LUF,2024-04-03,81.0,53.0
LUF,2024-04-04,85.0,55.6
LUF,2024-04-05,71.0,55.8
LUF,2024-04-06,68.0,48.4
LUF,2024-04-07,74.0,46.2
LUF,2024-04-08,75.2,52.0
LUF,2024-04-09,83.0,53.4
LUF,2024-04-10,85.6,54.0
LUF,2024-04-11,92.0,57.0
LUF,2024-04-12,92.0,59.7
LUF,2024-04-13,87.0,59.0
LUF,2024-04-14,80.6,56.3
LUF,2024-04-15,77.0,55.4
LUF,2024-04-16,86.5,54.5
LUF,2024-04-17,89.8,60.0
LUF,2024-04-18,89.4,59.5
LUF,2024-04-19,91.4,59.4
LUF,2024-04-20,92.0,66.6
LUF,2024-04-21,95.7,64.0
LUF,2024-04-22,97.3,66.0
LUF,2024-04-23,94.0,69.0
LUF,2024-04-24,89.6,65.0
LUF,2024-04-25,82.2,67.6
LUF,2024-04-26,78.4,64.0
LUF,2024-04-27,80.0,59.0
LUF,2024-04-28,86.0,58.0
LUF,2024-04-29,91.2,62.2
LUF,2024-04-30,92.3,63.7
LUF,2024-05-01,90.3,66.4
LUF,2024-05-02,92.0,67.5
LUF,2024-05-03,93.2,69.6
LUF,2024-05-04,93.0,65.5
LUF,2024-05-05,82.4,68.0
LUF,2024-05-06,86.0,60.8
LUF,2024-05-07,89.0,59.5
LUF,2024-05-08,89.4,66.6
LUF,2024-05-09,86.4,59.7
LUF,2024-05-10,89.8,60.3
LUF,2024-05-11,91.6,65.0
LUF,2024-05-12,94.3,65.5
LUF,2024-05-13,98.4,69.3
LUF,2024-05-14,96.8,75.2
LUF,2024-05-15,95.0,74.3
LUF,2024-05-16,96.6,75.6
LUF,2024-05-17,100.4,70.0
LUF,2024-05-18,100.4,77.4
LUF,2024-05-19,94.6,75.4
LUF,2024-05-20,90.0,74.0
LUF,2024-05-21,92.3,65.0
LUF,2024-05-22,94.3,64.8
LUF,2024-05-23,95.0,71.2
LUF,2024-05-24,96.8,71.6
LUF,2024-05-25,88.3,71.4
LUF,2024-05-26,95.0,67.5
LUF,2024-05-27,99.0,70.0
LUF,2024-05-28,102.4,70.0
LUF,2024-05-29,101.0,71.8
LUF,2024-05-30,101.0,70.3
LUF,2024-05-31,103.0,71.6
LUF,2024-06-01,102.0,73.2
LUF,2024-06-02,101.3,78.8
LUF,2024-06-03,101.0,72.0
LUF,2024-06-04,101.0,75.4
LUF,2024-06-05,107.8,79.0
LUF,2024-06-06,110.0,84.6
LUF,2024-06-07,108.5,87.4
LUF,2024-06-08,105.6,82.6
LUF,2024-06-09,104.7,82.0
LUF,2024-06-10,103.6,76.0
LUF,2024-06-11,109.6,75.6
LUF,2024-06-12,109.2,78.6
LUF,2024-06-13,106.5,78.3
LUF,2024-06-14,105.8,76.6
LUF,2024-06-15,111.2,78.4
LUF,2024-06-16,109.8,84.6
LUF,2024-06-17,103.0,81.3
LUF,2024-06-18,101.3,80.0
LUF,2024-06-19,101.7,82.0
LUF,2024-06-20,110.5,78.0
LUF,2024-06-21,114.8,88.5
LUF,2024-06-22,105.3,89.6
LUF,2024-06-23,107.0,90.3
LUF,2024-06-24,111.2,86.0
LUF,2024-06-25,106.0,80.6
LUF,2024-06-26,109.6,81.3
LUF,2024-06-27,110.5,92.3
LUF,2024-06-28,109.4,91.6
LUF,2024-06-29,108.0,88.5
LUF,2024-06-30,108.0,91.4
LUF,2024-07-01,105.8,83.5
LUF,2024-07-03,99.0,94.6
LUF,2024-07-04,112.5,94.6
LUF,2024-07-05,115.7,89.4
LUF,2024-07-06,113.0,91.6
LUF,2024-07-07,113.0,89.6
LUF,2024-07-08,115.5,88.3
LUF,2024-07-09,114.0,89.6
LUF,2024-07-10,113.7,90.7
LUF,2024-07-11,113.4,90.3
LUF,2024-07-12,111.6,89.0
LUF,2024-07-13,110.7,94.0
LUF,2024-07-14,107.8,87.8
LUF,2024-07-15,109.0,86.0
LUF,2024-07-16,109.4,89.8
LUF,2024-07-17,109.8,90.7
LUF,2024-07-18,109.6,87.8
LUF,2024-07-19,111.6,89.6
LUF,2024-07-20,112.5,92.3
LUF,2024-07-21,109.4,79.5
LUF,2024-07-22,108.0,80.6
LUF,2024-07-23,110.7,91.0
LUF,2024-07-24,113.0,86.0
LUF,2024-07-25,111.2,82.6
LUF,2024-07-26,109.4,82.6
LUF,2024-07-27,109.6,91.0
LUF,2024-07-28,107.6,88.5
LUF,2024-07-29,108.3,87.0
LUF,2024-07-30,107.6,89.0
LUF,2024-07-31,108.0,86.0
LUF,2024-08-01,105.8,87.3
LUF,2024-08-02,109.0,88.3
LUF,2024-08-03,112.0,91.2
LUF,2024-08-04,114.8,91.0
LUF,2024-08-05,110.5,89.6
LUF,2024-08-06,109.0,93.4
LUF,2024-08-07,102.7,82.2
LUF,2024-08-08,107.6,87.0
LUF,2024-08-09,106.7,86.0
LUF,2024-08-10,109.4,91.8
LUF,2024-08-11,103.0,87.4
LUF,2024-08-12,104.5,86.0
LUF,2024-08-13,105.8,89.4
LUF,2024-08-14,106.0,89.2
LUF,2024-08-15,107.8,87.3
LUF,2024-08-16,109.4,90.5
LUF,2024-08-17,109.8,92.3
LUF,2024-08-18,99.7,78.6
LUF,2024-08-19,109.0,83.0
LUF,2024-08-20,111.2,89.2
LUF,2024-08-21,104.0,90.5
LUF,2024-08-22,105.8,87.0
LUF,2024-08-23,106.0,84.0
LUF,2024-08-24,103.5,83.0
LUF,2024-08-25,104.0,86.0
LUF,2024-08-26,107.0,80.8
LUF,2024-08-27,106.7,81.0
LUF,2024-08-28,104.0,91.0
LUF,2024-08-29,106.7,83.0
LUF,2024-08-30,107.8,83.0
LUF,2024-08-31,106.0,86.0
LUF,2024-09-01,107.6,84.6
LUF,2024-09-02,106.3,82.8
LUF,2024-09-03,105.0,86.4
LUF,2024-09-04,108.0,83.7
LUF,2024-09-05,113.0,83.7
LUF,2024-09-06,108.0,90.3
LUF,2024-09-07,106.0,91.0
LUF,2024-09-08,107.6,87.3
LUF,2024-09-09,105.8,82.0
LUF,2024-09-10,107.8,79.0
LUF,2024-09-11,106.3,78.0
LUF,2024-09-12,105.4,76.6
LUF,2024-09-13,102.0,72.3
LUF,2024-09-14,99.0,82.0
LUF,2024-09-15,100.6,79.3
LUF,2024-09-16,99.3,75.6
LUF,2024-09-17,90.5,74.0
LUF,2024-09-18,91.8,67.0
LUF,2024-09-19,94.3,70.0
LUF,2024-09-20,94.0,73.6
LUF,2024-09-21,89.0,72.0
LUF,2024-09-22,97.5,69.6
LUF,2024-09-23,102.2,73.4
LUF,2024-09-24,104.0,75.4
LUF,2024-09-25,108.0,76.0
LUF,2024-09-26,106.7,78.6
LUF,2024-09-27,110.0,78.0
LUF,2024-09-28,114.0,81.7
LUF,2024-09-29,108.7,84.2
LUF,2024-09-30,106.3,77.7
LUF,2024-10-01,109.6,80.0
LUF,2024-10-02,104.0,82.0
LUF,2024-10-03,107.0,77.7
LUF,2024-10-04,106.5,75.4
LUF,2024-10-05,106.7,77.0
LUF,2024-10-06,107.6,78.3
LUF,2024-10-07,105.6,77.4
LUF,2024-10-08,104.0,76.0
LUF,2024-10-09,102.7,74.0
LUF,2024-10-10,103.6,75.0
LUF,2024-10-11,102.2,73.0
LUF,2024-10-12,102.0,72.0
LUF,2024-10-13,100.6,71.0
LUF,2024-10-14,98.6,70.7
LUF,2024-10-15,94.3,68.0
LUF,2024-10-16,93.0,66.4
LUF,2024-10-17,86.5,68.7
LUF,2024-10-18,75.2,60.0
LUF,2024-10-19,71.4,58.5
LUF,2024-10-20,79.3,57.0
LUF,2024-10-21,86.0,58.0
LUF,2024-10-22,93.0,59.0
LUF,2024-10-23,95.7,61.0
LUF,2024-10-24,93.2,60.4
LUF,2024-10-25,94.6,60.4
LUF,2024-10-26,95.5,59.4
LUF,2024-10-27,94.0,62.6
LUF,2024-10-28,91.4,59.0
LUF,2024-10-29,75.0,60.8
LUF,2024-10-30,73.6,52.0
LUF,2024-10-31,77.0,48.0
LUF,2024-11-01,79.7,51.3
LUF,2024-11-02,76.0,49.5
LUF,2024-11-03,71.6,55.2
LUF,2024-11-04,70.3,48.7
LUF,2024-11-05,71.4,46.0
LUF,2024-11-06,69.6,47.3
LUF,2024-11-07,66.7,47.0
LUF,2024-11-08,67.0,42.3
LUF,2024-11-09,73.0,42.8
LUF,2024-11-10,79.3,45.7
LUF,2024-11-11,80.0,48.7
LUF,2024-11-12,76.5,46.2
LUF,2024-11-13,76.6,46.8
LUF,2024-11-14,80.6,46.2
LUF,2024-11-15,69.3,48.6
LUF,2024-11-16,61.7,47.3
LUF,2024-11-17,70.0,43.0
LUF,2024-11-18,67.3,43.0
LUF,2024-11-19,69.4,44.8
LUF,2024-11-20,75.0,44.6
LUF,2024-11-21,79.7,43.7
LUF,2024-11-22,79.7,43.0
LUF,2024-11-23,77.0,44.6
LUF,2024-11-24,74.0,46.6
LUF,2024-11-25,75.2,51.6
LUF,2024-11-26,76.0,51.6
LUF,2024-11-27,75.2,56.0
LUF,2024-11-28,71.8,52.0
LUF,2024-11-29,74.0,51.0
LUF,2024-11-30,77.0,51.4
LUF,2024-12-01,76.0,48.0
LUF,2024-12-02,78.6,47.0
LUF,2024-12-03,80.4,51.6
LUF,2024-12-04,75.0,47.7
LUF,2024-12-05,77.5,49.0
LUF,2024-12-06,78.6,55.0
LUF,2024-12-07,74.7,49.6
LUF,2024-12-08,72.5,45.3
LUF,2024-12-09,71.6,44.2
LUF,2024-12-10,66.4,47.7
LUF,2024-12-11,68.0,41.0
LUF,2024-12-12,71.2,46.0
LUF,2024-12-13,66.4,43.7
LUF,2024-12-14,67.6,42.6
LUF,2024-12-15,69.8,40.0
LUF,2024-12-16,72.5,39.6
LUF,2024-12-17,71.0,40.5
LUF,2024-12-18,80.8,42.3
LUF,2024-12-19,79.3,47.0
LUF,2024-12-20,78.8,46.6
LUF,2024-12-21,77.0,44.4
LUF,2024-12-22,72.0,43.0
LUF,2024-12-23,74.0,48.2
LUF,2024-12-24,75.0,46.4
LUF,2024-12-25,69.0,48.7
LUF,2024-12-26,63.7,45.5
LUF,2024-12-27,65.7,41.0
LUF,2024-12-28,68.0,42.4
LUF,2024-12-29,72.3,42.8
LUF,2024-12-30,71.2,42.3
LUF,2024-12-31,70.0,42.4
LUF,2025-01-01,70.3,42.0
LUF,2025-01-02,74.0,42.6
LUF,2025-01-03,74.5,44.2
LUF,2025-01-04,70.3,41.7
LUF,2025-01-05,68.0,41.0
LUF,2025-01-06,68.0,40.6
LUF,2025-01-07,68.0,41.0
LUF,2025-01-08,67.3,48.6
LUF,2025-01-09,64.6,37.6
LUF,2025-01-10,62.4,44.6
LUF,2025-01-11,61.5,34.5
LUF,2025-01-12,62.6,37.2
LUF,2025-01-13,60.4,33.4
LUF,2025-01-14,65.5,35.0
LUF,2025-01-15,72.5,44.2
LUF,2025-01-16,73.4,49.3
LUF,2025-01-17,64.8,49.5
LUF,2025-01-18,65.0,37.6
LUF,2025-01-19,64.0,35.2
LUF,2025-01-20,65.5,35.8
LUF,2025-01-21,59.0,39.7
LUF,2025-01-22,61.5,34.0
LUF,2025-01-23,63.3,43.5
LUF,2025-01-24,67.0,37.8
LUF,2025-01-25,66.0,40.5
LUF,2025-01-26,66.4,36.0
LUF,2025-01-27,59.0,41.0
LUF,2025-01-28,59.5,40.3
LUF,2025-01-29,56.3,42.6
LUF,2025-01-30,61.5,37.8
LUF,2025-01-31,65.0,39.6
LUF,2025-02-01,72.0,42.4
LUF,2025-02-02,78.0,46.0
LUF,2025-02-03,82.2,50.4
LUF,2025-02-04,82.8,52.5
LUF,2025-02-05,77.5,50.5
LUF,2025-02-06,77.0,47.0
LUF,2025-02-07,74.3,49.3
LUF,2025-02-08,75.6,52.3
LUF,2025-02-09,74.0,51.4
LUF,2025-02-10,76.3,49.0
LUF,2025-02-11,67.3,47.0
LUF,2025-02-12,61.7,50.0
LUF,2025-02-13,67.0,47.0
LUF,2025-02-14,72.3,53.6
LUF,2025-02-15,70.3,46.8
LUF,2025-02-16,72.0,48.2
LUF,2025-02-17,74.7,49.6
LUF,2025-02-18,75.4,47.3
LUF,2025-02-19,77.0,50.0
LUF,2025-02-20,78.8,46.6
LUF,2025-02-21,75.0,50.0
LUF,2025-02-22,77.7,48.0
LUF,2025-02-23,79.7,46.4
LUF,2025-02-24,84.6,50.0
LUF,2025-02-25,87.0,53.0
LUF,2025-02-26,87.8,54.7
LUF,2025-02-27,86.0,61.7
LUF,2025-02-28,80.2,54.0
LUF,2025-03-01,82.4,51.3
LUF,2025-03-02,78.8,51.0
LUF,2025-03-03,64.4,50.4
LUF,2025-03-04,70.0,44.6
LUF,2025-03-05,73.0,48.4
LUF,2025-03-06,69.8,57.2
LUF,2025-03-07,59.4,47.7
LUF,2025-03-08,66.2,43.0
LUF,2025-03-09,75.7,45.0
LUF,2025-03-10,81.5,50.4
LUF,2025-03-11,75.6,52.0
LUF,2025-03-12,70.0,53.6
LUF,2025-03-13,69.8,48.7
LUF,2025-03-14,56.3,44.2
LUF,2025-03-15,66.7,44.6
LUF,2025-03-16,73.6,46.8
LUF,2025-03-17,78.4,53.6
LUF,2025-03-18,71.6,56.5
LUF,2025-03-19,72.0,52.0
LUF,2025-03-20,78.4,48.4
LUF,2025-03-21,81.5,53.2
LUF,2025-03-22,84.7,53.8
LUF,2025-03-23,86.0,57.6
LUF,2025-03-24,93.2,60.3
LUF,2025-03-25,97.3,63.7
LUF,2025-03-26,90.7,65.3
LUF,2025-03-27,86.7,62.2
LUF,2025-03-28,81.0,65.7
LUF,2025-03-29,80.6,62.4
LUF,2025-03-30,80.6,55.8
LUF,2025-03-31,80.0,60.3
LUF,2025-04-01,73.0,60.8
LUF,2025-04-02,64.4,52.0
LUF,2025-04-03,69.0,48.6
LUF,2025-04-04,71.0,49.0
LUF,2025-04-05,77.5,54.7
LUF,2025-04-06,79.0,55.6
LUF,2025-04-07,85.0,53.4
LUF,2025-04-08,90.0,57.2
LUF,2025-04-09,95.0,59.5
LUF,2025-04-10,97.5,62.0
LUF,2025-04-11,98.8,64.4
LUF,2025-04-12,96.0,62.6
LUF,2025-04-13,91.6,66.0
LUF,2025-04-14,90.5,66.6
LUF,2025-04-15,91.4,61.0
LUF,2025-04-16,91.2,63.3
LUF,2025-04-17,77.4,62.0
LUF,2025-04-18,75.2,53.4
LUF,2025-04-19,71.8,49.6
LUF,2025-04-20,83.0,52.7
LUF,2025-04-21,88.3,58.3
LUF,2025-04-22,90.7,59.0
LUF,2025-04-23,89.6,62.8
LUF,2025-04-24,87.8,63.0
LUF,2025-04-25,88.3,62.6
LUF,2025-04-26,80.6,63.0
LUF,2025-04-27,75.2,58.3
LUF,2025-04-28,78.8,56.0
LUF,2025-04-29,87.8,60.3
LUF,2025-04-30,89.6,62.0
LUF,2025-05-01,92.0,65.5
LUF,2025-05-02,93.0,69.0
LUF,2025-05-03,93.2,66.7
LUF,2025-05-04,79.0,57.2
LUF,2025-05-05,68.0,60.8
LUF,2025-05-06,75.2,60.0
LUF,2025-05-07,82.0,64.2
LUF,2025-05-08,92.7,63.0
LUF,2025-05-09,101.0,70.5
LUF,2025-05-10,100.4,75.6
LUF,2025-05-11,101.0,74.0
LUF,2025-05-12,97.0,78.6
LUF,2025-05-13,87.8,70.5
LUF,2025-05-14,82.8,61.0
LUF,2025-05-15,89.6,63.3
LUF,2025-05-16,92.0,64.0
LUF,2025-05-17,91.4,70.3
LUF,2025-05-18,86.7,63.7
LUF,2025-05-19,93.7,69.0
LUF,2025-05-20,97.0,69.8
LUF,2025-05-21,101.0,68.5
LUF,2025-05-22,103.5,70.7
LUF,2025-05-23,102.2,75.2
LUF,2025-05-24,96.4,75.7
LUF,2025-05-25,95.0,70.0
LUF,2025-05-26,98.0,69.4
LUF,2025-05-27,96.4,70.7
LUF,2025-05-28,99.3,70.0
LUF,2025-05-29,95.0,75.0
LUF,2025-05-30,104.0,69.6
LUF,2025-05-31,102.0,82.2
LUF,2025-06-01,89.8,69.8
LUF,2025-06-02,87.4,66.2
LUF,2025-06-03,94.5,76.0
LUF,2025-06-04,95.0,76.6
LUF,2025-06-05,98.4,77.4
LUF,2025-06-06,101.5,80.0
LUF,2025-06-07,104.0,77.0
LUF,2025-06-08,106.0,82.0
LUF,2025-06-09,107.2,76.6
LUF,2025-06-10,106.7,78.8
LUF,2025-06-11,107.8,78.6
LUF,2025-06-12,107.6,80.4
LUF,2025-06-13,104.5,76.5
LUF,2025-06-14,108.0,77.0
LUF,2025-06-15,112.3,77.5
LUF,2025-06-16,113.0,78.6
LUF,2025-06-17,109.4,81.5
LUF,2025-06-18,111.4,80.0
LUF,2025-06-19,114.8,80.8
LUF,2025-06-20,107.6,82.6
LUF,2025-06-21,104.5,83.7
LUF,2025-06-22,97.0,75.7
LUF,2025-06-23,100.4,77.4
LUF,2025-06-24,101.3,73.4
LUF,2025-06-25,101.0,72.7
LUF,2025-06-26,104.0,75.0
LUF,2025-06-27,106.0,77.0
LUF,2025-06-28,108.3,83.7
LUF,2025-06-29,113.0,90.3
LUF,2025-06-30,116.6,89.4
LUF,2025-07-01,111.2,93.2
LUF,2025-07-02,105.4,76.3
LUF,2025-07-03,100.0,78.6
LUF,2025-07-04,102.0,78.8
LUF,2025-07-05,105.8,86.4
LUF,2025-07-06,109.4,87.0
LUF,2025-07-07,109.8,87.6
LUF,2025-07-08,111.6,90.0
LUF,2025-07-09,116.8,91.0
LUF,2025-07-10,113.0,92.7
LUF,2025-07-11,109.6,89.4
LUF,2025-07-12,107.6,86.5
LUF,2025-07-13,107.6,89.2
LUF,2025-07-14,106.3,89.4
LUF,2025-07-15,106.0,88.5
LUF,2025-07-16,98.6,81.5
LUF,2025-07-17,100.2,82.4
LUF,2025-07-18,106.0,86.7
LUF,2025-07-19,105.6,87.0
LUF,2025-07-20,95.0,88.7
LUF,2025-07-21,103.5,86.0
LUF,2025-07-22,102.2,85.3
LUF,2025-07-23,103.0,83.7
LUF,2025-07-24,105.8,79.0
LUF,2025-07-25,106.0,79.5
LUF,2025-07-26,105.3,78.0
LUF,2025-07-27,106.0,78.0
LUF,2025-07-28,110.3,80.0
LUF,2025-07-29,109.2,85.5
LUF,2025-07-30,109.2,84.0
LUF,2025-07-31,108.0,85.0
LUF,2025-08-01,108.5,88.7
LUF,2025-08-02,113.0,94.5
LUF,2025-08-03,111.2,80.8
LUF,2025-08-04,109.0,83.0
LUF,2025-08-05,113.0,85.5
LUF,2025-08-06,114.8,88.5
LUF,2025-08-07,116.8,90.7
LUF,2025-08-08,113.0,92.5
LUF,2025-08-09,110.5,90.0
LUF,2025-08-10,106.7,89.8
LUF,2025-08-11,111.6,91.2
LUF,2025-08-12,111.0,89.4
LUF,2025-08-13,108.3,91.6
LUF,2025-08-14,107.2,88.0
LUF,2025-08-15,102.7,78.0
LUF,2025-08-16,103.0,83.7
LUF,2025-08-17,103.6,82.6
LUF,2025-08-18,107.2,81.0
LUF,2025-08-19,108.3,85.0
LUF,2025-08-20,111.4,88.0
LUF,2025-08-21,112.0,92.3
LUF,2025-08-22,110.0,92.0
LUF,2025-08-23,108.5,92.0
LUF,2025-08-24,109.0,91.0
LUF,2025-08-25,102.4,77.0
LUF,2025-08-26,97.5,78.6
LUF,2025-08-27,101.3,80.6
LUF,2025-08-28,104.0,87.4
LUF,2025-08-29,102.0,82.0
LUF,2025-09-02,102.4,87.0
LUF,2025-09-03,103.0,78.4
LUF,2025-09-04,95.0,75.0
LUF,2025-09-05,97.5,80.6
LUF,2025-09-06,99.0,83.5
LUF,2025-09-07,102.2,85.0
LUF,2025-09-08,102.6,86.5
LUF,2025-09-09,105.8,85.0
LUF,2025-09-10,104.4,83.3
LUF,2025-09-11,101.0,78.6
LUF,2025-09-12,100.4,77.7
LUF,2025-09-13,95.7,75.2
LUF,2025-09-14,98.6,69.3
LUF,2025-09-15,103.0,72.7
LUF,2025-09-16,104.0,80.4
LUF,2025-09-17,100.0,84.2
LUF,2025-09-18,97.0,84.0
LUF,2025-09-19,95.5,75.0
LUF,2025-09-20,100.6,78.6
LUF,2025-09-21,98.4,80.4
LUF,2025-09-22,91.0,77.0
LUF,2025-09-23,100.8,75.7
LUF,2025-09-24,105.6,85.0
LUF,2025-09-25,105.8,81.5
LUF,2025-09-26,88.0,72.0
LUF,2025-09-27,86.0,70.0
LUF,2025-09-28,87.4,71.0
LUF,2025-09-29,91.2,71.0
LUF,2025-09-30,95.0,72.7
LUF,2025-10-01,95.0,74.0
LUF,2025-10-02,98.6,73.6
LUF,2025-10-03,99.0,73.2
LUF,2025-10-04,86.0,68.0
LUF,2025-10-05,87.4,63.0
LUF,2025-10-06,92.0,63.0
LUF,2025-10-07,97.0,64.0
LUF,2025-10-08,98.0,68.0
LUF,2025-10-09,97.0,80.0
LUF,2025-10-10,85.0,73.0
LUF,2025-10-11,85.0,70.0
LUF,2025-10-12,80.0,69.0
LUF,2025-10-13,85.0,72.0
LUF,2025-10-14,84.0,67.0
LUF,2025-10-15,80.0,63.0
LUF,2025-10-16,80.0,60.0
LUF,2025-10-17,82.0,57.0
LUF,2025-10-18,85.0,59.0
LUF,2025-10-19,88.0,59.0
LUF,2025-10-20,78.6,60.0
LUF,2025-10-21,89.4,61.5
LUF,2025-10-22,89.0,71.0
LUF,2025-10-23,87.0,64.0
LUF,2025-10-24,84.0,60.0
LUF,2025-10-25,86.0,61.0
LUF,2025-10-26,87.0,60.0
LUF,2025-10-27,88.0,60.0
LUF,2025-10-28,93.0,62.0
LUF,2025-10-29,91.0,67.0
LUF,2025-10-30,89.0,60.0
LUF,2025-10-31,87.0,59.0
LUF,2025-11-01,86.0,56.0
LUF,2025-11-02,87.0,56.0
LUF,2025-11-03,88.0,60.0
LUF,2025-11-04,89.0,57.0
LUF,2025-11-05,87.0,58.0
LUF,2025-11-06,85.0,57.0
LUF,2025-11-07,84.0,57.0
LUF,2025-11-08,84.0,56.0
LUF,2025-11-09,90.0,57.0
LUF,2025-11-10,88.0,58.0
LUF,2025-11-11,85.0,57.0
LUF,2025-11-12,84.0,58.0
LUF,2025-11-13,85.0,61.0
LUF,2025-11-14,85.0,56.0
LUF,2025-11-15,82.0,57.0
LUF,2025-11-16,75.0,64.0
LUF,2025-11-17,74.0,52.0
LUF,2025-11-18,71.0,60.0
LUF,2025-11-19,65.0,59.0
LUF,2025-11-20,65.0,54.0
LUF,2025-11-21,66.0,53.0
LUF,2025-11-22,69.0,56.0
LUF,2025-11-23,64.0,57.0
LUF,2025-11-24,67.0,50.0
LUF,2025-11-25,72.0,50.0
LUF,2025-11-26,78.0,51.0
LUF,2025-11-27,78.0,54.0
LUF,2025-11-28,75.0,50.0
LUF,2025-11-29,72.0,50.0
LUF,2025-11-30,71.0,49.0
LUF,2025-12-01,71.0,51.0
LUF,2025-12-02,68.0,46.0
LUF,2025-12-03,67.0,44.0
LUF,2025-12-04,65.0,44.0
LUF,2025-12-05,65.0,43.0
LUF,2025-12-06,66.0,42.0
LUF,2025-12-07,71.0,43.0
LUF,2025-12-08,73.0,45.0
LUF,2025-12-09,75.0,45.0
LUF,2025-12-10,74.0,46.0
LUF,2025-12-11,78.0,48.0
LUF,2025-12-12,77.0,49.0
LUF,2025-12-13,77.0,49.0
LUF,2025-12-14,79.0,50.0
LUF,2025-12-15,80.0,50.0
LUF,2025-12-16,75.0,47.0
LUF,2025-12-17,74.0,48.0
LUF,2025-12-18,74.0,47.0
LUF,2025-12-19,77.0,49.0
LUF,2025-12-20,74.0,48.0
LUF,2025-12-21,79.0,47.0
LUF,2025-12-22,78.0,50.0
LUF,2025-12-23,75.0,51.0
LUF,2025-12-24,72.0,61.0
LUF,2025-12-25,74.0,61.0
LUF,2025-12-26,70.0,54.0
LUF,2025-12-27,70.0,58.0
LUF,2025-12-28,68.0,45.0
LUF,2025-12-29,77.0,50.0
LUF,2025-12-30,75.0,57.0
LUF,2025-12-31,71.0,52.0
