POINT,DATE,TMAX,TMIN,PRCP
Gilbert,2016-01-01,65.6,31.7,0.0
Gilbert,2016-01-02,69.0,39.8,0.0
Gilbert,2016-01-03,71.5,41.2,0.0
Gilbert,2016-01-04,58.1,51.0,0.205
Gilbert,2016-01-05,56.0,49.4,0.524
Gilbert,2016-01-06,57.8,46.0,0.492
Gilbert,2016-01-07,52.3,43.2,0.957
Gilbert,2016-01-08,52.1,37.3,0.098
Gilbert,2016-01-09,54.6,40.7,0.0
Gilbert,2016-01-10,54.2,37.6,0.0
Gilbert,2016-01-11,56.2,34.0,0.0
Gilbert,2016-01-12,61.8,31.4,0.0
Gilbert,2016-01-13,60.5,31.6,0.0
Gilbert,2016-01-14,59.1,33.8,0.0
Gilbert,2016-01-15,57.4,36.8,0.012
Gilbert,2016-01-16,57.7,32.7,0.0
Gilbert,2016-01-17,62.7,35.2,0.0
Gilbert,2016-01-18,65.5,37.8,0.0
Gilbert,2016-01-19,64.0,36.7,0.0
Gilbert,2016-01-20,64.8,40.2,0.0
Gilbert,2016-01-21,66.9,37.8,0.0
Gilbert,2016-01-22,71.4,38.1,0.0
Gilbert,2016-01-23,71.0,40.6,0.0
Gilbert,2016-01-24,63.1,42.5,0.0
Gilbert,2016-01-25,62.7,37.1,0.0
Gilbert,2016-01-26,65.2,36.9,0.0
Gilbert,2016-01-27,66.8,35.2,0.0
Gilbert,2016-01-28,68.4,38.1,0.0
Gilbert,2016-01-29,68.4,35.2,0.0
Gilbert,2016-01-30,71.7,39.8,0.0
Gilbert,2016-01-31,74.2,45.9,0.106
Gilbert,2016-02-01,52.7,41.1,0.15
Gilbert,2016-02-02,51.6,32.1,0.0
Gilbert,2016-02-03,53.4,27.5,0.0
Gilbert,2016-02-04,60.0,29.1,0.0
Gilbert,2016-02-05,65.1,33.3,0.0
Gilbert,2016-02-06,72.3,35.2,0.0
Gilbert,2016-02-07,77.7,36.9,0.0
Gilbert,2016-02-08,81.4,42.0,0.0
Gilbert,2016-02-09,82.5,44.4,0.0
Gilbert,2016-02-10,82.6,43.9,0.0
Gilbert,2016-02-11,82.2,43.5,0.0
Gilbert,2016-02-12,84.3,44.2,0.0
Gilbert,2016-02-13,82.9,43.5,0.0
Gilbert,2016-02-14,79.4,44.3,0.0
Gilbert,2016-02-15,81.2,46.2,0.0
Gilbert,2016-02-16,84.4,47.4,0.0
Gilbert,2016-02-17,86.9,47.3,0.0
Gilbert,2016-02-18,80.4,52.5,0.0
Gilbert,2016-02-19,81.1,53.2,0.0
Gilbert,2016-02-20,82.1,45.4,0.0
Gilbert,2016-02-21,82.0,46.2,0.0
Gilbert,2016-02-22,81.3,46.5,0.0
Gilbert,2016-02-23,71.2,48.2,0.0
Gilbert,2016-02-24,74.6,45.9,0.0
Gilbert,2016-02-25,81.0,44.2,0.0
Gilbert,2016-02-26,85.3,48.3,0.0
Gilbert,2016-02-27,83.8,47.7,0.0
Gilbert,2016-02-28,83.4,46.9,0.0
Gilbert,2016-02-29,84.5,50.2,0.0
Gilbert,2016-03-01,85.4,49.7,0.0
Gilbert,2016-03-02,86.3,50.3,0.0
Gilbert,2016-03-03,86.1,50.8,0.0
Gilbert,2016-03-04,87.0,50.2,0.0
Gilbert,2016-03-05,82.0,54.2,0.0
Gilbert,2016-03-06,80.7,56.4,0.0
Gilbert,2016-03-07,70.0,48.9,0.0
Gilbert,2016-03-08,70.9,47.1,0.0
Gilbert,2016-03-09,77.6,43.5,0.0
Gilbert,2016-03-10,83.6,48.7,0.0
Gilbert,2016-03-11,86.1,49.2,0.0
Gilbert,2016-03-12,69.9,51.9,0.0
Gilbert,2016-03-13,75.4,45.5,0.0
Gilbert,2016-03-14,78.1,50.1,0.0
Gilbert,2016-03-15,83.9,48.3,0.0
Gilbert,2016-03-16,85.4,48.2,0.0
Gilbert,2016-03-17,86.3,49.8,0.0
Gilbert,2016-03-18,86.8,51.0,0.0
Gilbert,2016-03-19,87.9,53.7,0.0
Gilbert,2016-03-20,88.9,53.7,0.0
Gilbert,2016-03-21,90.1,55.1,0.0
Gilbert,2016-03-22,79.6,57.9,0.0
Gilbert,2016-03-23,74.3,51.8,0.0
Gilbert,2016-03-24,78.3,44.7,0.0
Gilbert,2016-03-25,83.2,48.2,0.0
Gilbert,2016-03-26,84.3,53.7,0.0
Gilbert,2016-03-27,84.7,49.9,0.0
Gilbert,2016-03-28,82.6,55.8,0.0
Gilbert,2016-03-29,67.2,54.9,0.0
Gilbert,2016-03-30,66.3,47.0,0.0
Gilbert,2016-03-31,70.6,44.8,0.0
Gilbert,2016-04-01,76.2,47.2,0.0
Gilbert,2016-04-02,81.6,49.3,0.0
Gilbert,2016-04-03,86.9,52.9,0.0
Gilbert,2016-04-04,89.9,53.0,0.0
Gilbert,2016-04-05,90.2,56.4,0.0
Gilbert,2016-04-06,95.5,58.2,0.0
Gilbert,2016-04-07,92.0,65.5,0.0
Gilbert,2016-04-08,78.8,58.6,0.264
Gilbert,2016-04-09,79.8,56.3,0.0
Gilbert,2016-04-10,68.9,55.7,0.374
Gilbert,2016-04-11,71.8,51.8,0.0
Gilbert,2016-04-12,77.0,55.0,0.0
Gilbert,2016-04-13,82.3,55.8,0.0
Gilbert,2016-04-14,86.6,54.0,0.0
Gilbert,2016-04-15,80.7,56.6,0.0
Gilbert,2016-04-16,78.3,52.8,0.0
Gilbert,2016-04-17,80.7,58.6,0.0
Gilbert,2016-04-18,84.2,53.9,0.0
Gilbert,2016-04-19,89.0,53.6,0.0
Gilbert,2016-04-20,92.8,56.4,0.0
Gilbert,2016-04-21,95.2,56.5,0.0
Gilbert,2016-04-22,95.8,61.9,0.0
Gilbert,2016-04-23,87.2,62.3,0.0
Gilbert,2016-04-24,87.0,57.3,0.0
Gilbert,2016-04-25,79.2,63.0,0.0
Gilbert,2016-04-26,75.9,51.2,0.0
Gilbert,2016-04-27,82.1,52.6,0.0
Gilbert,2016-04-28,74.6,57.8,0.0
Gilbert,2016-04-29,79.7,57.7,0.0
Gilbert,2016-04-30,82.7,58.2,0.0
Gilbert,2016-05-01,76.5,54.1,0.0
Gilbert,2016-05-02,85.6,54.6,0.0
Gilbert,2016-05-03,91.8,59.7,0.0
Gilbert,2016-05-04,100.6,62.6,0.0
Gilbert,2016-05-05,96.0,66.2,0.0
Gilbert,2016-05-06,78.1,62.3,0.004
Gilbert,2016-05-07,75.8,52.8,0.134
Gilbert,2016-05-08,78.3,57.3,0.0
Gilbert,2016-05-09,83.7,57.3,0.0
Gilbert,2016-05-10,89.7,63.1,0.0
Gilbert,2016-05-11,93.4,69.0,0.0
Gilbert,2016-05-12,99.8,62.8,0.0
Gilbert,2016-05-13,102.0,65.4,0.0
Gilbert,2016-05-14,100.4,72.9,0.0
Gilbert,2016-05-15,93.6,69.0,0.0
Gilbert,2016-05-16,90.7,65.8,0.0
Gilbert,2016-05-17,89.3,64.1,0.0
Gilbert,2016-05-18,84.7,65.5,0.067
Gilbert,2016-05-19,91.3,61.7,0.0
Gilbert,2016-05-20,96.7,68.6,0.0
Gilbert,2016-05-21,91.7,66.7,0.0
Gilbert,2016-05-22,87.1,62.8,0.0
Gilbert,2016-05-23,88.5,60.8,0.0
Gilbert,2016-05-24,89.1,61.1,0.0
Gilbert,2016-05-25,89.9,61.1,0.0
Gilbert,2016-05-26,84.2,60.1,0.0
Gilbert,2016-05-27,90.6,61.5,0.0
Gilbert,2016-05-28,95.7,65.3,0.0
Gilbert,2016-05-29,96.4,66.9,0.0
Gilbert,2016-05-30,93.0,69.7,0.0
Gilbert,2016-05-31,96.9,61.8,0.0
Gilbert,2016-06-01,100.0,70.8,0.0
Gilbert,2016-06-02,106.0,74.3,0.0
Gilbert,2016-06-03,111.2,80.4,0.0
Gilbert,2016-06-04,113.2,75.3,0.0
Gilbert,2016-06-05,113.2,75.9,0.0
Gilbert,2016-06-06,110.0,77.3,0.0
Gilbert,2016-06-07,104.4,76.2,0.0
Gilbert,2016-06-08,104.9,75.0,0.0
Gilbert,2016-06-09,103.7,77.5,0.0
Gilbert,2016-06-10,99.8,78.4,0.098
Gilbert,2016-06-11,99.6,75.8,0.0
Gilbert,2016-06-12,102.3,73.2,0.0
Gilbert,2016-06-13,98.5,75.2,0.0
Gilbert,2016-06-14,98.9,69.2,0.0
Gilbert,2016-06-15,100.7,68.5,0.0
Gilbert,2016-06-16,100.3,69.9,0.0
Gilbert,2016-06-17,103.3,72.6,0.0
Gilbert,2016-06-18,109.5,70.4,0.0
Gilbert,2016-06-19,117.2,75.5,0.0
Gilbert,2016-06-20,113.5,83.0,0.0
Gilbert,2016-06-21,109.8,87.0,0.0
Gilbert,2016-06-22,110.6,81.3,0.0
Gilbert,2016-06-23,109.5,81.9,0.0
Gilbert,2016-06-24,108.8,84.6,0.0
Gilbert,2016-06-25,106.7,80.8,0.0
Gilbert,2016-06-26,102.8,83.1,0.0
Gilbert,2016-06-27,105.5,85.8,0.0
Gilbert,2016-06-28,107.7,83.1,0.012
Gilbert,2016-06-29,103.8,85.6,0.024
Gilbert,2016-06-30,92.4,80.3,0.079
Gilbert,2016-07-01,93.5,78.0,0.028
Gilbert,2016-07-02,99.4,76.8,0.004
Gilbert,2016-07-03,103.6,77.4,0.0
Gilbert,2016-07-04,106.8,84.9,0.0
Gilbert,2016-07-05,108.3,80.2,0.0
Gilbert,2016-07-06,105.3,79.8,0.0
Gilbert,2016-07-07,105.1,79.4,0.0
Gilbert,2016-07-08,106.7,77.9,0.0
Gilbert,2016-07-09,109.1,80.4,0.0
Gilbert,2016-07-10,109.0,81.7,0.0
Gilbert,2016-07-11,107.0,78.4,0.0
Gilbert,2016-07-12,107.9,77.6,0.0
Gilbert,2016-07-13,107.1,78.8,0.0
Gilbert,2016-07-14,109.6,86.9,0.0
Gilbert,2016-07-15,110.5,86.1,0.0
Gilbert,2016-07-16,106.8,85.9,0.0
Gilbert,2016-07-17,99.8,86.2,0.031
Gilbert,2016-07-18,103.8,85.5,0.0
Gilbert,2016-07-19,105.2,83.8,0.016
Gilbert,2016-07-20,106.0,83.3,0.0
Gilbert,2016-07-21,109.6,84.0,0.0
Gilbert,2016-07-22,110.4,87.8,0.0
Gilbert,2016-07-23,109.4,87.2,0.0
Gilbert,2016-07-24,105.9,84.3,0.035
Gilbert,2016-07-25,106.0,85.8,0.0
Gilbert,2016-07-26,107.8,85.8,0.028
Gilbert,2016-07-27,110.5,85.2,0.0
Gilbert,2016-07-28,109.5,87.0,0.0
Gilbert,2016-07-29,110.2,85.2,0.012
Gilbert,2016-07-30,102.4,84.3,0.083
Gilbert,2016-07-31,97.8,80.6,0.142
Gilbert,2016-08-01,92.5,80.8,0.154
Gilbert,2016-08-02,90.3,78.0,0.213
Gilbert,2016-08-03,91.2,78.2,0.02
Gilbert,2016-08-04,93.3,78.0,0.134
Gilbert,2016-08-05,92.8,77.8,0.138
Gilbert,2016-08-06,100.1,78.0,0.0
Gilbert,2016-08-07,104.1,80.5,0.0
Gilbert,2016-08-08,106.6,78.9,0.0
Gilbert,2016-08-09,95.0,83.9,0.138
Gilbert,2016-08-10,92.1,76.1,0.406
Gilbert,2016-08-11,89.5,71.7,0.776
Gilbert,2016-08-12,95.7,78.3,0.0
Gilbert,2016-08-13,98.8,75.6,0.0
Gilbert,2016-08-14,99.4,76.2,0.0
Gilbert,2016-08-15,104.6,77.3,0.0
Gilbert,2016-08-16,107.7,77.9,0.0
Gilbert,2016-08-17,107.1,78.3,0.0
Gilbert,2016-08-18,100.6,81.9,0.0
Gilbert,2016-08-19,102.1,78.8,0.0
Gilbert,2016-08-20,99.6,79.7,0.004
Gilbert,2016-08-21,99.1,76.7,0.0
Gilbert,2016-08-22,97.8,77.0,0.0
Gilbert,2016-08-23,97.8,78.3,0.0
Gilbert,2016-08-24,101.2,76.0,0.0
Gilbert,2016-08-25,98.3,74.2,0.0
Gilbert,2016-08-26,95.7,79.0,0.0
Gilbert,2016-08-27,96.2,77.1,0.008
Gilbert,2016-08-28,98.5,71.1,0.0
Gilbert,2016-08-29,103.4,72.2,0.0
Gilbert,2016-08-30,105.0,78.1,0.0
Gilbert,2016-08-31,102.7,83.3,0.0
Gilbert,2016-09-01,101.6,84.0,0.067
Gilbert,2016-09-02,100.0,81.6,0.0
Gilbert,2016-09-03,103.8,76.6,0.0
Gilbert,2016-09-04,100.3,71.4,0.0
Gilbert,2016-09-05,101.4,69.6,0.0
Gilbert,2016-09-06,98.7,73.7,0.0
Gilbert,2016-09-07,86.0,75.1,0.343
Gilbert,2016-09-08,91.4,73.3,0.0
Gilbert,2016-09-09,100.2,72.9,0.0
Gilbert,2016-09-10,101.7,74.3,0.0
Gilbert,2016-09-11,103.0,75.5,0.0
Gilbert,2016-09-12,97.3,77.2,0.004
Gilbert,2016-09-13,94.7,77.2,0.134
Gilbert,2016-09-14,95.3,74.9,0.0
Gilbert,2016-09-15,95.4,67.9,0.0
Gilbert,2016-09-16,95.2,63.3,0.0
Gilbert,2016-09-17,98.2,63.6,0.0
Gilbert,2016-09-18,102.4,65.2,0.0
Gilbert,2016-09-19,98.8,66.5,0.0
Gilbert,2016-09-20,88.2,77.2,0.0
Gilbert,2016-09-21,96.6,74.2,0.0
Gilbert,2016-09-22,86.0,75.2,0.087
Gilbert,2016-09-23,86.4,67.2,0.0
Gilbert,2016-09-24,88.3,56.5,0.0
Gilbert,2016-09-25,95.0,65.0,0.0
Gilbert,2016-09-26,87.7,74.0,0.012
Gilbert,2016-09-27,90.6,70.8,0.0
Gilbert,2016-09-28,93.8,70.1,0.004
Gilbert,2016-09-29,91.7,75.0,0.012
Gilbert,2016-09-30,92.8,69.3,0.0
Gilbert,2016-10-01,94.3,69.6,0.0
Gilbert,2016-10-02,86.4,70.6,0.37
Gilbert,2016-10-03,81.5,67.2,0.0
Gilbert,2016-10-04,81.5,55.8,0.0
Gilbert,2016-10-05,86.3,56.6,0.0
Gilbert,2016-10-06,87.3,59.6,0.0
Gilbert,2016-10-07,94.9,58.2,0.0
Gilbert,2016-10-08,94.9,74.3,0.012
Gilbert,2016-10-09,94.1,68.2,0.0
Gilbert,2016-10-10,94.6,66.1,0.0
Gilbert,2016-10-11,95.0,63.8,0.0
Gilbert,2016-10-12,91.9,61.8,0.0
Gilbert,2016-10-13,91.5,59.3,0.0
Gilbert,2016-10-14,94.1,59.0,0.0
Gilbert,2016-10-15,92.7,61.0,0.0
Gilbert,2016-10-16,91.8,61.5,0.0
Gilbert,2016-10-17,89.3,62.8,0.0
Gilbert,2016-10-18,89.0,61.2,0.0
Gilbert,2016-10-19,91.4,59.0,0.0
Gilbert,2016-10-20,96.3,58.8,0.0
Gilbert,2016-10-21,96.0,69.5,0.0
Gilbert,2016-10-22,96.0,66.4,0.0
Gilbert,2016-10-23,94.1,64.4,0.0
Gilbert,2016-10-24,90.6,65.9,0.0
Gilbert,2016-10-25,89.8,68.1,0.0
Gilbert,2016-10-26,93.5,63.1,0.0
Gilbert,2016-10-27,97.8,66.8,0.0
Gilbert,2016-10-28,93.0,71.2,0.0
Gilbert,2016-10-29,92.9,64.2,0.0
Gilbert,2016-10-30,92.1,66.0,0.0
Gilbert,2016-10-31,85.9,64.7,0.0
Gilbert,2016-11-01,79.9,61.5,0.0
Gilbert,2016-11-02,81.7,54.1,0.0
Gilbert,2016-11-03,86.8,64.4,0.15
Gilbert,2016-11-04,77.7,60.5,0.016
Gilbert,2016-11-05,78.9,57.1,0.0
Gilbert,2016-11-06,81.4,55.5,0.0
Gilbert,2016-11-07,83.8,54.9,0.0
Gilbert,2016-11-08,88.0,58.5,0.0
Gilbert,2016-11-09,83.6,59.4,0.0
Gilbert,2016-11-10,80.6,59.5,0.0
Gilbert,2016-11-11,81.6,55.7,0.0
Gilbert,2016-11-12,82.2,55.6,0.0
Gilbert,2016-11-13,83.3,53.4,0.0
Gilbert,2016-11-14,84.3,52.2,0.0
Gilbert,2016-11-15,85.8,52.0,0.0
Gilbert,2016-11-16,80.7,57.1,0.0
Gilbert,2016-11-17,69.8,53.3,0.0
Gilbert,2016-11-18,76.5,42.8,0.0
Gilbert,2016-11-19,82.7,54.4,0.0
Gilbert,2016-11-20,76.2,57.6,0.024
Gilbert,2016-11-21,64.8,53.7,0.717
Gilbert,2016-11-22,65.9,47.7,0.0
Gilbert,2016-11-23,70.1,45.3,0.0
Gilbert,2016-11-24,72.6,44.8,0.0
Gilbert,2016-11-25,76.1,44.0,0.0
Gilbert,2016-11-26,73.9,52.2,0.0
Gilbert,2016-11-27,61.6,46.5,0.209
Gilbert,2016-11-28,56.8,42.8,0.0
Gilbert,2016-11-29,57.8,39.3,0.0
Gilbert,2016-11-30,59.2,34.3,0.0
Gilbert,2016-12-01,59.1,36.6,0.0
Gilbert,2016-12-02,58.2,39.8,0.0
Gilbert,2016-12-03,66.5,38.0,0.0
Gilbert,2016-12-04,66.9,38.3,0.0
Gilbert,2016-12-05,65.4,37.6,0.0
Gilbert,2016-12-06,65.1,40.7,0.0
Gilbert,2016-12-07,63.7,45.2,0.0
Gilbert,2016-12-08,65.8,38.7,0.0
Gilbert,2016-12-09,69.0,40.7,0.0
Gilbert,2016-12-10,69.8,40.3,0.0
Gilbert,2016-12-11,70.9,44.8,0.0
Gilbert,2016-12-12,71.7,44.9,0.0
Gilbert,2016-12-13,72.5,47.4,0.0
Gilbert,2016-12-14,74.6,45.2,0.0
Gilbert,2016-12-15,75.9,44.3,0.0
Gilbert,2016-12-16,70.2,56.4,0.063
Gilbert,2016-12-17,61.5,40.5,0.083
Gilbert,2016-12-18,61.2,33.0,0.0
Gilbert,2016-12-19,69.4,38.4,0.0
Gilbert,2016-12-20,72.3,42.3,0.0
Gilbert,2016-12-21,67.7,51.2,0.118
Gilbert,2016-12-22,61.5,54.6,0.5
Gilbert,2016-12-23,60.2,49.2,0.02
Gilbert,2016-12-24,60.9,41.2,0.319
Gilbert,2016-12-25,52.1,37.9,0.075
Gilbert,2016-12-26,58.6,33.9,0.0
Gilbert,2016-12-27,66.5,35.9,0.0
Gilbert,2016-12-28,63.2,40.2,0.0
Gilbert,2016-12-29,72.7,44.9,0.0
Gilbert,2016-12-30,68.4,47.5,0.114
Gilbert,2016-12-31,60.3,50.1,0.091
Gilbert,2017-01-01,56.8,49.2,0.193
Gilbert,2017-01-02,58.6,44.2,0.0
Gilbert,2017-01-03,62.0,39.6,0.0
Gilbert,2017-01-04,64.7,41.2,0.0
Gilbert,2017-01-05,66.4,44.3,0.012
Gilbert,2017-01-06,63.5,46.5,0.0
Gilbert,2017-01-07,65.9,43.9,0.0
Gilbert,2017-01-08,72.4,48.1,0.0
Gilbert,2017-01-09,71.4,49.5,0.02
Gilbert,2017-01-10,67.8,47.3,0.0
Gilbert,2017-01-11,66.7,44.3,0.0
Gilbert,2017-01-12,68.9,42.1,0.0
Gilbert,2017-01-13,63.9,50.0,0.028
Gilbert,2017-01-14,65.0,52.8,0.205
Gilbert,2017-01-15,61.3,49.1,0.165
Gilbert,2017-01-16,60.4,46.5,0.024
Gilbert,2017-01-17,64.0,40.8,0.0
Gilbert,2017-01-18,64.6,40.3,0.0
Gilbert,2017-01-19,58.3,44.0,0.134
Gilbert,2017-01-20,55.5,46.0,0.772
Gilbert,2017-01-21,58.0,42.6,0.181
Gilbert,2017-01-22,59.6,41.0,0.0
Gilbert,2017-01-23,59.5,44.6,0.26
Gilbert,2017-01-24,53.9,38.7,0.035
Gilbert,2017-01-25,54.5,34.9,0.0
Gilbert,2017-01-26,55.8,32.2,0.0
Gilbert,2017-01-27,56.1,36.2,0.0
Gilbert,2017-01-28,61.1,33.5,0.0
Gilbert,2017-01-29,68.1,44.8,0.0
Gilbert,2017-01-30,72.2,47.4,0.0
Gilbert,2017-01-31,72.5,43.0,0.0
Gilbert,2017-02-01,73.0,40.0,0.0
Gilbert,2017-02-02,73.2,43.9,0.0
Gilbert,2017-02-03,73.0,43.5,0.0
Gilbert,2017-02-04,74.4,41.7,0.0
Gilbert,2017-02-05,77.2,43.4,0.0
Gilbert,2017-02-06,70.8,50.2,0.0
Gilbert,2017-02-07,72.9,49.6,0.0
Gilbert,2017-02-08,76.0,49.4,0.0
Gilbert,2017-02-09,82.6,52.2,0.0
Gilbert,2017-02-10,85.6,51.4,0.0
Gilbert,2017-02-11,79.8,58.4,0.0
Gilbert,2017-02-12,78.1,59.7,0.008
Gilbert,2017-02-13,74.5,57.1,0.008
Gilbert,2017-02-14,72.4,52.3,0.0
Gilbert,2017-02-15,74.0,54.7,0.0
Gilbert,2017-02-16,74.8,47.4,0.0
Gilbert,2017-02-17,75.4,52.0,0.0
Gilbert,2017-02-18,64.4,48.0,0.52
Gilbert,2017-02-19,60.5,47.8,0.429
Gilbert,2017-02-20,66.9,48.7,0.004
Gilbert,2017-02-21,72.8,46.6,0.0
Gilbert,2017-02-22,76.5,50.4,0.008
Gilbert,2017-02-23,61.2,44.5,0.0
Gilbert,2017-02-24,60.8,38.5,0.0
Gilbert,2017-02-25,64.7,36.6,0.0
Gilbert,2017-02-26,64.9,47.8,0.035
Gilbert,2017-02-27,68.3,45.7,0.268
Gilbert,2017-02-28,64.7,47.4,0.508
Gilbert,2017-03-01,67.6,44.2,0.0
Gilbert,2017-03-02,75.0,45.1,0.0
Gilbert,2017-03-03,80.8,52.3,0.0
Gilbert,2017-03-04,78.0,52.9,0.0
Gilbert,2017-03-05,77.1,54.5,0.008
Gilbert,2017-03-06,66.9,46.7,0.0
Gilbert,2017-03-07,74.8,43.8,0.0
Gilbert,2017-03-08,83.4,45.7,0.0
Gilbert,2017-03-09,84.7,48.9,0.0
Gilbert,2017-03-10,88.5,51.8,0.0
Gilbert,2017-03-11,87.3,56.1,0.0
Gilbert,2017-03-12,88.5,56.2,0.0
Gilbert,2017-03-13,90.9,55.8,0.0
Gilbert,2017-03-14,92.4,58.2,0.0
Gilbert,2017-03-15,91.8,58.2,0.0
Gilbert,2017-03-16,91.3,57.5,0.0
Gilbert,2017-03-17,92.3,58.4,0.0
Gilbert,2017-03-18,94.1,60.9,0.0
Gilbert,2017-03-19,95.1,59.9,0.0
Gilbert,2017-03-20,95.8,61.9,0.0
Gilbert,2017-03-21,92.4,61.8,0.0
Gilbert,2017-03-22,83.7,58.8,0.0
Gilbert,2017-03-23,71.5,52.8,0.142
Gilbert,2017-03-24,77.0,47.8,0.0
Gilbert,2017-03-25,81.2,50.5,0.0
Gilbert,2017-03-26,80.2,50.5,0.0
Gilbert,2017-03-27,81.1,54.7,0.0
Gilbert,2017-03-28,78.1,52.7,0.0
Gilbert,2017-03-29,84.6,51.4,0.0
Gilbert,2017-03-30,88.4,53.8,0.0
Gilbert,2017-03-31,67.2,54.2,0.0
Gilbert,2017-04-01,73.0,51.1,0.004
Gilbert,2017-04-02,80.8,49.1,0.0
Gilbert,2017-04-03,85.1,55.9,0.0
Gilbert,2017-04-04,78.4,51.1,0.0
Gilbert,2017-04-05,84.7,51.4,0.0
Gilbert,2017-04-06,90.6,56.6,0.0
Gilbert,2017-04-07,90.5,58.9,0.0
Gilbert,2017-04-08,87.4,58.6,0.0
Gilbert,2017-04-09,81.0,57.2,0.0
Gilbert,2017-04-10,83.1,50.6,0.0
Gilbert,2017-04-11,88.7,51.8,0.0
Gilbert,2017-04-12,90.6,55.9,0.0
Gilbert,2017-04-13,92.0,58.9,0.0
Gilbert,2017-04-14,87.9,56.3,0.0
Gilbert,2017-04-15,87.6,58.3,0.0
Gilbert,2017-04-16,90.3,55.0,0.0
Gilbert,2017-04-17,91.5,58.7,0.0
Gilbert,2017-04-18,93.1,59.5,0.0
Gilbert,2017-04-19,90.2,64.9,0.0
Gilbert,2017-04-20,91.4,57.3,0.0
Gilbert,2017-04-21,92.8,56.6,0.0
Gilbert,2017-04-22,95.4,61.6,0.0
Gilbert,2017-04-23,97.6,61.6,0.0
Gilbert,2017-04-24,92.8,66.7,0.0
Gilbert,2017-04-25,86.0,67.1,0.0
Gilbert,2017-04-26,87.7,61.3,0.0
Gilbert,2017-04-27,92.0,64.0,0.0
Gilbert,2017-04-28,87.3,65.0,0.0
Gilbert,2017-04-29,80.0,55.1,0.0
Gilbert,2017-04-30,85.9,58.3,0.0
Gilbert,2017-05-01,91.9,58.1,0.0
Gilbert,2017-05-02,95.5,61.1,0.0
Gilbert,2017-05-03,97.6,65.3,0.0
Gilbert,2017-05-04,101.6,69.3,0.0
Gilbert,2017-05-05,106.3,69.9,0.0
Gilbert,2017-05-06,95.6,72.3,0.0
Gilbert,2017-05-07,74.4,63.1,0.0
Gilbert,2017-05-08,81.1,57.8,0.028
Gilbert,2017-05-09,74.5,55.8,0.157
Gilbert,2017-05-10,77.5,55.0,0.008
Gilbert,2017-05-11,90.3,57.3,0.0
Gilbert,2017-05-12,97.0,65.7,0.0
Gilbert,2017-05-13,97.8,68.4,0.0
Gilbert,2017-05-14,94.3,67.4,0.0
Gilbert,2017-05-15,86.5,64.9,0.0
Gilbert,2017-05-16,77.5,59.5,0.004
Gilbert,2017-05-17,84.3,56.6,0.0
Gilbert,2017-05-18,86.5,63.8,0.0
Gilbert,2017-05-19,85.6,59.8,0.0
Gilbert,2017-05-20,93.2,61.2,0.0
Gilbert,2017-05-21,99.5,67.0,0.0
Gilbert,2017-05-22,102.5,70.3,0.0
Gilbert,2017-05-23,103.8,71.9,0.0
Gilbert,2017-05-24,105.6,72.9,0.0
Gilbert,2017-05-25,100.4,73.6,0.0
Gilbert,2017-05-26,95.0,71.7,0.0
Gilbert,2017-05-27,96.1,67.3,0.0
Gilbert,2017-05-28,100.2,67.6,0.0
Gilbert,2017-05-29,104.1,68.0,0.0
Gilbert,2017-05-30,100.2,71.3,0.0
Gilbert,2017-05-31,99.8,73.2,0.0
Gilbert,2017-06-01,97.6,72.7,0.0
Gilbert,2017-06-02,100.5,69.6,0.0
Gilbert,2017-06-03,106.6,72.2,0.0
Gilbert,2017-06-04,106.9,75.9,0.0
Gilbert,2017-06-05,107.6,78.1,0.0
Gilbert,2017-06-06,106.3,77.4,0.0
Gilbert,2017-06-07,106.3,76.4,0.0
Gilbert,2017-06-08,104.3,75.5,0.0
Gilbert,2017-06-09,105.5,76.8,0.0
Gilbert,2017-06-10,101.3,73.3,0.0
Gilbert,2017-06-11,99.7,73.8,0.0
Gilbert,2017-06-12,93.7,71.5,0.0
Gilbert,2017-06-13,96.5,64.9,0.0
Gilbert,2017-06-14,103.1,65.1,0.0
Gilbert,2017-06-15,106.7,68.1,0.0
Gilbert,2017-06-16,107.8,72.1,0.0
Gilbert,2017-06-17,108.4,73.3,0.0
Gilbert,2017-06-18,112.6,75.7,0.0
Gilbert,2017-06-19,117.1,78.9,0.0
Gilbert,2017-06-20,118.0,83.0,0.0
Gilbert,2017-06-21,115.9,85.1,0.0
Gilbert,2017-06-22,111.3,82.9,0.0
Gilbert,2017-06-23,111.5,83.3,0.0
Gilbert,2017-06-24,115.7,84.7,0.016
Gilbert,2017-06-25,112.6,89.8,0.0
Gilbert,2017-06-26,110.0,86.0,0.0
Gilbert,2017-06-27,108.8,81.5,0.0
Gilbert,2017-06-28,108.2,79.2,0.0
Gilbert,2017-06-29,106.7,79.4,0.0
Gilbert,2017-06-30,107.4,78.7,0.0
Gilbert,2017-07-01,109.8,76.9,0.0
Gilbert,2017-07-02,108.5,78.7,0.0
Gilbert,2017-07-03,106.9,83.2,0.0
Gilbert,2017-07-04,110.5,80.8,0.0
Gilbert,2017-07-05,111.4,82.2,0.0
Gilbert,2017-07-06,110.5,84.7,0.0
Gilbert,2017-07-07,113.6,86.5,0.012
Gilbert,2017-07-08,108.4,93.1,0.0
Gilbert,2017-07-09,104.0,87.5,0.047
Gilbert,2017-07-10,105.8,86.0,0.008
Gilbert,2017-07-11,99.3,83.1,0.094
Gilbert,2017-07-12,105.6,82.1,0.024
Gilbert,2017-07-13,106.1,82.8,0.142
Gilbert,2017-07-14,107.0,84.7,0.0
Gilbert,2017-07-15,106.6,85.5,0.008
Gilbert,2017-07-16,100.7,82.3,0.075
Gilbert,2017-07-17,97.1,78.2,0.0
Gilbert,2017-07-18,98.1,76.8,0.0
Gilbert,2017-07-19,89.5,76.5,0.72
Gilbert,2017-07-20,96.2,76.4,0.114
Gilbert,2017-07-21,97.7,77.6,0.244
Gilbert,2017-07-22,100.9,81.1,0.031
Gilbert,2017-07-23,96.8,78.4,0.098
Gilbert,2017-07-24,88.7,75.4,0.764
Gilbert,2017-07-25,96.5,77.9,0.083
Gilbert,2017-07-26,100.2,77.5,0.0
Gilbert,2017-07-27,104.5,78.7,0.0
Gilbert,2017-07-28,99.4,81.6,0.012
Gilbert,2017-07-29,93.6,77.5,0.378
Gilbert,2017-07-30,94.8,76.0,0.173
Gilbert,2017-07-31,103.0,76.9,0.028
Gilbert,2017-08-01,100.2,80.5,0.055
Gilbert,2017-08-02,96.9,78.6,0.177
Gilbert,2017-08-03,99.9,77.4,0.252
Gilbert,2017-08-04,100.9,76.7,0.0
Gilbert,2017-08-05,101.1,82.9,0.0
Gilbert,2017-08-06,103.6,81.6,0.0
Gilbert,2017-08-07,105.6,79.6,0.0
Gilbert,2017-08-08,108.1,79.8,0.0
Gilbert,2017-08-09,110.5,79.9,0.0
Gilbert,2017-08-10,106.9,84.1,0.012
Gilbert,2017-08-11,103.8,79.2,0.0
Gilbert,2017-08-12,100.7,82.4,0.134
Gilbert,2017-08-13,99.0,73.1,0.0
Gilbert,2017-08-14,101.0,79.3,0.091
Gilbert,2017-08-15,101.8,78.7,0.0
Gilbert,2017-08-16,103.0,74.9,0.0
Gilbert,2017-08-17,104.2,73.9,0.0
Gilbert,2017-08-18,105.9,73.5,0.0
Gilbert,2017-08-19,104.9,80.2,0.0
Gilbert,2017-08-20,98.5,81.0,0.063
Gilbert,2017-08-21,102.6,82.2,0.008
Gilbert,2017-08-22,106.8,78.3,0.0
Gilbert,2017-08-23,105.2,82.6,0.051
Gilbert,2017-08-24,102.9,77.6,0.0
Gilbert,2017-08-25,105.4,80.3,0.012
Gilbert,2017-08-26,108.4,83.5,0.0
Gilbert,2017-08-27,108.2,86.2,0.016
Gilbert,2017-08-28,109.0,83.4,0.0
Gilbert,2017-08-29,107.7,83.7,0.004
Gilbert,2017-08-30,106.5,85.1,0.0
Gilbert,2017-08-31,108.3,82.0,0.0
Gilbert,2017-09-01,107.7,81.1,0.0
Gilbert,2017-09-02,104.5,81.2,0.0
Gilbert,2017-09-03,104.5,81.0,0.0
Gilbert,2017-09-04,104.5,78.7,0.059
Gilbert,2017-09-05,106.0,81.0,0.0
Gilbert,2017-09-06,109.1,82.7,0.0
Gilbert,2017-09-07,104.7,81.4,0.043
Gilbert,2017-09-08,100.2,80.2,0.161
Gilbert,2017-09-09,92.9,76.4,0.189
Gilbert,2017-09-10,102.7,78.4,0.008
Gilbert,2017-09-11,105.4,84.6,0.0
Gilbert,2017-09-12,108.1,81.8,0.0
Gilbert,2017-09-13,102.9,82.6,0.0
Gilbert,2017-09-14,97.6,82.2,0.134
Gilbert,2017-09-15,96.2,75.5,0.0
Gilbert,2017-09-16,96.6,71.2,0.0
Gilbert,2017-09-17,97.4,71.3,0.0
Gilbert,2017-09-18,98.8,69.5,0.0
Gilbert,2017-09-19,100.3,68.0,0.0
Gilbert,2017-09-20,99.8,71.0,0.0
Gilbert,2017-09-21,97.7,68.3,0.0
Gilbert,2017-09-22,87.8,70.6,0.0
Gilbert,2017-09-23,85.4,61.6,0.0
Gilbert,2017-09-24,85.7,58.2,0.0
Gilbert,2017-09-25,88.3,54.5,0.0
Gilbert,2017-09-26,88.6,57.9,0.0
Gilbert,2017-09-27,90.3,63.5,0.0
Gilbert,2017-09-28,93.1,63.7,0.0
Gilbert,2017-09-29,97.5,68.5,0.0
Gilbert,2017-09-30,97.2,67.2,0.0
Gilbert,2017-10-01,97.1,66.7,0.0
Gilbert,2017-10-02,91.9,65.8,0.0
Gilbert,2017-10-03,95.8,66.0,0.0
Gilbert,2017-10-04,97.9,69.7,0.0
Gilbert,2017-10-05,98.3,72.5,0.0
Gilbert,2017-10-06,95.7,63.7,0.0
Gilbert,2017-10-07,95.6,64.1,0.0
Gilbert,2017-10-08,93.3,59.9,0.0
Gilbert,2017-10-09,89.2,62.4,0.0
Gilbert,2017-10-10,91.9,64.5,0.0
Gilbert,2017-10-11,96.5,68.2,0.0
Gilbert,2017-10-12,93.8,65.7,0.0
Gilbert,2017-10-13,94.8,63.3,0.0
Gilbert,2017-10-14,93.2,61.1,0.0
Gilbert,2017-10-15,96.7,66.2,0.0
Gilbert,2017-10-16,98.2,67.4,0.0
Gilbert,2017-10-17,98.2,71.4,0.0
Gilbert,2017-10-18,96.9,66.6,0.0
Gilbert,2017-10-19,96.1,69.0,0.016
Gilbert,2017-10-20,88.7,65.5,0.0
Gilbert,2017-10-21,84.7,60.4,0.0
Gilbert,2017-10-22,91.4,62.2,0.0
Gilbert,2017-10-23,95.6,64.8,0.0
Gilbert,2017-10-24,95.0,67.2,0.0
Gilbert,2017-10-25,94.4,68.0,0.0
Gilbert,2017-10-26,92.1,62.4,0.0
Gilbert,2017-10-27,90.5,60.3,0.0
Gilbert,2017-10-28,90.6,60.3,0.0
Gilbert,2017-10-29,91.1,60.8,0.0
Gilbert,2017-10-30,85.7,63.0,0.0
Gilbert,2017-10-31,81.6,58.7,0.0
Gilbert,2017-11-01,82.4,58.4,0.0
Gilbert,2017-11-02,80.7,58.6,0.0
Gilbert,2017-11-03,82.0,59.2,0.0
Gilbert,2017-11-04,83.2,63.8,0.0
Gilbert,2017-11-05,80.2,61.3,0.0
Gilbert,2017-11-06,81.4,55.3,0.0
Gilbert,2017-11-07,81.7,62.8,0.0
Gilbert,2017-11-08,81.8,60.9,0.0
Gilbert,2017-11-09,84.6,59.6,0.008
Gilbert,2017-11-10,84.7,56.4,0.0
Gilbert,2017-11-11,84.5,55.1,0.0
Gilbert,2017-11-12,85.9,55.3,0.0
Gilbert,2017-11-13,86.5,58.4,0.0
Gilbert,2017-11-14,84.9,54.0,0.0
Gilbert,2017-11-15,83.5,52.8,0.0
Gilbert,2017-11-16,84.7,53.9,0.0
Gilbert,2017-11-17,74.9,56.9,0.024
Gilbert,2017-11-18,78.8,55.5,0.0
Gilbert,2017-11-19,81.3,55.7,0.0
Gilbert,2017-11-20,79.2,49.6,0.0
Gilbert,2017-11-21,79.4,48.2,0.0
Gilbert,2017-11-22,88.4,58.4,0.0
Gilbert,2017-11-23,85.6,56.6,0.0
Gilbert,2017-11-24,85.0,53.6,0.0
Gilbert,2017-11-25,85.1,54.4,0.0
Gilbert,2017-11-26,87.8,52.4,0.0
Gilbert,2017-11-27,84.5,51.4,0.0
Gilbert,2017-11-28,75.5,46.7,0.0
Gilbert,2017-11-29,79.1,50.1,0.0
Gilbert,2017-11-30,78.1,58.6,0.0
Gilbert,2017-12-01,81.3,59.2,0.0
Gilbert,2017-12-02,79.4,57.5,0.004
Gilbert,2017-12-03,80.3,55.3,0.0
Gilbert,2017-12-04,73.2,49.8,0.0
Gilbert,2017-12-05,69.3,49.0,0.031
Gilbert,2017-12-06,74.8,51.4,0.0
Gilbert,2017-12-07,64.8,44.7,0.0
Gilbert,2017-12-08,65.4,40.9,0.0
Gilbert,2017-12-09,76.5,40.1,0.0
Gilbert,2017-12-10,79.6,54.9,0.0
Gilbert,2017-12-11,77.1,55.7,0.0
Gilbert,2017-12-12,77.5,50.9,0.0
Gilbert,2017-12-13,76.1,51.4,0.0
Gilbert,2017-12-14,73.7,42.4,0.0
Gilbert,2017-12-15,71.6,52.0,0.0
Gilbert,2017-12-16,67.7,45.1,0.0
Gilbert,2017-12-17,66.0,49.9,0.02
Gilbert,2017-12-18,65.2,44.2,0.0
Gilbert,2017-12-19,65.4,40.2,0.0
Gilbert,2017-12-20,67.9,40.5,0.0
Gilbert,2017-12-21,55.6,40.4,0.0
Gilbert,2017-12-22,56.1,30.7,0.0
Gilbert,2017-12-23,65.9,34.5,0.0
Gilbert,2017-12-24,67.9,36.4,0.0
Gilbert,2017-12-25,69.4,39.7,0.0
Gilbert,2017-12-26,68.6,37.2,0.0
Gilbert,2017-12-27,74.2,40.4,0.0
Gilbert,2017-12-28,74.1,39.4,0.0
Gilbert,2017-12-29,75.7,39.7,0.0
Gilbert,2017-12-30,75.3,41.5,0.0
Gilbert,2017-12-31,70.9,41.5,0.0
Gilbert,2018-01-01,74.1,39.2,0.0
Gilbert,2018-01-02,73.5,43.0,0.0
Gilbert,2018-01-03,78.0,46.9,0.0
Gilbert,2018-01-04,76.9,54.3,0.0
Gilbert,2018-01-05,75.7,45.2,0.0
Gilbert,2018-01-06,75.2,46.9,0.0
Gilbert,2018-01-07,76.8,49.2,0.0
Gilbert,2018-01-08,76.8,49.9,0.0
Gilbert,2018-01-09,74.6,51.7,0.248
Gilbert,2018-01-10,61.3,48.6,0.197
Gilbert,2018-01-11,66.7,44.9,0.0
Gilbert,2018-01-12,69.1,44.5,0.0
Gilbert,2018-01-13,76.2,49.7,0.0
Gilbert,2018-01-14,77.2,50.9,0.0
Gilbert,2018-01-15,73.5,45.8,0.0
Gilbert,2018-01-16,71.9,48.4,0.0
Gilbert,2018-01-17,71.8,45.9,0.0
Gilbert,2018-01-18,74.9,42.9,0.0
Gilbert,2018-01-19,75.8,46.4,0.0
Gilbert,2018-01-20,58.4,49.0,0.252
Gilbert,2018-01-21,57.9,38.8,0.0
Gilbert,2018-01-22,60.1,36.1,0.0
Gilbert,2018-01-23,69.6,40.9,0.0
Gilbert,2018-01-24,75.7,45.5,0.0
Gilbert,2018-01-25,75.2,44.6,0.0
Gilbert,2018-01-26,67.6,41.0,0.0
Gilbert,2018-01-27,73.5,44.6,0.0
Gilbert,2018-01-28,79.0,49.5,0.0
Gilbert,2018-01-29,82.7,56.2,0.0
Gilbert,2018-01-30,81.8,52.6,0.0
Gilbert,2018-01-31,79.1,46.0,0.0
Gilbert,2018-02-01,79.5,43.3,0.0
Gilbert,2018-02-02,79.8,44.9,0.0
Gilbert,2018-02-03,77.6,45.2,0.0
Gilbert,2018-02-04,79.7,47.8,0.0
Gilbert,2018-02-05,79.5,45.1,0.0
Gilbert,2018-02-06,78.4,47.7,0.0
Gilbert,2018-02-07,78.7,50.6,0.0
Gilbert,2018-02-08,83.0,52.5,0.0
Gilbert,2018-02-09,81.1,47.9,0.0
Gilbert,2018-02-10,79.3,51.4,0.0
Gilbert,2018-02-11,77.0,55.9,0.0
Gilbert,2018-02-12,69.7,52.5,0.0
Gilbert,2018-02-13,70.8,52.2,0.02
Gilbert,2018-02-14,62.3,50.2,0.417
Gilbert,2018-02-15,62.8,52.8,0.382
Gilbert,2018-02-16,66.6,49.6,0.008
Gilbert,2018-02-17,71.2,46.8,0.0
Gilbert,2018-02-18,71.1,47.4,0.051
Gilbert,2018-02-19,63.4,45.6,0.181
Gilbert,2018-02-20,57.2,39.5,0.0
Gilbert,2018-02-21,60.2,33.6,0.0
Gilbert,2018-02-22,60.4,35.4,0.0
Gilbert,2018-02-23,59.4,37.2,0.0
Gilbert,2018-02-24,59.1,34.6,0.0
Gilbert,2018-02-25,63.5,33.7,0.0
Gilbert,2018-02-26,68.4,34.0,0.0
Gilbert,2018-02-27,69.4,39.3,0.055
Gilbert,2018-02-28,60.6,42.0,0.094
Gilbert,2018-03-01,68.3,39.0,0.0
Gilbert,2018-03-02,74.0,39.7,0.0
Gilbert,2018-03-03,73.9,42.4,0.0
Gilbert,2018-03-04,67.3,46.3,0.0
Gilbert,2018-03-05,71.6,44.7,0.0
Gilbert,2018-03-06,78.3,47.8,0.0
Gilbert,2018-03-07,80.1,49.8,0.0
Gilbert,2018-03-08,82.3,50.6,0.0
Gilbert,2018-03-09,82.3,49.5,0.0
Gilbert,2018-03-10,75.7,56.2,0.024
Gilbert,2018-03-11,74.2,57.9,0.098
Gilbert,2018-03-12,82.9,57.4,0.0
Gilbert,2018-03-13,83.2,58.4,0.0
Gilbert,2018-03-14,83.3,54.9,0.0
Gilbert,2018-03-15,70.1,53.2,0.012
Gilbert,2018-03-16,74.3,47.3,0.0
Gilbert,2018-03-17,72.1,50.1,0.0
Gilbert,2018-03-18,67.4,51.3,0.0
Gilbert,2018-03-19,73.0,47.8,0.0
Gilbert,2018-03-20,79.0,46.9,0.0
Gilbert,2018-03-21,83.3,51.0,0.0
Gilbert,2018-03-22,91.7,55.2,0.0
Gilbert,2018-03-23,82.6,62.6,0.0
Gilbert,2018-03-24,82.1,55.2,0.0
Gilbert,2018-03-25,76.5,53.0,0.0
Gilbert,2018-03-26,73.9,48.7,0.004
Gilbert,2018-03-27,73.8,50.2,0.0
Gilbert,2018-03-28,78.9,46.9,0.0
Gilbert,2018-03-29,85.2,53.8,0.0
Gilbert,2018-03-30,88.1,57.6,0.0
Gilbert,2018-03-31,91.6,57.4,0.0
Gilbert,2018-04-01,91.6,63.6,0.0
Gilbert,2018-04-02,89.7,61.0,0.0
Gilbert,2018-04-03,87.1,59.4,0.0
Gilbert,2018-04-04,90.2,56.8,0.0
Gilbert,2018-04-05,90.9,57.7,0.0
Gilbert,2018-04-06,90.8,61.7,0.0
Gilbert,2018-04-07,93.6,65.4,0.0
Gilbert,2018-04-08,92.3,68.7,0.0
Gilbert,2018-04-09,94.5,58.1,0.0
Gilbert,2018-04-10,98.2,63.7,0.0
Gilbert,2018-04-11,95.7,62.0,0.0
Gilbert,2018-04-12,84.5,65.6,0.0
Gilbert,2018-04-13,75.5,57.5,0.0
Gilbert,2018-04-14,81.3,54.4,0.0
Gilbert,2018-04-15,90.6,51.9,0.0
Gilbert,2018-04-16,86.4,58.9,0.0
Gilbert,2018-04-17,76.1,56.6,0.0
Gilbert,2018-04-18,82.7,47.8,0.0
Gilbert,2018-04-19,82.8,54.3,0.0
Gilbert,2018-04-20,76.6,50.7,0.0
Gilbert,2018-04-21,88.0,55.8,0.0
Gilbert,2018-04-22,92.3,61.3,0.0
Gilbert,2018-04-23,95.2,61.6,0.0
Gilbert,2018-04-24,96.8,63.1,0.0
Gilbert,2018-04-25,97.6,66.1,0.0
Gilbert,2018-04-26,98.2,65.6,0.0
Gilbert,2018-04-27,98.6,67.9,0.0
Gilbert,2018-04-28,97.0,66.8,0.0
Gilbert,2018-04-29,91.3,65.2,0.0
Gilbert,2018-04-30,85.6,63.8,0.0
Gilbert,2018-05-01,79.6,57.6,0.063
Gilbert,2018-05-02,75.9,56.0,0.051
Gilbert,2018-05-03,82.0,52.3,0.0
Gilbert,2018-05-04,92.9,60.4,0.0
Gilbert,2018-05-05,101.8,67.0,0.0
Gilbert,2018-05-06,106.0,71.4,0.0
Gilbert,2018-05-07,102.7,74.7,0.0
Gilbert,2018-05-08,103.3,69.8,0.0
Gilbert,2018-05-09,103.6,70.9,0.0
Gilbert,2018-05-10,104.2,71.2,0.0
Gilbert,2018-05-11,99.5,74.0,0.0
Gilbert,2018-05-12,90.1,70.1,0.0
Gilbert,2018-05-13,88.6,63.7,0.0
Gilbert,2018-05-14,93.7,65.5,0.0
Gilbert,2018-05-15,95.5,66.3,0.0
Gilbert,2018-05-16,98.7,65.4,0.0
Gilbert,2018-05-17,97.0,69.1,0.0
Gilbert,2018-05-18,93.4,66.6,0.0
Gilbert,2018-05-19,95.1,64.7,0.0
Gilbert,2018-05-20,97.0,68.6,0.0
Gilbert,2018-05-21,96.0,69.1,0.0
Gilbert,2018-05-22,92.9,65.6,0.0
Gilbert,2018-05-23,93.4,64.3,0.0
Gilbert,2018-05-24,98.0,67.0,0.0
Gilbert,2018-05-25,100.4,67.1,0.0
Gilbert,2018-05-26,92.8,67.0,0.0
Gilbert,2018-05-27,91.7,64.3,0.0
Gilbert,2018-05-28,97.6,66.7,0.0
Gilbert,2018-05-29,101.7,69.4,0.0
Gilbert,2018-05-30,102.0,73.7,0.0
Gilbert,2018-05-31,100.8,68.4,0.0
Gilbert,2018-06-01,99.4,70.7,0.0
Gilbert,2018-06-02,103.7,68.6,0.0
Gilbert,2018-06-03,107.7,71.0,0.0
Gilbert,2018-06-04,108.2,73.9,0.0
Gilbert,2018-06-05,105.6,74.3,0.0
Gilbert,2018-06-06,103.7,73.8,0.0
Gilbert,2018-06-07,105.2,70.4,0.0
Gilbert,2018-06-08,107.3,73.0,0.0
Gilbert,2018-06-09,108.4,74.7,0.0
Gilbert,2018-06-10,105.1,74.1,0.0
Gilbert,2018-06-11,106.3,74.9,0.0
Gilbert,2018-06-12,108.8,73.7,0.0
Gilbert,2018-06-13,109.5,82.0,0.0
Gilbert,2018-06-14,109.6,82.4,0.0
Gilbert,2018-06-15,94.3,83.0,0.008
Gilbert,2018-06-16,84.8,70.1,1.098
Gilbert,2018-06-17,98.2,68.7,0.0
Gilbert,2018-06-18,97.0,65.4,0.0
Gilbert,2018-06-19,101.4,66.6,0.0
Gilbert,2018-06-20,108.0,71.7,0.0
Gilbert,2018-06-21,109.0,74.1,0.0
Gilbert,2018-06-22,110.5,75.0,0.0
Gilbert,2018-06-23,108.1,77.5,0.0
Gilbert,2018-06-24,104.9,77.4,0.0
Gilbert,2018-06-25,107.1,75.5,0.0
Gilbert,2018-06-26,109.1,76.2,0.0
Gilbert,2018-06-27,109.7,80.1,0.0
Gilbert,2018-06-28,107.9,78.6,0.0
Gilbert,2018-06-29,104.3,77.5,0.0
Gilbert,2018-06-30,103.6,75.3,0.0
Gilbert,2018-07-01,103.7,74.4,0.0
Gilbert,2018-07-02,106.7,73.2,0.0
Gilbert,2018-07-03,107.9,75.5,0.0
Gilbert,2018-07-04,106.6,78.5,0.0
Gilbert,2018-07-05,113.5,81.4,0.0
Gilbert,2018-07-06,109.8,91.1,0.0
Gilbert,2018-07-07,110.8,90.5,0.0
Gilbert,2018-07-08,109.0,89.1,0.0
Gilbert,2018-07-09,100.2,79.0,0.252
Gilbert,2018-07-10,95.0,76.0,0.055
Gilbert,2018-07-11,99.1,79.9,0.15
Gilbert,2018-07-12,97.8,75.7,0.142
Gilbert,2018-07-13,100.9,79.2,0.0
Gilbert,2018-07-14,100.8,84.4,0.028
Gilbert,2018-07-15,99.8,79.0,0.055
Gilbert,2018-07-16,103.0,82.0,0.012
Gilbert,2018-07-17,102.6,78.6,0.0
Gilbert,2018-07-18,100.0,78.8,0.0
Gilbert,2018-07-19,105.6,83.8,0.0
Gilbert,2018-07-20,108.0,86.9,0.0
Gilbert,2018-07-21,101.8,81.3,0.0
Gilbert,2018-07-22,109.6,82.3,0.0
Gilbert,2018-07-23,115.1,83.6,0.0
Gilbert,2018-07-24,116.3,88.2,0.0
Gilbert,2018-07-25,115.6,89.0,0.0
Gilbert,2018-07-26,109.9,91.2,0.0
Gilbert,2018-07-27,110.1,88.3,0.0
Gilbert,2018-07-28,104.2,87.1,0.0
Gilbert,2018-07-29,102.4,82.6,0.0
Gilbert,2018-07-30,106.1,87.1,0.008
Gilbert,2018-07-31,108.0,83.0,0.0
Gilbert,2018-08-01,109.9,85.4,0.0
Gilbert,2018-08-02,108.6,84.5,0.0
Gilbert,2018-08-03,109.1,82.0,0.0
Gilbert,2018-08-04,111.0,86.6,0.0
Gilbert,2018-08-05,111.9,85.3,0.0
Gilbert,2018-08-06,113.9,84.8,0.0
Gilbert,2018-08-07,109.5,87.8,0.0
Gilbert,2018-08-08,101.3,74.3,0.098
Gilbert,2018-08-09,104.2,82.3,0.012
Gilbert,2018-08-10,95.2,73.7,0.091
Gilbert,2018-08-11,100.0,73.9,0.0
Gilbert,2018-08-12,98.3,78.7,0.012
Gilbert,2018-08-13,100.2,74.5,0.0
Gilbert,2018-08-14,102.9,78.6,0.075
Gilbert,2018-08-15,94.8,75.6,0.0
Gilbert,2018-08-16,94.1,75.3,0.295
Gilbert,2018-08-17,100.0,76.7,0.004
Gilbert,2018-08-18,104.5,79.9,0.0
Gilbert,2018-08-19,107.5,80.3,0.0
Gilbert,2018-08-20,108.1,82.7,0.0
Gilbert,2018-08-21,102.8,84.7,0.0
Gilbert,2018-08-22,97.3,74.7,0.252
Gilbert,2018-08-23,94.7,78.2,0.138
Gilbert,2018-08-24,99.9,78.9,0.0
Gilbert,2018-08-25,97.3,77.6,0.035
Gilbert,2018-08-26,100.5,81.0,0.0
Gilbert,2018-08-27,105.2,79.3,0.0
Gilbert,2018-08-28,104.0,72.2,0.0
Gilbert,2018-08-29,105.4,74.8,0.0
Gilbert,2018-08-30,102.4,79.6,0.0
Gilbert,2018-08-31,103.6,80.9,0.0
Gilbert,2018-09-01,99.4,83.1,0.0
Gilbert,2018-09-02,99.9,72.5,0.043
Gilbert,2018-09-03,97.8,75.5,0.0
Gilbert,2018-09-04,99.2,75.8,0.0
Gilbert,2018-09-05,101.4,76.8,0.0
Gilbert,2018-09-06,103.2,75.5,0.0
Gilbert,2018-09-07,104.7,79.3,0.0
Gilbert,2018-09-08,105.7,82.9,0.0
Gilbert,2018-09-09,105.0,80.0,0.0
Gilbert,2018-09-10,105.0,80.4,0.0
Gilbert,2018-09-11,106.4,78.9,0.0
Gilbert,2018-09-12,104.9,76.2,0.0
Gilbert,2018-09-13,104.6,71.2,0.0
Gilbert,2018-09-14,107.3,73.5,0.0
Gilbert,2018-09-15,108.2,77.2,0.0
Gilbert,2018-09-16,103.4,80.2,0.0
Gilbert,2018-09-17,106.0,80.5,0.0
Gilbert,2018-09-18,104.0,79.2,0.0
Gilbert,2018-09-19,89.5,72.2,0.134
Gilbert,2018-09-20,93.0,70.8,0.0
Gilbert,2018-09-21,97.7,72.0,0.0
Gilbert,2018-09-22,100.6,72.1,0.0
Gilbert,2018-09-23,101.9,75.6,0.0
Gilbert,2018-09-24,98.9,77.8,0.0
Gilbert,2018-09-25,96.6,75.6,0.0
Gilbert,2018-09-26,101.8,74.5,0.0
Gilbert,2018-09-27,103.3,73.1,0.0
Gilbert,2018-09-28,103.0,71.4,0.0
Gilbert,2018-09-29,102.2,74.2,0.0
Gilbert,2018-09-30,98.8,72.5,0.354
Gilbert,2018-10-01,78.6,71.2,0.953
Gilbert,2018-10-02,79.9,70.3,1.24
Gilbert,2018-10-03,81.8,70.1,0.272
Gilbert,2018-10-04,85.5,68.0,0.031
Gilbert,2018-10-05,82.8,65.8,0.0
Gilbert,2018-10-06,85.2,63.0,0.0
Gilbert,2018-10-07,72.1,59.3,0.827
Gilbert,2018-10-08,72.6,55.5,0.008
Gilbert,2018-10-09,77.2,55.4,0.0
Gilbert,2018-10-10,82.3,57.2,0.0
Gilbert,2018-10-11,80.9,61.1,0.031
Gilbert,2018-10-12,77.0,65.8,0.65
Gilbert,2018-10-13,71.6,61.2,0.961
Gilbert,2018-10-14,73.6,57.4,0.079
Gilbert,2018-10-15,74.6,59.5,0.043
Gilbert,2018-10-16,69.0,55.3,0.0
Gilbert,2018-10-17,75.8,53.8,0.0
Gilbert,2018-10-18,78.8,55.8,0.0
Gilbert,2018-10-19,83.8,57.3,0.0
Gilbert,2018-10-20,89.6,64.3,0.0
Gilbert,2018-10-21,84.3,67.5,0.0
Gilbert,2018-10-22,83.4,64.4,0.043
Gilbert,2018-10-23,84.7,66.9,0.106
Gilbert,2018-10-24,84.4,60.9,0.0
Gilbert,2018-10-25,85.4,60.6,0.0
Gilbert,2018-10-26,87.5,61.1,0.0
Gilbert,2018-10-27,89.6,60.7,0.0
Gilbert,2018-10-28,91.1,59.8,0.0
Gilbert,2018-10-29,87.5,60.2,0.0
Gilbert,2018-10-30,85.5,63.1,0.0
Gilbert,2018-10-31,75.8,54.7,0.0
Gilbert,2018-11-01,76.5,50.8,0.0
Gilbert,2018-11-02,81.0,51.3,0.0
Gilbert,2018-11-03,80.6,52.5,0.0
Gilbert,2018-11-04,81.6,53.6,0.0
Gilbert,2018-11-05,81.2,51.7,0.0
Gilbert,2018-11-06,82.9,55.4,0.0
Gilbert,2018-11-07,81.3,55.0,0.0
Gilbert,2018-11-08,80.2,53.8,0.0
Gilbert,2018-11-09,80.7,56.1,0.0
Gilbert,2018-11-10,79.0,57.7,0.0
Gilbert,2018-11-11,73.4,49.6,0.0
Gilbert,2018-11-12,66.1,47.1,0.0
Gilbert,2018-11-13,67.3,45.4,0.0
Gilbert,2018-11-14,70.9,47.5,0.0
Gilbert,2018-11-15,75.6,47.8,0.0
Gilbert,2018-11-16,76.1,46.0,0.0
Gilbert,2018-11-17,72.7,42.2,0.0
Gilbert,2018-11-18,72.9,45.2,0.0
Gilbert,2018-11-19,76.1,46.4,0.0
Gilbert,2018-11-20,79.4,52.2,0.0
Gilbert,2018-11-21,74.6,47.7,0.0
Gilbert,2018-11-22,68.8,49.0,0.0
Gilbert,2018-11-23,70.0,47.6,0.0
Gilbert,2018-11-24,70.1,42.9,0.0
Gilbert,2018-11-25,73.4,49.2,0.0
Gilbert,2018-11-26,75.4,50.8,0.0
Gilbert,2018-11-27,75.3,49.2,0.0
Gilbert,2018-11-28,75.7,45.8,0.0
Gilbert,2018-11-29,71.2,50.3,0.004
Gilbert,2018-11-30,63.1,47.6,0.496
Gilbert,2018-12-01,64.5,46.1,0.0
Gilbert,2018-12-02,61.1,43.5,0.012
Gilbert,2018-12-03,61.5,39.0,0.0
Gilbert,2018-12-04,66.1,41.6,0.0
Gilbert,2018-12-05,72.2,47.0,0.0
Gilbert,2018-12-06,64.6,50.2,0.102
Gilbert,2018-12-07,65.9,50.5,0.067
Gilbert,2018-12-08,65.7,45.5,0.0
Gilbert,2018-12-09,69.7,43.6,0.0
Gilbert,2018-12-10,73.0,49.1,0.0
Gilbert,2018-12-11,72.0,52.4,0.0
Gilbert,2018-12-12,66.7,42.3,0.0
Gilbert,2018-12-13,67.0,43.1,0.0
Gilbert,2018-12-14,69.3,37.4,0.0
Gilbert,2018-12-15,73.1,46.9,0.0
Gilbert,2018-12-16,73.0,43.2,0.0
Gilbert,2018-12-17,71.1,44.5,0.0
Gilbert,2018-12-18,67.9,44.1,0.0
Gilbert,2018-12-19,67.6,41.1,0.0
Gilbert,2018-12-20,74.0,41.5,0.0
Gilbert,2018-12-21,71.1,43.1,0.0
Gilbert,2018-12-22,72.3,41.3,0.0
Gilbert,2018-12-23,73.3,41.5,0.0
Gilbert,2018-12-24,71.2,41.6,0.0
Gilbert,2018-12-25,64.6,45.1,0.091
Gilbert,2018-12-26,60.3,43.1,0.024
Gilbert,2018-12-27,57.0,39.6,0.004
Gilbert,2018-12-28,53.0,36.8,0.0
Gilbert,2018-12-29,56.0,36.2,0.0
Gilbert,2018-12-30,55.2,33.9,0.0
Gilbert,2018-12-31,55.8,37.0,0.484
Gilbert,2019-01-01,48.2,36.4,0.075
Gilbert,2019-01-02,48.7,30.7,0.0
Gilbert,2019-01-03,53.3,30.0,0.0
Gilbert,2019-01-04,65.6,31.6,0.0
Gilbert,2019-01-05,67.6,39.9,0.075
Gilbert,2019-01-06,53.9,44.2,0.559
Gilbert,2019-01-07,61.9,37.9,0.0
Gilbert,2019-01-08,69.4,39.0,0.0
Gilbert,2019-01-09,69.4,46.4,0.0
Gilbert,2019-01-10,64.4,45.7,0.004
Gilbert,2019-01-11,64.0,42.0,0.0
Gilbert,2019-01-12,67.6,43.6,0.039
Gilbert,2019-01-13,61.6,45.1,0.028
Gilbert,2019-01-14,68.4,48.6,0.004
Gilbert,2019-01-15,67.9,50.7,0.205
Gilbert,2019-01-16,68.3,49.6,0.0
Gilbert,2019-01-17,68.1,43.6,0.0
Gilbert,2019-01-18,66.4,48.5,0.0
Gilbert,2019-01-19,69.4,45.4,0.0
Gilbert,2019-01-20,73.9,46.0,0.0
Gilbert,2019-01-21,65.0,46.1,0.0
Gilbert,2019-01-22,62.0,38.7,0.0
Gilbert,2019-01-23,61.1,38.5,0.0
Gilbert,2019-01-24,68.7,34.2,0.0
Gilbert,2019-01-25,70.3,41.5,0.0
Gilbert,2019-01-26,70.8,40.5,0.0
Gilbert,2019-01-27,73.1,45.1,0.0
Gilbert,2019-01-28,71.9,42.4,0.0
Gilbert,2019-01-29,73.1,50.2,0.0
Gilbert,2019-01-30,73.8,48.3,0.0
Gilbert,2019-01-31,73.0,48.2,0.0
Gilbert,2019-02-01,71.9,50.6,0.004
Gilbert,2019-02-02,71.0,54.9,0.004
Gilbert,2019-02-03,63.1,52.9,0.539
Gilbert,2019-02-04,64.7,51.8,0.024
Gilbert,2019-02-05,65.3,48.8,0.043
Gilbert,2019-02-06,54.3,37.1,0.02
Gilbert,2019-02-07,54.9,31.1,0.0
Gilbert,2019-02-08,66.6,33.1,0.0
Gilbert,2019-02-09,62.6,36.9,0.0
Gilbert,2019-02-10,63.3,34.3,0.0
Gilbert,2019-02-11,57.3,37.8,0.0
Gilbert,2019-02-12,68.5,32.5,0.0
Gilbert,2019-02-13,73.0,43.4,0.0
Gilbert,2019-02-14,61.8,51.5,0.571
Gilbert,2019-02-15,69.0,49.4,0.11
Gilbert,2019-02-16,61.4,42.7,0.016
Gilbert,2019-02-17,57.2,37.9,0.024
Gilbert,2019-02-18,53.7,38.6,0.075
Gilbert,2019-02-19,54.1,32.5,0.02
Gilbert,2019-02-20,55.9,31.6,0.0
Gilbert,2019-02-21,50.2,38.0,1.283
Gilbert,2019-02-22,44.7,34.4,0.811
Gilbert,2019-02-23,53.2,31.2,0.0
Gilbert,2019-02-24,62.3,34.8,0.0
Gilbert,2019-02-25,64.3,36.3,0.0
Gilbert,2019-02-26,71.1,41.0,0.0
Gilbert,2019-02-27,72.5,47.0,0.0
Gilbert,2019-02-28,74.1,44.2,0.0
Gilbert,2019-03-01,75.9,48.7,0.0
Gilbert,2019-03-02,72.0,51.6,0.059
Gilbert,2019-03-03,73.5,48.5,0.0
Gilbert,2019-03-04,73.1,46.5,0.0
Gilbert,2019-03-05,79.0,45.1,0.0
Gilbert,2019-03-06,86.8,51.0,0.0
Gilbert,2019-03-07,77.4,54.1,0.0
Gilbert,2019-03-08,66.9,49.5,0.0
Gilbert,2019-03-09,67.0,40.8,0.0
Gilbert,2019-03-10,71.8,40.6,0.0
Gilbert,2019-03-11,75.3,49.9,0.094
Gilbert,2019-03-12,65.0,48.7,0.291
Gilbert,2019-03-13,64.4,46.0,0.106
Gilbert,2019-03-14,61.1,37.4,0.0
Gilbert,2019-03-15,72.6,44.1,0.0
Gilbert,2019-03-16,75.9,52.5,0.0
Gilbert,2019-03-17,78.8,50.8,0.0
Gilbert,2019-03-18,82.3,53.9,0.0
Gilbert,2019-03-19,84.2,55.9,0.0
Gilbert,2019-03-20,85.6,56.4,0.0
Gilbert,2019-03-21,71.0,52.7,0.055
Gilbert,2019-03-22,71.6,46.1,0.0
Gilbert,2019-03-23,76.2,46.7,0.0
Gilbert,2019-03-24,79.3,48.6,0.0
Gilbert,2019-03-25,85.2,52.3,0.0
Gilbert,2019-03-26,86.4,54.1,0.0
Gilbert,2019-03-27,84.1,55.0,0.0
Gilbert,2019-03-28,84.7,51.0,0.0
Gilbert,2019-03-29,81.0,50.2,0.0
Gilbert,2019-03-30,81.5,50.7,0.0
Gilbert,2019-03-31,80.3,49.7,0.0
Gilbert,2019-04-01,82.8,54.7,0.0
Gilbert,2019-04-02,86.6,53.3,0.0
Gilbert,2019-04-03,79.3,56.7,0.0
Gilbert,2019-04-04,82.9,52.7,0.0
Gilbert,2019-04-05,81.3,55.0,0.0
Gilbert,2019-04-06,79.4,58.3,0.0
Gilbert,2019-04-07,88.3,55.0,0.0
Gilbert,2019-04-08,94.9,57.4,0.0
Gilbert,2019-04-09,95.9,63.0,0.0
Gilbert,2019-04-10,74.6,58.2,0.0
Gilbert,2019-04-11,76.8,54.6,0.0
Gilbert,2019-04-12,72.4,56.5,0.008
Gilbert,2019-04-13,78.5,50.5,0.0
Gilbert,2019-04-14,85.1,53.8,0.0
Gilbert,2019-04-15,87.8,55.7,0.0
Gilbert,2019-04-16,82.7,56.8,0.087
Gilbert,2019-04-17,77.2,52.3,0.083
Gilbert,2019-04-18,90.2,54.9,0.0
Gilbert,2019-04-19,98.4,59.0,0.0
Gilbert,2019-04-20,92.5,66.1,0.0
Gilbert,2019-04-21,88.0,64.0,0.0
Gilbert,2019-04-22,86.0,58.6,0.0
Gilbert,2019-04-23,86.5,60.4,0.0
Gilbert,2019-04-24,92.4,58.2,0.0
Gilbert,2019-04-25,97.9,65.0,0.0
Gilbert,2019-04-26,99.4,63.5,0.0
Gilbert,2019-04-27,96.4,67.3,0.0
Gilbert,2019-04-28,95.5,64.2,0.0
Gilbert,2019-04-29,84.7,61.5,0.11
Gilbert,2019-04-30,82.7,58.4,0.035
Gilbert,2019-05-01,86.5,59.8,0.0
Gilbert,2019-05-02,88.7,59.9,0.0
Gilbert,2019-05-03,93.1,60.5,0.0
Gilbert,2019-05-04,94.3,62.2,0.0
Gilbert,2019-05-05,93.9,64.3,0.0
Gilbert,2019-05-06,86.3,64.6,0.0
Gilbert,2019-05-07,78.4,61.3,0.051
Gilbert,2019-05-08,84.4,58.7,0.035
Gilbert,2019-05-09,90.1,61.2,0.0
Gilbert,2019-05-10,85.8,64.6,0.0
Gilbert,2019-05-11,84.5,62.8,0.0
Gilbert,2019-05-12,84.1,62.6,0.004
Gilbert,2019-05-13,91.9,62.1,0.0
Gilbert,2019-05-14,96.8,66.1,0.0
Gilbert,2019-05-15,98.5,69.4,0.0
Gilbert,2019-05-16,92.8,71.0,0.0
Gilbert,2019-05-17,80.9,60.3,0.0
Gilbert,2019-05-18,85.5,58.6,0.0
Gilbert,2019-05-19,81.5,63.3,0.0
Gilbert,2019-05-20,71.7,59.7,0.035
Gilbert,2019-05-21,80.6,53.7,0.0
Gilbert,2019-05-22,75.5,55.8,0.0
Gilbert,2019-05-23,77.5,55.2,0.028
Gilbert,2019-05-24,87.4,55.7,0.0
Gilbert,2019-05-25,91.7,59.9,0.0
Gilbert,2019-05-26,83.7,62.1,0.0
Gilbert,2019-05-27,78.6,63.3,0.0
Gilbert,2019-05-28,83.2,56.8,0.0
Gilbert,2019-05-29,90.7,58.6,0.0
Gilbert,2019-05-30,95.4,63.4,0.0
Gilbert,2019-05-31,97.8,66.7,0.0
Gilbert,2019-06-01,98.0,68.3,0.0
Gilbert,2019-06-02,95.2,70.9,0.0
Gilbert,2019-06-03,96.5,68.6,0.0
Gilbert,2019-06-04,98.4,70.3,0.0
Gilbert,2019-06-05,100.8,69.2,0.0
Gilbert,2019-06-06,101.7,72.1,0.0
Gilbert,2019-06-07,100.4,73.5,0.0
Gilbert,2019-06-08,99.4,69.3,0.0
Gilbert,2019-06-09,105.1,72.1,0.0
Gilbert,2019-06-10,105.4,77.0,0.0
Gilbert,2019-06-11,107.4,79.5,0.0
Gilbert,2019-06-12,110.8,77.4,0.0
Gilbert,2019-06-13,109.1,80.9,0.0
Gilbert,2019-06-14,104.1,79.3,0.0
Gilbert,2019-06-15,103.1,75.0,0.0
Gilbert,2019-06-16,104.3,75.2,0.0
Gilbert,2019-06-17,104.1,74.7,0.0
Gilbert,2019-06-18,102.9,76.1,0.0
Gilbert,2019-06-19,103.6,72.1,0.0
Gilbert,2019-06-20,102.7,74.0,0.0
Gilbert,2019-06-21,102.6,74.8,0.0
Gilbert,2019-06-22,98.2,76.3,0.0
Gilbert,2019-06-23,99.3,72.1,0.0
Gilbert,2019-06-24,102.8,69.4,0.0
Gilbert,2019-06-25,104.9,72.3,0.0
Gilbert,2019-06-26,101.9,73.1,0.0
Gilbert,2019-06-27,105.0,74.3,0.0
Gilbert,2019-06-28,109.8,77.0,0.0
Gilbert,2019-06-29,111.7,81.0,0.0
Gilbert,2019-06-30,110.5,84.4,0.0
Gilbert,2019-07-01,109.6,83.0,0.0
Gilbert,2019-07-02,107.0,78.6,0.0
Gilbert,2019-07-03,106.3,79.0,0.0
Gilbert,2019-07-04,105.9,75.5,0.0
Gilbert,2019-07-05,104.5,76.2,0.0
Gilbert,2019-07-06,104.8,78.8,0.0
Gilbert,2019-07-07,105.7,80.6,0.0
Gilbert,2019-07-08,103.9,75.7,0.0
Gilbert,2019-07-09,104.6,74.2,0.0
Gilbert,2019-07-10,110.5,78.3,0.0
Gilbert,2019-07-11,112.6,82.9,0.0
Gilbert,2019-07-12,109.1,86.5,0.0
Gilbert,2019-07-13,109.3,87.4,0.0
Gilbert,2019-07-14,108.2,87.7,0.0
Gilbert,2019-07-15,112.5,84.9,0.0
Gilbert,2019-07-16,113.5,84.5,0.0
Gilbert,2019-07-17,107.0,85.6,0.0
Gilbert,2019-07-18,108.3,84.7,0.0
Gilbert,2019-07-19,105.4,82.3,0.0
Gilbert,2019-07-20,107.7,79.8,0.0
Gilbert,2019-07-21,108.0,82.3,0.0
Gilbert,2019-07-22,105.4,86.5,0.0
Gilbert,2019-07-23,105.6,82.4,0.016
Gilbert,2019-07-24,100.2,78.9,0.126
Gilbert,2019-07-25,106.1,84.1,0.0
Gilbert,2019-07-26,107.9,78.1,0.102
Gilbert,2019-07-27,112.5,87.3,0.0
Gilbert,2019-07-28,109.9,87.7,0.0
Gilbert,2019-07-29,110.3,84.4,0.0
Gilbert,2019-07-30,104.6,83.5,0.004
Gilbert,2019-07-31,92.6,76.2,0.26
Gilbert,2019-08-01,101.1,79.9,0.0
Gilbert,2019-08-02,106.9,83.8,0.0
Gilbert,2019-08-03,109.1,87.4,0.0
Gilbert,2019-08-04,109.9,83.8,0.0
Gilbert,2019-08-05,113.2,86.9,0.0
Gilbert,2019-08-06,102.4,87.4,0.0
Gilbert,2019-08-07,104.5,85.8,0.055
Gilbert,2019-08-08,107.7,78.1,0.0
Gilbert,2019-08-09,100.9,85.7,0.0
Gilbert,2019-08-10,100.9,83.9,0.0
Gilbert,2019-08-11,102.0,77.2,0.031
Gilbert,2019-08-12,106.5,78.6,0.0
Gilbert,2019-08-13,108.7,76.8,0.0
Gilbert,2019-08-14,112.4,76.9,0.0
Gilbert,2019-08-15,112.9,82.0,0.0
Gilbert,2019-08-16,109.2,81.4,0.0
Gilbert,2019-08-17,107.2,81.9,0.0
Gilbert,2019-08-18,105.4,77.0,0.0
Gilbert,2019-08-19,108.9,76.6,0.0
Gilbert,2019-08-20,112.3,78.8,0.0
Gilbert,2019-08-21,113.7,81.0,0.0
Gilbert,2019-08-22,108.3,78.8,0.0
Gilbert,2019-08-23,103.0,82.3,0.0
Gilbert,2019-08-24,99.1,82.7,0.004
Gilbert,2019-08-25,102.0,82.0,0.0
Gilbert,2019-08-26,106.5,84.2,0.0
Gilbert,2019-08-27,110.1,83.3,0.0
Gilbert,2019-08-28,105.8,85.4,0.0
Gilbert,2019-08-29,105.4,80.2,0.0
Gilbert,2019-08-30,108.8,84.0,0.0
Gilbert,2019-08-31,106.5,83.8,0.0
Gilbert,2019-09-01,104.0,84.9,0.008
Gilbert,2019-09-02,105.9,79.4,0.0
Gilbert,2019-09-03,107.9,81.9,0.0
Gilbert,2019-09-04,108.1,84.2,0.0
Gilbert,2019-09-05,110.4,85.6,0.0
Gilbert,2019-09-06,106.5,87.1,0.0
Gilbert,2019-09-07,104.5,85.3,0.0
Gilbert,2019-09-08,102.0,85.6,0.043
Gilbert,2019-09-09,97.9,79.1,0.008
Gilbert,2019-09-10,97.1,69.5,0.476
Gilbert,2019-09-11,95.4,75.7,0.063
Gilbert,2019-09-12,101.4,74.0,0.0
Gilbert,2019-09-13,105.7,75.0,0.0
Gilbert,2019-09-14,101.8,82.9,0.016
Gilbert,2019-09-15,97.1,76.8,0.0
Gilbert,2019-09-16,100.0,79.6,0.008
Gilbert,2019-09-17,97.4,72.7,0.0
Gilbert,2019-09-18,101.1,75.8,0.0
Gilbert,2019-09-19,102.4,75.7,0.0
Gilbert,2019-09-20,98.2,69.1,0.0
Gilbert,2019-09-21,94.6,64.4,0.0
Gilbert,2019-09-22,97.8,65.8,0.0
Gilbert,2019-09-23,84.7,69.4,2.055
Gilbert,2019-09-24,84.6,66.0,0.094
Gilbert,2019-09-25,85.8,65.5,0.031
Gilbert,2019-09-26,82.9,68.7,0.504
Gilbert,2019-09-27,82.1,67.6,0.047
Gilbert,2019-09-28,88.0,65.2,0.0
Gilbert,2019-09-29,85.9,68.6,0.008
Gilbert,2019-09-30,87.0,63.5,0.0
Gilbert,2019-10-01,89.0,60.4,0.0
Gilbert,2019-10-02,90.8,62.0,0.0
Gilbert,2019-10-03,95.4,63.4,0.0
Gilbert,2019-10-04,94.4,68.5,0.0
Gilbert,2019-10-05,95.3,66.2,0.0
Gilbert,2019-10-06,95.3,65.4,0.0
Gilbert,2019-10-07,99.1,67.3,0.0
Gilbert,2019-10-08,96.4,66.4,0.0
Gilbert,2019-10-09,93.5,65.5,0.0
Gilbert,2019-10-10,88.6,63.6,0.0
Gilbert,2019-10-11,89.2,61.1,0.0
Gilbert,2019-10-12,89.9,60.8,0.0
Gilbert,2019-10-13,91.0,59.8,0.0
Gilbert,2019-10-14,86.6,63.1,0.0
Gilbert,2019-10-15,91.8,62.9,0.0
Gilbert,2019-10-16,96.4,65.0,0.0
Gilbert,2019-10-17,94.8,71.9,0.0
Gilbert,2019-10-18,84.9,64.0,0.0
Gilbert,2019-10-19,85.2,57.1,0.0
Gilbert,2019-10-20,85.4,55.4,0.0
Gilbert,2019-10-21,84.5,54.7,0.0
Gilbert,2019-10-22,90.1,59.6,0.0
Gilbert,2019-10-23,90.3,59.5,0.0
Gilbert,2019-10-24,86.0,57.7,0.0
Gilbert,2019-10-25,84.4,61.7,0.0
Gilbert,2019-10-26,84.8,53.2,0.0
Gilbert,2019-10-27,89.2,58.9,0.0
Gilbert,2019-10-28,73.9,53.4,0.0
Gilbert,2019-10-29,74.1,43.5,0.0
Gilbert,2019-10-30,70.3,48.7,0.0
Gilbert,2019-10-31,77.5,46.0,0.0
Gilbert,2019-11-01,80.4,50.2,0.0
Gilbert,2019-11-02,87.8,53.8,0.0
Gilbert,2019-11-03,86.5,58.2,0.0
Gilbert,2019-11-04,86.1,50.4,0.0
Gilbert,2019-11-05,88.6,55.2,0.0
Gilbert,2019-11-06,82.5,60.7,0.0
Gilbert,2019-11-07,85.6,58.6,0.0
Gilbert,2019-11-08,87.8,63.1,0.0
Gilbert,2019-11-09,87.4,62.1,0.0
Gilbert,2019-11-10,86.5,60.7,0.0
Gilbert,2019-11-11,85.4,59.8,0.0
Gilbert,2019-11-12,81.6,60.1,0.0
Gilbert,2019-11-13,79.4,51.2,0.0
Gilbert,2019-11-14,81.9,50.6,0.0
Gilbert,2019-11-15,84.6,53.8,0.0
Gilbert,2019-11-16,82.5,57.3,0.0
Gilbert,2019-11-17,85.5,56.8,0.0
Gilbert,2019-11-18,84.7,54.1,0.0
Gilbert,2019-11-19,80.5,55.9,0.421
Gilbert,2019-11-20,68.3,54.8,0.949
Gilbert,2019-11-21,62.3,51.3,0.256
Gilbert,2019-11-22,63.0,49.3,0.0
Gilbert,2019-11-23,69.3,48.5,0.0
Gilbert,2019-11-24,70.4,50.9,0.0
Gilbert,2019-11-25,67.9,45.1,0.0
Gilbert,2019-11-26,58.5,41.9,0.0
Gilbert,2019-11-27,68.6,38.2,0.0
Gilbert,2019-11-28,67.9,53.6,0.346
Gilbert,2019-11-29,56.0,43.3,0.921
Gilbert,2019-11-30,56.5,38.7,0.0
Gilbert,2019-12-01,65.2,40.6,0.0
Gilbert,2019-12-02,67.3,42.1,0.0
Gilbert,2019-12-03,65.0,41.8,0.106
Gilbert,2019-12-04,69.6,53.1,0.012
Gilbert,2019-12-05,67.9,54.2,0.0
Gilbert,2019-12-06,69.7,48.4,0.0
Gilbert,2019-12-07,70.0,47.2,0.378
Gilbert,2019-12-08,67.4,55.6,0.205
Gilbert,2019-12-09,61.4,48.5,0.138
Gilbert,2019-12-10,64.3,45.4,0.0
Gilbert,2019-12-11,66.4,43.7,0.0
Gilbert,2019-12-12,65.1,42.9,0.0
Gilbert,2019-12-13,65.0,41.9,0.0
Gilbert,2019-12-14,68.6,43.4,0.0
Gilbert,2019-12-15,62.4,43.5,0.0
Gilbert,2019-12-16,59.3,36.3,0.0
Gilbert,2019-12-17,59.5,35.7,0.0
Gilbert,2019-12-18,65.3,42.1,0.0
Gilbert,2019-12-19,63.8,40.6,0.0
Gilbert,2019-12-20,65.9,40.5,0.0
Gilbert,2019-12-21,72.6,42.7,0.0
Gilbert,2019-12-22,76.0,46.9,0.0
Gilbert,2019-12-23,70.8,51.8,0.106
Gilbert,2019-12-24,55.0,49.8,0.937
Gilbert,2019-12-25,54.9,41.6,0.169
Gilbert,2019-12-26,61.5,38.8,0.272
Gilbert,2019-12-27,48.6,42.8,0.193
Gilbert,2019-12-28,52.1,35.1,0.0
Gilbert,2019-12-29,50.8,31.7,0.0
Gilbert,2019-12-30,57.0,37.5,0.008
Gilbert,2019-12-31,58.2,44.6,0.004
Gilbert,2020-01-01,59.4,37.4,0.0
Gilbert,2020-01-02,59.1,36.4,0.008
Gilbert,2020-01-03,62.9,37.0,0.0
Gilbert,2020-01-04,67.8,37.1,0.0
Gilbert,2020-01-05,67.1,37.2,0.0
Gilbert,2020-01-06,66.9,37.1,0.0
Gilbert,2020-01-07,72.1,46.0,0.0
Gilbert,2020-01-08,66.1,42.1,0.0
Gilbert,2020-01-09,63.6,40.4,0.067
Gilbert,2020-01-10,60.5,39.9,0.0
Gilbert,2020-01-11,62.0,36.7,0.0
Gilbert,2020-01-12,63.8,35.3,0.0
Gilbert,2020-01-13,67.4,37.3,0.0
Gilbert,2020-01-14,70.6,39.1,0.0
Gilbert,2020-01-15,72.7,44.5,0.0
Gilbert,2020-01-16,67.8,44.7,0.0
Gilbert,2020-01-17,64.7,44.0,0.0
Gilbert,2020-01-18,71.4,42.6,0.0
Gilbert,2020-01-19,77.9,49.2,0.0
Gilbert,2020-01-20,78.4,55.2,0.0
Gilbert,2020-01-21,64.8,52.5,0.252
Gilbert,2020-01-22,62.1,46.4,0.004
Gilbert,2020-01-23,69.4,43.0,0.0
Gilbert,2020-01-24,73.0,44.8,0.0
Gilbert,2020-01-25,71.9,42.7,0.0
Gilbert,2020-01-26,72.2,43.9,0.0
Gilbert,2020-01-27,71.3,47.4,0.012
Gilbert,2020-01-28,69.0,44.2,0.0
Gilbert,2020-01-29,67.1,41.0,0.004
Gilbert,2020-01-30,68.2,43.0,0.0
Gilbert,2020-01-31,70.5,42.9,0.0
Gilbert,2020-02-01,78.5,44.2,0.0
Gilbert,2020-02-02,78.4,46.1,0.0
Gilbert,2020-02-03,62.7,46.4,0.0
Gilbert,2020-02-04,52.3,29.8,0.0
Gilbert,2020-02-05,53.4,33.3,0.0
Gilbert,2020-02-06,58.6,32.7,0.0
Gilbert,2020-02-07,66.5,35.4,0.0
Gilbert,2020-02-08,71.7,38.9,0.0
Gilbert,2020-02-09,74.5,46.8,0.0
Gilbert,2020-02-10,69.6,51.9,0.39
Gilbert,2020-02-11,56.6,44.3,0.346
Gilbert,2020-02-12,61.9,39.0,0.0
Gilbert,2020-02-13,64.9,37.8,0.0
Gilbert,2020-02-14,69.2,41.5,0.0
Gilbert,2020-02-15,69.3,40.2,0.0
Gilbert,2020-02-16,70.8,41.2,0.0
Gilbert,2020-02-17,73.7,42.6,0.0
Gilbert,2020-02-18,76.1,46.5,0.0
Gilbert,2020-02-19,76.7,47.0,0.0
Gilbert,2020-02-20,80.7,46.9,0.0
Gilbert,2020-02-21,78.4,60.3,0.0
Gilbert,2020-02-22,68.1,55.7,0.693
Gilbert,2020-02-23,62.5,46.0,0.047
Gilbert,2020-02-24,67.9,43.3,0.0
Gilbert,2020-02-25,64.8,42.7,0.0
Gilbert,2020-02-26,65.8,43.5,0.0
Gilbert,2020-02-27,74.7,40.2,0.0
Gilbert,2020-02-28,80.2,49.7,0.0
Gilbert,2020-02-29,78.3,48.6,0.0
Gilbert,2020-03-01,75.3,50.9,0.0
Gilbert,2020-03-02,65.6,47.7,0.035
Gilbert,2020-03-03,75.8,47.0,0.0
Gilbert,2020-03-04,74.1,46.4,0.0
Gilbert,2020-03-05,85.4,48.1,0.0
Gilbert,2020-03-06,86.4,57.7,0.0
Gilbert,2020-03-07,83.8,58.7,0.0
Gilbert,2020-03-08,75.5,56.4,0.0
Gilbert,2020-03-09,77.1,51.6,0.0
Gilbert,2020-03-10,77.2,59.4,0.386
Gilbert,2020-03-11,69.4,60.2,0.748
Gilbert,2020-03-12,68.7,59.0,0.732
Gilbert,2020-03-13,64.5,49.9,0.228
Gilbert,2020-03-14,69.8,48.2,0.0
Gilbert,2020-03-15,73.5,49.6,0.0
Gilbert,2020-03-16,75.3,48.7,0.0
Gilbert,2020-03-17,73.1,52.3,0.0
Gilbert,2020-03-18,65.7,47.8,0.713
Gilbert,2020-03-19,63.4,46.6,0.051
Gilbert,2020-03-20,68.7,43.0,0.0
Gilbert,2020-03-21,71.2,46.9,0.0
Gilbert,2020-03-22,72.6,48.6,0.0
Gilbert,2020-03-23,74.2,51.7,0.0
Gilbert,2020-03-24,75.7,49.2,0.0
Gilbert,2020-03-25,77.5,48.8,0.0
Gilbert,2020-03-26,70.8,55.4,0.0
Gilbert,2020-03-27,64.0,47.4,0.016
Gilbert,2020-03-28,69.4,41.7,0.0
Gilbert,2020-03-29,76.0,45.8,0.0
Gilbert,2020-03-30,76.3,45.9,0.0
Gilbert,2020-03-31,81.5,50.8,0.0
Gilbert,2020-04-01,84.6,54.8,0.0
Gilbert,2020-04-02,83.3,58.1,0.0
Gilbert,2020-04-03,83.2,53.3,0.0
Gilbert,2020-04-04,83.0,56.1,0.0
Gilbert,2020-04-05,84.4,54.4,0.0
Gilbert,2020-04-06,83.7,55.2,0.0
Gilbert,2020-04-07,84.1,54.4,0.0
Gilbert,2020-04-08,80.1,55.9,0.035
Gilbert,2020-04-09,72.4,48.7,0.0
Gilbert,2020-04-10,77.5,47.8,0.0
Gilbert,2020-04-11,68.6,52.7,0.004
Gilbert,2020-04-12,75.4,49.5,0.0
Gilbert,2020-04-13,76.5,52.4,0.0
Gilbert,2020-04-14,79.6,54.6,0.0
Gilbert,2020-04-15,82.4,48.9,0.0
Gilbert,2020-04-16,84.7,53.2,0.0
Gilbert,2020-04-17,86.4,53.3,0.0
Gilbert,2020-04-18,78.0,57.1,0.0
Gilbert,2020-04-19,82.2,53.0,0.0
Gilbert,2020-04-20,86.3,55.8,0.0
Gilbert,2020-04-21,82.3,58.1,0.0
Gilbert,2020-04-22,89.6,55.5,0.0
Gilbert,2020-04-23,94.9,58.8,0.0
Gilbert,2020-04-24,97.5,64.5,0.0
Gilbert,2020-04-25,98.2,64.0,0.0
Gilbert,2020-04-26,101.7,66.0,0.0
Gilbert,2020-04-27,101.1,70.3,0.0
Gilbert,2020-04-28,100.6,67.1,0.0
Gilbert,2020-04-29,104.1,70.2,0.0
Gilbert,2020-04-30,103.6,69.8,0.0
Gilbert,2020-05-01,101.2,67.7,0.0
Gilbert,2020-05-02,98.7,69.1,0.0
Gilbert,2020-05-03,96.8,68.2,0.0
Gilbert,2020-05-04,98.0,66.7,0.0
Gilbert,2020-05-05,102.8,67.4,0.0
Gilbert,2020-05-06,105.6,69.4,0.0
Gilbert,2020-05-07,105.3,69.7,0.0
Gilbert,2020-05-08,103.3,71.4,0.0
Gilbert,2020-05-09,101.7,73.9,0.0
Gilbert,2020-05-10,98.2,76.7,0.0
Gilbert,2020-05-11,99.7,74.0,0.0
Gilbert,2020-05-12,94.4,70.3,0.0
Gilbert,2020-05-13,90.2,66.7,0.0
Gilbert,2020-05-14,90.6,66.1,0.0
Gilbert,2020-05-15,93.6,66.5,0.0
Gilbert,2020-05-16,97.8,67.8,0.0
Gilbert,2020-05-17,100.7,69.1,0.0
Gilbert,2020-05-18,100.0,69.8,0.0
Gilbert,2020-05-19,89.0,66.7,0.0
Gilbert,2020-05-20,86.6,59.4,0.0
Gilbert,2020-05-21,91.1,59.1,0.0
Gilbert,2020-05-22,95.2,63.8,0.0
Gilbert,2020-05-23,93.7,66.9,0.0
Gilbert,2020-05-24,94.2,65.9,0.0
Gilbert,2020-05-25,96.8,65.8,0.0
Gilbert,2020-05-26,102.3,66.8,0.0
Gilbert,2020-05-27,106.7,70.5,0.0
Gilbert,2020-05-28,108.9,76.1,0.0
Gilbert,2020-05-29,111.1,76.8,0.0
Gilbert,2020-05-30,109.2,82.9,0.0
Gilbert,2020-05-31,106.9,79.8,0.0
Gilbert,2020-06-01,105.4,79.2,0.0
Gilbert,2020-06-02,107.0,82.5,0.0
Gilbert,2020-06-03,109.9,82.4,0.0
Gilbert,2020-06-04,110.5,80.3,0.0
Gilbert,2020-06-05,108.4,82.9,0.0
Gilbert,2020-06-06,93.0,72.4,0.0
Gilbert,2020-06-07,95.3,72.1,0.0
Gilbert,2020-06-08,91.0,69.7,0.0
Gilbert,2020-06-09,93.5,66.7,0.0
Gilbert,2020-06-10,103.4,68.9,0.0
Gilbert,2020-06-11,108.3,72.6,0.0
Gilbert,2020-06-12,108.6,74.7,0.0
Gilbert,2020-06-13,107.2,75.4,0.0
Gilbert,2020-06-14,105.1,71.1,0.0
Gilbert,2020-06-15,105.8,73.9,0.0
Gilbert,2020-06-16,106.4,73.9,0.0
Gilbert,2020-06-17,102.5,76.4,0.0
Gilbert,2020-06-18,101.8,74.4,0.0
Gilbert,2020-06-19,101.9,73.7,0.0
Gilbert,2020-06-20,105.4,74.8,0.0
Gilbert,2020-06-21,107.8,75.4,0.0
Gilbert,2020-06-22,108.2,77.9,0.0
Gilbert,2020-06-23,109.4,76.2,0.0
Gilbert,2020-06-24,110.3,77.1,0.0
Gilbert,2020-06-25,111.0,78.4,0.0
Gilbert,2020-06-26,109.4,78.7,0.0
Gilbert,2020-06-27,106.4,77.9,0.0
Gilbert,2020-06-28,104.5,78.3,0.0
Gilbert,2020-06-29,100.0,79.6,0.0
Gilbert,2020-06-30,99.9,75.3,0.0
Gilbert,2020-07-01,103.9,73.7,0.0
Gilbert,2020-07-02,102.0,78.4,0.0
Gilbert,2020-07-03,102.7,80.4,0.008
Gilbert,2020-07-04,109.1,80.7,0.0
Gilbert,2020-07-05,110.9,81.7,0.0
Gilbert,2020-07-06,111.3,78.9,0.0
Gilbert,2020-07-07,110.7,82.7,0.0
Gilbert,2020-07-08,110.0,84.9,0.0
Gilbert,2020-07-09,110.1,85.1,0.0
Gilbert,2020-07-10,111.2,86.0,0.0
Gilbert,2020-07-11,116.2,87.0,0.0
Gilbert,2020-07-12,114.4,88.0,0.0
Gilbert,2020-07-13,108.9,89.6,0.0
Gilbert,2020-07-14,110.0,84.3,0.0
Gilbert,2020-07-15,110.0,85.5,0.0
Gilbert,2020-07-16,110.8,84.6,0.0
Gilbert,2020-07-17,107.4,85.6,0.0
Gilbert,2020-07-18,109.7,84.4,0.0
Gilbert,2020-07-19,109.8,87.6,0.0
Gilbert,2020-07-20,107.0,87.7,0.0
Gilbert,2020-07-21,107.3,84.7,0.0
Gilbert,2020-07-22,103.9,86.5,0.0
Gilbert,2020-07-23,98.0,84.2,0.0
Gilbert,2020-07-24,99.6,80.6,0.0
Gilbert,2020-07-25,103.2,80.2,0.0
Gilbert,2020-07-26,108.1,82.0,0.0
Gilbert,2020-07-27,108.7,83.8,0.0
Gilbert,2020-07-28,110.7,87.9,0.0
Gilbert,2020-07-29,113.4,84.7,0.0
Gilbert,2020-07-30,116.3,85.3,0.0
Gilbert,2020-07-31,115.2,85.3,0.0
Gilbert,2020-08-01,109.9,88.8,0.0
Gilbert,2020-08-02,112.0,88.1,0.0
Gilbert,2020-08-03,112.2,86.1,0.0
Gilbert,2020-08-04,109.9,83.6,0.0
Gilbert,2020-08-05,109.7,84.8,0.0
Gilbert,2020-08-06,108.4,79.0,0.0
Gilbert,2020-08-07,107.7,80.8,0.0
Gilbert,2020-08-08,110.4,82.7,0.0
Gilbert,2020-08-09,111.2,80.2,0.0
Gilbert,2020-08-10,111.0,80.2,0.0
Gilbert,2020-08-11,109.1,82.3,0.0
Gilbert,2020-08-12,109.8,85.7,0.0
Gilbert,2020-08-13,113.3,85.4,0.0
Gilbert,2020-08-14,115.3,85.9,0.0
Gilbert,2020-08-15,112.8,86.8,0.0
Gilbert,2020-08-16,113.2,88.2,0.0
Gilbert,2020-08-17,113.9,85.8,0.0
Gilbert,2020-08-18,113.7,89.9,0.0
Gilbert,2020-08-19,113.1,85.9,0.0
Gilbert,2020-08-20,110.5,90.0,0.0
Gilbert,2020-08-21,100.8,84.7,0.0
Gilbert,2020-08-22,105.7,86.1,0.004
Gilbert,2020-08-23,108.9,86.3,0.0
Gilbert,2020-08-24,115.4,87.9,0.0
Gilbert,2020-08-25,112.2,86.8,0.0
Gilbert,2020-08-26,111.0,87.7,0.0
Gilbert,2020-08-27,110.2,84.9,0.0
Gilbert,2020-08-28,110.0,87.7,0.0
Gilbert,2020-08-29,104.8,85.4,0.0
Gilbert,2020-08-30,99.0,77.3,0.0
Gilbert,2020-08-31,100.3,75.1,0.0
Gilbert,2020-09-01,99.6,73.3,0.11
Gilbert,2020-09-02,102.9,79.3,0.0
Gilbert,2020-09-03,108.0,79.3,0.0
Gilbert,2020-09-04,112.7,80.8,0.0
Gilbert,2020-09-05,113.9,85.6,0.0
Gilbert,2020-09-06,111.3,84.7,0.0
Gilbert,2020-09-07,109.4,81.4,0.0
Gilbert,2020-09-08,102.6,79.4,0.0
Gilbert,2020-09-09,90.0,69.4,0.0
Gilbert,2020-09-10,92.8,66.7,0.0
Gilbert,2020-09-11,97.9,69.7,0.0
Gilbert,2020-09-12,100.0,66.1,0.0
Gilbert,2020-09-13,103.8,73.2,0.0
Gilbert,2020-09-14,103.1,80.0,0.0
Gilbert,2020-09-15,102.7,78.8,0.0
Gilbert,2020-09-16,107.6,74.0,0.0
Gilbert,2020-09-17,108.2,76.2,0.0
Gilbert,2020-09-18,106.2,82.6,0.0
Gilbert,2020-09-19,104.5,81.4,0.0
Gilbert,2020-09-20,104.5,75.9,0.0
Gilbert,2020-09-21,103.7,77.9,0.0
Gilbert,2020-09-22,100.7,80.9,0.0
Gilbert,2020-09-23,103.7,71.8,0.0
Gilbert,2020-09-24,105.0,71.8,0.0
Gilbert,2020-09-25,104.0,72.4,0.0
Gilbert,2020-09-26,102.6,74.0,0.0
Gilbert,2020-09-27,101.4,73.0,0.0
Gilbert,2020-09-28,102.6,68.1,0.0
Gilbert,2020-09-29,102.7,73.6,0.0
Gilbert,2020-09-30,103.8,69.3,0.0
Gilbert,2020-10-01,105.9,72.0,0.0
Gilbert,2020-10-02,105.9,69.4,0.0
Gilbert,2020-10-03,103.9,67.4,0.0
Gilbert,2020-10-04,104.3,68.5,0.0
Gilbert,2020-10-05,103.8,69.7,0.0
Gilbert,2020-10-06,102.9,67.9,0.0
Gilbert,2020-10-07,103.2,66.9,0.0
Gilbert,2020-10-08,100.9,70.3,0.0
Gilbert,2020-10-09,97.5,71.3,0.0
Gilbert,2020-10-10,95.9,68.4,0.0
Gilbert,2020-10-11,93.2,65.1,0.0
Gilbert,2020-10-12,97.4,64.7,0.0
Gilbert,2020-10-13,100.1,63.9,0.0
Gilbert,2020-10-14,99.8,63.6,0.0
Gilbert,2020-10-15,98.1,65.8,0.0
Gilbert,2020-10-16,102.0,71.0,0.0
Gilbert,2020-10-17,97.0,64.1,0.0
Gilbert,2020-10-18,95.8,63.4,0.0
Gilbert,2020-10-19,95.9,63.0,0.0
Gilbert,2020-10-20,96.4,61.5,0.0
Gilbert,2020-10-21,96.3,63.2,0.0
Gilbert,2020-10-22,92.6,62.8,0.0
Gilbert,2020-10-23,91.6,66.3,0.0
Gilbert,2020-10-24,87.4,67.4,0.0
Gilbert,2020-10-25,84.8,66.0,0.004
Gilbert,2020-10-26,69.4,52.3,0.0
Gilbert,2020-10-27,65.6,47.1,0.0
Gilbert,2020-10-28,69.1,42.4,0.0
Gilbert,2020-10-29,83.8,47.6,0.0
Gilbert,2020-10-30,87.4,56.8,0.0
Gilbert,2020-10-31,84.7,55.9,0.0
Gilbert,2020-11-01,94.5,63.7,0.0
Gilbert,2020-11-02,94.2,66.6,0.0
Gilbert,2020-11-03,93.7,65.4,0.0
Gilbert,2020-11-04,91.9,61.9,0.0
Gilbert,2020-11-05,96.6,63.6,0.0
Gilbert,2020-11-06,88.5,75.7,0.0
Gilbert,2020-11-07,79.3,60.3,0.031
Gilbert,2020-11-08,66.2,49.2,0.004
Gilbert,2020-11-09,61.9,45.9,0.012
Gilbert,2020-11-10,64.7,42.3,0.0
Gilbert,2020-11-11,69.1,40.6,0.0
Gilbert,2020-11-12,72.1,41.1,0.0
Gilbert,2020-11-13,75.0,43.6,0.0
Gilbert,2020-11-14,73.9,43.3,0.0
Gilbert,2020-11-15,82.3,48.9,0.0
Gilbert,2020-11-16,89.5,56.9,0.0
Gilbert,2020-11-17,91.1,58.8,0.0
Gilbert,2020-11-18,88.6,58.7,0.0
Gilbert,2020-11-19,85.4,55.0,0.0
Gilbert,2020-11-20,87.3,55.6,0.0
Gilbert,2020-11-21,85.0,55.9,0.0
Gilbert,2020-11-22,83.8,54.6,0.0
Gilbert,2020-11-23,77.4,52.7,0.0
Gilbert,2020-11-24,70.8,48.1,0.0
Gilbert,2020-11-25,70.1,42.5,0.0
Gilbert,2020-11-26,70.3,42.1,0.0
Gilbert,2020-11-27,63.0,40.8,0.0
Gilbert,2020-11-28,68.9,44.8,0.0
Gilbert,2020-11-29,74.1,40.2,0.0
Gilbert,2020-11-30,73.3,52.0,0.0
Gilbert,2020-12-01,69.0,39.9,0.0
Gilbert,2020-12-02,68.8,40.3,0.0
Gilbert,2020-12-03,64.2,45.8,0.0
Gilbert,2020-12-04,64.7,41.0,0.0
Gilbert,2020-12-05,69.1,37.6,0.0
Gilbert,2020-12-06,71.5,38.8,0.0
Gilbert,2020-12-07,80.1,44.0,0.0
Gilbert,2020-12-08,80.7,50.5,0.0
Gilbert,2020-12-09,79.7,53.3,0.004
Gilbert,2020-12-10,61.3,48.7,0.421
Gilbert,2020-12-11,64.5,45.3,0.0
Gilbert,2020-12-12,67.1,43.0,0.0
Gilbert,2020-12-13,62.7,40.6,0.0
Gilbert,2020-12-14,60.4,41.9,0.0
Gilbert,2020-12-15,61.0,33.7,0.0
Gilbert,2020-12-16,63.6,36.1,0.0
Gilbert,2020-12-17,69.0,38.5,0.0
Gilbert,2020-12-18,64.0,38.3,0.0
Gilbert,2020-12-19,65.6,37.5,0.0
Gilbert,2020-12-20,68.9,36.6,0.0
Gilbert,2020-12-21,75.8,48.4,0.0
Gilbert,2020-12-22,69.1,40.9,0.0
Gilbert,2020-12-23,68.1,37.9,0.0
Gilbert,2020-12-24,64.3,41.9,0.0
Gilbert,2020-12-25,68.4,43.3,0.004
Gilbert,2020-12-26,69.2,39.0,0.0
Gilbert,2020-12-27,71.2,39.4,0.0
Gilbert,2020-12-28,67.6,50.3,0.0
Gilbert,2020-12-29,58.6,43.6,0.024
Gilbert,2020-12-30,63.5,41.6,0.0
Gilbert,2020-12-31,59.9,37.2,0.0
Gilbert,2021-01-01,63.9,38.8,0.0
Gilbert,2021-01-02,62.3,34.5,0.0
Gilbert,2021-01-03,63.3,33.4,0.0
Gilbert,2021-01-04,69.1,35.4,0.0
Gilbert,2021-01-05,68.5,38.4,0.0
Gilbert,2021-01-06,71.3,43.1,0.0
Gilbert,2021-01-07,70.3,38.9,0.0
Gilbert,2021-01-08,68.9,37.6,0.0
Gilbert,2021-01-09,67.4,36.6,0.0
Gilbert,2021-01-10,65.0,40.0,0.0
Gilbert,2021-01-11,66.4,46.4,0.0
Gilbert,2021-01-12,66.0,41.3,0.0
Gilbert,2021-01-13,65.9,34.6,0.0
Gilbert,2021-01-14,71.8,35.9,0.0
Gilbert,2021-01-15,76.6,46.0,0.0
Gilbert,2021-01-16,76.8,42.2,0.0
Gilbert,2021-01-17,78.4,50.3,0.0
Gilbert,2021-01-18,72.7,38.7,0.0
Gilbert,2021-01-19,73.8,54.0,0.031
Gilbert,2021-01-20,72.7,55.4,0.0
Gilbert,2021-01-21,70.5,53.9,0.024
Gilbert,2021-01-22,68.7,51.8,0.091
Gilbert,2021-01-23,65.4,50.9,0.079
Gilbert,2021-01-24,53.8,44.2,0.343
Gilbert,2021-01-25,53.2,39.8,0.382
Gilbert,2021-01-26,51.7,36.7,0.035
Gilbert,2021-01-27,62.1,34.8,0.0
Gilbert,2021-01-28,71.0,43.7,0.0
Gilbert,2021-01-29,66.2,43.3,0.295
Gilbert,2021-01-30,60.5,39.7,0.0
Gilbert,2021-01-31,72.1,43.8,0.0
Gilbert,2021-02-01,73.9,50.1,0.0
Gilbert,2021-02-02,79.7,54.9,0.0
Gilbert,2021-02-03,77.8,56.4,0.0
Gilbert,2021-02-04,73.3,51.4,0.0
Gilbert,2021-02-05,69.1,44.1,0.0
Gilbert,2021-02-06,71.4,40.4,0.0
Gilbert,2021-02-07,72.9,41.2,0.0
Gilbert,2021-02-08,75.4,43.1,0.0
Gilbert,2021-02-09,75.4,45.2,0.0
Gilbert,2021-02-10,73.0,47.3,0.0
Gilbert,2021-02-11,75.5,43.5,0.0
Gilbert,2021-02-12,72.1,50.9,0.0
Gilbert,2021-02-13,72.8,46.0,0.0
Gilbert,2021-02-14,65.8,43.4,0.012
Gilbert,2021-02-15,65.8,41.0,0.0
Gilbert,2021-02-16,69.5,44.2,0.016
Gilbert,2021-02-17,65.9,40.6,0.0
Gilbert,2021-02-18,64.4,38.8,0.0
Gilbert,2021-02-19,71.2,42.9,0.0
Gilbert,2021-02-20,78.2,39.9,0.0
Gilbert,2021-02-21,69.9,42.3,0.0
Gilbert,2021-02-22,76.6,46.3,0.0
Gilbert,2021-02-23,79.0,46.2,0.0
Gilbert,2021-02-24,78.6,45.4,0.0
Gilbert,2021-02-25,68.7,43.5,0.0
Gilbert,2021-02-26,70.3,38.8,0.0
Gilbert,2021-02-27,71.5,40.2,0.0
Gilbert,2021-02-28,62.8,42.5,0.0
Gilbert,2021-03-01,69.6,40.3,0.0
Gilbert,2021-03-02,79.3,49.6,0.0
Gilbert,2021-03-03,82.9,47.4,0.0
Gilbert,2021-03-04,68.6,48.9,0.02
Gilbert,2021-03-05,82.0,48.8,0.0
Gilbert,2021-03-06,85.8,56.2,0.0
Gilbert,2021-03-07,87.3,55.9,0.0
Gilbert,2021-03-08,85.1,62.6,0.0
Gilbert,2021-03-09,77.7,56.5,0.016
Gilbert,2021-03-10,67.7,45.9,0.0
Gilbert,2021-03-11,66.6,44.1,0.012
Gilbert,2021-03-12,61.0,46.1,0.142
Gilbert,2021-03-13,59.9,42.7,0.094
Gilbert,2021-03-14,67.1,38.8,0.0
Gilbert,2021-03-15,73.0,45.5,0.0
Gilbert,2021-03-16,60.6,45.8,0.012
Gilbert,2021-03-17,71.9,38.6,0.0
Gilbert,2021-03-18,81.7,44.6,0.0
Gilbert,2021-03-19,84.1,47.9,0.0
Gilbert,2021-03-20,85.1,51.5,0.0
Gilbert,2021-03-21,77.5,53.1,0.0
Gilbert,2021-03-22,71.2,51.4,0.0
Gilbert,2021-03-23,67.2,49.2,0.106
Gilbert,2021-03-24,69.8,45.1,0.028
Gilbert,2021-03-25,74.7,48.3,0.0
Gilbert,2021-03-26,64.0,48.9,0.02
Gilbert,2021-03-27,77.2,45.1,0.0
Gilbert,2021-03-28,85.6,53.1,0.0
Gilbert,2021-03-29,88.5,56.1,0.0
Gilbert,2021-03-30,86.0,55.0,0.0
Gilbert,2021-03-31,88.6,53.7,0.0
Gilbert,2021-04-01,95.1,63.0,0.0
Gilbert,2021-04-02,92.7,69.1,0.0
Gilbert,2021-04-03,95.8,60.3,0.0
Gilbert,2021-04-04,98.0,63.6,0.0
Gilbert,2021-04-05,95.4,61.4,0.0
Gilbert,2021-04-06,90.5,67.7,0.0
Gilbert,2021-04-07,90.9,54.9,0.0
Gilbert,2021-04-08,92.2,61.2,0.0
Gilbert,2021-04-09,92.7,59.9,0.0
Gilbert,2021-04-10,93.7,57.6,0.0
Gilbert,2021-04-11,91.7,62.1,0.0
Gilbert,2021-04-12,90.3,64.9,0.0
Gilbert,2021-04-13,90.2,62.6,0.0
Gilbert,2021-04-14,87.8,60.4,0.0
Gilbert,2021-04-15,82.1,59.5,0.0
Gilbert,2021-04-16,82.0,53.7,0.0
Gilbert,2021-04-17,85.5,51.1,0.0
Gilbert,2021-04-18,81.1,60.1,0.0
Gilbert,2021-04-19,86.3,60.9,0.0
Gilbert,2021-04-20,92.1,58.4,0.0
Gilbert,2021-04-21,91.0,63.8,0.0
Gilbert,2021-04-22,82.0,62.0,0.0
Gilbert,2021-04-23,84.7,57.9,0.0
Gilbert,2021-04-24,91.0,59.5,0.0
Gilbert,2021-04-25,94.0,59.5,0.0
Gilbert,2021-04-26,80.1,61.6,0.0
Gilbert,2021-04-27,74.1,56.0,0.047
Gilbert,2021-04-28,79.7,53.4,0.0
Gilbert,2021-04-29,93.8,55.9,0.0
Gilbert,2021-04-30,96.6,65.7,0.0
Gilbert,2021-05-01,98.9,70.9,0.0
Gilbert,2021-05-02,93.7,68.9,0.0
Gilbert,2021-05-03,88.1,63.3,0.0
Gilbert,2021-05-04,93.8,62.6,0.0
Gilbert,2021-05-05,98.5,65.4,0.0
Gilbert,2021-05-06,100.4,66.3,0.0
Gilbert,2021-05-07,95.7,66.8,0.0
Gilbert,2021-05-08,93.1,63.3,0.0
Gilbert,2021-05-09,94.7,65.3,0.0
Gilbert,2021-05-10,95.6,66.7,0.0
Gilbert,2021-05-11,94.4,64.4,0.0
Gilbert,2021-05-12,99.2,64.4,0.0
Gilbert,2021-05-13,101.7,67.9,0.0
Gilbert,2021-05-14,100.8,70.0,0.0
Gilbert,2021-05-15,97.6,73.9,0.0
Gilbert,2021-05-16,91.4,66.9,0.0
Gilbert,2021-05-17,88.1,65.6,0.0
Gilbert,2021-05-18,93.7,64.8,0.0
Gilbert,2021-05-19,99.7,68.7,0.0
Gilbert,2021-05-20,99.3,72.6,0.0
Gilbert,2021-05-21,85.7,69.1,0.0
Gilbert,2021-05-22,81.6,58.0,0.0
Gilbert,2021-05-23,87.2,55.8,0.0
Gilbert,2021-05-24,93.7,57.6,0.0
Gilbert,2021-05-25,97.5,64.9,0.0
Gilbert,2021-05-26,97.0,68.9,0.0
Gilbert,2021-05-27,98.7,65.6,0.0
Gilbert,2021-05-28,100.9,65.2,0.0
Gilbert,2021-05-29,101.6,68.5,0.0
Gilbert,2021-05-30,100.0,68.3,0.0
Gilbert,2021-05-31,100.6,70.4,0.0
Gilbert,2021-06-01,103.0,70.5,0.0
Gilbert,2021-06-02,105.1,73.1,0.0
Gilbert,2021-06-03,105.6,73.5,0.0
Gilbert,2021-06-04,106.6,75.9,0.0
Gilbert,2021-06-05,107.5,76.3,0.0
Gilbert,2021-06-06,104.4,75.6,0.0
Gilbert,2021-06-07,102.6,70.0,0.0
Gilbert,2021-06-08,98.6,69.6,0.0
Gilbert,2021-06-09,102.7,71.2,0.0
Gilbert,2021-06-10,101.3,72.1,0.0
Gilbert,2021-06-11,104.4,68.8,0.0
Gilbert,2021-06-12,109.9,70.3,0.0
Gilbert,2021-06-13,114.4,75.7,0.0
Gilbert,2021-06-14,116.2,79.3,0.0
Gilbert,2021-06-15,116.7,82.0,0.0
Gilbert,2021-06-16,114.9,86.7,0.0
Gilbert,2021-06-17,116.3,84.7,0.0
Gilbert,2021-06-18,116.7,89.5,0.0
Gilbert,2021-06-19,114.6,86.5,0.0
Gilbert,2021-06-20,112.8,87.2,0.0
Gilbert,2021-06-21,108.1,83.4,0.0
Gilbert,2021-06-22,107.2,82.0,0.028
Gilbert,2021-06-23,95.8,81.9,0.0
Gilbert,2021-06-24,100.9,77.1,0.0
Gilbert,2021-06-25,106.1,81.4,0.0
Gilbert,2021-06-26,107.8,78.8,0.0
Gilbert,2021-06-27,112.6,81.8,0.0
Gilbert,2021-06-28,108.1,86.2,0.0
Gilbert,2021-06-29,104.8,83.8,0.0
Gilbert,2021-06-30,104.5,85.5,0.0
Gilbert,2021-07-01,105.4,82.4,0.0
Gilbert,2021-07-02,101.9,86.1,0.008
Gilbert,2021-07-03,103.1,81.9,0.02
Gilbert,2021-07-04,100.0,79.3,0.0
Gilbert,2021-07-05,105.4,84.9,0.0
Gilbert,2021-07-06,110.4,83.7,0.0
Gilbert,2021-07-07,111.1,83.4,0.0
Gilbert,2021-07-08,110.5,88.4,0.0
Gilbert,2021-07-09,109.2,89.4,0.0
Gilbert,2021-07-10,111.4,88.6,0.0
Gilbert,2021-07-11,109.6,83.5,0.0
Gilbert,2021-07-12,107.9,87.4,0.0
Gilbert,2021-07-13,102.9,85.5,0.0
Gilbert,2021-07-14,96.2,77.5,0.358
Gilbert,2021-07-15,104.5,83.2,0.016
Gilbert,2021-07-16,102.6,84.3,0.039
Gilbert,2021-07-17,97.9,77.5,0.0
Gilbert,2021-07-18,97.1,80.2,0.075
Gilbert,2021-07-19,102.3,79.5,0.0
Gilbert,2021-07-20,103.4,79.0,0.071
Gilbert,2021-07-21,103.2,80.2,0.181
Gilbert,2021-07-22,104.3,81.2,0.0
Gilbert,2021-07-23,91.2,74.2,0.941
Gilbert,2021-07-24,78.6,72.8,2.937
Gilbert,2021-07-25,77.4,72.1,1.205
Gilbert,2021-07-26,92.9,71.7,0.146
Gilbert,2021-07-27,98.4,73.0,0.0
Gilbert,2021-07-28,97.4,75.5,0.0
Gilbert,2021-07-29,99.4,75.8,0.0
Gilbert,2021-07-30,97.0,78.1,0.008
Gilbert,2021-07-31,95.4,77.8,0.004
Gilbert,2021-08-01,100.2,79.9,0.0
Gilbert,2021-08-02,107.6,82.3,0.0
Gilbert,2021-08-03,110.4,87.0,0.0
Gilbert,2021-08-04,113.5,83.3,0.0
Gilbert,2021-08-05,109.3,86.8,0.0
Gilbert,2021-08-06,107.4,85.2,0.0
Gilbert,2021-08-07,106.2,85.9,0.0
Gilbert,2021-08-08,106.5,85.0,0.0
Gilbert,2021-08-09,93.3,80.0,0.138
Gilbert,2021-08-10,91.7,75.7,0.535
Gilbert,2021-08-11,88.3,73.6,1.299
Gilbert,2021-08-12,89.2,74.3,0.539
Gilbert,2021-08-13,93.1,75.6,0.059
Gilbert,2021-08-14,90.6,74.7,0.075
Gilbert,2021-08-15,95.2,78.4,0.008
Gilbert,2021-08-16,94.3,79.8,0.02
Gilbert,2021-08-17,91.9,72.8,0.327
Gilbert,2021-08-18,85.7,72.9,0.571
Gilbert,2021-08-19,94.8,72.1,0.0
Gilbert,2021-08-20,94.3,74.4,0.004
Gilbert,2021-08-21,98.0,73.0,0.0
Gilbert,2021-08-22,100.4,74.2,0.0
Gilbert,2021-08-23,105.0,71.8,0.0
Gilbert,2021-08-24,104.5,75.1,0.0
Gilbert,2021-08-25,107.9,78.4,0.0
Gilbert,2021-08-26,110.2,82.0,0.0
Gilbert,2021-08-27,110.8,84.5,0.0
Gilbert,2021-08-28,107.6,86.1,0.0
Gilbert,2021-08-29,107.2,84.5,0.0
Gilbert,2021-08-30,104.0,86.4,0.0
Gilbert,2021-08-31,94.4,76.0,0.642
Gilbert,2021-09-01,89.0,73.5,0.335
Gilbert,2021-09-02,90.4,74.5,0.299
Gilbert,2021-09-03,97.1,73.5,0.0
Gilbert,2021-09-04,102.8,75.5,0.0
Gilbert,2021-09-05,105.6,78.2,0.0
Gilbert,2021-09-06,103.6,76.3,0.0
Gilbert,2021-09-07,106.8,79.7,0.0
Gilbert,2021-09-08,106.3,81.1,0.0
Gilbert,2021-09-09,109.1,82.6,0.0
Gilbert,2021-09-10,106.5,80.2,0.0
Gilbert,2021-09-11,106.9,82.2,0.0
Gilbert,2021-09-12,109.0,78.5,0.0
Gilbert,2021-09-13,108.2,79.3,0.0
Gilbert,2021-09-14,106.3,78.7,0.0
Gilbert,2021-09-15,105.9,74.9,0.0
Gilbert,2021-09-16,104.3,74.9,0.0
Gilbert,2021-09-17,100.7,78.9,0.0
Gilbert,2021-09-18,98.7,81.3,0.0
Gilbert,2021-09-19,99.0,78.7,0.008
Gilbert,2021-09-20,98.3,70.7,0.0
Gilbert,2021-09-21,102.1,69.7,0.0
Gilbert,2021-09-22,104.0,73.3,0.0
Gilbert,2021-09-23,98.1,74.6,0.012
Gilbert,2021-09-24,94.0,75.5,0.004
Gilbert,2021-09-25,93.2,72.2,0.0
Gilbert,2021-09-26,80.3,68.5,0.539
Gilbert,2021-09-27,82.3,66.3,0.024
Gilbert,2021-09-28,88.4,68.2,0.0
Gilbert,2021-09-29,86.8,67.4,0.004
Gilbert,2021-09-30,85.7,64.2,0.0
Gilbert,2021-10-01,89.9,65.1,0.0
Gilbert,2021-10-02,92.8,65.3,0.0
Gilbert,2021-10-03,96.4,67.0,0.0
Gilbert,2021-10-04,99.1,72.7,0.0
Gilbert,2021-10-05,88.2,72.3,0.067
Gilbert,2021-10-06,90.1,67.1,0.0
Gilbert,2021-10-07,92.3,67.6,0.0
Gilbert,2021-10-08,93.1,66.8,0.0
Gilbert,2021-10-09,85.5,67.5,0.0
Gilbert,2021-10-10,84.1,57.4,0.0
Gilbert,2021-10-11,86.5,56.0,0.0
Gilbert,2021-10-12,69.2,53.2,0.0
Gilbert,2021-10-13,74.2,45.9,0.0
Gilbert,2021-10-14,78.6,50.2,0.0
Gilbert,2021-10-15,85.1,52.8,0.0
Gilbert,2021-10-16,92.4,62.3,0.0
Gilbert,2021-10-17,90.2,65.0,0.0
Gilbert,2021-10-18,84.6,58.9,0.0
Gilbert,2021-10-19,80.2,56.9,0.0
Gilbert,2021-10-20,85.7,56.6,0.0
Gilbert,2021-10-21,89.7,58.2,0.0
Gilbert,2021-10-22,89.2,57.8,0.0
Gilbert,2021-10-23,85.8,57.9,0.0
Gilbert,2021-10-24,86.6,60.7,0.0
Gilbert,2021-10-25,91.4,60.4,0.0
Gilbert,2021-10-26,75.7,59.1,0.012
Gilbert,2021-10-27,76.7,48.6,0.0
Gilbert,2021-10-28,88.9,55.9,0.0
Gilbert,2021-10-29,92.7,60.1,0.0
Gilbert,2021-10-30,88.7,59.2,0.0
Gilbert,2021-10-31,87.0,59.0,0.0
Gilbert,2021-11-01,84.5,58.5,0.0
Gilbert,2021-11-02,83.5,55.5,0.0
Gilbert,2021-11-03,85.3,53.7,0.0
Gilbert,2021-11-04,89.1,57.8,0.0
Gilbert,2021-11-05,90.1,58.6,0.0
Gilbert,2021-11-06,90.1,56.3,0.0
Gilbert,2021-11-07,86.7,55.3,0.0
Gilbert,2021-11-08,87.1,54.9,0.0
Gilbert,2021-11-09,82.1,54.9,0.0
Gilbert,2021-11-10,81.5,52.6,0.0
Gilbert,2021-11-11,84.7,54.7,0.0
Gilbert,2021-11-12,88.7,60.0,0.0
Gilbert,2021-11-13,88.3,57.1,0.0
Gilbert,2021-11-14,87.0,57.7,0.0
Gilbert,2021-11-15,86.8,51.5,0.0
Gilbert,2021-11-16,84.4,50.4,0.0
Gilbert,2021-11-17,80.3,50.2,0.0
Gilbert,2021-11-18,82.4,51.8,0.0
Gilbert,2021-11-19,82.9,56.6,0.0
Gilbert,2021-11-20,79.3,48.8,0.0
Gilbert,2021-11-21,83.5,56.8,0.0
Gilbert,2021-11-22,84.0,58.3,0.0
Gilbert,2021-11-23,80.4,62.4,0.008
Gilbert,2021-11-24,74.9,58.7,0.0
Gilbert,2021-11-25,76.6,55.0,0.0
Gilbert,2021-11-26,78.3,55.8,0.0
Gilbert,2021-11-27,74.4,50.0,0.0
Gilbert,2021-11-28,80.9,48.2,0.0
Gilbert,2021-11-29,82.2,54.6,0.0
Gilbert,2021-11-30,81.7,51.2,0.0
Gilbert,2021-12-01,83.6,53.7,0.0
Gilbert,2021-12-02,82.9,54.5,0.0
Gilbert,2021-12-03,78.8,50.5,0.0
Gilbert,2021-12-04,77.5,48.8,0.0
Gilbert,2021-12-05,74.8,43.0,0.0
Gilbert,2021-12-06,76.3,44.8,0.0
Gilbert,2021-12-07,76.0,51.0,0.0
Gilbert,2021-12-08,72.3,50.5,0.0
Gilbert,2021-12-09,69.9,51.1,0.433
Gilbert,2021-12-10,62.5,49.5,0.106
Gilbert,2021-12-11,65.7,45.1,0.0
Gilbert,2021-12-12,72.1,41.4,0.0
Gilbert,2021-12-13,70.7,43.3,0.0
Gilbert,2021-12-14,72.3,55.5,0.016
Gilbert,2021-12-15,57.6,40.2,0.071
Gilbert,2021-12-16,60.6,33.5,0.0
Gilbert,2021-12-17,59.8,36.1,0.0
Gilbert,2021-12-18,66.4,38.8,0.0
Gilbert,2021-12-19,68.3,44.7,0.0
Gilbert,2021-12-20,69.6,40.0,0.0
Gilbert,2021-12-21,68.5,45.6,0.0
Gilbert,2021-12-22,70.3,41.3,0.0
Gilbert,2021-12-23,73.0,52.3,0.0
Gilbert,2021-12-24,61.2,52.9,1.043
Gilbert,2021-12-25,64.3,48.6,0.0
Gilbert,2021-12-26,64.2,48.9,0.008
Gilbert,2021-12-27,59.9,43.5,0.016
Gilbert,2021-12-28,58.0,40.7,0.098
Gilbert,2021-12-29,58.7,43.2,0.016
Gilbert,2021-12-30,61.9,43.3,0.0
Gilbert,2021-12-31,58.2,48.6,0.602
Gilbert,2022-01-01,54.3,39.4,0.118
Gilbert,2022-01-02,58.1,35.6,0.0
Gilbert,2022-01-03,62.8,33.5,0.0
Gilbert,2022-01-04,61.4,34.3,0.0
Gilbert,2022-01-05,62.2,34.5,0.0
Gilbert,2022-01-06,64.7,36.6,0.0
Gilbert,2022-01-07,69.1,39.6,0.0
Gilbert,2022-01-08,66.5,44.8,0.0
Gilbert,2022-01-09,73.0,41.2,0.0
Gilbert,2022-01-10,71.7,50.1,0.0
Gilbert,2022-01-11,70.9,49.4,0.0
Gilbert,2022-01-12,70.9,44.4,0.0
Gilbert,2022-01-13,70.4,40.0,0.0
Gilbert,2022-01-14,70.3,45.3,0.0
Gilbert,2022-01-15,72.0,43.9,0.0
Gilbert,2022-01-16,72.7,44.8,0.0
Gilbert,2022-01-17,70.0,44.1,0.0
Gilbert,2022-01-18,68.1,45.0,0.031
Gilbert,2022-01-19,68.5,46.1,0.0
Gilbert,2022-01-20,71.3,42.6,0.0
Gilbert,2022-01-21,69.4,41.0,0.0
Gilbert,2022-01-22,67.1,49.9,0.157
Gilbert,2022-01-23,69.4,48.7,0.0
Gilbert,2022-01-24,67.4,43.2,0.0
Gilbert,2022-01-25,67.6,39.5,0.0
Gilbert,2022-01-26,66.9,39.2,0.0
Gilbert,2022-01-27,66.4,39.2,0.0
Gilbert,2022-01-28,70.5,46.4,0.0
Gilbert,2022-01-29,73.5,47.4,0.0
Gilbert,2022-01-30,71.2,50.5,0.0
Gilbert,2022-01-31,70.4,39.7,0.0
Gilbert,2022-02-01,67.2,43.8,0.0
Gilbert,2022-02-02,60.1,42.1,0.0
Gilbert,2022-02-03,56.7,34.7,0.0
Gilbert,2022-02-04,64.2,37.9,0.0
Gilbert,2022-02-05,67.0,37.4,0.0
Gilbert,2022-02-06,73.0,39.4,0.0
Gilbert,2022-02-07,71.2,49.6,0.0
Gilbert,2022-02-08,74.9,46.9,0.0
Gilbert,2022-02-09,78.0,51.6,0.0
Gilbert,2022-02-10,81.1,52.2,0.0
Gilbert,2022-02-11,79.3,49.4,0.0
Gilbert,2022-02-12,81.5,54.0,0.0
Gilbert,2022-02-13,81.9,47.9,0.0
Gilbert,2022-02-14,81.6,43.3,0.0
Gilbert,2022-02-15,78.3,49.0,0.0
Gilbert,2022-02-16,63.0,47.3,0.165
Gilbert,2022-02-17,65.3,41.7,0.0
Gilbert,2022-02-18,69.4,41.2,0.0
Gilbert,2022-02-19,77.8,47.3,0.0
Gilbert,2022-02-20,78.4,45.1,0.0
Gilbert,2022-02-21,69.9,48.9,0.0
Gilbert,2022-02-22,65.7,48.0,0.0
Gilbert,2022-02-23,53.6,38.3,0.524
Gilbert,2022-02-24,55.4,32.6,0.0
Gilbert,2022-02-25,62.6,33.6,0.0
Gilbert,2022-02-26,66.7,34.7,0.0
Gilbert,2022-02-27,71.9,39.3,0.0
Gilbert,2022-02-28,81.4,52.9,0.0
Gilbert,2022-03-01,83.4,51.0,0.0
Gilbert,2022-03-02,87.0,50.5,0.0
Gilbert,2022-03-03,86.5,55.0,0.0
Gilbert,2022-03-04,70.2,52.6,0.043
Gilbert,2022-03-05,69.4,49.2,0.063
Gilbert,2022-03-06,61.9,41.4,0.0
Gilbert,2022-03-07,67.6,37.6,0.0
Gilbert,2022-03-08,65.2,41.5,0.0
Gilbert,2022-03-09,70.4,38.9,0.0
Gilbert,2022-03-10,71.3,42.8,0.02
Gilbert,2022-03-11,69.3,39.5,0.0
Gilbert,2022-03-12,78.0,45.0,0.0
Gilbert,2022-03-13,79.2,43.0,0.0
Gilbert,2022-03-14,81.2,45.9,0.0
Gilbert,2022-03-15,86.1,50.2,0.0
Gilbert,2022-03-16,83.7,52.1,0.0
Gilbert,2022-03-17,78.4,54.4,0.0
Gilbert,2022-03-18,81.7,49.0,0.0
Gilbert,2022-03-19,84.5,50.8,0.0
Gilbert,2022-03-20,74.1,54.0,0.008
Gilbert,2022-03-21,75.7,49.9,0.0
Gilbert,2022-03-22,81.4,47.2,0.0
Gilbert,2022-03-23,77.8,54.9,0.0
Gilbert,2022-03-24,85.6,49.4,0.0
Gilbert,2022-03-25,94.6,52.3,0.0
Gilbert,2022-03-26,93.7,57.7,0.0
Gilbert,2022-03-27,93.7,57.7,0.0
Gilbert,2022-03-28,82.2,61.4,0.157
Gilbert,2022-03-29,66.7,50.5,0.358
Gilbert,2022-03-30,75.7,48.5,0.0
Gilbert,2022-03-31,79.9,53.4,0.0
Gilbert,2022-04-01,84.5,54.2,0.0
Gilbert,2022-04-02,87.0,55.1,0.0
Gilbert,2022-04-03,85.2,55.8,0.0
Gilbert,2022-04-04,87.1,56.4,0.0
Gilbert,2022-04-05,91.9,56.5,0.0
Gilbert,2022-04-06,92.7,59.7,0.0
Gilbert,2022-04-07,94.2,65.7,0.0
Gilbert,2022-04-08,96.4,64.0,0.0
Gilbert,2022-04-09,95.6,60.3,0.0
Gilbert,2022-04-10,88.8,66.3,0.0
Gilbert,2022-04-11,87.1,63.8,0.0
Gilbert,2022-04-12,74.6,58.5,0.0
Gilbert,2022-04-13,74.9,43.0,0.0
Gilbert,2022-04-14,82.8,45.6,0.0
Gilbert,2022-04-15,87.8,51.2,0.0
Gilbert,2022-04-16,89.2,53.3,0.0
Gilbert,2022-04-17,91.4,54.3,0.0
Gilbert,2022-04-18,96.7,56.1,0.0
Gilbert,2022-04-19,98.5,65.4,0.0
Gilbert,2022-04-20,90.2,61.8,0.0
Gilbert,2022-04-21,92.7,61.3,0.0
Gilbert,2022-04-22,78.4,64.6,0.0
Gilbert,2022-04-23,80.5,52.4,0.0
Gilbert,2022-04-24,84.7,56.2,0.0
Gilbert,2022-04-25,93.5,55.9,0.0
Gilbert,2022-04-26,98.8,58.8,0.0
Gilbert,2022-04-27,94.2,62.7,0.0
Gilbert,2022-04-28,90.6,63.1,0.0
Gilbert,2022-04-29,89.5,59.9,0.0
Gilbert,2022-04-30,95.3,59.1,0.0
Gilbert,2022-05-01,95.2,61.6,0.0
Gilbert,2022-05-02,92.6,64.5,0.0
Gilbert,2022-05-03,92.2,65.8,0.0
Gilbert,2022-05-04,92.4,62.3,0.0
Gilbert,2022-05-05,95.1,62.5,0.0
Gilbert,2022-05-06,98.6,63.9,0.0
Gilbert,2022-05-07,101.3,67.1,0.0
Gilbert,2022-05-08,94.9,69.1,0.0
Gilbert,2022-05-09,88.1,64.6,0.0
Gilbert,2022-05-10,90.4,63.8,0.0
Gilbert,2022-05-11,87.6,62.7,0.0
Gilbert,2022-05-12,87.4,54.5,0.0
Gilbert,2022-05-13,96.7,58.6,0.0
Gilbert,2022-05-14,103.4,64.1,0.0
Gilbert,2022-05-15,105.6,64.9,0.0
Gilbert,2022-05-16,103.7,71.6,0.0
Gilbert,2022-05-17,100.9,72.1,0.0
Gilbert,2022-05-18,99.9,69.6,0.0
Gilbert,2022-05-19,98.9,69.6,0.0
Gilbert,2022-05-20,98.9,70.6,0.0
Gilbert,2022-05-21,94.0,68.4,0.0
Gilbert,2022-05-22,94.8,65.3,0.0
Gilbert,2022-05-23,94.9,65.3,0.0
Gilbert,2022-05-24,97.9,68.0,0.0
Gilbert,2022-05-25,103.3,68.8,0.0
Gilbert,2022-05-26,104.9,71.1,0.0
Gilbert,2022-05-27,104.2,73.1,0.0
Gilbert,2022-05-28,101.8,75.0,0.0
Gilbert,2022-05-29,94.4,71.9,0.0
Gilbert,2022-05-30,94.1,69.2,0.0
Gilbert,2022-05-31,96.6,67.1,0.0
Gilbert,2022-06-01,99.7,69.7,0.0
Gilbert,2022-06-02,102.4,68.5,0.0
Gilbert,2022-06-03,101.8,70.9,0.0
Gilbert,2022-06-04,101.1,71.0,0.0
Gilbert,2022-06-05,101.2,73.0,0.0
Gilbert,2022-06-06,103.5,75.6,0.0
Gilbert,2022-06-07,106.1,76.0,0.0
Gilbert,2022-06-08,109.2,77.4,0.0
Gilbert,2022-06-09,110.1,80.1,0.0
Gilbert,2022-06-10,111.7,82.5,0.0
Gilbert,2022-06-11,112.3,84.8,0.0
Gilbert,2022-06-12,112.1,83.5,0.0
Gilbert,2022-06-13,105.9,85.0,0.0
Gilbert,2022-06-14,104.0,78.7,0.0
Gilbert,2022-06-15,106.8,75.1,0.0
Gilbert,2022-06-16,112.5,76.0,0.0
Gilbert,2022-06-17,111.0,82.1,0.0
Gilbert,2022-06-18,98.9,79.3,0.028
Gilbert,2022-06-19,100.9,75.8,0.0
Gilbert,2022-06-20,103.8,69.8,0.0
Gilbert,2022-06-21,107.3,73.2,0.0
Gilbert,2022-06-22,106.3,83.0,0.0
Gilbert,2022-06-23,108.9,83.8,0.0
Gilbert,2022-06-24,107.5,83.2,0.0
Gilbert,2022-06-25,106.3,81.1,0.0
Gilbert,2022-06-26,103.4,82.5,0.165
Gilbert,2022-06-27,101.9,76.8,0.031
Gilbert,2022-06-28,107.8,84.1,0.0
Gilbert,2022-06-29,108.3,86.6,0.075
Gilbert,2022-06-30,104.4,79.4,0.0
Gilbert,2022-07-01,107.0,82.5,0.0
Gilbert,2022-07-02,105.1,83.1,0.0
Gilbert,2022-07-03,108.1,83.4,0.0
Gilbert,2022-07-04,106.0,78.4,0.0
Gilbert,2022-07-05,103.6,76.3,0.0
Gilbert,2022-07-06,105.1,77.1,0.0
Gilbert,2022-07-07,107.7,76.4,0.0
Gilbert,2022-07-08,111.1,80.7,0.0
Gilbert,2022-07-09,112.7,82.4,0.0
Gilbert,2022-07-10,112.0,85.6,0.0
Gilbert,2022-07-11,115.0,87.3,0.0
Gilbert,2022-07-12,112.5,87.3,0.0
Gilbert,2022-07-13,110.0,86.5,0.004
Gilbert,2022-07-14,107.0,87.2,0.024
Gilbert,2022-07-15,111.9,86.8,0.0
Gilbert,2022-07-16,113.2,88.2,0.0
Gilbert,2022-07-17,109.3,86.3,0.0
Gilbert,2022-07-18,106.8,84.9,0.0
Gilbert,2022-07-19,110.4,85.6,0.0
Gilbert,2022-07-20,108.3,87.3,0.0
Gilbert,2022-07-21,109.5,87.5,0.0
Gilbert,2022-07-22,112.6,88.2,0.0
Gilbert,2022-07-23,104.5,78.0,0.323
Gilbert,2022-07-24,98.5,75.6,0.394
Gilbert,2022-07-25,97.0,77.5,0.142
Gilbert,2022-07-26,96.2,74.7,0.362
Gilbert,2022-07-27,93.6,75.8,0.362
Gilbert,2022-07-28,92.9,76.6,0.575
Gilbert,2022-07-29,98.0,77.1,0.492
Gilbert,2022-07-30,94.3,77.2,1.185
Gilbert,2022-07-31,99.9,76.3,0.016
Gilbert,2022-08-01,101.7,77.3,0.0
Gilbert,2022-08-02,107.1,84.2,0.0
Gilbert,2022-08-03,104.5,82.4,0.004
Gilbert,2022-08-04,98.5,77.7,0.016
Gilbert,2022-08-05,103.4,77.5,0.0
Gilbert,2022-08-06,108.9,80.9,0.0
Gilbert,2022-08-07,105.7,84.6,0.0
Gilbert,2022-08-08,103.3,82.8,0.012
Gilbert,2022-08-09,98.7,74.9,0.028
Gilbert,2022-08-10,101.5,77.4,0.055
Gilbert,2022-08-11,105.6,82.6,0.0
Gilbert,2022-08-12,94.4,75.7,1.016
Gilbert,2022-08-13,102.8,78.1,0.193
Gilbert,2022-08-14,97.2,76.0,0.74
Gilbert,2022-08-15,100.9,76.6,0.0
Gilbert,2022-08-16,104.7,80.9,0.0
Gilbert,2022-08-17,106.0,83.2,0.055
Gilbert,2022-08-18,102.1,78.5,0.083
Gilbert,2022-08-19,93.8,76.4,0.441
Gilbert,2022-08-20,91.2,73.0,0.071
Gilbert,2022-08-21,94.6,74.5,0.028
Gilbert,2022-08-22,97.6,76.3,0.0
Gilbert,2022-08-23,101.0,79.7,0.059
Gilbert,2022-08-24,100.9,74.5,0.094
Gilbert,2022-08-25,101.8,81.5,0.213
Gilbert,2022-08-26,101.7,75.7,0.362
Gilbert,2022-08-27,104.5,80.0,0.012
Gilbert,2022-08-28,103.1,80.5,0.004
Gilbert,2022-08-29,107.0,82.4,0.0
Gilbert,2022-08-30,110.8,82.6,0.0
Gilbert,2022-08-31,109.1,83.5,0.0
Gilbert,2022-09-01,106.7,84.2,0.0
Gilbert,2022-09-02,107.4,83.8,0.0
Gilbert,2022-09-03,107.5,83.8,0.0
Gilbert,2022-09-04,108.8,84.1,0.0
Gilbert,2022-09-05,109.3,79.8,0.0
Gilbert,2022-09-06,110.0,87.2,0.0
Gilbert,2022-09-07,108.9,82.0,0.0
Gilbert,2022-09-08,106.3,83.1,0.0
Gilbert,2022-09-09,99.0,74.5,0.22
Gilbert,2022-09-10,92.9,69.9,0.181
Gilbert,2022-09-11,103.7,79.3,0.0
Gilbert,2022-09-12,96.3,74.6,0.051
Gilbert,2022-09-13,93.4,71.6,0.205
Gilbert,2022-09-14,96.6,76.2,0.0
Gilbert,2022-09-15,98.0,75.5,0.0
Gilbert,2022-09-16,98.2,74.5,0.0
Gilbert,2022-09-17,102.5,72.8,0.0
Gilbert,2022-09-18,102.6,70.1,0.0
Gilbert,2022-09-19,103.6,73.9,0.0
Gilbert,2022-09-20,96.4,74.5,0.268
Gilbert,2022-09-21,87.2,76.6,0.362
Gilbert,2022-09-22,90.3,74.5,0.335
Gilbert,2022-09-23,98.6,74.2,0.008
Gilbert,2022-09-24,100.9,74.3,0.0
Gilbert,2022-09-25,103.8,74.9,0.0
Gilbert,2022-09-26,103.2,77.3,0.0
Gilbert,2022-09-27,103.0,80.1,0.0
Gilbert,2022-09-28,102.1,79.3,0.0
Gilbert,2022-09-29,98.5,74.6,0.0
Gilbert,2022-09-30,97.6,71.3,0.0
Gilbert,2022-10-01,96.0,73.6,0.0
Gilbert,2022-10-02,95.6,76.1,0.008
Gilbert,2022-10-03,98.6,75.0,0.075
Gilbert,2022-10-04,92.2,68.6,0.0
Gilbert,2022-10-05,93.0,69.6,0.0
Gilbert,2022-10-06,90.0,70.6,0.0
Gilbert,2022-10-07,91.9,72.4,0.0
Gilbert,2022-10-08,88.3,70.6,0.031
Gilbert,2022-10-09,89.2,65.7,0.004
Gilbert,2022-10-10,90.9,68.9,0.0
Gilbert,2022-10-11,92.7,68.7,0.0
Gilbert,2022-10-12,94.6,66.5,0.0
Gilbert,2022-10-13,96.9,67.7,0.0
Gilbert,2022-10-14,97.2,68.1,0.0
Gilbert,2022-10-15,83.1,61.8,0.953
Gilbert,2022-10-16,74.4,59.5,0.248
Gilbert,2022-10-17,82.9,58.8,0.0
Gilbert,2022-10-18,84.9,63.3,0.0
Gilbert,2022-10-19,87.5,63.0,0.0
Gilbert,2022-10-20,90.1,61.8,0.0
Gilbert,2022-10-21,89.5,61.6,0.0
Gilbert,2022-10-22,88.3,64.3,0.0
Gilbert,2022-10-23,76.2,62.8,0.024
Gilbert,2022-10-24,70.7,52.7,0.0
Gilbert,2022-10-25,75.8,46.1,0.0
Gilbert,2022-10-26,78.8,47.4,0.0
Gilbert,2022-10-27,78.6,49.8,0.0
Gilbert,2022-10-28,80.3,50.1,0.0
Gilbert,2022-10-29,82.6,53.3,0.0
Gilbert,2022-10-30,79.8,51.3,0.0
Gilbert,2022-10-31,82.0,50.5,0.0
Gilbert,2022-11-01,81.9,53.3,0.0
Gilbert,2022-11-02,80.0,57.1,0.091
Gilbert,2022-11-03,63.4,44.6,0.37
Gilbert,2022-11-04,62.8,40.6,0.0
Gilbert,2022-11-05,68.9,42.2,0.0
Gilbert,2022-11-06,78.4,43.3,0.0
Gilbert,2022-11-07,79.2,49.5,0.0
Gilbert,2022-11-08,80.9,50.4,0.0
Gilbert,2022-11-09,69.5,52.5,0.067
Gilbert,2022-11-10,67.8,47.7,0.0
Gilbert,2022-11-11,70.1,43.0,0.0
Gilbert,2022-11-12,72.9,43.2,0.0
Gilbert,2022-11-13,68.2,40.9,0.0
Gilbert,2022-11-14,66.1,39.9,0.0
Gilbert,2022-11-15,71.4,38.4,0.0
Gilbert,2022-11-16,70.3,45.5,0.0
Gilbert,2022-11-17,72.0,47.4,0.0
Gilbert,2022-11-18,70.9,43.4,0.0
Gilbert,2022-11-19,73.4,42.4,0.0
Gilbert,2022-11-20,72.0,52.0,0.0
Gilbert,2022-11-21,73.3,47.6,0.0
Gilbert,2022-11-22,75.0,49.2,0.0
Gilbert,2022-11-23,71.2,39.1,0.0
Gilbert,2022-11-24,69.2,46.9,0.0
Gilbert,2022-11-25,68.9,47.8,0.0
Gilbert,2022-11-26,67.8,41.6,0.0
Gilbert,2022-11-27,68.0,37.9,0.0
Gilbert,2022-11-28,71.2,40.1,0.0
Gilbert,2022-11-29,67.1,45.8,0.0
Gilbert,2022-11-30,72.3,42.7,0.0
Gilbert,2022-12-01,72.3,42.1,0.0
Gilbert,2022-12-02,69.5,47.7,0.0
Gilbert,2022-12-03,58.9,46.5,1.303
Gilbert,2022-12-04,66.1,57.5,0.461
Gilbert,2022-12-05,68.8,54.1,0.028
Gilbert,2022-12-06,67.1,49.4,0.012
Gilbert,2022-12-07,63.1,46.1,0.165
Gilbert,2022-12-08,65.0,40.1,0.0
Gilbert,2022-12-09,62.8,41.5,0.0
Gilbert,2022-12-10,64.5,36.2,0.0
Gilbert,2022-12-11,69.1,37.9,0.0
Gilbert,2022-12-12,55.0,43.4,0.327
Gilbert,2022-12-13,51.5,35.2,0.039
Gilbert,2022-12-14,52.6,31.6,0.0
Gilbert,2022-12-15,54.3,30.6,0.0
Gilbert,2022-12-16,58.6,36.1,0.0
Gilbert,2022-12-17,60.4,35.1,0.0
Gilbert,2022-12-18,59.2,40.6,0.008
Gilbert,2022-12-19,61.2,33.4,0.0
Gilbert,2022-12-20,64.9,37.7,0.0
Gilbert,2022-12-21,62.8,34.4,0.0
Gilbert,2022-12-22,63.9,35.2,0.0
Gilbert,2022-12-23,66.9,37.6,0.0
Gilbert,2022-12-24,68.0,38.8,0.0
Gilbert,2022-12-25,74.1,50.5,0.0
Gilbert,2022-12-26,73.7,45.6,0.0
Gilbert,2022-12-27,74.3,46.0,0.0
Gilbert,2022-12-28,57.5,50.2,0.449
Gilbert,2022-12-29,64.0,46.3,0.047
Gilbert,2022-12-30,61.3,49.6,0.248
Gilbert,2022-12-31,67.2,45.1,0.0
Gilbert,2023-01-01,57.6,44.9,0.74
Gilbert,2023-01-02,56.2,42.6,0.287
Gilbert,2023-01-03,60.4,44.4,0.024
Gilbert,2023-01-04,64.3,43.3,0.0
Gilbert,2023-01-05,69.1,44.0,0.0
Gilbert,2023-01-06,62.0,42.8,0.0
Gilbert,2023-01-07,68.2,42.2,0.0
Gilbert,2023-01-08,68.9,40.9,0.0
Gilbert,2023-01-09,69.1,40.4,0.0
Gilbert,2023-01-10,71.6,42.4,0.0
Gilbert,2023-01-11,63.9,45.1,0.0
Gilbert,2023-01-12,72.4,45.3,0.0
Gilbert,2023-01-13,77.2,45.4,0.0
Gilbert,2023-01-14,70.3,45.9,0.008
Gilbert,2023-01-15,58.5,50.0,0.268
Gilbert,2023-01-16,56.8,49.6,0.799
Gilbert,2023-01-17,56.1,43.6,0.516
Gilbert,2023-01-18,56.5,38.8,0.0
Gilbert,2023-01-19,58.6,35.6,0.0
Gilbert,2023-01-20,55.9,38.0,0.024
Gilbert,2023-01-21,56.1,32.2,0.0
Gilbert,2023-01-22,58.5,32.9,0.0
Gilbert,2023-01-23,49.0,35.1,0.0
Gilbert,2023-01-24,53.3,31.0,0.0
Gilbert,2023-01-25,58.4,30.9,0.0
Gilbert,2023-01-26,60.3,34.2,0.0
Gilbert,2023-01-27,61.3,37.0,0.0
Gilbert,2023-01-28,63.4,33.4,0.0
Gilbert,2023-01-29,70.2,36.9,0.0
Gilbert,2023-01-30,60.6,42.3,0.008
Gilbert,2023-01-31,59.7,41.7,0.378
Gilbert,2023-02-01,64.0,40.9,0.0
Gilbert,2023-02-02,65.8,40.3,0.0
Gilbert,2023-02-03,74.6,47.6,0.0
Gilbert,2023-02-04,75.1,45.1,0.0
Gilbert,2023-02-05,73.0,41.5,0.0
Gilbert,2023-02-06,64.7,41.9,0.0
Gilbert,2023-02-07,65.8,39.7,0.0
Gilbert,2023-02-08,66.9,40.1,0.0
Gilbert,2023-02-09,68.2,36.9,0.0
Gilbert,2023-02-10,71.2,44.6,0.0
Gilbert,2023-02-11,76.3,46.3,0.0
Gilbert,2023-02-12,78.7,43.7,0.0
Gilbert,2023-02-13,55.5,43.9,0.134
Gilbert,2023-02-14,60.9,41.4,0.256
Gilbert,2023-02-15,52.9,36.7,0.0
Gilbert,2023-02-16,56.8,30.9,0.0
Gilbert,2023-02-17,66.0,40.3,0.0
Gilbert,2023-02-18,72.1,47.9,0.0
Gilbert,2023-02-19,74.2,45.0,0.0
Gilbert,2023-02-20,74.2,47.6,0.0
Gilbert,2023-02-21,64.9,50.5,0.114
Gilbert,2023-02-22,57.3,44.8,0.091
Gilbert,2023-02-23,59.2,44.4,0.004
Gilbert,2023-02-24,66.5,41.2,0.0
Gilbert,2023-02-25,73.8,45.3,0.0
Gilbert,2023-02-26,59.9,40.9,0.409
Gilbert,2023-02-27,62.8,34.3,0.0
Gilbert,2023-02-28,63.1,37.1,0.0
Gilbert,2023-03-01,62.1,39.8,0.417
Gilbert,2023-03-02,53.2,35.4,0.024
Gilbert,2023-03-03,59.5,35.2,0.0
Gilbert,2023-03-04,68.2,36.1,0.0
Gilbert,2023-03-05,72.5,43.1,0.0
Gilbert,2023-03-06,72.7,45.0,0.0
Gilbert,2023-03-07,74.8,50.0,0.0
Gilbert,2023-03-08,75.8,42.4,0.0
Gilbert,2023-03-09,72.8,43.9,0.0
Gilbert,2023-03-10,80.4,46.1,0.0
Gilbert,2023-03-11,78.6,56.5,0.012
Gilbert,2023-03-12,80.2,50.7,0.0
Gilbert,2023-03-13,79.2,51.0,0.0
Gilbert,2023-03-14,80.5,51.6,0.0
Gilbert,2023-03-15,65.6,54.1,0.614
Gilbert,2023-03-16,67.9,50.3,0.122
Gilbert,2023-03-17,68.5,46.5,0.0
Gilbert,2023-03-18,72.8,46.2,0.0
Gilbert,2023-03-19,71.6,52.9,0.0
Gilbert,2023-03-20,74.2,52.1,0.0
Gilbert,2023-03-21,65.9,58.4,0.276
Gilbert,2023-03-22,61.2,50.3,0.398
Gilbert,2023-03-23,64.7,44.9,0.02
Gilbert,2023-03-24,66.1,45.6,0.0
Gilbert,2023-03-25,68.6,40.8,0.0
Gilbert,2023-03-26,67.6,42.3,0.0
Gilbert,2023-03-27,70.4,41.0,0.0
Gilbert,2023-03-28,81.4,45.4,0.0
Gilbert,2023-03-29,82.9,48.0,0.0
Gilbert,2023-03-30,67.1,53.2,0.012
Gilbert,2023-03-31,70.7,43.1,0.0
Gilbert,2023-04-01,81.7,46.4,0.0
Gilbert,2023-04-02,80.7,50.2,0.0
Gilbert,2023-04-03,80.2,50.1,0.0
Gilbert,2023-04-04,61.2,44.8,0.0
Gilbert,2023-04-05,67.3,39.0,0.0
Gilbert,2023-04-06,80.7,45.6,0.0
Gilbert,2023-04-07,82.9,45.6,0.0
Gilbert,2023-04-08,84.3,49.1,0.0
Gilbert,2023-04-09,89.7,52.8,0.0
Gilbert,2023-04-10,98.0,61.3,0.0
Gilbert,2023-04-11,97.6,65.4,0.0
Gilbert,2023-04-12,95.1,63.5,0.0
Gilbert,2023-04-13,86.1,65.2,0.0
Gilbert,2023-04-14,78.2,57.1,0.0
Gilbert,2023-04-15,85.6,51.1,0.0
Gilbert,2023-04-16,91.5,57.0,0.0
Gilbert,2023-04-17,90.1,57.0,0.0
Gilbert,2023-04-18,86.5,60.5,0.0
Gilbert,2023-04-19,82.1,59.0,0.0
Gilbert,2023-04-20,84.7,54.0,0.0
Gilbert,2023-04-21,88.9,56.4,0.0
Gilbert,2023-04-22,91.5,58.1,0.0
Gilbert,2023-04-23,93.6,60.4,0.0
Gilbert,2023-04-24,91.2,62.2,0.0
Gilbert,2023-04-25,90.0,63.7,0.0
Gilbert,2023-04-26,88.5,62.8,0.0
Gilbert,2023-04-27,94.6,61.5,0.0
Gilbert,2023-04-28,98.0,61.2,0.0
Gilbert,2023-04-29,99.7,65.7,0.0
Gilbert,2023-04-30,102.4,62.8,0.0
Gilbert,2023-05-01,95.5,69.9,0.0
Gilbert,2023-05-02,90.7,62.1,0.0
Gilbert,2023-05-03,88.0,64.2,0.0
Gilbert,2023-05-04,81.7,62.2,0.0
Gilbert,2023-05-05,80.2,56.8,0.0
Gilbert,2023-05-06,84.7,56.5,0.0
Gilbert,2023-05-07,88.3,58.1,0.0
Gilbert,2023-05-08,91.9,60.0,0.0
Gilbert,2023-05-09,92.8,60.5,0.0
Gilbert,2023-05-10,80.2,62.2,0.016
Gilbert,2023-05-11,88.3,57.0,0.0
Gilbert,2023-05-12,94.9,61.4,0.0
Gilbert,2023-05-13,97.8,67.1,0.0
Gilbert,2023-05-14,98.9,74.5,0.0
Gilbert,2023-05-15,100.4,74.8,0.0
Gilbert,2023-05-16,102.4,74.2,0.035
Gilbert,2023-05-17,98.8,73.2,0.0
Gilbert,2023-05-18,97.7,74.0,0.0
Gilbert,2023-05-19,93.3,71.1,0.016
Gilbert,2023-05-20,96.0,69.4,0.0
Gilbert,2023-05-21,98.7,73.4,0.0
Gilbert,2023-05-22,100.0,71.8,0.0
Gilbert,2023-05-23,100.8,71.0,0.0
Gilbert,2023-05-24,97.8,70.0,0.0
Gilbert,2023-05-25,98.2,67.7,0.0
Gilbert,2023-05-26,96.9,68.8,0.0
Gilbert,2023-05-27,96.5,68.1,0.0
Gilbert,2023-05-28,98.3,68.6,0.0
Gilbert,2023-05-29,99.1,67.2,0.0
Gilbert,2023-05-30,97.7,71.3,0.0
Gilbert,2023-05-31,90.7,66.3,0.0
Gilbert,2023-06-01,91.3,66.4,0.0
Gilbert,2023-06-02,93.9,67.5,0.0
Gilbert,2023-06-03,99.5,68.2,0.0
Gilbert,2023-06-04,102.4,71.6,0.0
Gilbert,2023-06-05,103.3,73.9,0.0
Gilbert,2023-06-06,99.4,68.5,0.0
Gilbert,2023-06-07,95.1,66.3,0.0
Gilbert,2023-06-08,95.9,64.5,0.0
Gilbert,2023-06-09,96.1,64.3,0.0
Gilbert,2023-06-10,99.7,67.5,0.0
Gilbert,2023-06-11,93.0,69.3,0.0
Gilbert,2023-06-12,91.0,66.1,0.0
Gilbert,2023-06-13,94.7,68.5,0.0
Gilbert,2023-06-14,98.2,68.4,0.0
Gilbert,2023-06-15,98.7,70.9,0.0
Gilbert,2023-06-16,101.9,72.1,0.0
Gilbert,2023-06-17,102.5,72.8,0.0
Gilbert,2023-06-18,106.8,75.2,0.0
Gilbert,2023-06-19,102.9,74.8,0.0
Gilbert,2023-06-20,101.8,75.7,0.0
Gilbert,2023-06-21,104.2,74.9,0.0
Gilbert,2023-06-22,103.0,71.1,0.0
Gilbert,2023-06-23,99.5,72.7,0.0
Gilbert,2023-06-24,103.3,66.0,0.0
Gilbert,2023-06-25,108.2,74.9,0.0
Gilbert,2023-06-26,109.9,76.6,0.0
Gilbert,2023-06-27,107.3,75.0,0.0
Gilbert,2023-06-28,106.8,75.4,0.0
Gilbert,2023-06-29,104.0,73.7,0.0
Gilbert,2023-06-30,107.3,74.9,0.0
Gilbert,2023-07-01,111.0,76.0,0.0
Gilbert,2023-07-02,111.7,78.2,0.0
Gilbert,2023-07-03,113.3,79.6,0.0
Gilbert,2023-07-04,110.2,82.2,0.0
Gilbert,2023-07-05,108.2,82.0,0.0
Gilbert,2023-07-06,112.7,79.2,0.0
Gilbert,2023-07-07,109.4,79.3,0.0
Gilbert,2023-07-08,111.0,82.0,0.0
Gilbert,2023-07-09,109.5,82.6,0.0
Gilbert,2023-07-10,108.6,83.4,0.0
Gilbert,2023-07-11,109.9,87.4,0.0
Gilbert,2023-07-12,109.2,87.4,0.0
Gilbert,2023-07-13,112.0,88.6,0.0
Gilbert,2023-07-14,113.3,88.3,0.0
Gilbert,2023-07-15,114.9,87.6,0.0
Gilbert,2023-07-16,111.7,90.8,0.0
Gilbert,2023-07-17,113.6,89.2,0.0
Gilbert,2023-07-18,115.2,89.2,0.0
Gilbert,2023-07-19,116.4,88.1,0.0
Gilbert,2023-07-20,116.6,86.0,0.0
Gilbert,2023-07-21,114.8,86.3,0.0
Gilbert,2023-07-22,113.5,91.6,0.0
Gilbert,2023-07-23,111.9,89.2,0.0
Gilbert,2023-07-24,110.0,87.9,0.0
Gilbert,2023-07-25,115.3,88.2,0.0
Gilbert,2023-07-26,115.0,89.7,0.0
Gilbert,2023-07-27,112.3,84.9,0.0
Gilbert,2023-07-28,112.6,88.0,0.0
Gilbert,2023-07-29,110.3,88.3,0.0
Gilbert,2023-07-30,106.2,89.2,0.004
Gilbert,2023-07-31,102.7,80.9,0.063
Gilbert,2023-08-01,105.6,76.5,0.0
Gilbert,2023-08-02,105.8,85.8,0.0
Gilbert,2023-08-03,109.9,84.7,0.0
Gilbert,2023-08-04,112.3,79.6,0.0
Gilbert,2023-08-05,113.3,81.6,0.0
Gilbert,2023-08-06,110.2,81.2,0.0
Gilbert,2023-08-07,108.9,87.6,0.0
Gilbert,2023-08-08,103.9,82.3,0.043
Gilbert,2023-08-09,101.8,75.6,0.035
Gilbert,2023-08-10,104.7,81.8,0.0
Gilbert,2023-08-11,101.4,81.5,0.0
Gilbert,2023-08-12,103.6,80.1,0.0
Gilbert,2023-08-13,105.5,77.9,0.0
Gilbert,2023-08-14,108.6,82.3,0.0
Gilbert,2023-08-15,109.5,85.5,0.0
Gilbert,2023-08-16,112.5,85.5,0.0
Gilbert,2023-08-17,111.6,85.1,0.0
Gilbert,2023-08-18,106.6,81.7,0.122
Gilbert,2023-08-19,98.2,80.0,0.043
Gilbert,2023-08-20,98.7,78.4,0.035
Gilbert,2023-08-21,89.7,71.0,0.248
Gilbert,2023-08-22,99.6,71.1,0.0
Gilbert,2023-08-23,104.1,76.5,0.0
Gilbert,2023-08-24,102.5,79.9,0.0
Gilbert,2023-08-25,109.1,82.4,0.0
Gilbert,2023-08-26,109.9,83.2,0.0
Gilbert,2023-08-27,111.9,87.2,0.004
Gilbert,2023-08-28,115.1,86.5,0.0
Gilbert,2023-08-29,114.6,86.7,0.0
Gilbert,2023-08-30,109.9,90.4,0.0
Gilbert,2023-08-31,106.4,80.6,0.051
Gilbert,2023-09-01,92.2,76.5,0.024
Gilbert,2023-09-02,92.3,73.8,0.051
Gilbert,2023-09-03,95.7,74.5,0.0
Gilbert,2023-09-04,99.2,74.3,0.0
Gilbert,2023-09-05,102.2,74.3,0.0
Gilbert,2023-09-06,104.8,72.9,0.0
Gilbert,2023-09-07,106.8,75.6,0.0
Gilbert,2023-09-08,108.5,80.8,0.0
Gilbert,2023-09-09,111.6,82.4,0.0
Gilbert,2023-09-10,111.7,84.5,0.0
Gilbert,2023-09-11,104.9,81.9,0.0
Gilbert,2023-09-12,99.1,76.2,0.173
Gilbert,2023-09-13,92.2,71.6,0.413
Gilbert,2023-09-14,97.3,73.3,0.0
Gilbert,2023-09-15,100.7,71.5,0.0
Gilbert,2023-09-16,103.4,72.8,0.0
Gilbert,2023-09-17,103.1,73.0,0.0
Gilbert,2023-09-18,100.9,72.8,0.0
Gilbert,2023-09-19,98.7,66.5,0.0
Gilbert,2023-09-20,100.6,70.2,0.0
Gilbert,2023-09-21,98.6,67.9,0.0
Gilbert,2023-09-22,96.9,68.5,0.0
Gilbert,2023-09-23,93.0,71.3,0.0
Gilbert,2023-09-24,98.3,69.4,0.0
Gilbert,2023-09-25,101.1,65.8,0.0
Gilbert,2023-09-26,103.7,71.5,0.0
Gilbert,2023-09-27,103.4,68.4,0.0
Gilbert,2023-09-28,102.4,72.9,0.0
Gilbert,2023-09-29,100.9,69.4,0.0
Gilbert,2023-09-30,98.3,67.1,0.0
Gilbert,2023-10-01,88.7,68.0,0.004
Gilbert,2023-10-02,84.7,62.2,0.0
Gilbert,2023-10-03,86.5,61.3,0.0
Gilbert,2023-10-04,92.4,59.5,0.0
Gilbert,2023-10-05,98.4,68.4,0.0
Gilbert,2023-10-06,103.6,72.5,0.0
Gilbert,2023-10-07,101.0,79.1,0.0
Gilbert,2023-10-08,99.8,77.0,0.0
Gilbert,2023-10-09,98.7,74.7,0.0
Gilbert,2023-10-10,95.8,70.4,0.0
Gilbert,2023-10-11,93.0,69.5,0.0
Gilbert,2023-10-12,87.7,63.3,0.0
Gilbert,2023-10-13,89.5,59.5,0.0
Gilbert,2023-10-14,93.0,62.5,0.0
Gilbert,2023-10-15,100.1,66.7,0.0
Gilbert,2023-10-16,102.8,72.5,0.0
Gilbert,2023-10-17,99.1,71.2,0.0
Gilbert,2023-10-18,99.2,66.0,0.0
Gilbert,2023-10-19,103.2,69.6,0.0
Gilbert,2023-10-20,102.4,68.2,0.0
Gilbert,2023-10-21,99.0,66.7,0.0
Gilbert,2023-10-22,96.0,68.5,0.0
Gilbert,2023-10-23,87.6,64.9,0.0
Gilbert,2023-10-24,82.0,64.0,0.016
Gilbert,2023-10-25,82.1,63.1,0.0
Gilbert,2023-10-26,83.5,63.2,0.0
Gilbert,2023-10-27,85.9,58.7,0.0
Gilbert,2023-10-28,83.8,59.3,0.0
Gilbert,2023-10-29,79.0,55.4,0.0
Gilbert,2023-10-30,78.8,54.5,0.0
Gilbert,2023-10-31,81.0,52.7,0.0
Gilbert,2023-11-01,82.9,54.7,0.0
Gilbert,2023-11-02,84.5,51.2,0.0
Gilbert,2023-11-03,85.6,49.3,0.0
Gilbert,2023-11-04,88.2,54.1,0.0
Gilbert,2023-11-05,91.9,55.2,0.0
Gilbert,2023-11-06,91.3,57.4,0.0
Gilbert,2023-11-07,87.3,61.4,0.0
Gilbert,2023-11-08,78.9,53.6,0.0
Gilbert,2023-11-09,75.9,49.3,0.0
Gilbert,2023-11-10,75.6,50.3,0.0
Gilbert,2023-11-11,79.2,53.3,0.0
Gilbert,2023-11-12,83.2,57.6,0.0
Gilbert,2023-11-13,85.6,60.7,0.0
Gilbert,2023-11-14,86.6,65.8,0.0
Gilbert,2023-11-15,87.6,64.4,0.0
Gilbert,2023-11-16,76.5,61.8,0.327
Gilbert,2023-11-17,78.4,59.7,0.012
Gilbert,2023-11-18,73.0,59.6,0.882
Gilbert,2023-11-19,71.5,55.0,0.0
Gilbert,2023-11-20,72.1,45.9,0.0
Gilbert,2023-11-21,75.7,53.7,0.0
Gilbert,2023-11-22,75.4,51.8,0.0
Gilbert,2023-11-23,72.1,46.7,0.0
Gilbert,2023-11-24,70.3,51.0,0.0
Gilbert,2023-11-25,67.4,48.6,0.0
Gilbert,2023-11-26,71.4,46.7,0.0
Gilbert,2023-11-27,74.0,54.2,0.0
Gilbert,2023-11-28,77.3,55.4,0.0
Gilbert,2023-11-29,70.6,49.6,0.0
Gilbert,2023-11-30,64.9,48.9,0.161
Gilbert,2023-12-01,62.2,46.3,0.098
Gilbert,2023-12-02,64.2,43.7,0.0
Gilbert,2023-12-03,66.3,39.7,0.0
Gilbert,2023-12-04,67.8,39.8,0.0
Gilbert,2023-12-05,79.4,49.6,0.0
Gilbert,2023-12-06,80.6,53.5,0.0
Gilbert,2023-12-07,74.9,48.5,0.0
Gilbert,2023-12-08,69.9,45.6,0.0
Gilbert,2023-12-09,66.7,43.3,0.0
Gilbert,2023-12-10,70.6,45.1,0.0
Gilbert,2023-12-11,73.0,39.5,0.0
Gilbert,2023-12-12,71.5,49.0,0.0
Gilbert,2023-12-13,67.5,41.5,0.0
Gilbert,2023-12-14,67.9,39.1,0.0
Gilbert,2023-12-15,75.0,47.7,0.0
Gilbert,2023-12-16,79.5,54.0,0.0
Gilbert,2023-12-17,79.3,48.3,0.0
Gilbert,2023-12-18,80.5,48.6,0.0
Gilbert,2023-12-19,73.3,54.1,0.004
Gilbert,2023-12-20,70.3,52.0,0.067
Gilbert,2023-12-21,75.5,51.4,0.0
Gilbert,2023-12-22,61.2,52.6,0.571
Gilbert,2023-12-23,60.1,45.5,0.283
Gilbert,2023-12-24,60.4,41.9,0.004
Gilbert,2023-12-25,61.7,42.4,0.0
Gilbert,2023-12-26,60.4,39.5,0.0
Gilbert,2023-12-27,64.1,35.8,0.0
Gilbert,2023-12-28,64.5,39.0,0.0
Gilbert,2023-12-29,71.1,44.7,0.0
Gilbert,2023-12-30,73.7,45.1,0.0
Gilbert,2023-12-31,64.0,44.4,0.0
Gilbert,2024-01-01,66.0,43.8,0.0
Gilbert,2024-01-02,63.7,39.2,0.0
Gilbert,2024-01-03,65.9,38.3,0.039
Gilbert,2024-01-04,57.2,39.3,0.02
Gilbert,2024-01-05,57.7,37.8,0.0
Gilbert,2024-01-06,59.5,35.1,0.0
Gilbert,2024-01-07,51.5,37.0,0.075
Gilbert,2024-01-08,50.9,31.6,0.0
Gilbert,2024-01-09,54.0,31.5,0.0
Gilbert,2024-01-10,58.8,30.1,0.0
Gilbert,2024-01-11,57.2,38.0,0.154
Gilbert,2024-01-12,56.3,31.6,0.0
Gilbert,2024-01-13,61.4,31.5,0.0
Gilbert,2024-01-14,65.1,35.9,0.0
Gilbert,2024-01-15,66.1,35.1,0.0
Gilbert,2024-01-16,68.3,39.0,0.0
Gilbert,2024-01-17,70.0,38.8,0.0
Gilbert,2024-01-18,74.1,43.3,0.0
Gilbert,2024-01-19,75.9,46.6,0.0
Gilbert,2024-01-20,74.8,48.4,0.0
Gilbert,2024-01-21,56.8,50.0,0.173
Gilbert,2024-01-22,63.4,45.4,0.591
Gilbert,2024-01-23,58.1,48.5,1.157
Gilbert,2024-01-24,61.8,46.4,0.008
Gilbert,2024-01-25,63.6,44.4,0.0
Gilbert,2024-01-26,64.1,40.7,0.0
Gilbert,2024-01-27,69.4,47.0,0.0
Gilbert,2024-01-28,74.9,50.9,0.0
Gilbert,2024-01-29,75.7,52.3,0.0
Gilbert,2024-01-30,77.3,50.2,0.0
Gilbert,2024-01-31,77.0,51.4,0.0
Gilbert,2024-02-01,77.0,53.0,0.287
Gilbert,2024-02-02,60.6,45.9,0.744
Gilbert,2024-02-03,61.3,41.5,0.0
Gilbert,2024-02-04,66.6,39.6,0.0
Gilbert,2024-02-05,74.4,46.6,0.0
Gilbert,2024-02-06,63.9,51.5,0.579
Gilbert,2024-02-07,56.6,46.5,0.264
Gilbert,2024-02-08,59.6,40.2,0.217
Gilbert,2024-02-09,57.2,35.5,0.0
Gilbert,2024-02-10,54.0,40.9,0.154
Gilbert,2024-02-11,57.3,33.6,0.0
Gilbert,2024-02-12,63.0,37.7,0.0
Gilbert,2024-02-13,68.2,40.1,0.0
Gilbert,2024-02-14,67.2,41.0,0.0
Gilbert,2024-02-15,70.3,38.7,0.0
Gilbert,2024-02-16,69.7,41.9,0.0
Gilbert,2024-02-17,71.4,44.6,0.0
Gilbert,2024-02-18,74.5,44.7,0.004
Gilbert,2024-02-19,77.2,47.0,0.0
Gilbert,2024-02-20,78.1,49.6,0.0
Gilbert,2024-02-21,72.9,49.5,0.0
Gilbert,2024-02-22,72.3,47.8,0.0
Gilbert,2024-02-23,78.1,49.6,0.0
Gilbert,2024-02-24,79.2,52.4,0.0
Gilbert,2024-02-25,82.3,51.8,0.0
Gilbert,2024-02-26,72.1,59.5,0.004
Gilbert,2024-02-27,74.9,55.9,0.004
Gilbert,2024-02-28,75.0,51.6,0.012
Gilbert,2024-02-29,73.4,49.0,0.0
Gilbert,2024-03-01,76.8,47.5,0.0
Gilbert,2024-03-02,75.0,47.0,0.0
Gilbert,2024-03-03,70.6,49.5,0.0
Gilbert,2024-03-04,70.9,46.8,0.0
Gilbert,2024-03-05,74.3,44.0,0.0
Gilbert,2024-03-06,73.7,49.3,0.0
Gilbert,2024-03-07,62.1,48.0,1.059
Gilbert,2024-03-08,67.0,45.8,0.0
Gilbert,2024-03-09,72.5,46.5,0.004
Gilbert,2024-03-10,77.3,51.5,0.0
Gilbert,2024-03-11,79.4,50.2,0.0
Gilbert,2024-03-12,76.4,49.3,0.0
Gilbert,2024-03-13,74.4,48.5,0.0
Gilbert,2024-03-14,71.6,46.1,0.012
Gilbert,2024-03-15,62.3,47.9,0.283
Gilbert,2024-03-16,64.9,42.7,0.012
Gilbert,2024-03-17,66.7,47.8,0.035
Gilbert,2024-03-18,72.3,47.8,0.087
Gilbert,2024-03-19,74.5,51.2,0.039
Gilbert,2024-03-20,75.9,48.8,0.0
Gilbert,2024-03-21,79.7,48.4,0.0
Gilbert,2024-03-22,83.5,53.4,0.0
Gilbert,2024-03-23,82.2,55.6,0.02
Gilbert,2024-03-24,64.6,49.9,0.453
Gilbert,2024-03-25,68.5,44.7,0.004
Gilbert,2024-03-26,65.3,47.6,0.016
Gilbert,2024-03-27,74.5,45.6,0.0
Gilbert,2024-03-28,80.3,46.8,0.0
Gilbert,2024-03-29,83.3,50.3,0.0
Gilbert,2024-03-30,82.6,56.1,0.0
Gilbert,2024-03-31,61.9,49.1,0.614
Gilbert,2024-04-01,61.9,46.3,0.291
Gilbert,2024-04-02,71.4,45.1,0.0
Gilbert,2024-04-03,78.1,47.4,0.0
Gilbert,2024-04-04,84.7,48.0,0.0
Gilbert,2024-04-05,65.6,51.9,0.063
Gilbert,2024-04-06,64.1,42.3,0.0
Gilbert,2024-04-07,73.7,42.1,0.0
Gilbert,2024-04-08,74.6,45.2,0.0
Gilbert,2024-04-09,82.4,46.3,0.0
Gilbert,2024-04-10,84.9,51.3,0.0
Gilbert,2024-04-11,91.6,52.7,0.0
Gilbert,2024-04-12,90.5,58.2,0.0
Gilbert,2024-04-13,86.8,56.5,0.0
Gilbert,2024-04-14,82.7,54.9,0.0
Gilbert,2024-04-15,75.7,50.8,0.0
Gilbert,2024-04-16,85.1,49.2,0.0
Gilbert,2024-04-17,89.9,56.7,0.0
Gilbert,2024-04-18,91.1,57.0,0.0
Gilbert,2024-04-19,92.6,56.9,0.0
Gilbert,2024-04-20,92.8,61.8,0.0
Gilbert,2024-04-21,97.3,58.1,0.0
Gilbert,2024-04-22,97.6,65.6,0.0
Gilbert,2024-04-23,94.8,62.7,0.0
Gilbert,2024-04-24,90.0,62.7,0.0
Gilbert,2024-04-25,81.7,62.4,0.0
Gilbert,2024-04-26,80.4,56.6,0.008
Gilbert,2024-04-27,80.4,55.9,0.0
Gilbert,2024-04-28,85.4,53.9,0.0
Gilbert,2024-04-29,90.9,56.1,0.0
Gilbert,2024-04-30,93.2,59.6,0.0
Gilbert,2024-05-01,91.4,64.7,0.0
Gilbert,2024-05-02,91.0,62.2,0.0
Gilbert,2024-05-03,92.3,63.1,0.0
Gilbert,2024-05-04,92.8,63.1,0.0
Gilbert,2024-05-05,85.6,65.8,0.0
Gilbert,2024-05-06,84.4,54.4,0.0
Gilbert,2024-05-07,89.4,55.1,0.0
Gilbert,2024-05-08,90.4,60.7,0.0
Gilbert,2024-05-09,86.5,58.0,0.0
Gilbert,2024-05-10,90.5,57.5,0.0
Gilbert,2024-05-11,91.8,60.1,0.0
Gilbert,2024-05-12,92.8,62.7,0.0
Gilbert,2024-05-13,98.2,64.8,0.0
Gilbert,2024-05-14,97.1,67.6,0.0
Gilbert,2024-05-15,95.7,67.7,0.0
Gilbert,2024-05-16,94.9,69.4,0.004
Gilbert,2024-05-17,99.5,67.4,0.0
Gilbert,2024-05-18,100.5,70.9,0.0
Gilbert,2024-05-19,97.3,69.4,0.0
Gilbert,2024-05-20,91.6,66.1,0.004
Gilbert,2024-05-21,94.6,61.3,0.0
Gilbert,2024-05-22,94.6,63.8,0.0
Gilbert,2024-05-23,94.7,64.3,0.0
Gilbert,2024-05-24,98.0,66.0,0.0
Gilbert,2024-05-25,89.2,68.5,0.0
Gilbert,2024-05-26,95.2,61.9,0.0
Gilbert,2024-05-27,100.5,64.0,0.0
Gilbert,2024-05-28,104.5,68.3,0.0
Gilbert,2024-05-29,101.1,69.6,0.0
Gilbert,2024-05-30,101.9,68.2,0.0
Gilbert,2024-05-31,104.5,69.2,0.0
Gilbert,2024-06-01,104.0,68.3,0.0
Gilbert,2024-06-02,100.6,67.4,0.0
Gilbert,2024-06-03,101.3,71.6,0.0
Gilbert,2024-06-04,103.0,70.3,0.0
Gilbert,2024-06-05,106.5,72.7,0.0
Gilbert,2024-06-06,110.4,77.5,0.0
Gilbert,2024-06-07,110.0,77.6,0.0
Gilbert,2024-06-08,107.6,78.3,0.0
Gilbert,2024-06-09,104.8,77.5,0.0
Gilbert,2024-06-10,104.6,72.5,0.0
Gilbert,2024-06-11,109.3,74.1,0.0
Gilbert,2024-06-12,110.0,75.4,0.0
Gilbert,2024-06-13,107.8,77.4,0.0
Gilbert,2024-06-14,105.5,76.3,0.0
Gilbert,2024-06-15,111.1,75.0,0.0
Gilbert,2024-06-16,110.2,74.1,0.0
Gilbert,2024-06-17,104.4,75.0,0.0
Gilbert,2024-06-18,103.4,74.7,0.0
Gilbert,2024-06-19,104.1,77.2,0.0
Gilbert,2024-06-20,112.8,75.0,0.0
Gilbert,2024-06-21,115.1,90.1,0.0
Gilbert,2024-06-22,102.3,88.3,0.0
Gilbert,2024-06-23,103.4,83.4,0.0
Gilbert,2024-06-24,107.0,84.3,0.0
Gilbert,2024-06-25,104.2,84.2,0.004
Gilbert,2024-06-26,108.7,83.0,0.0
Gilbert,2024-06-27,111.1,83.8,0.0
Gilbert,2024-06-28,109.6,84.3,0.0
Gilbert,2024-06-29,108.3,85.0,0.0
Gilbert,2024-06-30,109.9,86.1,0.0
Gilbert,2024-07-01,106.3,79.6,0.154
Gilbert,2024-07-02,111.6,82.9,0.0
Gilbert,2024-07-03,110.7,84.6,0.0
Gilbert,2024-07-04,111.7,82.8,0.0
Gilbert,2024-07-05,115.6,82.4,0.0
Gilbert,2024-07-06,112.2,84.4,0.0
Gilbert,2024-07-07,112.2,80.7,0.0
Gilbert,2024-07-08,115.5,83.4,0.0
Gilbert,2024-07-09,114.4,85.6,0.0
Gilbert,2024-07-10,113.5,84.1,0.0
Gilbert,2024-07-11,113.2,82.8,0.0
Gilbert,2024-07-12,113.4,84.8,0.0
Gilbert,2024-07-13,110.8,87.5,0.0
Gilbert,2024-07-14,105.7,86.0,0.0
Gilbert,2024-07-15,105.1,82.6,0.0
Gilbert,2024-07-16,107.2,84.4,0.0
Gilbert,2024-07-17,109.0,83.6,0.0
Gilbert,2024-07-18,110.5,88.3,0.0
Gilbert,2024-07-19,111.2,84.5,0.0
Gilbert,2024-07-20,109.4,84.9,0.008
Gilbert,2024-07-21,105.2,85.0,0.035
Gilbert,2024-07-22,108.4,81.6,0.0
Gilbert,2024-07-23,110.9,88.3,0.0
Gilbert,2024-07-24,108.5,88.0,0.028
Gilbert,2024-07-25,108.9,85.9,0.008
Gilbert,2024-07-26,108.2,82.9,0.0
Gilbert,2024-07-27,109.0,83.3,0.0
Gilbert,2024-07-28,107.2,83.7,0.0
Gilbert,2024-07-29,107.8,83.8,0.0
Gilbert,2024-07-30,107.5,83.5,0.0
Gilbert,2024-07-31,108.9,81.1,0.008
Gilbert,2024-08-01,105.5,84.5,0.0
Gilbert,2024-08-02,109.2,83.4,0.0
Gilbert,2024-08-03,113.3,86.0,0.0
Gilbert,2024-08-04,114.4,87.5,0.0
Gilbert,2024-08-05,109.0,86.4,0.004
Gilbert,2024-08-06,109.9,86.7,0.0
Gilbert,2024-08-07,100.9,81.1,0.0
Gilbert,2024-08-08,101.4,84.1,0.0
Gilbert,2024-08-09,108.1,81.1,0.0
Gilbert,2024-08-10,109.0,87.6,0.0
Gilbert,2024-08-11,101.5,80.8,0.0
Gilbert,2024-08-12,105.1,80.9,0.0
Gilbert,2024-08-13,102.7,78.4,0.016
Gilbert,2024-08-14,106.8,82.0,0.0
Gilbert,2024-08-15,109.4,80.2,0.0
Gilbert,2024-08-16,109.5,83.2,0.0
Gilbert,2024-08-17,108.6,85.0,0.0
Gilbert,2024-08-18,98.7,72.1,0.083
Gilbert,2024-08-19,109.2,79.7,0.0
Gilbert,2024-08-20,110.5,82.6,0.0
Gilbert,2024-08-21,103.6,84.0,0.024
Gilbert,2024-08-22,103.2,82.7,0.0
Gilbert,2024-08-23,103.2,81.9,0.11
Gilbert,2024-08-24,104.5,78.7,0.0
Gilbert,2024-08-25,105.7,76.2,0.0
Gilbert,2024-08-26,107.6,76.4,0.0
Gilbert,2024-08-27,109.1,76.6,0.0
Gilbert,2024-08-28,101.9,85.7,0.008
Gilbert,2024-08-29,105.5,80.5,0.0
Gilbert,2024-08-30,106.5,79.7,0.0
Gilbert,2024-08-31,106.2,81.0,0.0
Gilbert,2024-09-01,106.1,81.1,0.0
Gilbert,2024-09-02,104.9,83.5,0.0
Gilbert,2024-09-03,105.9,83.4,0.0
Gilbert,2024-09-04,109.4,82.9,0.0
Gilbert,2024-09-05,113.5,85.4,0.0
Gilbert,2024-09-06,108.8,90.6,0.0
Gilbert,2024-09-07,107.3,87.4,0.0
Gilbert,2024-09-08,106.8,84.7,0.0
Gilbert,2024-09-09,107.7,82.6,0.0
Gilbert,2024-09-10,109.0,77.0,0.0
Gilbert,2024-09-11,107.2,77.3,0.0
Gilbert,2024-09-12,106.3,76.4,0.0
Gilbert,2024-09-13,103.9,76.0,0.0
Gilbert,2024-09-14,100.4,79.1,0.0
Gilbert,2024-09-15,99.8,77.1,0.0
Gilbert,2024-09-16,98.9,75.5,0.004
Gilbert,2024-09-17,91.3,72.9,0.0
Gilbert,2024-09-18,93.7,68.0,0.0
Gilbert,2024-09-19,95.4,69.2,0.0
Gilbert,2024-09-20,94.3,71.1,0.031
Gilbert,2024-09-21,89.3,64.9,0.063
Gilbert,2024-09-22,95.7,64.9,0.0
Gilbert,2024-09-23,101.7,72.1,0.0
Gilbert,2024-09-24,105.4,72.6,0.0
Gilbert,2024-09-25,109.3,74.0,0.0
Gilbert,2024-09-26,107.6,78.1,0.0
Gilbert,2024-09-27,111.4,75.9,0.0
Gilbert,2024-09-28,113.9,82.5,0.0
Gilbert,2024-09-29,110.5,86.4,0.0
Gilbert,2024-09-30,106.7,77.8,0.0
Gilbert,2024-10-01,110.8,77.8,0.0
Gilbert,2024-10-02,105.3,82.3,0.0
Gilbert,2024-10-03,106.5,73.1,0.0
Gilbert,2024-10-04,107.4,71.0,0.0
Gilbert,2024-10-05,107.5,77.6,0.0
Gilbert,2024-10-06,108.9,76.9,0.0
Gilbert,2024-10-07,107.2,78.7,0.0
Gilbert,2024-10-08,106.9,75.8,0.0
Gilbert,2024-10-09,103.6,74.2,0.0
Gilbert,2024-10-10,104.8,75.9,0.0
Gilbert,2024-10-11,102.5,73.4,0.0
Gilbert,2024-10-12,103.0,70.6,0.0
Gilbert,2024-10-13,101.7,69.6,0.0
Gilbert,2024-10-14,98.3,71.2,0.0
Gilbert,2024-10-15,95.3,66.6,0.0
Gilbert,2024-10-16,95.5,65.4,0.0
Gilbert,2024-10-17,88.4,65.8,0.0
Gilbert,2024-10-18,74.9,57.6,0.22
Gilbert,2024-10-19,69.4,55.2,0.028
Gilbert,2024-10-20,78.6,50.6,0.0
Gilbert,2024-10-21,85.5,55.4,0.0
Gilbert,2024-10-22,92.8,57.6,0.0
Gilbert,2024-10-23,95.0,60.3,0.0
Gilbert,2024-10-24,93.7,59.2,0.0
Gilbert,2024-10-25,95.5,58.1,0.0
Gilbert,2024-10-26,98.5,61.2,0.0
Gilbert,2024-10-27,95.5,62.7,0.0
Gilbert,2024-10-28,91.2,58.8,0.0
Gilbert,2024-10-29,72.1,56.7,0.122
Gilbert,2024-10-30,73.2,49.9,0.0
Gilbert,2024-10-31,79.4,48.9,0.0
Gilbert,2024-11-01,81.2,47.4,0.0
Gilbert,2024-11-02,77.1,50.5,0.0
Gilbert,2024-11-03,70.2,51.3,0.031
Gilbert,2024-11-04,69.4,47.7,0.0
Gilbert,2024-11-05,71.4,43.4,0.0
Gilbert,2024-11-06,67.1,44.8,0.0
Gilbert,2024-11-07,63.8,41.9,0.0
Gilbert,2024-11-08,67.2,40.0,0.0
Gilbert,2024-11-09,73.5,45.4,0.0
Gilbert,2024-11-10,81.9,47.5,0.0
Gilbert,2024-11-11,81.4,48.8,0.0
Gilbert,2024-11-12,73.4,49.3,0.0
Gilbert,2024-11-13,75.6,48.9,0.0
Gilbert,2024-11-14,81.0,49.4,0.0
Gilbert,2024-11-15,69.6,50.1,0.0
Gilbert,2024-11-16,61.3,49.2,0.0
Gilbert,2024-11-17,67.2,47.3,0.0
Gilbert,2024-11-18,66.0,44.9,0.0
Gilbert,2024-11-19,67.9,43.3,0.0
Gilbert,2024-11-20,76.2,47.3,0.0
Gilbert,2024-11-21,79.1,47.3,0.0
Gilbert,2024-11-22,80.4,47.5,0.0
Gilbert,2024-11-23,77.5,47.3,0.0
Gilbert,2024-11-24,73.9,48.6,0.0
Gilbert,2024-11-25,75.0,51.5,0.0
Gilbert,2024-11-26,78.4,51.1,0.0
Gilbert,2024-11-27,73.5,59.2,0.0
Gilbert,2024-11-28,72.4,52.0,0.0
Gilbert,2024-11-29,74.3,52.6,0.0
Gilbert,2024-11-30,77.3,54.6,0.0
Gilbert,2024-12-01,76.7,49.7,0.0
Gilbert,2024-12-02,79.8,51.6,0.0
Gilbert,2024-12-03,80.5,54.6,0.0
Gilbert,2024-12-04,73.7,48.8,0.0
Gilbert,2024-12-05,76.6,52.0,0.0
Gilbert,2024-12-06,78.0,60.2,0.0
Gilbert,2024-12-07,73.9,56.6,0.0
Gilbert,2024-12-08,71.6,47.9,0.0
Gilbert,2024-12-09,70.2,48.2,0.0
Gilbert,2024-12-10,63.5,45.2,0.0
Gilbert,2024-12-11,69.7,45.7,0.0
Gilbert,2024-12-12,73.6,51.1,0.0
Gilbert,2024-12-13,65.9,46.4,0.0
Gilbert,2024-12-14,69.4,43.8,0.0
Gilbert,2024-12-15,68.9,41.9,0.0
Gilbert,2024-12-16,67.8,41.8,0.0
Gilbert,2024-12-17,69.9,42.0,0.0
Gilbert,2024-12-18,81.4,49.7,0.0
Gilbert,2024-12-19,80.0,52.2,0.0
Gilbert,2024-12-20,81.3,50.4,0.0
Gilbert,2024-12-21,75.2,47.4,0.0
Gilbert,2024-12-22,72.7,44.1,0.0
Gilbert,2024-12-23,73.4,49.8,0.0
Gilbert,2024-12-24,74.0,48.4,0.0
Gilbert,2024-12-25,65.6,51.1,0.0
Gilbert,2024-12-26,64.0,45.4,0.0
Gilbert,2024-12-27,66.2,42.0,0.0
Gilbert,2024-12-28,65.8,42.3,0.0
Gilbert,2024-12-29,72.6,44.2,0.0
Gilbert,2024-12-30,71.2,43.3,0.0
Gilbert,2024-12-31,69.6,43.4,0.0
Gilbert,2025-01-01,69.6,41.9,0.0
Gilbert,2025-01-02,72.2,43.3,0.0
Gilbert,2025-01-03,77.9,47.9,0.0
Gilbert,2025-01-04,67.6,44.9,0.0
Gilbert,2025-01-05,67.0,42.4,0.0
Gilbert,2025-01-06,67.1,42.8,0.0
Gilbert,2025-01-07,70.4,42.8,0.008
Gilbert,2025-01-08,65.5,50.7,0.008
Gilbert,2025-01-09,61.8,38.3,0.0
Gilbert,2025-01-10,60.1,39.4,0.0
Gilbert,2025-01-11,59.7,36.8,0.0
Gilbert,2025-01-12,60.7,39.8,0.0
Gilbert,2025-01-13,59.2,34.7,0.0
Gilbert,2025-01-14,63.4,38.1,0.0
Gilbert,2025-01-15,70.8,43.7,0.0
Gilbert,2025-01-16,73.6,50.8,0.0
Gilbert,2025-01-17,62.3,47.0,0.0
Gilbert,2025-01-18,63.0,40.0,0.0
Gilbert,2025-01-19,63.2,39.7,0.0
Gilbert,2025-01-20,63.8,37.1,0.0
Gilbert,2025-01-21,58.2,36.4,0.0
Gilbert,2025-01-22,61.6,34.2,0.0
Gilbert,2025-01-23,60.3,43.5,0.0
Gilbert,2025-01-24,69.4,42.5,0.0
Gilbert,2025-01-25,70.0,46.0,0.0
Gilbert,2025-01-26,68.6,44.7,0.0
Gilbert,2025-01-27,60.7,43.5,0.008
Gilbert,2025-01-28,58.8,47.3,0.008
Gilbert,2025-01-29,55.3,42.4,0.083
Gilbert,2025-01-30,59.6,39.5,0.0
Gilbert,2025-01-31,65.8,40.3,0.0
Gilbert,2025-02-01,71.5,42.4,0.0
Gilbert,2025-02-02,77.6,48.1,0.0
Gilbert,2025-02-03,82.9,50.6,0.0
Gilbert,2025-02-04,83.9,55.2,0.0
Gilbert,2025-02-05,77.2,52.5,0.0
Gilbert,2025-02-06,78.0,47.8,0.0
Gilbert,2025-02-07,74.9,48.3,0.0
Gilbert,2025-02-08,76.6,51.4,0.0
Gilbert,2025-02-09,75.9,50.7,0.0
Gilbert,2025-02-10,76.6,49.7,0.0
Gilbert,2025-02-11,68.6,51.2,0.0
Gilbert,2025-02-12,61.0,49.0,0.0
Gilbert,2025-02-13,70.2,46.4,0.004
Gilbert,2025-02-14,71.2,57.6,0.012
Gilbert,2025-02-15,68.3,47.9,0.0
Gilbert,2025-02-16,73.9,49.8,0.0
Gilbert,2025-02-17,75.0,49.6,0.0
Gilbert,2025-02-18,74.4,50.2,0.0
Gilbert,2025-02-19,77.5,49.1,0.0
Gilbert,2025-02-20,77.0,49.1,0.0
Gilbert,2025-02-21,76.0,49.1,0.0
Gilbert,2025-02-22,75.7,49.4,0.0
Gilbert,2025-02-23,79.3,47.5,0.0
Gilbert,2025-02-24,82.3,49.5,0.0
Gilbert,2025-02-25,84.7,54.0,0.0
Gilbert,2025-02-26,85.7,56.5,0.0
Gilbert,2025-02-27,83.5,61.1,0.0
Gilbert,2025-02-28,79.3,54.0,0.0
Gilbert,2025-03-01,79.3,54.3,0.0
Gilbert,2025-03-02,77.4,52.1,0.0
Gilbert,2025-03-03,64.8,49.9,0.004
Gilbert,2025-03-04,69.9,45.6,0.0
Gilbert,2025-03-05,76.8,47.6,0.0
Gilbert,2025-03-06,68.7,57.7,0.008
Gilbert,2025-03-07,59.5,45.5,0.417
Gilbert,2025-03-08,63.1,43.6,0.012
Gilbert,2025-03-09,72.0,47.2,0.0
Gilbert,2025-03-10,82.0,50.5,0.0
Gilbert,2025-03-11,76.2,54.4,0.465
Gilbert,2025-03-12,69.1,52.7,0.248
Gilbert,2025-03-13,68.5,48.3,0.441
Gilbert,2025-03-14,55.2,41.8,0.028
Gilbert,2025-03-15,62.4,43.2,0.201
Gilbert,2025-03-16,68.8,43.9,0.0
Gilbert,2025-03-17,76.8,49.0,0.0
Gilbert,2025-03-18,69.5,54.7,0.0
Gilbert,2025-03-19,70.6,51.6,0.0
Gilbert,2025-03-20,79.3,49.0,0.0
Gilbert,2025-03-21,81.4,51.1,0.0
Gilbert,2025-03-22,83.8,54.8,0.0
Gilbert,2025-03-23,86.6,59.0,0.0
Gilbert,2025-03-24,92.1,63.4,0.0
Gilbert,2025-03-25,97.3,66.2,0.0
Gilbert,2025-03-26,90.8,68.0,0.0
Gilbert,2025-03-27,90.9,64.0,0.0
Gilbert,2025-03-28,81.7,63.2,0.0
Gilbert,2025-03-29,80.1,61.5,0.0
Gilbert,2025-03-30,81.4,56.9,0.0
Gilbert,2025-03-31,81.3,58.7,0.0
Gilbert,2025-04-01,75.0,60.6,0.0
Gilbert,2025-04-02,64.9,52.5,0.008
Gilbert,2025-04-03,68.1,46.3,0.004
Gilbert,2025-04-04,70.8,52.3,0.0
Gilbert,2025-04-05,76.7,50.9,0.0
Gilbert,2025-04-06,78.0,56.8,0.0
Gilbert,2025-04-07,85.6,56.1,0.0
Gilbert,2025-04-08,90.7,58.2,0.0
Gilbert,2025-04-09,94.8,61.0,0.0
Gilbert,2025-04-10,97.7,62.8,0.0
Gilbert,2025-04-11,99.6,65.8,0.0
Gilbert,2025-04-12,98.7,66.8,0.0
Gilbert,2025-04-13,93.2,69.3,0.0
Gilbert,2025-04-14,92.8,68.5,0.024
Gilbert,2025-04-15,92.8,65.8,0.004
Gilbert,2025-04-16,94.3,64.4,0.0
Gilbert,2025-04-17,79.4,61.8,0.0
Gilbert,2025-04-18,75.4,54.0,0.122
Gilbert,2025-04-19,73.0,52.1,0.0
Gilbert,2025-04-20,82.9,53.2,0.0
Gilbert,2025-04-21,89.7,59.4,0.0
Gilbert,2025-04-22,90.2,62.0,0.0
Gilbert,2025-04-23,89.9,64.1,0.0
Gilbert,2025-04-24,88.9,62.2,0.0
Gilbert,2025-04-25,92.0,64.8,0.0
Gilbert,2025-04-26,84.4,64.7,0.0
Gilbert,2025-04-27,76.9,57.9,0.0
Gilbert,2025-04-28,79.5,55.5,0.0
Gilbert,2025-04-29,85.6,58.7,0.0
Gilbert,2025-04-30,88.8,61.3,0.0
Gilbert,2025-05-01,90.9,64.0,0.0
Gilbert,2025-05-02,92.0,65.7,0.0
Gilbert,2025-05-03,93.2,67.6,0.0
Gilbert,2025-05-04,79.3,65.5,0.035
Gilbert,2025-05-05,72.4,56.8,0.016
Gilbert,2025-05-06,74.9,58.6,0.035
Gilbert,2025-05-07,82.8,59.7,0.008
Gilbert,2025-05-08,93.2,62.8,0.0
Gilbert,2025-05-09,100.0,73.9,0.0
Gilbert,2025-05-10,99.6,78.6,0.0
Gilbert,2025-05-11,102.7,77.5,0.0
Gilbert,2025-05-12,99.5,79.8,0.0
Gilbert,2025-05-13,87.7,74.3,0.004
Gilbert,2025-05-14,83.2,62.8,0.0
Gilbert,2025-05-15,88.9,62.4,0.0
Gilbert,2025-05-16,92.5,63.7,0.0
Gilbert,2025-05-17,92.8,68.4,0.0
Gilbert,2025-05-18,85.7,65.6,0.0
Gilbert,2025-05-19,93.7,66.7,0.0
Gilbert,2025-05-20,96.8,70.0,0.0
Gilbert,2025-05-21,101.1,70.6,0.0
Gilbert,2025-05-22,103.7,72.1,0.0
Gilbert,2025-05-23,101.3,72.7,0.0
Gilbert,2025-05-24,97.1,72.6,0.0
Gilbert,2025-05-25,95.6,71.8,0.0
Gilbert,2025-05-26,98.4,70.9,0.0
Gilbert,2025-05-27,99.6,70.8,0.0
Gilbert,2025-05-28,101.3,71.2,0.0
Gilbert,2025-05-29,99.8,75.6,0.0
Gilbert,2025-05-30,103.1,72.1,0.0
Gilbert,2025-05-31,98.9,77.4,0.0
Gilbert,2025-06-01,87.8,70.3,0.504
Gilbert,2025-06-02,86.9,67.8,0.028
Gilbert,2025-06-03,95.5,70.0,0.0
Gilbert,2025-06-04,93.5,71.4,0.106
Gilbert,2025-06-05,99.7,75.7,0.0
Gilbert,2025-06-06,101.5,76.0,0.0
Gilbert,2025-06-07,104.5,75.6,0.0
Gilbert,2025-06-08,106.7,76.7,0.0
Gilbert,2025-06-09,107.7,78.2,0.0
Gilbert,2025-06-10,106.3,79.2,0.0
Gilbert,2025-06-11,107.9,80.8,0.0
Gilbert,2025-06-12,108.4,79.4,0.0
Gilbert,2025-06-13,106.3,80.2,0.0
Gilbert,2025-06-14,108.9,80.2,0.0
Gilbert,2025-06-15,113.5,81.5,0.0
Gilbert,2025-06-16,112.1,81.3,0.0
Gilbert,2025-06-17,109.9,82.3,0.0
Gilbert,2025-06-18,110.8,81.0,0.0
Gilbert,2025-06-19,115.0,82.5,0.0
Gilbert,2025-06-20,108.1,81.7,0.0
Gilbert,2025-06-21,104.8,80.6,0.0
Gilbert,2025-06-22,99.4,77.4,0.0
Gilbert,2025-06-23,102.2,77.4,0.0
Gilbert,2025-06-24,103.1,77.6,0.0
Gilbert,2025-06-25,102.0,76.1,0.0
Gilbert,2025-06-26,104.5,77.9,0.0
Gilbert,2025-06-27,106.3,79.3,0.0
Gilbert,2025-06-28,108.4,84.0,0.0
Gilbert,2025-06-29,112.1,83.6,0.0
Gilbert,2025-06-30,114.2,87.3,0.0
Gilbert,2025-07-01,110.5,90.8,0.0
Gilbert,2025-07-02,105.0,89.3,0.0
Gilbert,2025-07-03,95.5,77.9,0.079
Gilbert,2025-07-04,99.4,80.7,0.0
Gilbert,2025-07-05,105.1,85.1,0.0
Gilbert,2025-07-06,109.8,82.1,0.0
Gilbert,2025-07-07,110.7,87.6,0.0
Gilbert,2025-07-08,110.8,90.1,0.0
Gilbert,2025-07-09,116.2,89.2,0.0
Gilbert,2025-07-10,112.6,91.4,0.0
Gilbert,2025-07-11,108.8,88.1,0.0
Gilbert,2025-07-12,108.1,86.3,0.0
Gilbert,2025-07-13,108.0,85.9,0.0
Gilbert,2025-07-14,108.1,86.1,0.0
Gilbert,2025-07-15,104.3,86.4,0.055
Gilbert,2025-07-16,95.6,78.1,0.0
Gilbert,2025-07-17,93.8,75.7,0.358
Gilbert,2025-07-18,105.5,82.7,0.0
Gilbert,2025-07-19,105.9,84.7,0.0
Gilbert,2025-07-20,96.4,86.5,0.004
Gilbert,2025-07-21,104.2,82.8,0.0
Gilbert,2025-07-22,98.2,77.1,0.138
Gilbert,2025-07-23,103.2,82.1,0.0
Gilbert,2025-07-24,105.3,76.2,0.0
Gilbert,2025-07-25,106.5,77.5,0.0
Gilbert,2025-07-26,105.9,79.5,0.0
Gilbert,2025-07-27,108.4,79.0,0.0
Gilbert,2025-07-28,111.0,82.0,0.0
Gilbert,2025-07-29,109.3,86.4,0.0
Gilbert,2025-07-30,109.9,84.7,0.0
Gilbert,2025-07-31,107.9,86.2,0.0
Gilbert,2025-08-01,110.0,88.7,0.0
Gilbert,2025-08-02,112.9,87.6,0.0
Gilbert,2025-08-03,110.9,82.5,0.0
Gilbert,2025-08-04,110.8,84.0,0.0
Gilbert,2025-08-05,112.9,88.0,0.0
Gilbert,2025-08-06,115.2,91.3,0.0
Gilbert,2025-08-07,117.1,90.3,0.0
Gilbert,2025-08-08,112.2,91.0,0.0
Gilbert,2025-08-09,108.6,89.2,0.0
Gilbert,2025-08-10,108.0,88.1,0.0
Gilbert,2025-08-11,109.3,89.7,0.0
Gilbert,2025-08-12,108.9,87.1,0.0
Gilbert,2025-08-13,109.5,87.6,0.0
Gilbert,2025-08-14,106.0,85.5,0.0
Gilbert,2025-08-15,102.3,78.6,0.004
Gilbert,2025-08-16,102.2,82.1,0.0
Gilbert,2025-08-17,104.5,82.4,0.0
Gilbert,2025-08-18,106.8,84.7,0.0
Gilbert,2025-08-19,107.2,83.4,0.0
Gilbert,2025-08-20,111.5,88.6,0.0
Gilbert,2025-08-21,111.4,90.8,0.0
Gilbert,2025-08-22,110.9,91.4,0.0
Gilbert,2025-08-23,109.0,90.4,0.0
Gilbert,2025-08-24,108.0,89.2,0.0
Gilbert,2025-08-25,101.8,80.5,0.134
Gilbert,2025-08-26,97.0,77.2,0.012
Gilbert,2025-08-27,100.5,79.5,0.0
Gilbert,2025-08-28,104.7,84.7,0.0
Gilbert,2025-08-29,99.3,76.4,0.039
Gilbert,2025-08-30,106.0,83.8,0.0
Gilbert,2025-08-31,108.5,81.6,0.0
Gilbert,2025-09-01,106.7,85.8,0.0
Gilbert,2025-09-02,107.8,87.3,0.0
Gilbert,2025-09-03,103.6,82.5,0.0
Gilbert,2025-09-04,93.7,77.1,0.004
Gilbert,2025-09-05,93.7,72.1,0.28
Gilbert,2025-09-06,98.8,79.5,0.0
Gilbert,2025-09-07,100.4,81.6,0.0
Gilbert,2025-09-08,101.4,83.5,0.028
Gilbert,2025-09-09,104.5,83.1,0.0
Gilbert,2025-09-10,106.3,83.2,0.0
Gilbert,2025-09-11,101.8,82.0,0.0
Gilbert,2025-09-12,100.5,79.5,0.0
Gilbert,2025-09-13,96.5,74.8,0.0
Gilbert,2025-09-14,98.9,73.2,0.0
Gilbert,2025-09-15,102.5,75.5,0.0
Gilbert,2025-09-16,102.5,81.3,0.0
Gilbert,2025-09-17,102.1,83.9,0.0
Gilbert,2025-09-18,96.3,73.9,0.201
Gilbert,2025-09-19,98.0,75.7,0.012
Gilbert,2025-09-20,99.8,79.4,0.0
Gilbert,2025-09-21,99.2,81.0,0.035
Gilbert,2025-09-22,90.9,72.4,0.752
Gilbert,2025-09-23,100.6,77.7,0.0
Gilbert,2025-09-24,106.4,81.9,0.0
Gilbert,2025-09-25,103.0,85.1,0.075
Gilbert,2025-09-26,85.3,71.6,0.134
Gilbert,2025-09-27,81.4,67.3,0.394
Gilbert,2025-09-28,81.1,67.0,0.02
Gilbert,2025-09-29,89.2,65.3,0.0
Gilbert,2025-09-30,93.5,66.8,0.0
Gilbert,2025-10-01,95.5,70.9,0.0
Gilbert,2025-10-02,99.5,71.5,0.0
Gilbert,2025-10-03,102.1,74.4,0.0
Gilbert,2025-10-04,88.3,70.3,0.0
Gilbert,2025-10-05,87.5,62.2,0.0
Gilbert,2025-10-06,92.7,61.9,0.0
Gilbert,2025-10-07,97.4,65.4,0.0
Gilbert,2025-10-08,99.1,72.3,0.0
Gilbert,2025-10-09,91.0,76.1,0.071
Gilbert,2025-10-10,90.5,74.8,0.059
Gilbert,2025-10-11,80.5,70.7,0.492
Gilbert,2025-10-12,78.4,67.8,1.839
Gilbert,2025-10-13,77.5,67.3,0.291
Gilbert,2025-10-14,81.5,65.8,0.008
Gilbert,2025-10-15,75.7,62.6,0.0
Gilbert,2025-10-16,75.7,57.7,0.0
Gilbert,2025-10-17,79.1,55.9,0.0
Gilbert,2025-10-18,82.2,56.8,0.0
Gilbert,2025-10-19,87.3,58.6,0.0
Gilbert,2025-10-20,86.1,59.1,0.0
Gilbert,2025-10-21,89.0,60.0,0.0
Gilbert,2025-10-22,90.6,67.4,0.043
Gilbert,2025-10-23,81.6,59.9,0.0
Gilbert,2025-10-24,81.4,57.8,0.0
Gilbert,2025-10-25,83.5,59.1,0.0
Gilbert,2025-10-26,86.5,59.5,0.0
Gilbert,2025-10-27,86.5,59.4,0.0
Gilbert,2025-10-28,91.3,62.2,0.0
Gilbert,2025-10-29,91.0,67.2,0.0
Gilbert,2025-10-30,88.5,63.6,0.0
Gilbert,2025-10-31,86.4,59.4,0.0
Gilbert,2025-11-01,86.2,57.3,0.0
Gilbert,2025-11-02,88.7,58.1,0.0
Gilbert,2025-11-03,88.1,59.3,0.0
Gilbert,2025-11-04,87.9,58.5,0.0
Gilbert,2025-11-05,87.0,58.9,0.0
Gilbert,2025-11-06,84.2,58.7,0.0
Gilbert,2025-11-07,83.5,56.7,0.0
Gilbert,2025-11-08,84.1,57.0,0.0
Gilbert,2025-11-09,89.4,62.1,0.0
Gilbert,2025-11-10,88.7,66.4,0.0
Gilbert,2025-11-11,85.1,58.8,0.0
Gilbert,2025-11-12,85.6,57.7,0.0
Gilbert,2025-11-13,85.8,59.3,0.0
Gilbert,2025-11-14,86.3,57.7,0.0
Gilbert,2025-11-15,82.7,57.8,0.028
Gilbert,2025-11-16,71.3,62.2,0.287
Gilbert,2025-11-17,72.2,53.9,0.22
Gilbert,2025-11-18,71.1,57.7,0.72
Gilbert,2025-11-19,66.4,53.2,0.941
Gilbert,2025-11-20,60.9,52.1,0.449
Gilbert,2025-11-21,65.2,50.5,0.0
Gilbert,2025-11-22,68.6,54.2,0.52
Gilbert,2025-11-23,62.7,53.0,0.417
Gilbert,2025-11-24,63.7,49.0,0.0
Gilbert,2025-11-25,66.4,48.9,0.0
Gilbert,2025-11-26,72.9,50.1,0.0
Gilbert,2025-11-27,73.3,53.2,0.0
Gilbert,2025-11-28,72.0,49.6,0.0
Gilbert,2025-11-29,69.7,48.6,0.0
Gilbert,2025-11-30,69.5,47.4,0.0
Gilbert,2025-12-01,69.4,48.8,0.0
Gilbert,2025-12-02,67.9,44.8,0.0
Gilbert,2025-12-03,64.7,44.1,0.0
Gilbert,2025-12-04,64.3,45.7,0.0
Gilbert,2025-12-05,64.8,42.0,0.0
Gilbert,2025-12-06,65.7,42.1,0.0
Gilbert,2025-12-07,71.2,43.9,0.0
Gilbert,2025-12-08,71.2,45.0,0.0
Gilbert,2025-12-09,73.6,50.4,0.0
Gilbert,2025-12-10,72.9,46.1,0.0
Gilbert,2025-12-11,76.8,49.2,0.0
Gilbert,2025-12-12,75.9,51.1,0.0
Gilbert,2025-12-13,74.9,50.8,0.0
Gilbert,2025-12-14,80.4,52.4,0.0
Gilbert,2025-12-15,79.7,54.4,0.0
Gilbert,2025-12-16,73.1,49.6,0.0
Gilbert,2025-12-17,72.2,48.4,0.0
Gilbert,2025-12-18,71.4,48.8,0.0
Gilbert,2025-12-19,75.4,49.9,0.0
Gilbert,2025-12-20,76.3,50.8,0.0
Gilbert,2025-12-21,77.4,51.2,0.0
Gilbert,2025-12-22,78.2,51.2,0.0
Gilbert,2025-12-23,79.0,53.2,0.031
Gilbert,2025-12-24,68.3,61.8,0.142
Gilbert,2025-12-25,70.3,60.9,1.181
Gilbert,2025-12-26,71.1,55.7,0.0
Gilbert,2025-12-27,69.0,56.8,0.0
Gilbert,2025-12-28,66.9,46.3,0.0
Gilbert,2025-12-29,74.9,52.8,0.0
Gilbert,2025-12-30,73.5,54.9,0.0
Gilbert,2025-12-31,70.2,55.9,0.0
Chandler,2016-01-01,65.8,31.6,0.0
Chandler,2016-01-02,69.1,43.3,0.0
Chandler,2016-01-03,71.6,44.2,0.0
Chandler,2016-01-04,60.1,51.4,0.205
Chandler,2016-01-05,57.2,49.6,0.524
Chandler,2016-01-06,58.9,45.6,0.492
Chandler,2016-01-07,52.9,42.7,0.957
Chandler,2016-01-08,53.2,37.0,0.098
Chandler,2016-01-09,55.2,40.0,0.0
Chandler,2016-01-10,54.8,36.7,0.0
Chandler,2016-01-11,56.5,33.2,0.0
Chandler,2016-01-12,61.7,31.6,0.0
Chandler,2016-01-13,60.6,31.8,0.0
Chandler,2016-01-14,59.8,33.4,0.0
Chandler,2016-01-15,58.5,37.1,0.012
Chandler,2016-01-16,58.5,33.4,0.0
Chandler,2016-01-17,63.0,35.4,0.0
Chandler,2016-01-18,65.8,37.8,0.0
Chandler,2016-01-19,64.7,36.6,0.0
Chandler,2016-01-20,65.6,39.8,0.0
Chandler,2016-01-21,67.3,37.4,0.0
Chandler,2016-01-22,71.8,38.4,0.0
Chandler,2016-01-23,71.6,41.6,0.0
Chandler,2016-01-24,63.8,41.5,0.0
Chandler,2016-01-25,63.2,38.3,0.0
Chandler,2016-01-26,65.1,37.8,0.0
Chandler,2016-01-27,67.5,36.0,0.0
Chandler,2016-01-28,68.8,39.0,0.0
Chandler,2016-01-29,69.1,36.3,0.0
Chandler,2016-01-30,73.0,40.1,0.0
Chandler,2016-01-31,75.5,47.4,0.106
Chandler,2016-02-01,52.9,42.4,0.15
Chandler,2016-02-02,52.1,34.5,0.0
Chandler,2016-02-03,53.9,27.8,0.0
Chandler,2016-02-04,60.5,28.9,0.0
Chandler,2016-02-05,65.3,33.3,0.0
Chandler,2016-02-06,73.0,36.3,0.0
Chandler,2016-02-07,77.5,37.5,0.0
Chandler,2016-02-08,81.8,42.3,0.0
Chandler,2016-02-09,82.8,45.7,0.0
Chandler,2016-02-10,83.0,44.6,0.0
Chandler,2016-02-11,82.3,44.8,0.0
Chandler,2016-02-12,84.4,44.7,0.0
Chandler,2016-02-13,83.0,45.3,0.0
Chandler,2016-02-14,79.7,45.5,0.0
Chandler,2016-02-15,81.1,45.9,0.0
Chandler,2016-02-16,84.7,46.9,0.0
Chandler,2016-02-17,87.4,48.0,0.0
Chandler,2016-02-18,81.0,53.8,0.0
Chandler,2016-02-19,81.8,53.2,0.0
Chandler,2016-02-20,82.5,46.1,0.0
Chandler,2016-02-21,82.3,47.3,0.0
Chandler,2016-02-22,81.1,47.3,0.0
Chandler,2016-02-23,71.3,50.6,0.0
Chandler,2016-02-24,75.3,48.4,0.0
Chandler,2016-02-25,81.6,44.4,0.0
Chandler,2016-02-26,85.8,49.1,0.0
Chandler,2016-02-27,84.3,49.0,0.0
Chandler,2016-02-28,83.9,47.9,0.0
Chandler,2016-02-29,85.1,51.2,0.0
Chandler,2016-03-01,86.0,50.7,0.0
Chandler,2016-03-02,86.9,50.8,0.0
Chandler,2016-03-03,86.8,51.4,0.0
Chandler,2016-03-04,87.8,51.0,0.0
Chandler,2016-03-05,82.6,55.0,0.0
Chandler,2016-03-06,81.1,56.8,0.0
Chandler,2016-03-07,70.7,48.7,0.0
Chandler,2016-03-08,70.8,47.8,0.0
Chandler,2016-03-09,78.0,44.2,0.0
Chandler,2016-03-10,84.2,48.4,0.0
Chandler,2016-03-11,86.9,49.9,0.0
Chandler,2016-03-12,70.3,52.7,0.0
Chandler,2016-03-13,76.1,46.1,0.0
Chandler,2016-03-14,78.9,49.4,0.0
Chandler,2016-03-15,84.1,48.2,0.0
Chandler,2016-03-16,85.9,47.6,0.0
Chandler,2016-03-17,87.0,49.7,0.0
Chandler,2016-03-18,87.2,51.4,0.0
Chandler,2016-03-19,88.3,54.6,0.0
Chandler,2016-03-20,89.7,54.6,0.0
Chandler,2016-03-21,90.8,55.9,0.0
Chandler,2016-03-22,79.6,58.8,0.0
Chandler,2016-03-23,74.4,53.4,0.0
Chandler,2016-03-24,79.0,44.2,0.0
Chandler,2016-03-25,83.6,49.1,0.0
Chandler,2016-03-26,84.7,53.5,0.0
Chandler,2016-03-27,85.5,50.3,0.0
Chandler,2016-03-28,82.9,56.3,0.0
Chandler,2016-03-29,67.5,55.3,0.0
Chandler,2016-03-30,66.7,46.5,0.0
Chandler,2016-03-31,71.1,45.9,0.0
Chandler,2016-04-01,76.9,48.2,0.0
Chandler,2016-04-02,82.4,48.6,0.0
Chandler,2016-04-03,87.6,53.8,0.0
Chandler,2016-04-04,90.6,54.3,0.0
Chandler,2016-04-05,90.6,57.2,0.0
Chandler,2016-04-06,96.1,57.4,0.0
Chandler,2016-04-07,92.8,66.5,0.0
Chandler,2016-04-08,79.8,59.4,0.264
Chandler,2016-04-09,81.1,56.2,0.0
Chandler,2016-04-10,69.4,55.3,0.374
Chandler,2016-04-11,73.1,50.1,0.0
Chandler,2016-04-12,78.2,53.1,0.0
Chandler,2016-04-13,83.4,54.6,0.0
Chandler,2016-04-14,87.7,54.3,0.0
Chandler,2016-04-15,80.9,58.7,0.0
Chandler,2016-04-16,78.0,53.2,0.0
Chandler,2016-04-17,80.6,59.2,0.0
Chandler,2016-04-18,84.2,54.5,0.0
Chandler,2016-04-19,89.5,53.5,0.0
Chandler,2016-04-20,93.3,56.3,0.0
Chandler,2016-04-21,96.0,56.2,0.0
Chandler,2016-04-22,96.4,61.5,0.0
Chandler,2016-04-23,87.4,61.7,0.0
Chandler,2016-04-24,87.6,56.9,0.0
Chandler,2016-04-25,79.2,64.5,0.0
Chandler,2016-04-26,76.3,51.9,0.0
Chandler,2016-04-27,82.7,52.3,0.0
Chandler,2016-04-28,74.9,58.7,0.0
Chandler,2016-04-29,79.9,58.8,0.0
Chandler,2016-04-30,83.1,58.3,0.0
Chandler,2016-05-01,77.1,53.8,0.0
Chandler,2016-05-02,86.5,53.5,0.0
Chandler,2016-05-03,92.3,60.1,0.0
Chandler,2016-05-04,101.0,62.2,0.0
Chandler,2016-05-05,96.1,64.0,0.0
Chandler,2016-05-06,78.4,62.5,0.004
Chandler,2016-05-07,77.2,52.7,0.134
Chandler,2016-05-08,79.2,58.7,0.0
Chandler,2016-05-09,84.6,55.4,0.0
Chandler,2016-05-10,90.5,60.3,0.0
Chandler,2016-05-11,94.0,66.7,0.0
Chandler,2016-05-12,100.6,63.3,0.0
Chandler,2016-05-13,102.6,65.3,0.0
Chandler,2016-05-14,101.2,71.0,0.0
Chandler,2016-05-15,94.1,66.0,0.0
Chandler,2016-05-16,91.3,66.9,0.0
Chandler,2016-05-17,89.8,64.6,0.0
Chandler,2016-05-18,86.1,65.3,0.067
Chandler,2016-05-19,91.9,62.2,0.0
Chandler,2016-05-20,96.7,69.0,0.0
Chandler,2016-05-21,92.1,68.1,0.0
Chandler,2016-05-22,87.8,63.9,0.0
Chandler,2016-05-23,89.2,61.3,0.0
Chandler,2016-05-24,89.6,62.1,0.0
Chandler,2016-05-25,90.5,59.6,0.0
Chandler,2016-05-26,84.6,61.0,0.0
Chandler,2016-05-27,91.0,60.4,0.0
Chandler,2016-05-28,96.2,62.3,0.0
Chandler,2016-05-29,97.0,65.8,0.0
Chandler,2016-05-30,93.7,65.9,0.0
Chandler,2016-05-31,97.3,61.7,0.0
Chandler,2016-06-01,100.7,72.0,0.0
Chandler,2016-06-02,106.5,71.2,0.0
Chandler,2016-06-03,111.4,79.3,0.0
Chandler,2016-06-04,113.7,78.3,0.0
Chandler,2016-06-05,113.9,77.9,0.0
Chandler,2016-06-06,110.8,77.7,0.0
Chandler,2016-06-07,105.3,77.8,0.0
Chandler,2016-06-08,105.7,75.9,0.0
Chandler,2016-06-09,104.2,76.7,0.0
Chandler,2016-06-10,100.0,77.2,0.098
Chandler,2016-06-11,100.0,76.4,0.0
Chandler,2016-06-12,103.0,72.7,0.0
Chandler,2016-06-13,99.1,73.9,0.0
Chandler,2016-06-14,99.6,69.5,0.0
Chandler,2016-06-15,101.3,68.1,0.0
Chandler,2016-06-16,101.1,70.3,0.0
Chandler,2016-06-17,104.0,70.8,0.0
Chandler,2016-06-18,109.7,70.8,0.0
Chandler,2016-06-19,117.5,75.7,0.0
Chandler,2016-06-20,113.6,84.3,0.0
Chandler,2016-06-21,110.4,85.5,0.0
Chandler,2016-06-22,111.2,81.6,0.0
Chandler,2016-06-23,110.2,82.5,0.0
Chandler,2016-06-24,109.3,82.2,0.0
Chandler,2016-06-25,107.2,80.2,0.0
Chandler,2016-06-26,103.4,84.2,0.0
Chandler,2016-06-27,107.3,86.3,0.0
Chandler,2016-06-28,108.4,82.9,0.012
Chandler,2016-06-29,104.2,84.5,0.024
Chandler,2016-06-30,93.1,80.3,0.079
Chandler,2016-07-01,94.5,78.4,0.028
Chandler,2016-07-02,100.7,77.8,0.004
Chandler,2016-07-03,104.5,78.0,0.0
Chandler,2016-07-04,107.2,82.7,0.0
Chandler,2016-07-05,108.9,80.6,0.0
Chandler,2016-07-06,105.8,80.8,0.0
Chandler,2016-07-07,105.9,78.8,0.0
Chandler,2016-07-08,107.4,76.9,0.0
Chandler,2016-07-09,109.6,78.8,0.0
Chandler,2016-07-10,109.3,81.7,0.0
Chandler,2016-07-11,107.8,79.5,0.0
Chandler,2016-07-12,109.0,78.3,0.0
Chandler,2016-07-13,107.9,78.5,0.0
Chandler,2016-07-14,110.1,84.8,0.0
Chandler,2016-07-15,110.9,82.9,0.0
Chandler,2016-07-16,107.5,84.4,0.0
Chandler,2016-07-17,100.4,86.8,0.031
Chandler,2016-07-18,104.5,84.4,0.0
Chandler,2016-07-19,106.3,83.6,0.016
Chandler,2016-07-20,106.8,82.8,0.0
Chandler,2016-07-21,110.4,83.3,0.0
Chandler,2016-07-22,111.5,87.6,0.0
Chandler,2016-07-23,109.6,87.4,0.0
Chandler,2016-07-24,106.1,84.0,0.035
Chandler,2016-07-25,106.6,86.5,0.0
Chandler,2016-07-26,108.6,85.6,0.028
Chandler,2016-07-27,111.0,85.5,0.0
Chandler,2016-07-28,110.0,87.1,0.0
Chandler,2016-07-29,110.8,85.3,0.012
Chandler,2016-07-30,103.3,84.4,0.083
Chandler,2016-07-31,98.3,81.3,0.142
Chandler,2016-08-01,93.5,80.9,0.154
Chandler,2016-08-02,91.5,78.0,0.213
Chandler,2016-08-03,92.8,78.5,0.02
Chandler,2016-08-04,95.1,78.1,0.134
Chandler,2016-08-05,93.9,78.4,0.138
Chandler,2016-08-06,101.7,78.3,0.0
Chandler,2016-08-07,105.4,82.7,0.0
Chandler,2016-08-08,107.2,79.5,0.0
Chandler,2016-08-09,95.3,82.7,0.138
Chandler,2016-08-10,93.2,75.8,0.406
Chandler,2016-08-11,90.0,71.7,0.776
Chandler,2016-08-12,96.0,77.7,0.0
Chandler,2016-08-13,98.8,75.2,0.0
Chandler,2016-08-14,99.4,78.0,0.0
Chandler,2016-08-15,104.1,79.6,0.0
Chandler,2016-08-16,107.0,78.4,0.0
Chandler,2016-08-17,106.6,78.9,0.0
Chandler,2016-08-18,100.4,81.7,0.0
Chandler,2016-08-19,101.8,77.8,0.0
Chandler,2016-08-20,99.6,79.5,0.004
Chandler,2016-08-21,99.3,77.1,0.0
Chandler,2016-08-22,98.2,76.7,0.0
Chandler,2016-08-23,98.4,78.6,0.0
Chandler,2016-08-24,101.7,76.9,0.0
Chandler,2016-08-25,98.9,73.9,0.0
Chandler,2016-08-26,96.5,78.7,0.0
Chandler,2016-08-27,97.1,76.6,0.008
Chandler,2016-08-28,99.1,70.5,0.0
Chandler,2016-08-29,103.5,70.7,0.0
Chandler,2016-08-30,105.7,77.7,0.0
Chandler,2016-08-31,103.1,84.4,0.0
Chandler,2016-09-01,102.1,83.5,0.067
Chandler,2016-09-02,100.5,81.8,0.0
Chandler,2016-09-03,104.3,76.6,0.0
Chandler,2016-09-04,100.9,73.0,0.0
Chandler,2016-09-05,102.2,69.7,0.0
Chandler,2016-09-06,99.2,74.6,0.0
Chandler,2016-09-07,85.2,74.2,0.343
Chandler,2016-09-08,91.5,73.4,0.0
Chandler,2016-09-09,100.0,73.5,0.0
Chandler,2016-09-10,101.9,74.6,0.0
Chandler,2016-09-11,103.3,76.1,0.0
Chandler,2016-09-12,97.7,77.2,0.004
Chandler,2016-09-13,95.3,77.4,0.134
Chandler,2016-09-14,96.1,73.1,0.0
Chandler,2016-09-15,95.9,67.2,0.0
Chandler,2016-09-16,95.8,64.1,0.0
Chandler,2016-09-17,98.7,63.5,0.0
Chandler,2016-09-18,102.7,64.6,0.0
Chandler,2016-09-19,99.1,65.9,0.0
Chandler,2016-09-20,89.0,77.4,0.0
Chandler,2016-09-21,97.4,74.3,0.0
Chandler,2016-09-22,86.8,75.1,0.087
Chandler,2016-09-23,87.4,68.7,0.0
Chandler,2016-09-24,88.6,56.8,0.0
Chandler,2016-09-25,95.2,65.8,0.0
Chandler,2016-09-26,87.2,74.6,0.012
Chandler,2016-09-27,90.8,71.3,0.0
Chandler,2016-09-28,94.2,70.0,0.004
Chandler,2016-09-29,92.8,75.3,0.012
Chandler,2016-09-30,93.7,70.5,0.0
Chandler,2016-10-01,95.0,70.3,0.0
Chandler,2016-10-02,87.0,70.6,0.37
Chandler,2016-10-03,82.5,66.0,0.0
Chandler,2016-10-04,82.4,55.0,0.0
Chandler,2016-10-05,87.2,57.4,0.0
Chandler,2016-10-06,88.0,59.1,0.0
Chandler,2016-10-07,95.2,57.6,0.0
Chandler,2016-10-08,95.5,75.7,0.012
Chandler,2016-10-09,94.7,69.9,0.0
Chandler,2016-10-10,95.3,66.7,0.0
Chandler,2016-10-11,96.0,64.5,0.0
Chandler,2016-10-12,92.3,62.9,0.0
Chandler,2016-10-13,92.1,60.0,0.0
Chandler,2016-10-14,94.6,59.4,0.0
Chandler,2016-10-15,93.3,61.8,0.0
Chandler,2016-10-16,92.7,61.4,0.0
Chandler,2016-10-17,90.0,62.3,0.0
Chandler,2016-10-18,89.9,61.0,0.0
Chandler,2016-10-19,91.4,59.2,0.0
Chandler,2016-10-20,96.7,58.4,0.0
Chandler,2016-10-21,96.6,73.0,0.0
Chandler,2016-10-22,96.6,68.5,0.0
Chandler,2016-10-23,94.7,65.3,0.0
Chandler,2016-10-24,91.3,66.1,0.0
Chandler,2016-10-25,90.6,67.7,0.0
Chandler,2016-10-26,94.0,63.2,0.0
Chandler,2016-10-27,98.2,67.5,0.0
Chandler,2016-10-28,93.7,72.8,0.0
Chandler,2016-10-29,93.7,64.9,0.0
Chandler,2016-10-30,92.9,67.5,0.0
Chandler,2016-10-31,86.4,65.6,0.0
Chandler,2016-11-01,80.5,61.9,0.0
Chandler,2016-11-02,82.0,55.7,0.0
Chandler,2016-11-03,86.6,64.9,0.15
Chandler,2016-11-04,78.4,59.5,0.016
Chandler,2016-11-05,79.6,57.4,0.0
Chandler,2016-11-06,82.0,56.5,0.0
Chandler,2016-11-07,84.0,55.7,0.0
Chandler,2016-11-08,87.9,58.7,0.0
Chandler,2016-11-09,83.2,62.4,0.0
Chandler,2016-11-10,80.5,62.9,0.0
Chandler,2016-11-11,81.9,57.9,0.0
Chandler,2016-11-12,82.6,57.2,0.0
Chandler,2016-11-13,83.6,55.0,0.0
Chandler,2016-11-14,84.7,52.3,0.0
Chandler,2016-11-15,86.4,52.3,0.0
Chandler,2016-11-16,81.5,58.1,0.0
Chandler,2016-11-17,70.4,54.1,0.0
Chandler,2016-11-18,76.6,42.7,0.0
Chandler,2016-11-19,82.9,57.5,0.0
Chandler,2016-11-20,76.4,61.7,0.024
Chandler,2016-11-21,65.9,52.6,0.717
Chandler,2016-11-22,66.7,47.4,0.0
Chandler,2016-11-23,70.6,45.6,0.0
Chandler,2016-11-24,72.5,44.3,0.0
Chandler,2016-11-25,76.8,45.1,0.0
Chandler,2016-11-26,75.2,57.0,0.0
Chandler,2016-11-27,62.6,48.4,0.209
Chandler,2016-11-28,57.9,43.3,0.0
Chandler,2016-11-29,58.5,40.1,0.0
Chandler,2016-11-30,60.0,33.9,0.0
Chandler,2016-12-01,59.9,36.7,0.0
Chandler,2016-12-02,58.8,38.8,0.0
Chandler,2016-12-03,66.4,37.5,0.0
Chandler,2016-12-04,67.2,38.9,0.0
Chandler,2016-12-05,66.4,38.5,0.0
Chandler,2016-12-06,66.3,41.5,0.0
Chandler,2016-12-07,64.2,45.2,0.0
Chandler,2016-12-08,66.3,39.5,0.0
Chandler,2016-12-09,69.7,42.1,0.0
Chandler,2016-12-10,70.3,41.9,0.0
Chandler,2016-12-11,71.8,44.9,0.0
Chandler,2016-12-12,72.3,45.1,0.0
Chandler,2016-12-13,73.1,48.0,0.0
Chandler,2016-12-14,75.1,45.1,0.0
Chandler,2016-12-15,76.1,44.3,0.0
Chandler,2016-12-16,71.8,56.6,0.063
Chandler,2016-12-17,63.1,40.3,0.083
Chandler,2016-12-18,61.5,33.4,0.0
Chandler,2016-12-19,69.8,39.6,0.0
Chandler,2016-12-20,72.9,43.0,0.0
Chandler,2016-12-21,67.6,52.7,0.118
Chandler,2016-12-22,61.9,54.6,0.5
Chandler,2016-12-23,60.9,49.7,0.02
Chandler,2016-12-24,61.9,41.4,0.319
Chandler,2016-12-25,53.1,37.9,0.075
Chandler,2016-12-26,58.5,33.9,0.0
Chandler,2016-12-27,66.2,36.1,0.0
Chandler,2016-12-28,62.9,40.4,0.0
Chandler,2016-12-29,73.2,44.8,0.0
Chandler,2016-12-30,69.1,50.7,0.114
Chandler,2016-12-31,61.5,49.7,0.083
Chandler,2017-01-01,57.5,48.8,0.22
Chandler,2017-01-02,58.3,43.3,0.0
Chandler,2017-01-03,62.2,40.6,0.0
Chandler,2017-01-04,64.9,41.8,0.0
Chandler,2017-01-05,66.2,41.9,0.008
Chandler,2017-01-06,63.3,45.5,0.0
Chandler,2017-01-07,66.1,39.0,0.0
Chandler,2017-01-08,73.0,46.6,0.004
Chandler,2017-01-09,71.6,48.5,0.008
Chandler,2017-01-10,67.9,45.1,0.0
Chandler,2017-01-11,67.2,44.6,0.008
Chandler,2017-01-12,69.3,41.4,0.0
Chandler,2017-01-13,64.0,49.4,0.012
Chandler,2017-01-14,64.7,50.9,0.197
Chandler,2017-01-15,61.7,48.6,0.205
Chandler,2017-01-16,61.2,47.1,0.063
Chandler,2017-01-17,63.1,41.2,0.0
Chandler,2017-01-18,65.1,41.5,0.0
Chandler,2017-01-19,59.5,43.0,0.051
Chandler,2017-01-20,55.9,45.0,0.717
Chandler,2017-01-21,59.2,41.4,0.11
Chandler,2017-01-22,60.1,37.7,0.0
Chandler,2017-01-23,61.0,45.0,0.28
Chandler,2017-01-24,54.7,37.7,0.02
Chandler,2017-01-25,55.1,33.2,0.0
Chandler,2017-01-26,55.9,32.3,0.0
Chandler,2017-01-27,56.2,33.5,0.0
Chandler,2017-01-28,61.1,34.1,0.0
Chandler,2017-01-29,68.4,37.9,0.0
Chandler,2017-01-30,72.4,45.5,0.0
Chandler,2017-01-31,73.3,38.7,0.0
Chandler,2017-02-01,73.7,38.8,0.0
Chandler,2017-02-02,73.4,40.2,0.0
Chandler,2017-02-03,73.4,41.3,0.0
Chandler,2017-02-04,74.6,40.3,0.0
Chandler,2017-02-05,77.2,42.1,0.0
Chandler,2017-02-06,70.8,47.4,0.0
Chandler,2017-02-07,73.7,47.1,0.0
Chandler,2017-02-08,76.4,48.1,0.0
Chandler,2017-02-09,82.4,51.5,0.0
Chandler,2017-02-10,85.9,49.8,0.0
Chandler,2017-02-11,79.7,55.6,0.0
Chandler,2017-02-12,77.5,59.5,0.004
Chandler,2017-02-13,74.8,56.6,0.008
Chandler,2017-02-14,72.4,51.8,0.0
Chandler,2017-02-15,73.8,54.1,0.0
Chandler,2017-02-16,75.1,44.3,0.0
Chandler,2017-02-17,75.6,50.8,0.0
Chandler,2017-02-18,65.2,47.4,0.5
Chandler,2017-02-19,60.5,47.9,0.421
Chandler,2017-02-20,66.2,46.4,0.004
Chandler,2017-02-21,73.5,44.4,0.0
Chandler,2017-02-22,76.5,49.3,0.004
Chandler,2017-02-23,61.1,43.4,0.0
Chandler,2017-02-24,61.0,36.2,0.0
Chandler,2017-02-25,64.7,35.6,0.0
Chandler,2017-02-26,64.6,47.1,0.0
Chandler,2017-02-27,68.9,46.2,0.272
Chandler,2017-02-28,64.9,47.6,0.335
Chandler,2017-03-01,67.4,42.3,0.0
Chandler,2017-03-02,75.4,44.2,0.0
Chandler,2017-03-03,81.3,52.3,0.0
Chandler,2017-03-04,77.5,47.8,0.0
Chandler,2017-03-05,77.2,52.6,0.016
Chandler,2017-03-06,66.8,46.0,0.0
Chandler,2017-03-07,75.0,42.1,0.0
Chandler,2017-03-08,82.9,44.6,0.0
Chandler,2017-03-09,84.7,46.9,0.0
Chandler,2017-03-10,88.2,47.5,0.0
Chandler,2017-03-11,87.1,52.7,0.0
Chandler,2017-03-12,88.6,51.6,0.0
Chandler,2017-03-13,90.5,53.9,0.0
Chandler,2017-03-14,91.9,52.6,0.0
Chandler,2017-03-15,91.9,53.8,0.0
Chandler,2017-03-16,91.4,55.0,0.0
Chandler,2017-03-17,92.0,55.0,0.0
Chandler,2017-03-18,94.3,58.6,0.0
Chandler,2017-03-19,95.2,57.7,0.0
Chandler,2017-03-20,95.2,57.3,0.0
Chandler,2017-03-21,92.4,61.3,0.0
Chandler,2017-03-22,82.8,61.2,0.008
Chandler,2017-03-23,71.1,53.5,0.094
Chandler,2017-03-24,77.7,48.9,0.0
Chandler,2017-03-25,81.1,49.4,0.0
Chandler,2017-03-26,80.4,50.5,0.0
Chandler,2017-03-27,81.2,51.5,0.0
Chandler,2017-03-28,78.6,55.1,0.0
Chandler,2017-03-29,84.3,51.0,0.0
Chandler,2017-03-30,88.7,52.9,0.0
Chandler,2017-03-31,67.5,52.1,0.0
Chandler,2017-04-01,73.0,48.2,0.0
Chandler,2017-04-02,81.0,47.5,0.0
Chandler,2017-04-03,85.6,55.7,0.0
Chandler,2017-04-04,78.0,50.7,0.0
Chandler,2017-04-05,84.7,50.3,0.0
Chandler,2017-04-06,90.0,52.5,0.0
Chandler,2017-04-07,90.4,55.5,0.0
Chandler,2017-04-08,87.2,55.1,0.0
Chandler,2017-04-09,80.3,54.4,0.0
Chandler,2017-04-10,83.3,50.6,0.0
Chandler,2017-04-11,88.2,49.5,0.0
Chandler,2017-04-12,90.0,54.4,0.0
Chandler,2017-04-13,92.0,54.6,0.0
Chandler,2017-04-14,87.6,58.0,0.0
Chandler,2017-04-15,87.2,56.2,0.0
Chandler,2017-04-16,90.1,53.2,0.0
Chandler,2017-04-17,91.5,55.5,0.0
Chandler,2017-04-18,92.8,56.8,0.0
Chandler,2017-04-19,90.6,63.4,0.0
Chandler,2017-04-20,91.3,55.4,0.0
Chandler,2017-04-21,93.2,56.8,0.0
Chandler,2017-04-22,95.3,59.9,0.0
Chandler,2017-04-23,97.3,60.4,0.0
Chandler,2017-04-24,92.9,66.8,0.0
Chandler,2017-04-25,85.9,67.0,0.0
Chandler,2017-04-26,88.2,59.5,0.0
Chandler,2017-04-27,91.9,63.3,0.0
Chandler,2017-04-28,87.2,65.1,0.0
Chandler,2017-04-29,80.6,53.4,0.0
Chandler,2017-04-30,86.5,55.3,0.0
Chandler,2017-05-01,91.3,55.3,0.0
Chandler,2017-05-02,95.1,59.9,0.0
Chandler,2017-05-03,98.2,65.1,0.0
Chandler,2017-05-04,101.6,65.1,0.0
Chandler,2017-05-05,105.8,67.2,0.0
Chandler,2017-05-06,95.4,71.8,0.004
Chandler,2017-05-07,73.6,63.8,0.004
Chandler,2017-05-08,80.5,57.5,0.114
Chandler,2017-05-09,74.1,54.7,0.154
Chandler,2017-05-10,77.3,54.6,0.008
Chandler,2017-05-11,90.1,55.7,0.0
Chandler,2017-05-12,96.6,63.7,0.0
Chandler,2017-05-13,97.8,69.0,0.0
Chandler,2017-05-14,94.2,66.7,0.0
Chandler,2017-05-15,86.5,65.4,0.0
Chandler,2017-05-16,77.2,59.9,0.0
Chandler,2017-05-17,84.5,57.1,0.0
Chandler,2017-05-18,85.7,63.5,0.0
Chandler,2017-05-19,85.6,59.8,0.0
Chandler,2017-05-20,92.8,60.4,0.0
Chandler,2017-05-21,99.6,65.0,0.0
Chandler,2017-05-22,102.6,68.5,0.0
Chandler,2017-05-23,103.8,71.6,0.0
Chandler,2017-05-24,105.7,71.5,0.0
Chandler,2017-05-25,100.1,73.0,0.0
Chandler,2017-05-26,94.8,70.0,0.0
Chandler,2017-05-27,96.3,65.7,0.0
Chandler,2017-05-28,100.1,65.7,0.0
Chandler,2017-05-29,103.7,67.0,0.0
Chandler,2017-05-30,99.8,69.0,0.0
Chandler,2017-05-31,99.3,73.8,0.0
Chandler,2017-06-01,97.6,72.7,0.0
Chandler,2017-06-02,100.5,69.0,0.0
Chandler,2017-06-03,106.3,73.0,0.0
Chandler,2017-06-04,106.8,77.3,0.0
Chandler,2017-06-05,107.1,77.6,0.0
Chandler,2017-06-06,106.0,76.8,0.0
Chandler,2017-06-07,107.1,75.5,0.0
Chandler,2017-06-08,104.0,74.1,0.0
Chandler,2017-06-09,106.0,73.7,0.0
Chandler,2017-06-10,101.1,74.0,0.0
Chandler,2017-06-11,99.4,72.5,0.0
Chandler,2017-06-12,93.2,70.2,0.0
Chandler,2017-06-13,96.7,64.9,0.0
Chandler,2017-06-14,102.7,64.0,0.0
Chandler,2017-06-15,106.3,66.7,0.0
Chandler,2017-06-16,107.5,68.6,0.0
Chandler,2017-06-17,108.1,72.0,0.0
Chandler,2017-06-18,112.1,75.5,0.0
Chandler,2017-06-19,116.5,78.5,0.0
Chandler,2017-06-20,117.1,81.3,0.0
Chandler,2017-06-21,115.3,82.9,0.0
Chandler,2017-06-22,110.9,82.4,0.0
Chandler,2017-06-23,110.8,83.0,0.0
Chandler,2017-06-24,115.4,84.3,0.0
Chandler,2017-06-25,112.6,86.2,0.028
Chandler,2017-06-26,109.8,84.9,0.0
Chandler,2017-06-27,108.8,81.2,0.0
Chandler,2017-06-28,108.1,78.4,0.0
Chandler,2017-06-29,106.6,77.7,0.0
Chandler,2017-06-30,107.5,78.4,0.0
Chandler,2017-07-01,110.5,75.1,0.0
Chandler,2017-07-02,108.2,77.6,0.0
Chandler,2017-07-03,105.9,83.6,0.0
Chandler,2017-07-04,109.9,81.1,0.0
Chandler,2017-07-05,111.5,83.8,0.0
Chandler,2017-07-06,110.5,83.8,0.0
Chandler,2017-07-07,113.9,85.4,0.035
Chandler,2017-07-08,107.5,91.9,0.024
Chandler,2017-07-09,105.8,86.5,0.008
Chandler,2017-07-10,106.2,85.0,0.004
Chandler,2017-07-11,100.6,82.5,0.0
Chandler,2017-07-12,105.3,81.7,0.087
Chandler,2017-07-13,105.9,81.9,0.232
Chandler,2017-07-14,107.3,83.8,0.02
Chandler,2017-07-15,106.3,85.4,0.012
Chandler,2017-07-16,101.5,82.9,0.098
Chandler,2017-07-17,98.3,77.4,0.024
Chandler,2017-07-18,97.6,77.1,0.012
Chandler,2017-07-19,90.1,76.4,0.346
Chandler,2017-07-20,97.5,76.3,0.012
Chandler,2017-07-21,97.3,77.1,0.26
Chandler,2017-07-22,99.8,81.1,0.063
Chandler,2017-07-23,96.5,78.0,0.083
Chandler,2017-07-24,89.3,74.8,0.291
Chandler,2017-07-25,95.2,76.8,0.122
Chandler,2017-07-26,100.6,77.0,0.0
Chandler,2017-07-27,104.9,79.0,0.0
Chandler,2017-07-28,98.8,79.9,0.075
Chandler,2017-07-29,94.5,78.3,0.102
Chandler,2017-07-30,94.6,76.1,0.122
Chandler,2017-07-31,101.8,77.8,0.094
Chandler,2017-08-01,101.3,79.3,0.047
Chandler,2017-08-02,97.2,79.3,0.185
Chandler,2017-08-03,97.3,76.2,0.614
Chandler,2017-08-04,100.9,76.3,0.035
Chandler,2017-08-05,100.7,82.5,0.0
Chandler,2017-08-06,103.3,80.0,0.0
Chandler,2017-08-07,105.5,78.1,0.0
Chandler,2017-08-08,107.6,79.1,0.0
Chandler,2017-08-09,110.7,80.7,0.0
Chandler,2017-08-10,106.5,84.3,0.0
Chandler,2017-08-11,104.6,77.3,0.008
Chandler,2017-08-12,100.2,81.0,0.063
Chandler,2017-08-13,99.1,73.9,0.016
Chandler,2017-08-14,101.1,78.9,0.028
Chandler,2017-08-15,101.5,78.6,0.0
Chandler,2017-08-16,102.6,73.8,0.0
Chandler,2017-08-17,103.8,71.3,0.0
Chandler,2017-08-18,105.6,71.7,0.0
Chandler,2017-08-19,104.5,75.4,0.0
Chandler,2017-08-20,98.9,79.6,0.043
Chandler,2017-08-21,102.3,80.2,0.0
Chandler,2017-08-22,106.2,76.6,0.0
Chandler,2017-08-23,104.3,81.6,0.067
Chandler,2017-08-24,102.6,79.1,0.0
Chandler,2017-08-25,104.6,78.4,0.012
Chandler,2017-08-26,108.6,81.0,0.0
Chandler,2017-08-27,108.1,85.6,0.051
Chandler,2017-08-28,109.0,82.2,0.0
Chandler,2017-08-29,108.0,82.0,0.004
Chandler,2017-08-30,107.0,83.3,0.0
Chandler,2017-08-31,108.0,80.7,0.0
Chandler,2017-09-01,107.4,79.8,0.0
Chandler,2017-09-02,103.7,80.9,0.0
Chandler,2017-09-03,103.1,80.2,0.0
Chandler,2017-09-04,105.1,78.6,0.0
Chandler,2017-09-05,105.7,80.1,0.008
Chandler,2017-09-06,108.4,78.7,0.0
Chandler,2017-09-07,104.1,80.0,0.008
Chandler,2017-09-08,99.1,78.6,0.075
Chandler,2017-09-09,92.0,74.6,0.091
Chandler,2017-09-10,102.5,76.3,0.024
Chandler,2017-09-11,104.2,80.1,0.0
Chandler,2017-09-12,106.9,79.7,0.0
Chandler,2017-09-13,103.2,80.5,0.004
Chandler,2017-09-14,97.0,80.8,0.157
Chandler,2017-09-15,95.8,74.1,0.0
Chandler,2017-09-16,96.2,69.2,0.0
Chandler,2017-09-17,97.7,73.3,0.0
Chandler,2017-09-18,99.1,65.9,0.0
Chandler,2017-09-19,100.0,65.8,0.0
Chandler,2017-09-20,99.9,67.7,0.0
Chandler,2017-09-21,97.7,66.6,0.0
Chandler,2017-09-22,87.8,70.1,0.0
Chandler,2017-09-23,85.0,63.6,0.0
Chandler,2017-09-24,85.5,59.7,0.0
Chandler,2017-09-25,87.8,56.4,0.0
Chandler,2017-09-26,88.3,57.9,0.0
Chandler,2017-09-27,90.2,60.4,0.0
Chandler,2017-09-28,93.2,62.0,0.0
Chandler,2017-09-29,96.6,66.7,0.0
Chandler,2017-09-30,96.6,65.4,0.0
Chandler,2017-10-01,97.4,63.0,0.0
Chandler,2017-10-02,92.2,66.9,0.0
Chandler,2017-10-03,96.1,64.4,0.0
Chandler,2017-10-04,97.3,68.0,0.0
Chandler,2017-10-05,98.2,70.3,0.0
Chandler,2017-10-06,95.6,64.0,0.0
Chandler,2017-10-07,95.1,58.9,0.0
Chandler,2017-10-08,93.0,59.1,0.0
Chandler,2017-10-09,89.0,64.1,0.0
Chandler,2017-10-10,92.4,59.9,0.0
Chandler,2017-10-11,96.0,65.0,0.0
Chandler,2017-10-12,93.3,62.6,0.0
Chandler,2017-10-13,94.1,60.1,0.0
Chandler,2017-10-14,92.9,58.9,0.0
Chandler,2017-10-15,96.1,65.2,0.0
Chandler,2017-10-16,97.7,64.7,0.0
Chandler,2017-10-17,98.2,65.8,0.0
Chandler,2017-10-18,97.0,63.1,0.0
Chandler,2017-10-19,95.5,67.8,0.02
Chandler,2017-10-20,88.2,64.9,0.0
Chandler,2017-10-21,84.9,59.9,0.0
Chandler,2017-10-22,91.1,59.0,0.0
Chandler,2017-10-23,95.6,60.2,0.0
Chandler,2017-10-24,94.6,66.5,0.0
Chandler,2017-10-25,94.8,66.9,0.0
Chandler,2017-10-26,92.2,58.1,0.0
Chandler,2017-10-27,90.4,57.4,0.0
Chandler,2017-10-28,90.3,57.8,0.0
Chandler,2017-10-29,90.7,57.0,0.0
Chandler,2017-10-30,85.5,59.5,0.0
Chandler,2017-10-31,81.1,58.6,0.0
Chandler,2017-11-01,82.4,59.4,0.0
Chandler,2017-11-02,80.2,58.3,0.0
Chandler,2017-11-03,81.6,57.1,0.0
Chandler,2017-11-04,83.2,62.1,0.0
Chandler,2017-11-05,79.9,60.8,0.0
Chandler,2017-11-06,81.2,54.7,0.0
Chandler,2017-11-07,82.0,60.2,0.0
Chandler,2017-11-08,81.5,58.7,0.0
Chandler,2017-11-09,83.6,56.9,0.004
Chandler,2017-11-10,84.1,55.6,0.0
Chandler,2017-11-11,84.1,54.4,0.0
Chandler,2017-11-12,84.5,53.2,0.0
Chandler,2017-11-13,85.6,56.1,0.0
Chandler,2017-11-14,84.5,55.4,0.0
Chandler,2017-11-15,82.8,50.7,0.0
Chandler,2017-11-16,83.8,51.4,0.0
Chandler,2017-11-17,73.4,54.6,0.028
Chandler,2017-11-18,78.5,53.2,0.0
Chandler,2017-11-19,80.4,53.5,0.0
Chandler,2017-11-20,78.6,48.1,0.0
Chandler,2017-11-21,79.3,46.9,0.0
Chandler,2017-11-22,87.4,53.0,0.0
Chandler,2017-11-23,85.0,56.4,0.0
Chandler,2017-11-24,84.4,51.2,0.0
Chandler,2017-11-25,84.2,51.4,0.0
Chandler,2017-11-26,86.2,50.4,0.0
Chandler,2017-11-27,84.1,49.4,0.0
Chandler,2017-11-28,74.9,45.9,0.0
Chandler,2017-11-29,77.5,49.4,0.0
Chandler,2017-11-30,76.3,56.4,0.0
Chandler,2017-12-01,79.5,55.9,0.0
Chandler,2017-12-02,79.3,54.7,0.016
Chandler,2017-12-03,80.0,51.4,0.0
Chandler,2017-12-04,72.7,47.8,0.0
Chandler,2017-12-05,66.9,46.9,0.028
Chandler,2017-12-06,74.2,48.5,0.0
Chandler,2017-12-07,63.8,43.8,0.0
Chandler,2017-12-08,65.9,37.0,0.0
Chandler,2017-12-09,75.6,37.0,0.0
Chandler,2017-12-10,78.8,54.8,0.0
Chandler,2017-12-11,76.5,49.6,0.0
Chandler,2017-12-12,76.7,43.3,0.0
Chandler,2017-12-13,75.3,46.9,0.0
Chandler,2017-12-14,72.8,39.1,0.0
Chandler,2017-12-15,71.4,47.3,0.0
Chandler,2017-12-16,67.2,41.9,0.0
Chandler,2017-12-17,65.2,45.9,0.028
Chandler,2017-12-18,65.2,43.3,0.0
Chandler,2017-12-19,65.2,39.3,0.0
Chandler,2017-12-20,68.1,38.4,0.0
Chandler,2017-12-21,55.0,40.8,0.0
Chandler,2017-12-22,56.3,29.6,0.0
Chandler,2017-12-23,64.0,34.4,0.0
Chandler,2017-12-24,68.2,35.7,0.0
Chandler,2017-12-25,68.4,37.4,0.0
Chandler,2017-12-26,68.3,36.4,0.0
Chandler,2017-12-27,73.0,42.4,0.0
Chandler,2017-12-28,73.6,37.3,0.0
Chandler,2017-12-29,75.6,37.9,0.0
Chandler,2017-12-30,74.2,40.6,0.0
Chandler,2017-12-31,69.4,40.3,0.0
Chandler,2018-01-01,72.7,38.2,0.0
Chandler,2018-01-02,71.8,42.7,0.0
Chandler,2018-01-03,76.8,43.7,0.0
Chandler,2018-01-04,76.5,53.1,0.0
Chandler,2018-01-05,74.8,43.0,0.0
Chandler,2018-01-06,74.7,43.7,0.0
Chandler,2018-01-07,76.1,50.7,0.0
Chandler,2018-01-08,75.8,47.1,0.0
Chandler,2018-01-09,74.6,52.7,0.228
Chandler,2018-01-10,61.7,49.0,0.126
Chandler,2018-01-11,66.9,44.2,0.0
Chandler,2018-01-12,69.9,41.5,0.0
Chandler,2018-01-13,75.9,44.7,0.0
Chandler,2018-01-14,76.6,46.7,0.0
Chandler,2018-01-15,73.0,43.0,0.0
Chandler,2018-01-16,70.5,46.9,0.0
Chandler,2018-01-17,71.2,43.6,0.0
Chandler,2018-01-18,74.1,43.3,0.0
Chandler,2018-01-19,76.1,43.2,0.0
Chandler,2018-01-20,58.7,46.7,0.004
Chandler,2018-01-21,57.8,39.8,0.0
Chandler,2018-01-22,60.0,34.0,0.0
Chandler,2018-01-23,69.1,40.8,0.0
Chandler,2018-01-24,74.8,41.5,0.0
Chandler,2018-01-25,75.0,43.7,0.0
Chandler,2018-01-26,67.5,39.7,0.0
Chandler,2018-01-27,73.3,43.3,0.0
Chandler,2018-01-28,79.0,48.1,0.0
Chandler,2018-01-29,82.0,54.8,0.0
Chandler,2018-01-30,81.6,47.8,0.0
Chandler,2018-01-31,78.4,43.1,0.0
Chandler,2018-02-01,79.1,42.2,0.0
Chandler,2018-02-02,79.0,43.4,0.0
Chandler,2018-02-03,76.9,42.9,0.0
Chandler,2018-02-04,79.0,44.2,0.0
Chandler,2018-02-05,78.7,43.2,0.0
Chandler,2018-02-06,78.4,44.1,0.0
Chandler,2018-02-07,78.4,46.8,0.0
Chandler,2018-02-08,82.3,49.0,0.0
Chandler,2018-02-09,80.6,43.5,0.0
Chandler,2018-02-10,78.8,47.1,0.0
Chandler,2018-02-11,76.8,50.7,0.0
Chandler,2018-02-12,70.4,50.9,0.0
Chandler,2018-02-13,70.8,52.1,0.035
Chandler,2018-02-14,62.7,50.2,0.465
Chandler,2018-02-15,62.5,51.7,0.429
Chandler,2018-02-16,66.1,49.5,0.012
Chandler,2018-02-17,71.4,46.0,0.0
Chandler,2018-02-18,70.5,47.7,0.043
Chandler,2018-02-19,63.2,47.6,0.063
Chandler,2018-02-20,57.1,40.2,0.0
Chandler,2018-02-21,59.5,35.9,0.0
Chandler,2018-02-22,60.6,36.7,0.0
Chandler,2018-02-23,59.2,37.0,0.0
Chandler,2018-02-24,58.8,33.6,0.0
Chandler,2018-02-25,63.2,34.3,0.0
Chandler,2018-02-26,68.0,32.5,0.0
Chandler,2018-02-27,69.2,38.0,0.043
Chandler,2018-02-28,60.4,41.5,0.071
Chandler,2018-03-01,67.7,37.5,0.0
Chandler,2018-03-02,73.7,38.2,0.0
Chandler,2018-03-03,74.7,40.6,0.0
Chandler,2018-03-04,66.7,46.4,0.0
Chandler,2018-03-05,71.0,41.0,0.0
Chandler,2018-03-06,77.7,45.9,0.0
Chandler,2018-03-07,80.2,45.1,0.0
Chandler,2018-03-08,81.8,49.4,0.0
Chandler,2018-03-09,82.4,48.5,0.0
Chandler,2018-03-10,75.7,55.0,0.051
Chandler,2018-03-11,74.5,57.2,0.083
Chandler,2018-03-12,82.8,52.5,0.0
Chandler,2018-03-13,83.6,52.9,0.0
Chandler,2018-03-14,83.3,53.3,0.004
Chandler,2018-03-15,70.3,52.4,0.012
Chandler,2018-03-16,75.0,47.2,0.0
Chandler,2018-03-17,72.1,49.0,0.0
Chandler,2018-03-18,67.3,52.3,0.004
Chandler,2018-03-19,72.6,44.0,0.0
Chandler,2018-03-20,79.2,43.0,0.0
Chandler,2018-03-21,82.9,48.8,0.0
Chandler,2018-03-22,91.8,54.4,0.0
Chandler,2018-03-23,82.2,64.0,0.0
Chandler,2018-03-24,82.0,52.9,0.0
Chandler,2018-03-25,76.1,50.8,0.0
Chandler,2018-03-26,73.0,49.4,0.008
Chandler,2018-03-27,73.9,47.5,0.004
Chandler,2018-03-28,78.5,47.8,0.0
Chandler,2018-03-29,85.4,49.0,0.0
Chandler,2018-03-30,88.1,51.5,0.0
Chandler,2018-03-31,91.5,54.8,0.0
Chandler,2018-04-01,91.8,61.9,0.0
Chandler,2018-04-02,89.5,60.7,0.0
Chandler,2018-04-03,86.3,55.9,0.0
Chandler,2018-04-04,89.9,54.4,0.0
Chandler,2018-04-05,90.4,57.2,0.0
Chandler,2018-04-06,90.4,61.7,0.0
Chandler,2018-04-07,93.5,63.2,0.0
Chandler,2018-04-08,92.0,70.0,0.0
Chandler,2018-04-09,93.8,59.1,0.0
Chandler,2018-04-10,98.0,58.5,0.0
Chandler,2018-04-11,96.0,59.5,0.0
Chandler,2018-04-12,83.9,64.9,0.0
Chandler,2018-04-13,76.0,59.0,0.0
Chandler,2018-04-14,81.3,54.8,0.0
Chandler,2018-04-15,90.1,49.5,0.0
Chandler,2018-04-16,85.5,56.0,0.0
Chandler,2018-04-17,75.7,55.4,0.0
Chandler,2018-04-18,82.0,48.6,0.0
Chandler,2018-04-19,82.9,52.5,0.0
Chandler,2018-04-20,76.6,49.5,0.0
Chandler,2018-04-21,88.1,52.3,0.0
Chandler,2018-04-22,91.7,57.9,0.0
Chandler,2018-04-23,94.6,60.4,0.0
Chandler,2018-04-24,96.3,61.3,0.0
Chandler,2018-04-25,97.1,63.7,0.0
Chandler,2018-04-26,97.9,61.4,0.0
Chandler,2018-04-27,97.8,65.2,0.0
Chandler,2018-04-28,96.5,67.6,0.0
Chandler,2018-04-29,91.4,64.4,0.0
Chandler,2018-04-30,85.3,63.1,0.0
Chandler,2018-05-01,79.3,59.4,0.039
Chandler,2018-05-02,75.2,56.1,0.016
Chandler,2018-05-03,81.8,52.3,0.0
Chandler,2018-05-04,92.6,57.1,0.0
Chandler,2018-05-05,101.7,63.5,0.0
Chandler,2018-05-06,105.5,68.2,0.0
Chandler,2018-05-07,102.6,73.5,0.0
Chandler,2018-05-08,102.8,67.8,0.0
Chandler,2018-05-09,103.0,67.1,0.0
Chandler,2018-05-10,104.1,69.4,0.0
Chandler,2018-05-11,99.1,73.6,0.0
Chandler,2018-05-12,89.7,69.9,0.0
Chandler,2018-05-13,88.0,62.5,0.0
Chandler,2018-05-14,94.3,63.3,0.0
Chandler,2018-05-15,94.6,64.3,0.0
Chandler,2018-05-16,98.2,64.5,0.0
Chandler,2018-05-17,96.4,67.4,0.0
Chandler,2018-05-18,93.2,66.5,0.0
Chandler,2018-05-19,94.6,63.2,0.0
Chandler,2018-05-20,97.1,67.2,0.0
Chandler,2018-05-21,95.8,69.3,0.0
Chandler,2018-05-22,92.7,66.4,0.0
Chandler,2018-05-23,93.4,63.9,0.0
Chandler,2018-05-24,97.9,66.7,0.0
Chandler,2018-05-25,100.1,66.4,0.0
Chandler,2018-05-26,92.4,69.1,0.0
Chandler,2018-05-27,91.3,63.6,0.0
Chandler,2018-05-28,97.5,65.8,0.0
Chandler,2018-05-29,101.2,70.0,0.0
Chandler,2018-05-30,101.8,74.5,0.0
Chandler,2018-05-31,100.7,68.6,0.0
Chandler,2018-06-01,99.2,69.2,0.0
Chandler,2018-06-02,103.1,69.3,0.0
Chandler,2018-06-03,107.2,69.9,0.0
Chandler,2018-06-04,107.5,70.7,0.0
Chandler,2018-06-05,105.5,74.7,0.0
Chandler,2018-06-06,104.3,73.4,0.0
Chandler,2018-06-07,105.3,69.3,0.0
Chandler,2018-06-08,106.7,72.4,0.0
Chandler,2018-06-09,108.4,74.2,0.0
Chandler,2018-06-10,104.8,74.3,0.0
Chandler,2018-06-11,105.6,72.7,0.0
Chandler,2018-06-12,107.9,72.5,0.0
Chandler,2018-06-13,109.1,79.5,0.0
Chandler,2018-06-14,108.9,79.4,0.0
Chandler,2018-06-15,94.3,82.9,0.004
Chandler,2018-06-16,84.4,70.5,0.933
Chandler,2018-06-17,97.4,68.7,0.0
Chandler,2018-06-18,98.0,66.8,0.0
Chandler,2018-06-19,100.3,67.6,0.0
Chandler,2018-06-20,107.4,70.0,0.0
Chandler,2018-06-21,108.5,73.9,0.0
Chandler,2018-06-22,109.9,74.4,0.0
Chandler,2018-06-23,108.2,76.6,0.0
Chandler,2018-06-24,104.6,76.3,0.0
Chandler,2018-06-25,106.6,76.0,0.0
Chandler,2018-06-26,108.6,75.4,0.0
Chandler,2018-06-27,109.1,75.4,0.0
Chandler,2018-06-28,107.7,79.2,0.0
Chandler,2018-06-29,104.1,77.8,0.0
Chandler,2018-06-30,103.4,75.5,0.0
Chandler,2018-07-01,103.7,74.4,0.0
Chandler,2018-07-02,106.4,72.5,0.0
Chandler,2018-07-03,107.8,76.0,0.0
Chandler,2018-07-04,106.3,77.9,0.0
Chandler,2018-07-05,113.5,81.8,0.0
Chandler,2018-07-06,109.4,92.8,0.0
Chandler,2018-07-07,110.6,88.1,0.0
Chandler,2018-07-08,109.0,88.8,0.0
Chandler,2018-07-09,99.5,79.3,0.331
Chandler,2018-07-10,95.4,76.4,0.083
Chandler,2018-07-11,98.3,79.3,0.26
Chandler,2018-07-12,98.4,74.3,0.795
Chandler,2018-07-13,103.1,79.7,0.004
Chandler,2018-07-14,101.5,85.3,0.016
Chandler,2018-07-15,99.5,80.0,0.035
Chandler,2018-07-16,103.6,82.0,0.008
Chandler,2018-07-17,103.3,78.9,0.02
Chandler,2018-07-18,98.6,77.1,0.0
Chandler,2018-07-19,105.9,84.1,0.0
Chandler,2018-07-20,108.2,87.2,0.0
Chandler,2018-07-21,100.9,80.2,0.0
Chandler,2018-07-22,109.2,81.5,0.0
Chandler,2018-07-23,115.1,83.8,0.0
Chandler,2018-07-24,116.2,86.9,0.0
Chandler,2018-07-25,115.5,88.0,0.0
Chandler,2018-07-26,110.0,90.2,0.0
Chandler,2018-07-27,109.8,88.1,0.0
Chandler,2018-07-28,103.8,85.6,0.0
Chandler,2018-07-29,102.0,82.9,0.0
Chandler,2018-07-30,105.1,87.1,0.012
Chandler,2018-07-31,107.1,82.8,0.0
Chandler,2018-08-01,109.4,86.0,0.0
Chandler,2018-08-02,106.0,85.9,0.012
Chandler,2018-08-03,109.0,81.8,0.0
Chandler,2018-08-04,110.4,86.4,0.0
Chandler,2018-08-05,111.3,86.1,0.0
Chandler,2018-08-06,113.5,82.1,0.0
Chandler,2018-08-07,110.4,87.4,0.0
Chandler,2018-08-08,102.8,76.1,0.0
Chandler,2018-08-09,103.2,81.2,0.008
Chandler,2018-08-10,95.3,72.9,0.161
Chandler,2018-08-11,99.0,73.8,0.0
Chandler,2018-08-12,98.7,78.8,0.0
Chandler,2018-08-13,98.5,73.4,0.0
Chandler,2018-08-14,101.4,78.2,0.043
Chandler,2018-08-15,95.1,75.8,0.0
Chandler,2018-08-16,91.3,76.3,0.264
Chandler,2018-08-17,100.2,76.8,0.004
Chandler,2018-08-18,103.2,80.2,0.0
Chandler,2018-08-19,107.2,80.5,0.0
Chandler,2018-08-20,107.7,82.0,0.0
Chandler,2018-08-21,102.2,85.3,0.004
Chandler,2018-08-22,97.3,74.0,0.366
Chandler,2018-08-23,95.7,77.1,0.142
Chandler,2018-08-24,99.1,78.1,0.0
Chandler,2018-08-25,98.2,78.1,0.0
Chandler,2018-08-26,100.0,79.5,0.004
Chandler,2018-08-27,105.2,77.7,0.0
Chandler,2018-08-28,103.6,73.7,0.0
Chandler,2018-08-29,104.5,73.5,0.0
Chandler,2018-08-30,102.1,79.4,0.0
Chandler,2018-08-31,103.0,80.9,0.0
Chandler,2018-09-01,98.4,81.9,0.02
Chandler,2018-09-02,99.4,71.1,0.043
Chandler,2018-09-03,97.0,75.3,0.012
Chandler,2018-09-04,98.5,74.8,0.0
Chandler,2018-09-05,100.6,75.2,0.0
Chandler,2018-09-06,102.8,75.6,0.0
Chandler,2018-09-07,103.5,79.6,0.0
Chandler,2018-09-08,105.4,80.8,0.0
Chandler,2018-09-09,104.5,81.0,0.0
Chandler,2018-09-10,104.5,80.0,0.0
Chandler,2018-09-11,105.9,78.1,0.0
Chandler,2018-09-12,104.4,74.5,0.0
Chandler,2018-09-13,103.9,70.5,0.0
Chandler,2018-09-14,107.0,71.5,0.0
Chandler,2018-09-15,107.5,73.6,0.0
Chandler,2018-09-16,103.0,78.7,0.0
Chandler,2018-09-17,105.4,79.4,0.0
Chandler,2018-09-18,103.3,80.0,0.0
Chandler,2018-09-19,90.1,72.1,0.185
Chandler,2018-09-20,92.8,70.8,0.0
Chandler,2018-09-21,96.9,71.3,0.0
Chandler,2018-09-22,99.9,72.7,0.0
Chandler,2018-09-23,100.9,76.6,0.0
Chandler,2018-09-24,98.5,76.6,0.0
Chandler,2018-09-25,96.5,75.5,0.0
Chandler,2018-09-26,101.4,72.3,0.0
Chandler,2018-09-27,102.9,72.5,0.0
Chandler,2018-09-28,102.8,69.8,0.0
Chandler,2018-09-29,102.5,74.0,0.0
Chandler,2018-09-30,98.3,72.1,0.398
Chandler,2018-10-01,77.7,70.7,1.102
Chandler,2018-10-02,80.2,69.9,1.724
Chandler,2018-10-03,81.9,70.3,0.303
Chandler,2018-10-04,85.1,66.7,0.047
Chandler,2018-10-05,82.2,64.9,0.0
Chandler,2018-10-06,84.7,62.2,0.0
Chandler,2018-10-07,71.9,59.4,0.811
Chandler,2018-10-08,72.7,54.4,0.0
Chandler,2018-10-09,77.1,54.9,0.0
Chandler,2018-10-10,82.4,54.1,0.0
Chandler,2018-10-11,80.4,60.4,0.051
Chandler,2018-10-12,75.8,65.5,0.894
Chandler,2018-10-13,70.8,60.8,1.189
Chandler,2018-10-14,73.6,57.3,0.055
Chandler,2018-10-15,74.8,59.0,0.02
Chandler,2018-10-16,69.2,53.4,0.004
Chandler,2018-10-17,75.7,53.2,0.0
Chandler,2018-10-18,78.4,54.3,0.0
Chandler,2018-10-19,83.0,55.7,0.0
Chandler,2018-10-20,89.8,62.0,0.0
Chandler,2018-10-21,84.2,68.4,0.024
Chandler,2018-10-22,83.7,64.5,0.043
Chandler,2018-10-23,84.2,65.3,0.15
Chandler,2018-10-24,83.7,58.8,0.0
Chandler,2018-10-25,84.7,58.9,0.0
Chandler,2018-10-26,86.5,57.5,0.0
Chandler,2018-10-27,88.4,56.1,0.0
Chandler,2018-10-28,90.3,55.9,0.0
Chandler,2018-10-29,87.3,57.2,0.0
Chandler,2018-10-30,85.9,61.9,0.0
Chandler,2018-10-31,74.9,54.7,0.0
Chandler,2018-11-01,76.5,49.6,0.0
Chandler,2018-11-02,80.3,48.7,0.0
Chandler,2018-11-03,80.5,49.4,0.0
Chandler,2018-11-04,81.1,51.2,0.0
Chandler,2018-11-05,81.3,49.6,0.0
Chandler,2018-11-06,82.5,51.5,0.0
Chandler,2018-11-07,80.9,50.9,0.0
Chandler,2018-11-08,79.5,50.2,0.0
Chandler,2018-11-09,80.2,54.1,0.0
Chandler,2018-11-10,78.4,54.9,0.0
Chandler,2018-11-11,73.1,48.2,0.0
Chandler,2018-11-12,65.7,44.7,0.0
Chandler,2018-11-13,66.8,42.3,0.0
Chandler,2018-11-14,70.9,45.5,0.0
Chandler,2018-11-15,75.4,45.1,0.0
Chandler,2018-11-16,75.6,40.1,0.0
Chandler,2018-11-17,72.1,42.4,0.0
Chandler,2018-11-18,72.4,44.0,0.0
Chandler,2018-11-19,75.4,40.8,0.0
Chandler,2018-11-20,78.8,46.5,0.0
Chandler,2018-11-21,73.5,42.4,0.0
Chandler,2018-11-22,68.8,46.8,0.0
Chandler,2018-11-23,69.5,45.4,0.0
Chandler,2018-11-24,69.6,41.8,0.0
Chandler,2018-11-25,73.0,46.7,0.0
Chandler,2018-11-26,74.8,47.8,0.0
Chandler,2018-11-27,74.4,46.6,0.0
Chandler,2018-11-28,75.4,43.3,0.0
Chandler,2018-11-29,71.1,45.1,0.012
Chandler,2018-11-30,63.4,47.4,0.437
Chandler,2018-12-01,64.1,45.1,0.0
Chandler,2018-12-02,61.2,42.4,0.008
Chandler,2018-12-03,61.4,37.2,0.0
Chandler,2018-12-04,65.9,38.2,0.0
Chandler,2018-12-05,71.5,41.8,0.0
Chandler,2018-12-06,62.2,49.2,0.154
Chandler,2018-12-07,65.4,48.3,0.063
Chandler,2018-12-08,65.7,47.3,0.0
Chandler,2018-12-09,69.6,42.4,0.0
Chandler,2018-12-10,72.4,46.8,0.0
Chandler,2018-12-11,71.5,50.8,0.0
Chandler,2018-12-12,66.6,40.2,0.0
Chandler,2018-12-13,66.4,40.9,0.0
Chandler,2018-12-14,68.5,32.8,0.0
Chandler,2018-12-15,72.7,44.1,0.0
Chandler,2018-12-16,72.0,42.4,0.0
Chandler,2018-12-17,70.0,44.8,0.0
Chandler,2018-12-18,67.6,42.3,0.0
Chandler,2018-12-19,68.2,38.1,0.0
Chandler,2018-12-20,73.0,41.5,0.0
Chandler,2018-12-21,69.3,42.3,0.0
Chandler,2018-12-22,71.8,38.3,0.0
Chandler,2018-12-23,72.1,39.4,0.0
Chandler,2018-12-24,71.0,39.1,0.0
Chandler,2018-12-25,65.2,40.2,0.043
Chandler,2018-12-26,60.0,41.5,0.043
Chandler,2018-12-27,56.9,36.2,0.0
Chandler,2018-12-28,53.2,35.8,0.0
Chandler,2018-12-29,55.9,31.8,0.0
Chandler,2018-12-30,55.4,31.2,0.0
Chandler,2018-12-31,55.7,34.0,0.469
Chandler,2019-01-01,48.0,34.9,0.094
Chandler,2019-01-02,48.7,28.0,0.0
Chandler,2019-01-03,54.1,26.8,0.0
Chandler,2019-01-04,64.4,30.6,0.0
Chandler,2019-01-05,65.9,36.1,0.102
Chandler,2019-01-06,54.2,41.6,0.512
Chandler,2019-01-07,61.6,37.8,0.0
Chandler,2019-01-08,69.4,37.6,0.0
Chandler,2019-01-09,68.5,43.3,0.008
Chandler,2019-01-10,63.9,46.5,0.008
Chandler,2019-01-11,64.2,39.0,0.0
Chandler,2019-01-12,67.2,41.5,0.047
Chandler,2019-01-13,61.3,45.1,0.035
Chandler,2019-01-14,68.3,44.8,0.004
Chandler,2019-01-15,67.3,48.7,0.165
Chandler,2019-01-16,67.9,47.6,0.0
Chandler,2019-01-17,67.9,42.5,0.0
Chandler,2019-01-18,67.4,48.0,0.0
Chandler,2019-01-19,69.3,42.2,0.0
Chandler,2019-01-20,73.2,41.4,0.0
Chandler,2019-01-21,65.3,43.8,0.0
Chandler,2019-01-22,61.5,41.2,0.0
Chandler,2019-01-23,61.2,36.1,0.0
Chandler,2019-01-24,68.4,34.6,0.0
Chandler,2019-01-25,69.3,36.2,0.0
Chandler,2019-01-26,70.0,37.8,0.0
Chandler,2019-01-27,72.1,41.9,0.0
Chandler,2019-01-28,71.9,37.5,0.0
Chandler,2019-01-29,72.4,45.2,0.0
Chandler,2019-01-30,73.9,46.4,0.0
Chandler,2019-01-31,73.0,43.6,0.0
Chandler,2019-02-01,72.1,50.3,0.008
Chandler,2019-02-02,70.4,53.2,0.0
Chandler,2019-02-03,63.0,50.5,0.421
Chandler,2019-02-04,64.7,51.6,0.043
Chandler,2019-02-05,65.5,48.6,0.043
Chandler,2019-02-06,54.3,39.6,0.02
Chandler,2019-02-07,55.1,31.0,0.0
Chandler,2019-02-08,65.7,30.3,0.0
Chandler,2019-02-09,62.6,36.3,0.0
Chandler,2019-02-10,63.1,33.7,0.0
Chandler,2019-02-11,58.0,39.4,0.0
Chandler,2019-02-12,68.7,31.2,0.0
Chandler,2019-02-13,72.5,40.2,0.0
Chandler,2019-02-14,61.2,50.8,0.488
Chandler,2019-02-15,68.3,51.4,0.106
Chandler,2019-02-16,61.4,43.3,0.008
Chandler,2019-02-17,57.6,38.8,0.02
Chandler,2019-02-18,53.8,36.3,0.039
Chandler,2019-02-19,55.6,32.6,0.012
Chandler,2019-02-20,55.9,28.1,0.0
Chandler,2019-02-21,50.4,38.2,1.248
Chandler,2019-02-22,46.7,33.4,0.642
Chandler,2019-02-23,53.9,30.0,0.0
Chandler,2019-02-24,62.0,30.5,0.0
Chandler,2019-02-25,63.7,34.6,0.0
Chandler,2019-02-26,71.1,37.7,0.0
Chandler,2019-02-27,72.6,47.4,0.0
Chandler,2019-02-28,74.0,44.0,0.0
Chandler,2019-03-01,75.9,46.9,0.0
Chandler,2019-03-02,71.5,49.1,0.059
Chandler,2019-03-03,73.7,49.6,0.0
Chandler,2019-03-04,73.0,45.4,0.0
Chandler,2019-03-05,78.5,43.1,0.0
Chandler,2019-03-06,86.6,49.0,0.004
Chandler,2019-03-07,77.1,52.2,0.0
Chandler,2019-03-08,66.3,52.5,0.0
Chandler,2019-03-09,66.7,40.2,0.0
Chandler,2019-03-10,71.7,40.4,0.0
Chandler,2019-03-11,74.0,47.6,0.102
Chandler,2019-03-12,63.7,48.4,0.409
Chandler,2019-03-13,64.3,47.9,0.043
Chandler,2019-03-14,60.7,38.3,0.0
Chandler,2019-03-15,72.3,42.3,0.0
Chandler,2019-03-16,75.9,49.1,0.0
Chandler,2019-03-17,78.6,49.1,0.0
Chandler,2019-03-18,82.2,50.6,0.0
Chandler,2019-03-19,83.6,51.0,0.0
Chandler,2019-03-20,85.4,54.4,0.0
Chandler,2019-03-21,70.8,52.4,0.051
Chandler,2019-03-22,71.5,45.9,0.0
Chandler,2019-03-23,76.0,45.3,0.0
Chandler,2019-03-24,79.0,48.2,0.0
Chandler,2019-03-25,84.7,47.8,0.0
Chandler,2019-03-26,85.7,50.0,0.0
Chandler,2019-03-27,83.8,54.7,0.0
Chandler,2019-03-28,84.5,52.6,0.0
Chandler,2019-03-29,80.9,49.3,0.0
Chandler,2019-03-30,81.5,47.7,0.0
Chandler,2019-03-31,80.1,48.1,0.0
Chandler,2019-04-01,82.4,54.4,0.0
Chandler,2019-04-02,86.6,50.4,0.0
Chandler,2019-04-03,79.3,57.7,0.0
Chandler,2019-04-04,83.4,51.6,0.0
Chandler,2019-04-05,81.1,53.9,0.0
Chandler,2019-04-06,80.1,57.3,0.0
Chandler,2019-04-07,88.1,55.7,0.0
Chandler,2019-04-08,94.9,54.8,0.0
Chandler,2019-04-09,95.5,57.7,0.0
Chandler,2019-04-10,74.8,58.3,0.0
Chandler,2019-04-11,77.1,54.8,0.0
Chandler,2019-04-12,72.1,55.9,0.0
Chandler,2019-04-13,78.6,48.2,0.0
Chandler,2019-04-14,84.9,50.6,0.0
Chandler,2019-04-15,87.7,53.9,0.0
Chandler,2019-04-16,81.9,56.8,0.126
Chandler,2019-04-17,77.6,52.0,0.063
Chandler,2019-04-18,89.9,52.0,0.0
Chandler,2019-04-19,97.9,55.1,0.0
Chandler,2019-04-20,92.2,63.1,0.0
Chandler,2019-04-21,87.4,63.9,0.0
Chandler,2019-04-22,85.3,60.1,0.0
Chandler,2019-04-23,86.8,58.6,0.0
Chandler,2019-04-24,92.2,56.6,0.0
Chandler,2019-04-25,97.4,60.7,0.0
Chandler,2019-04-26,99.1,63.2,0.0
Chandler,2019-04-27,96.4,68.0,0.0
Chandler,2019-04-28,95.6,65.8,0.0
Chandler,2019-04-29,83.8,61.6,0.071
Chandler,2019-04-30,82.8,58.2,0.051
Chandler,2019-05-01,85.8,59.9,0.0
Chandler,2019-05-02,88.3,59.5,0.0
Chandler,2019-05-03,92.8,58.1,0.0
Chandler,2019-05-04,93.8,59.3,0.0
Chandler,2019-05-05,93.4,60.9,0.0
Chandler,2019-05-06,85.4,62.2,0.0
Chandler,2019-05-07,79.1,62.9,0.055
Chandler,2019-05-08,84.2,60.4,0.047
Chandler,2019-05-09,90.5,58.8,0.0
Chandler,2019-05-10,85.6,64.6,0.0
Chandler,2019-05-11,84.2,61.3,0.0
Chandler,2019-05-12,84.3,63.0,0.016
Chandler,2019-05-13,91.3,61.6,0.0
Chandler,2019-05-14,96.6,64.9,0.0
Chandler,2019-05-15,98.9,68.5,0.0
Chandler,2019-05-16,91.9,71.3,0.0
Chandler,2019-05-17,80.6,59.2,0.0
Chandler,2019-05-18,84.9,58.6,0.0
Chandler,2019-05-19,81.1,62.8,0.0
Chandler,2019-05-20,73.0,58.9,0.035
Chandler,2019-05-21,80.7,53.9,0.0
Chandler,2019-05-22,75.1,55.9,0.0
Chandler,2019-05-23,77.9,55.2,0.004
Chandler,2019-05-24,87.0,54.2,0.0
Chandler,2019-05-25,91.7,58.3,0.0
Chandler,2019-05-26,83.4,61.6,0.0
Chandler,2019-05-27,78.3,62.9,0.0
Chandler,2019-05-28,82.9,54.4,0.0
Chandler,2019-05-29,90.0,57.3,0.0
Chandler,2019-05-30,94.8,62.5,0.0
Chandler,2019-05-31,97.5,65.5,0.0
Chandler,2019-06-01,98.2,67.0,0.0
Chandler,2019-06-02,95.0,68.7,0.0
Chandler,2019-06-03,95.5,68.8,0.0
Chandler,2019-06-04,97.7,69.4,0.0
Chandler,2019-06-05,100.3,69.6,0.0
Chandler,2019-06-06,101.6,70.7,0.0
Chandler,2019-06-07,100.1,72.7,0.0
Chandler,2019-06-08,99.1,68.0,0.0
Chandler,2019-06-09,104.7,69.7,0.0
Chandler,2019-06-10,106.6,75.6,0.0
Chandler,2019-06-11,107.7,78.3,0.0
Chandler,2019-06-12,110.4,76.0,0.0
Chandler,2019-06-13,109.7,79.2,0.0
Chandler,2019-06-14,103.9,78.9,0.0
Chandler,2019-06-15,102.5,73.3,0.0
Chandler,2019-06-16,103.7,73.8,0.0
Chandler,2019-06-17,103.8,76.0,0.0
Chandler,2019-06-18,102.6,76.6,0.0
Chandler,2019-06-19,103.2,70.3,0.0
Chandler,2019-06-20,103.1,74.1,0.0
Chandler,2019-06-21,102.3,75.1,0.0
Chandler,2019-06-22,98.0,76.4,0.0
Chandler,2019-06-23,99.1,72.2,0.0
Chandler,2019-06-24,102.4,69.4,0.0
Chandler,2019-06-25,104.5,71.0,0.0
Chandler,2019-06-26,102.2,72.1,0.0
Chandler,2019-06-27,105.4,72.9,0.0
Chandler,2019-06-28,109.4,75.5,0.0
Chandler,2019-06-29,111.4,79.2,0.0
Chandler,2019-06-30,110.7,84.2,0.0
Chandler,2019-07-01,109.0,81.5,0.0
Chandler,2019-07-02,106.8,78.4,0.0
Chandler,2019-07-03,106.3,78.3,0.0
Chandler,2019-07-04,105.7,73.0,0.0
Chandler,2019-07-05,104.3,75.0,0.0
Chandler,2019-07-06,104.5,79.0,0.0
Chandler,2019-07-07,106.0,81.0,0.0
Chandler,2019-07-08,103.4,74.8,0.0
Chandler,2019-07-09,104.3,72.6,0.0
Chandler,2019-07-10,110.4,77.7,0.0
Chandler,2019-07-11,111.7,83.0,0.0
Chandler,2019-07-12,109.9,86.0,0.0
Chandler,2019-07-13,109.1,86.8,0.0
Chandler,2019-07-14,107.6,87.3,0.0
Chandler,2019-07-15,111.8,82.8,0.0
Chandler,2019-07-16,113.1,84.6,0.0
Chandler,2019-07-17,106.3,85.6,0.0
Chandler,2019-07-18,108.3,82.7,0.0
Chandler,2019-07-19,105.1,83.0,0.0
Chandler,2019-07-20,107.2,80.1,0.0
Chandler,2019-07-21,107.7,82.4,0.0
Chandler,2019-07-22,105.5,86.2,0.0
Chandler,2019-07-23,105.4,82.0,0.02
Chandler,2019-07-24,100.0,78.6,0.071
Chandler,2019-07-25,105.6,84.4,0.0
Chandler,2019-07-26,108.1,78.0,0.059
Chandler,2019-07-27,111.8,86.8,0.0
Chandler,2019-07-28,109.5,88.5,0.0
Chandler,2019-07-29,110.5,83.8,0.0
Chandler,2019-07-30,104.4,81.8,0.047
Chandler,2019-07-31,93.4,75.4,0.283
Chandler,2019-08-01,100.9,80.1,0.0
Chandler,2019-08-02,106.8,84.7,0.0
Chandler,2019-08-03,109.5,85.6,0.0
Chandler,2019-08-04,109.7,84.3,0.0
Chandler,2019-08-05,112.9,87.3,0.0
Chandler,2019-08-06,102.9,86.8,0.0
Chandler,2019-08-07,104.9,83.6,0.098
Chandler,2019-08-08,107.5,76.6,0.0
Chandler,2019-08-09,101.0,84.9,0.0
Chandler,2019-08-10,100.7,84.0,0.0
Chandler,2019-08-11,101.8,78.0,0.0
Chandler,2019-08-12,105.9,78.9,0.0
Chandler,2019-08-13,108.8,76.8,0.0
Chandler,2019-08-14,112.3,75.0,0.0
Chandler,2019-08-15,112.9,82.4,0.0
Chandler,2019-08-16,108.7,79.3,0.0
Chandler,2019-08-17,106.4,80.5,0.0
Chandler,2019-08-18,105.9,77.7,0.0
Chandler,2019-08-19,108.4,75.3,0.0
Chandler,2019-08-20,112.1,78.4,0.0
Chandler,2019-08-21,113.5,80.2,0.0
Chandler,2019-08-22,108.2,80.3,0.0
Chandler,2019-08-23,102.7,81.3,0.0
Chandler,2019-08-24,99.1,82.3,0.02
Chandler,2019-08-25,101.8,82.4,0.0
Chandler,2019-08-26,105.8,84.9,0.0
Chandler,2019-08-27,109.6,83.7,0.0
Chandler,2019-08-28,106.3,85.3,0.0
Chandler,2019-08-29,105.4,79.6,0.0
Chandler,2019-08-30,108.7,82.0,0.0
Chandler,2019-08-31,106.8,83.8,0.0
Chandler,2019-09-01,103.5,85.3,0.0
Chandler,2019-09-02,106.3,79.3,0.0
Chandler,2019-09-03,108.3,81.2,0.0
Chandler,2019-09-04,107.5,84.0,0.0
Chandler,2019-09-05,109.9,83.7,0.0
Chandler,2019-09-06,106.9,86.5,0.0
Chandler,2019-09-07,104.4,85.6,0.0
Chandler,2019-09-08,102.3,84.2,0.02
Chandler,2019-09-09,97.9,79.3,0.0
Chandler,2019-09-10,98.0,69.8,0.378
Chandler,2019-09-11,95.8,76.5,0.02
Chandler,2019-09-12,101.2,75.2,0.0
Chandler,2019-09-13,105.5,72.7,0.0
Chandler,2019-09-14,102.0,82.9,0.0
Chandler,2019-09-15,97.4,77.5,0.0
Chandler,2019-09-16,99.7,78.5,0.004
Chandler,2019-09-17,97.2,73.1,0.0
Chandler,2019-09-18,101.0,74.5,0.0
Chandler,2019-09-19,101.8,74.5,0.0
Chandler,2019-09-20,97.7,71.7,0.0
Chandler,2019-09-21,94.6,66.9,0.0
Chandler,2019-09-22,97.7,65.0,0.0
Chandler,2019-09-23,85.0,70.3,1.98
Chandler,2019-09-24,84.0,66.6,0.236
Chandler,2019-09-25,85.3,65.9,0.028
Chandler,2019-09-26,83.2,68.2,0.386
Chandler,2019-09-27,82.4,68.1,0.043
Chandler,2019-09-28,88.6,64.0,0.0
Chandler,2019-09-29,86.2,68.9,0.02
Chandler,2019-09-30,87.2,62.4,0.0
Chandler,2019-10-01,89.3,59.1,0.0
Chandler,2019-10-02,90.6,62.2,0.0
Chandler,2019-10-03,95.0,60.6,0.0
Chandler,2019-10-04,94.6,68.8,0.0
Chandler,2019-10-05,94.9,64.9,0.0
Chandler,2019-10-06,95.5,63.2,0.0
Chandler,2019-10-07,98.2,61.5,0.0
Chandler,2019-10-08,96.2,67.6,0.0
Chandler,2019-10-09,94.0,60.8,0.0
Chandler,2019-10-10,88.3,62.2,0.0
Chandler,2019-10-11,88.9,57.0,0.0
Chandler,2019-10-12,89.2,61.4,0.0
Chandler,2019-10-13,90.8,58.2,0.0
Chandler,2019-10-14,86.5,60.5,0.0
Chandler,2019-10-15,91.6,61.9,0.0
Chandler,2019-10-16,96.0,60.4,0.0
Chandler,2019-10-17,94.7,72.7,0.0
Chandler,2019-10-18,84.9,63.8,0.0
Chandler,2019-10-19,84.7,55.8,0.0
Chandler,2019-10-20,85.3,51.6,0.0
Chandler,2019-10-21,84.7,52.0,0.0
Chandler,2019-10-22,89.5,53.8,0.0
Chandler,2019-10-23,89.8,54.1,0.0
Chandler,2019-10-24,86.0,55.1,0.0
Chandler,2019-10-25,83.8,60.0,0.0
Chandler,2019-10-26,84.9,53.2,0.0
Chandler,2019-10-27,89.0,56.1,0.0
Chandler,2019-10-28,73.2,53.0,0.0
Chandler,2019-10-29,73.9,43.5,0.0
Chandler,2019-10-30,70.2,48.5,0.0
Chandler,2019-10-31,77.1,46.0,0.0
Chandler,2019-11-01,79.9,42.6,0.0
Chandler,2019-11-02,87.3,48.7,0.0
Chandler,2019-11-03,85.6,52.6,0.0
Chandler,2019-11-04,85.7,51.0,0.0
Chandler,2019-11-05,88.2,53.3,0.0
Chandler,2019-11-06,82.5,58.0,0.004
Chandler,2019-11-07,85.1,54.1,0.0
Chandler,2019-11-08,87.3,60.4,0.0
Chandler,2019-11-09,86.8,58.9,0.0
Chandler,2019-11-10,86.1,60.1,0.0
Chandler,2019-11-11,85.1,56.8,0.0
Chandler,2019-11-12,80.7,60.8,0.0
Chandler,2019-11-13,78.9,50.3,0.0
Chandler,2019-11-14,81.5,47.3,0.0
Chandler,2019-11-15,84.2,49.6,0.0
Chandler,2019-11-16,82.5,52.6,0.0
Chandler,2019-11-17,85.4,49.8,0.0
Chandler,2019-11-18,83.7,47.8,0.0
Chandler,2019-11-19,81.1,52.1,0.413
Chandler,2019-11-20,68.8,54.2,0.874
Chandler,2019-11-21,62.7,50.7,0.295
Chandler,2019-11-22,63.7,47.7,0.004
Chandler,2019-11-23,68.7,45.9,0.0
Chandler,2019-11-24,70.3,50.0,0.0
Chandler,2019-11-25,67.1,42.8,0.0
Chandler,2019-11-26,58.5,39.1,0.0
Chandler,2019-11-27,68.6,37.6,0.0
Chandler,2019-11-28,67.7,52.2,0.28
Chandler,2019-11-29,56.1,43.4,0.909
Chandler,2019-11-30,56.5,39.6,0.0
Chandler,2019-12-01,64.0,36.5,0.0
Chandler,2019-12-02,66.8,39.7,0.0
Chandler,2019-12-03,65.1,40.3,0.091
Chandler,2019-12-04,69.0,52.6,0.028
Chandler,2019-12-05,68.3,53.4,0.0
Chandler,2019-12-06,68.6,48.0,0.0
Chandler,2019-12-07,69.2,46.6,0.327
Chandler,2019-12-08,67.4,54.1,0.236
Chandler,2019-12-09,61.2,46.9,0.079
Chandler,2019-12-10,64.0,44.9,0.0
Chandler,2019-12-11,65.7,41.6,0.0
Chandler,2019-12-12,65.5,40.4,0.0
Chandler,2019-12-13,66.2,41.1,0.0
Chandler,2019-12-14,68.2,41.6,0.0
Chandler,2019-12-15,62.4,45.7,0.0
Chandler,2019-12-16,59.3,35.5,0.0
Chandler,2019-12-17,59.4,35.4,0.0
Chandler,2019-12-18,64.9,38.9,0.0
Chandler,2019-12-19,63.8,39.4,0.0
Chandler,2019-12-20,66.9,37.6,0.0
Chandler,2019-12-21,73.1,36.6,0.0
Chandler,2019-12-22,75.0,41.1,0.0
Chandler,2019-12-23,69.2,48.3,0.091
Chandler,2019-12-24,55.0,49.5,0.929
Chandler,2019-12-25,55.6,42.0,0.154
Chandler,2019-12-26,61.5,37.6,0.248
Chandler,2019-12-27,47.9,41.5,0.181
Chandler,2019-12-28,52.7,38.0,0.0
Chandler,2019-12-29,50.8,29.3,0.0
Chandler,2019-12-30,56.5,33.3,0.0
Chandler,2019-12-31,57.8,40.5,0.008
Chandler,2020-01-01,59.2,34.4,0.0
Chandler,2020-01-02,58.9,35.9,0.004
Chandler,2020-01-03,62.6,35.0,0.0
Chandler,2020-01-04,66.7,35.0,0.0
Chandler,2020-01-05,66.8,34.4,0.0
Chandler,2020-01-06,66.9,37.3,0.0
Chandler,2020-01-07,72.1,42.0,0.0
Chandler,2020-01-08,65.4,36.6,0.0
Chandler,2020-01-09,63.1,38.9,0.087
Chandler,2020-01-10,60.5,40.7,0.0
Chandler,2020-01-11,61.9,34.8,0.0
Chandler,2020-01-12,63.8,34.7,0.0
Chandler,2020-01-13,67.3,35.8,0.0
Chandler,2020-01-14,69.5,35.0,0.0
Chandler,2020-01-15,71.4,40.8,0.0
Chandler,2020-01-16,67.1,46.0,0.0
Chandler,2020-01-17,64.5,40.5,0.0
Chandler,2020-01-18,70.9,39.0,0.0
Chandler,2020-01-19,77.5,48.0,0.0
Chandler,2020-01-20,77.9,51.5,0.0
Chandler,2020-01-21,64.0,52.0,0.256
Chandler,2020-01-22,62.9,46.7,0.008
Chandler,2020-01-23,69.6,41.0,0.0
Chandler,2020-01-24,72.7,43.1,0.0
Chandler,2020-01-25,71.4,41.2,0.0
Chandler,2020-01-26,72.1,41.2,0.0
Chandler,2020-01-27,71.7,46.4,0.004
Chandler,2020-01-28,69.2,44.2,0.0
Chandler,2020-01-29,65.6,40.0,0.0
Chandler,2020-01-30,68.0,43.3,0.0
Chandler,2020-01-31,70.3,39.3,0.0
Chandler,2020-02-01,78.4,40.1,0.0
Chandler,2020-02-02,78.8,41.9,0.0
Chandler,2020-02-03,62.2,46.3,0.0
Chandler,2020-02-04,53.0,30.4,0.0
Chandler,2020-02-05,53.2,31.6,0.0
Chandler,2020-02-06,59.5,29.7,0.0
Chandler,2020-02-07,65.9,33.6,0.0
Chandler,2020-02-08,71.7,36.1,0.0
Chandler,2020-02-09,74.0,42.8,0.0
Chandler,2020-02-10,68.0,50.5,0.406
Chandler,2020-02-11,57.4,43.7,0.28
Chandler,2020-02-12,62.0,37.1,0.0
Chandler,2020-02-13,64.9,35.5,0.0
Chandler,2020-02-14,68.5,39.2,0.0
Chandler,2020-02-15,69.4,43.9,0.0
Chandler,2020-02-16,71.3,38.8,0.0
Chandler,2020-02-17,73.9,40.5,0.0
Chandler,2020-02-18,75.5,43.4,0.0
Chandler,2020-02-19,77.1,45.9,0.0
Chandler,2020-02-20,80.4,43.3,0.0
Chandler,2020-02-21,76.9,58.0,0.0
Chandler,2020-02-22,68.2,55.9,0.591
Chandler,2020-02-23,63.1,46.4,0.031
Chandler,2020-02-24,68.7,41.5,0.0
Chandler,2020-02-25,65.3,42.9,0.0
Chandler,2020-02-26,66.0,44.0,0.0
Chandler,2020-02-27,75.0,38.6,0.0
Chandler,2020-02-28,80.2,47.8,0.0
Chandler,2020-02-29,78.4,44.8,0.0
Chandler,2020-03-01,75.6,50.4,0.0
Chandler,2020-03-02,66.4,49.0,0.035
Chandler,2020-03-03,75.7,45.3,0.0
Chandler,2020-03-04,74.0,45.8,0.0
Chandler,2020-03-05,85.0,45.5,0.0
Chandler,2020-03-06,86.2,56.8,0.0
Chandler,2020-03-07,83.5,57.8,0.0
Chandler,2020-03-08,75.6,57.5,0.004
Chandler,2020-03-09,76.7,51.2,0.0
Chandler,2020-03-10,76.9,59.0,0.453
Chandler,2020-03-11,69.6,59.6,0.555
Chandler,2020-03-12,68.4,59.3,0.811
Chandler,2020-03-13,64.9,50.1,0.15
Chandler,2020-03-14,70.3,46.4,0.0
Chandler,2020-03-15,73.1,48.7,0.0
Chandler,2020-03-16,75.2,47.9,0.0
Chandler,2020-03-17,73.4,51.4,0.0
Chandler,2020-03-18,65.2,47.0,0.531
Chandler,2020-03-19,63.7,46.0,0.071
Chandler,2020-03-20,68.6,42.2,0.0
Chandler,2020-03-21,70.9,46.2,0.0
Chandler,2020-03-22,72.5,47.1,0.0
Chandler,2020-03-23,74.5,52.7,0.0
Chandler,2020-03-24,75.1,48.6,0.0
Chandler,2020-03-25,77.1,49.0,0.0
Chandler,2020-03-26,70.6,54.7,0.0
Chandler,2020-03-27,64.0,48.2,0.008
Chandler,2020-03-28,69.4,42.1,0.0
Chandler,2020-03-29,75.7,46.9,0.0
Chandler,2020-03-30,76.3,46.9,0.0
Chandler,2020-03-31,81.4,47.0,0.0
Chandler,2020-04-01,84.5,54.6,0.0
Chandler,2020-04-02,83.2,55.5,0.0
Chandler,2020-04-03,82.9,51.9,0.0
Chandler,2020-04-04,83.1,54.1,0.0
Chandler,2020-04-05,84.6,55.7,0.0
Chandler,2020-04-06,83.8,55.4,0.0
Chandler,2020-04-07,83.9,56.1,0.0
Chandler,2020-04-08,79.4,58.3,0.024
Chandler,2020-04-09,72.4,47.7,0.0
Chandler,2020-04-10,77.1,48.5,0.0
Chandler,2020-04-11,67.6,54.0,0.079
Chandler,2020-04-12,75.6,47.8,0.0
Chandler,2020-04-13,76.5,52.3,0.0
Chandler,2020-04-14,79.7,50.6,0.0
Chandler,2020-04-15,81.8,49.7,0.0
Chandler,2020-04-16,84.4,49.0,0.0
Chandler,2020-04-17,85.9,50.5,0.0
Chandler,2020-04-18,77.9,55.3,0.0
Chandler,2020-04-19,81.8,52.5,0.0
Chandler,2020-04-20,85.4,54.8,0.0
Chandler,2020-04-21,81.9,56.4,0.0
Chandler,2020-04-22,89.6,54.5,0.0
Chandler,2020-04-23,94.8,59.1,0.0
Chandler,2020-04-24,97.4,65.3,0.0
Chandler,2020-04-25,98.0,61.2,0.0
Chandler,2020-04-26,101.3,62.8,0.0
Chandler,2020-04-27,100.9,69.4,0.0
Chandler,2020-04-28,100.2,65.2,0.0
Chandler,2020-04-29,103.8,67.5,0.0
Chandler,2020-04-30,102.7,69.4,0.0
Chandler,2020-05-01,101.7,66.1,0.0
Chandler,2020-05-02,98.9,67.9,0.0
Chandler,2020-05-03,96.4,66.5,0.0
Chandler,2020-05-04,97.8,63.9,0.0
Chandler,2020-05-05,102.4,66.2,0.0
Chandler,2020-05-06,105.4,66.1,0.0
Chandler,2020-05-07,105.0,65.8,0.0
Chandler,2020-05-08,102.7,71.1,0.0
Chandler,2020-05-09,101.6,73.7,0.0
Chandler,2020-05-10,97.8,77.6,0.0
Chandler,2020-05-11,99.5,74.0,0.0
Chandler,2020-05-12,94.1,70.1,0.0
Chandler,2020-05-13,90.0,66.7,0.0
Chandler,2020-05-14,90.1,65.8,0.0
Chandler,2020-05-15,93.3,65.4,0.0
Chandler,2020-05-16,97.6,67.3,0.0
Chandler,2020-05-17,100.6,69.4,0.0
Chandler,2020-05-18,99.9,66.9,0.0
Chandler,2020-05-19,88.2,67.2,0.0
Chandler,2020-05-20,86.4,58.2,0.0
Chandler,2020-05-21,90.9,58.3,0.0
Chandler,2020-05-22,95.4,60.3,0.0
Chandler,2020-05-23,93.7,66.3,0.0
Chandler,2020-05-24,93.9,68.5,0.0
Chandler,2020-05-25,97.0,64.7,0.0
Chandler,2020-05-26,101.6,66.5,0.0
Chandler,2020-05-27,106.4,68.6,0.0
Chandler,2020-05-28,108.4,73.6,0.0
Chandler,2020-05-29,110.7,74.5,0.0
Chandler,2020-05-30,108.6,82.2,0.0
Chandler,2020-05-31,107.2,78.5,0.0
Chandler,2020-06-01,105.0,78.5,0.0
Chandler,2020-06-02,106.3,82.2,0.0
Chandler,2020-06-03,110.0,81.1,0.0
Chandler,2020-06-04,110.0,80.2,0.0
Chandler,2020-06-05,108.1,80.2,0.0
Chandler,2020-06-06,92.5,72.3,0.0
Chandler,2020-06-07,95.0,73.4,0.0
Chandler,2020-06-08,90.8,70.5,0.0
Chandler,2020-06-09,93.3,65.7,0.0
Chandler,2020-06-10,103.1,65.4,0.0
Chandler,2020-06-11,108.0,70.0,0.0
Chandler,2020-06-12,108.9,75.0,0.0
Chandler,2020-06-13,106.9,77.0,0.0
Chandler,2020-06-14,104.9,71.6,0.0
Chandler,2020-06-15,106.5,71.6,0.0
Chandler,2020-06-16,106.2,74.0,0.0
Chandler,2020-06-17,102.3,76.1,0.0
Chandler,2020-06-18,101.6,72.5,0.0
Chandler,2020-06-19,101.4,73.2,0.0
Chandler,2020-06-20,105.2,73.9,0.0
Chandler,2020-06-21,107.5,75.9,0.0
Chandler,2020-06-22,107.5,76.4,0.0
Chandler,2020-06-23,108.9,74.6,0.0
Chandler,2020-06-24,109.9,75.5,0.0
Chandler,2020-06-25,110.8,77.7,0.0
Chandler,2020-06-26,109.0,78.1,0.0
Chandler,2020-06-27,106.3,77.3,0.0
Chandler,2020-06-28,104.4,78.1,0.0
Chandler,2020-06-29,99.7,78.7,0.0
Chandler,2020-06-30,99.3,75.0,0.0
Chandler,2020-07-01,104.1,72.9,0.0
Chandler,2020-07-02,101.8,78.0,0.0
Chandler,2020-07-03,102.4,80.9,0.008
Chandler,2020-07-04,108.3,80.2,0.0
Chandler,2020-07-05,110.9,80.1,0.0
Chandler,2020-07-06,110.9,78.6,0.0
Chandler,2020-07-07,110.5,81.7,0.0
Chandler,2020-07-08,109.9,85.5,0.0
Chandler,2020-07-09,109.9,85.5,0.0
Chandler,2020-07-10,111.0,86.5,0.0
Chandler,2020-07-11,116.0,88.6,0.0
Chandler,2020-07-12,114.2,88.3,0.0
Chandler,2020-07-13,108.9,90.6,0.0
Chandler,2020-07-14,109.7,84.7,0.0
Chandler,2020-07-15,109.5,85.2,0.0
Chandler,2020-07-16,110.5,84.6,0.0
Chandler,2020-07-17,107.4,85.8,0.0
Chandler,2020-07-18,109.6,86.0,0.0
Chandler,2020-07-19,109.9,88.7,0.0
Chandler,2020-07-20,107.2,88.2,0.0
Chandler,2020-07-21,107.2,84.7,0.0
Chandler,2020-07-22,103.9,85.6,0.0
Chandler,2020-07-23,98.3,83.5,0.012
Chandler,2020-07-24,98.3,80.1,0.004
Chandler,2020-07-25,103.0,79.3,0.0
Chandler,2020-07-26,107.9,80.2,0.0
Chandler,2020-07-27,108.2,82.9,0.0
Chandler,2020-07-28,110.9,85.4,0.0
Chandler,2020-07-29,113.4,84.6,0.0
Chandler,2020-07-30,116.1,86.5,0.0
Chandler,2020-07-31,114.9,85.9,0.0
Chandler,2020-08-01,108.9,88.9,0.0
Chandler,2020-08-02,112.1,89.2,0.0
Chandler,2020-08-03,112.2,85.7,0.0
Chandler,2020-08-04,109.7,83.0,0.0
Chandler,2020-08-05,109.3,85.3,0.0
Chandler,2020-08-06,108.2,79.5,0.0
Chandler,2020-08-07,107.8,79.9,0.0
Chandler,2020-08-08,110.2,82.7,0.0
Chandler,2020-08-09,111.1,80.2,0.0
Chandler,2020-08-10,110.7,78.7,0.0
Chandler,2020-08-11,109.0,82.4,0.0
Chandler,2020-08-12,110.0,85.1,0.0
Chandler,2020-08-13,113.1,84.3,0.0
Chandler,2020-08-14,115.1,83.9,0.0
Chandler,2020-08-15,112.3,87.5,0.0
Chandler,2020-08-16,112.9,87.0,0.0
Chandler,2020-08-17,114.1,84.7,0.0
Chandler,2020-08-18,113.5,86.1,0.0
Chandler,2020-08-19,113.0,89.6,0.0
Chandler,2020-08-20,110.5,90.0,0.0
Chandler,2020-08-21,101.4,84.2,0.0
Chandler,2020-08-22,104.8,85.1,0.0
Chandler,2020-08-23,109.9,86.0,0.0
Chandler,2020-08-24,115.2,85.8,0.0
Chandler,2020-08-25,112.3,87.0,0.0
Chandler,2020-08-26,110.8,83.5,0.0
Chandler,2020-08-27,111.0,82.9,0.0
Chandler,2020-08-28,109.5,84.7,0.0
Chandler,2020-08-29,104.6,85.2,0.0
Chandler,2020-08-30,98.9,76.6,0.008
Chandler,2020-08-31,99.9,75.0,0.0
Chandler,2020-09-01,99.6,74.2,0.055
Chandler,2020-09-02,102.6,79.5,0.0
Chandler,2020-09-03,107.5,79.2,0.0
Chandler,2020-09-04,112.9,77.4,0.0
Chandler,2020-09-05,114.1,83.5,0.0
Chandler,2020-09-06,111.4,83.8,0.0
Chandler,2020-09-07,109.1,78.9,0.0
Chandler,2020-09-08,102.5,81.6,0.0
Chandler,2020-09-09,89.6,69.4,0.0
Chandler,2020-09-10,92.6,66.4,0.0
Chandler,2020-09-11,97.3,67.4,0.0
Chandler,2020-09-12,99.9,64.6,0.0
Chandler,2020-09-13,103.6,69.1,0.0
Chandler,2020-09-14,103.4,77.4,0.0
Chandler,2020-09-15,103.1,77.1,0.0
Chandler,2020-09-16,107.8,69.4,0.0
Chandler,2020-09-17,108.2,74.0,0.0
Chandler,2020-09-18,106.1,79.2,0.0
Chandler,2020-09-19,104.1,80.8,0.0
Chandler,2020-09-20,103.7,72.3,0.0
Chandler,2020-09-21,103.6,76.5,0.0
Chandler,2020-09-22,100.9,77.0,0.0
Chandler,2020-09-23,103.7,71.4,0.0
Chandler,2020-09-24,105.3,70.6,0.0
Chandler,2020-09-25,104.0,70.3,0.0
Chandler,2020-09-26,102.3,71.2,0.0
Chandler,2020-09-27,100.9,68.8,0.0
Chandler,2020-09-28,102.4,68.7,0.0
Chandler,2020-09-29,102.7,71.4,0.0
Chandler,2020-09-30,103.8,66.2,0.0
Chandler,2020-10-01,105.8,66.3,0.0
Chandler,2020-10-02,105.4,67.6,0.0
Chandler,2020-10-03,103.7,63.2,0.0
Chandler,2020-10-04,104.0,63.1,0.0
Chandler,2020-10-05,103.6,64.8,0.0
Chandler,2020-10-06,103.0,64.2,0.0
Chandler,2020-10-07,103.4,61.6,0.0
Chandler,2020-10-08,101.1,65.0,0.0
Chandler,2020-10-09,97.3,67.1,0.0
Chandler,2020-10-10,96.0,64.0,0.0
Chandler,2020-10-11,92.9,64.2,0.0
Chandler,2020-10-12,97.3,63.6,0.0
Chandler,2020-10-13,100.0,61.6,0.0
Chandler,2020-10-14,99.6,59.5,0.0
Chandler,2020-10-15,98.0,60.6,0.0
Chandler,2020-10-16,101.4,65.4,0.0
Chandler,2020-10-17,96.7,62.0,0.0
Chandler,2020-10-18,95.5,57.8,0.0
Chandler,2020-10-19,95.6,59.0,0.0
Chandler,2020-10-20,96.2,57.3,0.0
Chandler,2020-10-21,95.6,57.5,0.0
Chandler,2020-10-22,92.3,61.0,0.0
Chandler,2020-10-23,91.1,63.1,0.0
Chandler,2020-10-24,86.7,65.5,0.0
Chandler,2020-10-25,84.6,63.4,0.008
Chandler,2020-10-26,68.0,50.9,0.0
Chandler,2020-10-27,65.9,44.2,0.0
Chandler,2020-10-28,69.8,39.8,0.0
Chandler,2020-10-29,83.1,44.2,0.0
Chandler,2020-10-30,87.0,51.1,0.0
Chandler,2020-10-31,84.4,53.3,0.0
Chandler,2020-11-01,94.4,58.7,0.0
Chandler,2020-11-02,93.6,62.3,0.0
Chandler,2020-11-03,93.1,64.8,0.0
Chandler,2020-11-04,91.6,55.6,0.0
Chandler,2020-11-05,96.5,57.6,0.0
Chandler,2020-11-06,87.8,75.4,0.0
Chandler,2020-11-07,78.8,60.1,0.008
Chandler,2020-11-08,66.0,50.5,0.0
Chandler,2020-11-09,61.4,45.4,0.024
Chandler,2020-11-10,64.8,40.5,0.0
Chandler,2020-11-11,69.3,36.1,0.0
Chandler,2020-11-12,71.6,40.6,0.0
Chandler,2020-11-13,75.0,44.2,0.0
Chandler,2020-11-14,73.7,41.4,0.0
Chandler,2020-11-15,81.2,43.4,0.0
Chandler,2020-11-16,88.7,46.5,0.0
Chandler,2020-11-17,90.1,51.4,0.0
Chandler,2020-11-18,88.3,55.9,0.0
Chandler,2020-11-19,85.3,54.4,0.0
Chandler,2020-11-20,86.5,55.5,0.0
Chandler,2020-11-21,84.5,55.9,0.0
Chandler,2020-11-22,82.4,51.3,0.0
Chandler,2020-11-23,77.7,52.9,0.0
Chandler,2020-11-24,70.6,50.9,0.0
Chandler,2020-11-25,69.6,39.9,0.0
Chandler,2020-11-26,70.0,38.9,0.0
Chandler,2020-11-27,63.2,38.1,0.0
Chandler,2020-11-28,67.9,40.4,0.0
Chandler,2020-11-29,72.8,40.6,0.0
Chandler,2020-11-30,72.7,44.2,0.0
Chandler,2020-12-01,69.4,36.8,0.0
Chandler,2020-12-02,68.6,40.9,0.0
Chandler,2020-12-03,63.6,41.5,0.0
Chandler,2020-12-04,64.5,37.5,0.0
Chandler,2020-12-05,68.9,35.3,0.0
Chandler,2020-12-06,71.3,33.4,0.0
Chandler,2020-12-07,79.0,36.8,0.0
Chandler,2020-12-08,79.3,44.1,0.0
Chandler,2020-12-09,78.8,44.5,0.0
Chandler,2020-12-10,60.5,47.6,0.421
Chandler,2020-12-11,64.1,42.6,0.0
Chandler,2020-12-12,66.7,40.0,0.0
Chandler,2020-12-13,62.3,36.7,0.0
Chandler,2020-12-14,60.1,39.4,0.0
Chandler,2020-12-15,60.5,34.6,0.0
Chandler,2020-12-16,63.3,33.0,0.0
Chandler,2020-12-17,66.6,32.6,0.0
Chandler,2020-12-18,63.8,33.6,0.0
Chandler,2020-12-19,65.5,33.0,0.0
Chandler,2020-12-20,67.7,32.4,0.0
Chandler,2020-12-21,75.1,39.2,0.0
Chandler,2020-12-22,68.7,37.3,0.0
Chandler,2020-12-23,68.0,34.3,0.0
Chandler,2020-12-24,62.7,37.8,0.0
Chandler,2020-12-25,67.5,41.9,0.004
Chandler,2020-12-26,68.7,35.7,0.0
Chandler,2020-12-27,70.8,37.3,0.0
Chandler,2020-12-28,66.9,46.9,0.0
Chandler,2020-12-29,58.8,41.3,0.028
Chandler,2020-12-30,63.3,37.9,0.0
Chandler,2020-12-31,59.5,33.5,0.0
Chandler,2021-01-01,63.8,34.6,0.0
Chandler,2021-01-02,62.2,33.4,0.0
Chandler,2021-01-03,63.3,30.4,0.0
Chandler,2021-01-04,68.2,32.4,0.0
Chandler,2021-01-05,69.2,35.5,0.0
Chandler,2021-01-06,70.3,36.3,0.0
Chandler,2021-01-07,69.4,34.5,0.0
Chandler,2021-01-08,68.0,35.8,0.0
Chandler,2021-01-09,66.7,34.5,0.0
Chandler,2021-01-10,65.0,37.5,0.0
Chandler,2021-01-11,65.8,39.7,0.0
Chandler,2021-01-12,65.8,36.7,0.0
Chandler,2021-01-13,66.9,30.9,0.0
Chandler,2021-01-14,72.0,35.3,0.0
Chandler,2021-01-15,76.6,40.5,0.0
Chandler,2021-01-16,75.3,38.1,0.0
Chandler,2021-01-17,77.4,42.3,0.0
Chandler,2021-01-18,71.9,36.4,0.0
Chandler,2021-01-19,73.8,53.0,0.012
Chandler,2021-01-20,72.4,53.5,0.004
Chandler,2021-01-21,70.0,53.2,0.012
Chandler,2021-01-22,68.8,49.9,0.071
Chandler,2021-01-23,65.7,49.0,0.024
Chandler,2021-01-24,54.8,44.5,0.272
Chandler,2021-01-25,54.0,39.6,0.311
Chandler,2021-01-26,52.1,36.3,0.031
Chandler,2021-01-27,62.3,32.2,0.0
Chandler,2021-01-28,71.2,39.9,0.0
Chandler,2021-01-29,66.2,41.6,0.228
Chandler,2021-01-30,61.0,38.8,0.0
Chandler,2021-01-31,71.9,41.1,0.0
Chandler,2021-02-01,74.8,47.0,0.0
Chandler,2021-02-02,80.0,53.5,0.0
Chandler,2021-02-03,78.7,54.8,0.0
Chandler,2021-02-04,73.6,51.9,0.0
Chandler,2021-02-05,68.6,39.8,0.0
Chandler,2021-02-06,71.6,37.9,0.0
Chandler,2021-02-07,72.6,38.7,0.0
Chandler,2021-02-08,75.4,38.8,0.0
Chandler,2021-02-09,75.6,39.7,0.0
Chandler,2021-02-10,72.7,50.0,0.0
Chandler,2021-02-11,75.2,39.8,0.0
Chandler,2021-02-12,72.0,48.7,0.0
Chandler,2021-02-13,72.6,42.4,0.0
Chandler,2021-02-14,65.8,44.1,0.012
Chandler,2021-02-15,66.1,37.9,0.0
Chandler,2021-02-16,69.5,44.2,0.0
Chandler,2021-02-17,66.0,41.5,0.0
Chandler,2021-02-18,64.2,38.3,0.0
Chandler,2021-02-19,71.0,36.8,0.0
Chandler,2021-02-20,78.1,43.6,0.0
Chandler,2021-02-21,69.6,43.6,0.0
Chandler,2021-02-22,76.2,44.4,0.0
Chandler,2021-02-23,78.5,41.2,0.0
Chandler,2021-02-24,78.4,39.5,0.0
Chandler,2021-02-25,68.4,44.1,0.0
Chandler,2021-02-26,70.3,38.0,0.0
Chandler,2021-02-27,71.4,36.9,0.0
Chandler,2021-02-28,63.1,44.4,0.0
Chandler,2021-03-01,69.7,39.4,0.0
Chandler,2021-03-02,79.0,45.5,0.0
Chandler,2021-03-03,82.0,42.4,0.0
Chandler,2021-03-04,68.7,47.9,0.008
Chandler,2021-03-05,80.9,46.0,0.0
Chandler,2021-03-06,85.6,51.4,0.0
Chandler,2021-03-07,87.1,49.7,0.0
Chandler,2021-03-08,84.8,62.2,0.0
Chandler,2021-03-09,77.5,57.7,0.012
Chandler,2021-03-10,67.6,45.1,0.0
Chandler,2021-03-11,66.7,43.9,0.024
Chandler,2021-03-12,60.4,45.3,0.189
Chandler,2021-03-13,59.6,42.8,0.063
Chandler,2021-03-14,67.6,37.8,0.0
Chandler,2021-03-15,72.7,42.7,0.0
Chandler,2021-03-16,60.9,45.3,0.004
Chandler,2021-03-17,71.7,37.5,0.0
Chandler,2021-03-18,81.3,42.6,0.0
Chandler,2021-03-19,84.0,46.0,0.0
Chandler,2021-03-20,85.0,49.5,0.0
Chandler,2021-03-21,77.0,52.1,0.0
Chandler,2021-03-22,71.2,51.4,0.0
Chandler,2021-03-23,68.1,45.8,0.102
Chandler,2021-03-24,70.3,43.0,0.008
Chandler,2021-03-25,74.7,47.8,0.0
Chandler,2021-03-26,64.5,47.8,0.008
Chandler,2021-03-27,76.7,44.6,0.0
Chandler,2021-03-28,85.2,50.5,0.0
Chandler,2021-03-29,88.2,51.0,0.0
Chandler,2021-03-30,85.9,50.6,0.0
Chandler,2021-03-31,88.5,50.3,0.0
Chandler,2021-04-01,95.9,56.7,0.0
Chandler,2021-04-02,91.9,64.9,0.0
Chandler,2021-04-03,95.7,57.3,0.0
Chandler,2021-04-04,98.1,58.0,0.0
Chandler,2021-04-05,95.4,56.9,0.0
Chandler,2021-04-06,90.5,68.0,0.0
Chandler,2021-04-07,90.8,58.2,0.0
Chandler,2021-04-08,92.5,61.3,0.0
Chandler,2021-04-09,92.7,61.9,0.0
Chandler,2021-04-10,93.7,55.4,0.0
Chandler,2021-04-11,91.9,58.3,0.0
Chandler,2021-04-12,90.1,63.7,0.0
Chandler,2021-04-13,90.2,62.7,0.0
Chandler,2021-04-14,87.7,58.6,0.0
Chandler,2021-04-15,81.8,60.0,0.0
Chandler,2021-04-16,82.6,58.5,0.0
Chandler,2021-04-17,85.2,52.4,0.0
Chandler,2021-04-18,81.3,56.6,0.0
Chandler,2021-04-19,86.5,58.6,0.0
Chandler,2021-04-20,92.4,53.9,0.0
Chandler,2021-04-21,90.5,62.8,0.0
Chandler,2021-04-22,81.8,60.7,0.0
Chandler,2021-04-23,84.5,57.7,0.0
Chandler,2021-04-24,91.2,56.9,0.0
Chandler,2021-04-25,94.0,56.9,0.0
Chandler,2021-04-26,79.9,61.3,0.0
Chandler,2021-04-27,73.9,55.6,0.031
Chandler,2021-04-28,80.0,51.6,0.0
Chandler,2021-04-29,93.6,54.6,0.0
Chandler,2021-04-30,96.0,64.1,0.0
Chandler,2021-05-01,99.1,70.3,0.0
Chandler,2021-05-02,93.6,68.9,0.0
Chandler,2021-05-03,88.0,63.1,0.0
Chandler,2021-05-04,93.4,61.0,0.0
Chandler,2021-05-05,98.2,63.3,0.0
Chandler,2021-05-06,99.9,63.3,0.0
Chandler,2021-05-07,95.3,69.4,0.0
Chandler,2021-05-08,92.8,62.9,0.0
Chandler,2021-05-09,94.6,64.7,0.0
Chandler,2021-05-10,95.8,65.3,0.0
Chandler,2021-05-11,93.9,62.6,0.0
Chandler,2021-05-12,98.9,62.6,0.0
Chandler,2021-05-13,101.4,65.0,0.0
Chandler,2021-05-14,100.9,66.6,0.0
Chandler,2021-05-15,97.7,73.1,0.0
Chandler,2021-05-16,91.3,67.0,0.0
Chandler,2021-05-17,87.7,64.8,0.0
Chandler,2021-05-18,93.7,65.9,0.0
Chandler,2021-05-19,100.0,69.1,0.0
Chandler,2021-05-20,99.1,71.7,0.0
Chandler,2021-05-21,85.1,66.3,0.0
Chandler,2021-05-22,81.1,56.8,0.0
Chandler,2021-05-23,87.2,53.7,0.0
Chandler,2021-05-24,93.5,56.4,0.0
Chandler,2021-05-25,97.0,61.2,0.0
Chandler,2021-05-26,96.6,66.9,0.0
Chandler,2021-05-27,98.3,64.3,0.0
Chandler,2021-05-28,100.2,64.4,0.0
Chandler,2021-05-29,101.5,67.0,0.0
Chandler,2021-05-30,99.6,67.0,0.0
Chandler,2021-05-31,100.1,69.9,0.0
Chandler,2021-06-01,102.7,70.4,0.0
Chandler,2021-06-02,105.2,74.8,0.0
Chandler,2021-06-03,105.6,75.3,0.0
Chandler,2021-06-04,106.4,73.4,0.0
Chandler,2021-06-05,107.2,74.6,0.0
Chandler,2021-06-06,104.2,75.3,0.0
Chandler,2021-06-07,102.1,70.2,0.0
Chandler,2021-06-08,98.2,69.0,0.0
Chandler,2021-06-09,102.7,72.1,0.0
Chandler,2021-06-10,101.1,72.2,0.0
Chandler,2021-06-11,104.2,67.8,0.0
Chandler,2021-06-12,109.9,67.3,0.0
Chandler,2021-06-13,114.1,74.7,0.0
Chandler,2021-06-14,115.8,76.4,0.0
Chandler,2021-06-15,116.2,80.6,0.0
Chandler,2021-06-16,114.6,85.4,0.0
Chandler,2021-06-17,116.2,85.9,0.0
Chandler,2021-06-18,116.3,85.6,0.0
Chandler,2021-06-19,114.4,84.5,0.0
Chandler,2021-06-20,112.5,84.6,0.0
Chandler,2021-06-21,107.9,81.6,0.0
Chandler,2021-06-22,106.4,81.1,0.016
Chandler,2021-06-23,95.6,81.8,0.004
Chandler,2021-06-24,100.3,76.6,0.0
Chandler,2021-06-25,106.1,80.7,0.0
Chandler,2021-06-26,107.7,80.0,0.0
Chandler,2021-06-27,112.6,81.5,0.0
Chandler,2021-06-28,107.6,84.5,0.0
Chandler,2021-06-29,104.5,84.4,0.0
Chandler,2021-06-30,104.5,84.5,0.0
Chandler,2021-07-01,105.5,80.4,0.0
Chandler,2021-07-02,101.8,87.0,0.0
Chandler,2021-07-03,102.4,80.3,0.236
Chandler,2021-07-04,100.1,77.7,0.118
Chandler,2021-07-05,105.5,85.6,0.0
Chandler,2021-07-06,110.2,84.9,0.0
Chandler,2021-07-07,110.8,84.2,0.0
Chandler,2021-07-08,110.6,88.9,0.0
Chandler,2021-07-09,109.7,90.1,0.0
Chandler,2021-07-10,111.2,89.6,0.0
Chandler,2021-07-11,109.7,82.9,0.0
Chandler,2021-07-12,108.6,87.0,0.0
Chandler,2021-07-13,103.6,85.8,0.0
Chandler,2021-07-14,97.7,78.3,0.13
Chandler,2021-07-15,103.1,82.6,0.0
Chandler,2021-07-16,102.2,83.5,0.043
Chandler,2021-07-17,98.6,76.6,0.004
Chandler,2021-07-18,97.2,79.0,0.106
Chandler,2021-07-19,100.9,78.7,0.0
Chandler,2021-07-20,103.4,79.4,0.146
Chandler,2021-07-21,102.0,81.3,0.224
Chandler,2021-07-22,104.5,81.2,0.0
Chandler,2021-07-23,90.7,73.3,0.937
Chandler,2021-07-24,78.9,71.8,3.472
Chandler,2021-07-25,76.9,71.7,1.453
Chandler,2021-07-26,93.0,70.8,0.075
Chandler,2021-07-27,98.2,72.3,0.0
Chandler,2021-07-28,100.0,75.1,0.0
Chandler,2021-07-29,101.4,75.7,0.0
Chandler,2021-07-30,98.0,77.8,0.028
Chandler,2021-07-31,95.7,78.3,0.0
Chandler,2021-08-01,100.2,80.2,0.004
Chandler,2021-08-02,107.4,81.9,0.0
Chandler,2021-08-03,110.4,86.2,0.0
Chandler,2021-08-04,113.5,81.7,0.0
Chandler,2021-08-05,109.0,85.6,0.0
Chandler,2021-08-06,106.9,86.0,0.0
Chandler,2021-08-07,106.2,85.7,0.0
Chandler,2021-08-08,106.4,85.3,0.0
Chandler,2021-08-09,92.4,80.2,0.24
Chandler,2021-08-10,90.6,75.3,0.634
Chandler,2021-08-11,88.8,73.9,0.992
Chandler,2021-08-12,88.1,74.4,0.28
Chandler,2021-08-13,91.9,75.9,0.016
Chandler,2021-08-14,89.2,74.3,0.051
Chandler,2021-08-15,95.4,78.2,0.016
Chandler,2021-08-16,93.3,79.1,0.016
Chandler,2021-08-17,91.6,72.9,0.283
Chandler,2021-08-18,86.7,72.3,0.803
Chandler,2021-08-19,95.1,71.4,0.0
Chandler,2021-08-20,94.2,75.1,0.0
Chandler,2021-08-21,97.5,73.6,0.0
Chandler,2021-08-22,99.9,74.8,0.0
Chandler,2021-08-23,105.1,70.8,0.0
Chandler,2021-08-24,103.8,73.3,0.0
Chandler,2021-08-25,106.9,80.1,0.0
Chandler,2021-08-26,109.5,79.1,0.0
Chandler,2021-08-27,109.9,81.9,0.0
Chandler,2021-08-28,106.9,83.5,0.0
Chandler,2021-08-29,105.9,83.3,0.0
Chandler,2021-08-30,102.9,83.7,0.0
Chandler,2021-08-31,91.9,76.2,0.902
Chandler,2021-09-01,90.4,73.3,0.256
Chandler,2021-09-02,90.2,74.6,0.283
Chandler,2021-09-03,96.6,72.4,0.0
Chandler,2021-09-04,102.9,74.9,0.0
Chandler,2021-09-05,106.1,78.7,0.0
Chandler,2021-09-06,103.7,76.3,0.0
Chandler,2021-09-07,106.5,78.8,0.0
Chandler,2021-09-08,106.3,80.6,0.0
Chandler,2021-09-09,109.0,79.4,0.0
Chandler,2021-09-10,106.1,80.6,0.0
Chandler,2021-09-11,105.6,80.2,0.0
Chandler,2021-09-12,108.3,76.3,0.0
Chandler,2021-09-13,108.0,77.8,0.0
Chandler,2021-09-14,106.0,76.7,0.0
Chandler,2021-09-15,105.8,75.4,0.0
Chandler,2021-09-16,104.1,73.1,0.0
Chandler,2021-09-17,100.6,79.9,0.0
Chandler,2021-09-18,98.4,81.1,0.0
Chandler,2021-09-19,98.8,77.5,0.008
Chandler,2021-09-20,97.7,70.0,0.0
Chandler,2021-09-21,101.8,66.9,0.0
Chandler,2021-09-22,103.4,69.4,0.0
Chandler,2021-09-23,97.7,72.4,0.02
Chandler,2021-09-24,93.5,74.1,0.008
Chandler,2021-09-25,92.9,71.7,0.0
Chandler,2021-09-26,80.1,68.6,0.547
Chandler,2021-09-27,81.9,67.6,0.012
Chandler,2021-09-28,88.5,67.3,0.0
Chandler,2021-09-29,86.4,65.8,0.012
Chandler,2021-09-30,86.2,64.7,0.0
Chandler,2021-10-01,90.0,62.3,0.0
Chandler,2021-10-02,92.9,61.5,0.0
Chandler,2021-10-03,96.2,64.4,0.0
Chandler,2021-10-04,98.7,67.6,0.0
Chandler,2021-10-05,88.5,70.6,0.031
Chandler,2021-10-06,89.2,64.5,0.0
Chandler,2021-10-07,92.0,65.1,0.0
Chandler,2021-10-08,92.6,66.5,0.0
Chandler,2021-10-09,85.4,68.2,0.0
Chandler,2021-10-10,83.8,59.0,0.0
Chandler,2021-10-11,86.5,54.2,0.0
Chandler,2021-10-12,68.6,53.6,0.0
Chandler,2021-10-13,74.6,47.0,0.0
Chandler,2021-10-14,78.8,46.5,0.0
Chandler,2021-10-15,84.9,51.2,0.0
Chandler,2021-10-16,92.0,61.6,0.0
Chandler,2021-10-17,90.1,59.8,0.0
Chandler,2021-10-18,84.8,58.5,0.0
Chandler,2021-10-19,79.5,56.3,0.0
Chandler,2021-10-20,85.6,54.4,0.0
Chandler,2021-10-21,89.2,53.5,0.0
Chandler,2021-10-22,88.8,55.3,0.0
Chandler,2021-10-23,86.0,55.6,0.0
Chandler,2021-10-24,87.4,57.5,0.0
Chandler,2021-10-25,91.2,58.4,0.0
Chandler,2021-10-26,75.7,60.0,0.004
Chandler,2021-10-27,77.5,50.2,0.0
Chandler,2021-10-28,88.5,51.7,0.0
Chandler,2021-10-29,92.3,56.8,0.0
Chandler,2021-10-30,88.8,54.1,0.0
Chandler,2021-10-31,86.9,55.2,0.0
Chandler,2021-11-01,84.4,56.1,0.0
Chandler,2021-11-02,83.1,53.4,0.0
Chandler,2021-11-03,85.0,50.5,0.0
Chandler,2021-11-04,88.7,53.4,0.0
Chandler,2021-11-05,89.5,53.4,0.0
Chandler,2021-11-06,89.2,53.4,0.0
Chandler,2021-11-07,86.5,53.6,0.0
Chandler,2021-11-08,86.8,52.0,0.0
Chandler,2021-11-09,82.4,53.8,0.0
Chandler,2021-11-10,81.7,50.0,0.0
Chandler,2021-11-11,84.7,52.8,0.0
Chandler,2021-11-12,88.5,55.1,0.0
Chandler,2021-11-13,87.7,51.4,0.0
Chandler,2021-11-14,86.5,51.2,0.0
Chandler,2021-11-15,85.6,47.7,0.0
Chandler,2021-11-16,83.8,49.6,0.0
Chandler,2021-11-17,79.7,47.5,0.0
Chandler,2021-11-18,81.8,45.1,0.0
Chandler,2021-11-19,82.2,52.3,0.0
Chandler,2021-11-20,78.4,46.6,0.0
Chandler,2021-11-21,83.4,54.9,0.0
Chandler,2021-11-22,83.1,56.3,0.0
Chandler,2021-11-23,79.8,60.1,0.0
Chandler,2021-11-24,74.8,54.8,0.0
Chandler,2021-11-25,76.2,51.6,0.0
Chandler,2021-11-26,77.6,54.1,0.0
Chandler,2021-11-27,74.5,45.2,0.0
Chandler,2021-11-28,79.3,43.5,0.0
Chandler,2021-11-29,80.7,47.1,0.0
Chandler,2021-11-30,80.1,46.6,0.0
Chandler,2021-12-01,81.7,47.1,0.0
Chandler,2021-12-02,81.5,48.8,0.0
Chandler,2021-12-03,77.9,47.2,0.0
Chandler,2021-12-04,76.4,46.1,0.0
Chandler,2021-12-05,74.7,45.1,0.0
Chandler,2021-12-06,75.1,45.1,0.0
Chandler,2021-12-07,76.4,46.4,0.0
Chandler,2021-12-08,71.7,49.0,0.0
Chandler,2021-12-09,69.6,48.4,0.291
Chandler,2021-12-10,62.2,48.9,0.075
Chandler,2021-12-11,65.1,42.5,0.0
Chandler,2021-12-12,71.1,38.2,0.0
Chandler,2021-12-13,70.4,41.0,0.0
Chandler,2021-12-14,72.1,54.2,0.008
Chandler,2021-12-15,58.2,40.7,0.047
Chandler,2021-12-16,60.4,33.5,0.0
Chandler,2021-12-17,60.1,33.9,0.0
Chandler,2021-12-18,65.7,35.6,0.0
Chandler,2021-12-19,67.7,44.2,0.0
Chandler,2021-12-20,69.0,35.8,0.0
Chandler,2021-12-21,68.2,43.1,0.0
Chandler,2021-12-22,69.8,40.6,0.0
Chandler,2021-12-23,73.7,50.0,0.0
Chandler,2021-12-24,61.5,51.9,0.957
Chandler,2021-12-25,63.9,47.8,0.0
Chandler,2021-12-26,64.3,48.7,0.004
Chandler,2021-12-27,59.5,43.6,0.008
Chandler,2021-12-28,58.6,39.5,0.063
Chandler,2021-12-29,58.7,41.2,0.031
Chandler,2021-12-30,61.5,41.1,0.0
Chandler,2021-12-31,57.7,46.6,0.335
Chandler,2022-01-01,54.5,38.0,0.122
Chandler,2022-01-02,57.7,31.3,0.0
Chandler,2022-01-03,61.6,35.2,0.0
Chandler,2022-01-04,60.5,32.4,0.0
Chandler,2022-01-05,62.5,34.1,0.0
Chandler,2022-01-06,64.7,36.1,0.0
Chandler,2022-01-07,69.2,36.8,0.0
Chandler,2022-01-08,66.4,43.3,0.0
Chandler,2022-01-09,73.1,38.2,0.0
Chandler,2022-01-10,71.9,46.9,0.0
Chandler,2022-01-11,71.3,47.5,0.0
Chandler,2022-01-12,70.6,42.2,0.0
Chandler,2022-01-13,70.8,36.2,0.0
Chandler,2022-01-14,70.7,43.3,0.0
Chandler,2022-01-15,71.8,42.0,0.0
Chandler,2022-01-16,72.9,39.7,0.0
Chandler,2022-01-17,70.1,40.7,0.0
Chandler,2022-01-18,67.8,44.2,0.091
Chandler,2022-01-19,67.9,42.6,0.0
Chandler,2022-01-20,70.8,39.8,0.0
Chandler,2022-01-21,69.2,38.6,0.0
Chandler,2022-01-22,66.7,45.3,0.094
Chandler,2022-01-23,68.9,44.2,0.0
Chandler,2022-01-24,66.7,39.3,0.0
Chandler,2022-01-25,66.8,37.0,0.0
Chandler,2022-01-26,67.0,36.3,0.0
Chandler,2022-01-27,65.9,33.4,0.0
Chandler,2022-01-28,70.3,45.9,0.0
Chandler,2022-01-29,73.0,44.0,0.0
Chandler,2022-01-30,71.4,48.1,0.0
Chandler,2022-01-31,70.1,39.1,0.0
Chandler,2022-02-01,67.1,42.4,0.0
Chandler,2022-02-02,59.3,41.2,0.0
Chandler,2022-02-03,55.9,34.0,0.0
Chandler,2022-02-04,63.4,35.0,0.0
Chandler,2022-02-05,66.5,35.9,0.0
Chandler,2022-02-06,70.4,36.0,0.0
Chandler,2022-02-07,70.7,48.0,0.0
Chandler,2022-02-08,73.9,44.2,0.0
Chandler,2022-02-09,76.9,46.2,0.0
Chandler,2022-02-10,80.2,46.0,0.0
Chandler,2022-02-11,78.4,45.3,0.0
Chandler,2022-02-12,80.3,45.3,0.0
Chandler,2022-02-13,80.8,41.9,0.0
Chandler,2022-02-14,80.5,40.2,0.0
Chandler,2022-02-15,77.7,42.0,0.0
Chandler,2022-02-16,62.5,48.3,0.075
Chandler,2022-02-17,64.0,40.9,0.0
Chandler,2022-02-18,69.2,36.4,0.0
Chandler,2022-02-19,77.2,41.5,0.0
Chandler,2022-02-20,77.8,42.0,0.0
Chandler,2022-02-21,69.4,49.3,0.0
Chandler,2022-02-22,66.1,45.6,0.0
Chandler,2022-02-23,52.7,37.6,0.594
Chandler,2022-02-24,55.1,32.7,0.0
Chandler,2022-02-25,62.2,32.8,0.0
Chandler,2022-02-26,66.1,34.9,0.0
Chandler,2022-02-27,70.9,37.2,0.0
Chandler,2022-02-28,81.1,50.7,0.0
Chandler,2022-03-01,82.9,48.7,0.0
Chandler,2022-03-02,85.9,44.6,0.0
Chandler,2022-03-03,85.7,50.5,0.0
Chandler,2022-03-04,70.6,52.5,0.043
Chandler,2022-03-05,69.5,47.0,0.024
Chandler,2022-03-06,62.1,40.3,0.0
Chandler,2022-03-07,67.1,39.0,0.0
Chandler,2022-03-08,64.9,40.6,0.0
Chandler,2022-03-09,70.3,35.3,0.0
Chandler,2022-03-10,71.2,39.6,0.0
Chandler,2022-03-11,68.1,38.8,0.0
Chandler,2022-03-12,77.1,41.3,0.0
Chandler,2022-03-13,78.9,40.9,0.0
Chandler,2022-03-14,80.8,44.0,0.0
Chandler,2022-03-15,85.2,46.2,0.0
Chandler,2022-03-16,83.4,47.9,0.0
Chandler,2022-03-17,77.8,53.9,0.0
Chandler,2022-03-18,81.4,45.8,0.0
Chandler,2022-03-19,83.8,46.9,0.0
Chandler,2022-03-20,72.4,51.0,0.008
Chandler,2022-03-21,75.7,46.5,0.028
Chandler,2022-03-22,81.0,46.0,0.0
Chandler,2022-03-23,76.7,53.5,0.0
Chandler,2022-03-24,85.1,45.1,0.0
Chandler,2022-03-25,94.1,48.4,0.0
Chandler,2022-03-26,92.0,52.8,0.0
Chandler,2022-03-27,93.6,53.6,0.0
Chandler,2022-03-28,81.4,61.0,0.031
Chandler,2022-03-29,67.3,49.3,0.453
Chandler,2022-03-30,76.3,47.3,0.0
Chandler,2022-03-31,79.7,51.8,0.0
Chandler,2022-04-01,84.1,52.0,0.0
Chandler,2022-04-02,86.8,54.4,0.0
Chandler,2022-04-03,84.8,56.2,0.0
Chandler,2022-04-04,87.0,54.5,0.0
Chandler,2022-04-05,91.4,57.7,0.0
Chandler,2022-04-06,92.2,58.9,0.0
Chandler,2022-04-07,93.7,58.1,0.0
Chandler,2022-04-08,95.8,62.1,0.0
Chandler,2022-04-09,95.6,56.6,0.0
Chandler,2022-04-10,88.4,63.2,0.0
Chandler,2022-04-11,86.8,63.3,0.0
Chandler,2022-04-12,74.2,58.1,0.0
Chandler,2022-04-13,74.7,47.5,0.0
Chandler,2022-04-14,82.3,45.4,0.0
Chandler,2022-04-15,87.9,52.3,0.0
Chandler,2022-04-16,89.2,55.9,0.0
Chandler,2022-04-17,91.4,54.7,0.0
Chandler,2022-04-18,96.4,53.7,0.0
Chandler,2022-04-19,98.3,63.7,0.0
Chandler,2022-04-20,89.8,61.3,0.0
Chandler,2022-04-21,92.3,60.1,0.0
Chandler,2022-04-22,78.0,64.5,0.0
Chandler,2022-04-23,80.6,53.4,0.0
Chandler,2022-04-24,85.5,55.3,0.0
Chandler,2022-04-25,93.5,55.2,0.0
Chandler,2022-04-26,97.8,58.3,0.0
Chandler,2022-04-27,93.9,63.1,0.0
Chandler,2022-04-28,90.4,62.4,0.0
Chandler,2022-04-29,89.8,58.7,0.0
Chandler,2022-04-30,95.3,58.4,0.0
Chandler,2022-05-01,95.4,58.7,0.0
Chandler,2022-05-02,92.2,66.7,0.0
Chandler,2022-05-03,91.7,65.0,0.0
Chandler,2022-05-04,91.9,62.1,0.0
Chandler,2022-05-05,94.6,60.7,0.0
Chandler,2022-05-06,98.5,61.4,0.0
Chandler,2022-05-07,101.5,64.9,0.0
Chandler,2022-05-08,94.0,69.4,0.0
Chandler,2022-05-09,87.6,64.5,0.0
Chandler,2022-05-10,89.4,61.2,0.0
Chandler,2022-05-11,87.3,63.1,0.0
Chandler,2022-05-12,87.7,56.5,0.0
Chandler,2022-05-13,95.6,55.4,0.0
Chandler,2022-05-14,103.6,60.0,0.0
Chandler,2022-05-15,105.4,63.1,0.0
Chandler,2022-05-16,103.7,70.2,0.0
Chandler,2022-05-17,100.4,70.3,0.0
Chandler,2022-05-18,99.0,70.3,0.0
Chandler,2022-05-19,99.1,68.5,0.0
Chandler,2022-05-20,98.1,70.6,0.0
Chandler,2022-05-21,93.7,67.1,0.0
Chandler,2022-05-22,94.4,66.8,0.0
Chandler,2022-05-23,94.5,65.1,0.0
Chandler,2022-05-24,97.7,66.5,0.0
Chandler,2022-05-25,102.7,70.1,0.0
Chandler,2022-05-26,104.5,70.4,0.0
Chandler,2022-05-27,104.8,72.8,0.0
Chandler,2022-05-28,101.9,75.6,0.0
Chandler,2022-05-29,93.9,71.7,0.0
Chandler,2022-05-30,94.1,68.1,0.0
Chandler,2022-05-31,96.5,68.1,0.0
Chandler,2022-06-01,99.4,68.5,0.0
Chandler,2022-06-02,102.2,67.6,0.0
Chandler,2022-06-03,102.1,69.6,0.0
Chandler,2022-06-04,101.5,69.8,0.0
Chandler,2022-06-05,100.9,72.6,0.0
Chandler,2022-06-06,103.5,74.8,0.0
Chandler,2022-06-07,105.6,76.8,0.0
Chandler,2022-06-08,108.5,76.4,0.0
Chandler,2022-06-09,109.2,79.3,0.0
Chandler,2022-06-10,111.4,82.2,0.0
Chandler,2022-06-11,112.1,84.5,0.0
Chandler,2022-06-12,111.3,84.9,0.0
Chandler,2022-06-13,105.9,82.6,0.0
Chandler,2022-06-14,103.2,78.4,0.0
Chandler,2022-06-15,106.2,75.3,0.0
Chandler,2022-06-16,112.0,75.3,0.0
Chandler,2022-06-17,110.9,81.5,0.0
Chandler,2022-06-18,99.7,78.4,0.106
Chandler,2022-06-19,100.4,75.8,0.0
Chandler,2022-06-20,102.7,72.9,0.0
Chandler,2022-06-21,106.5,74.3,0.0
Chandler,2022-06-22,105.8,83.7,0.0
Chandler,2022-06-23,107.3,81.9,0.0
Chandler,2022-06-24,107.4,83.3,0.0
Chandler,2022-06-25,106.2,80.9,0.0
Chandler,2022-06-26,102.6,80.5,0.35
Chandler,2022-06-27,101.8,77.2,0.024
Chandler,2022-06-28,107.4,83.2,0.0
Chandler,2022-06-29,107.3,85.7,0.047
Chandler,2022-06-30,104.5,80.4,0.008
Chandler,2022-07-01,106.7,82.8,0.0
Chandler,2022-07-02,104.7,83.0,0.0
Chandler,2022-07-03,107.5,83.7,0.0
Chandler,2022-07-04,104.8,79.5,0.0
Chandler,2022-07-05,103.5,74.2,0.0
Chandler,2022-07-06,105.2,77.7,0.0
Chandler,2022-07-07,107.8,76.2,0.0
Chandler,2022-07-08,110.6,80.6,0.0
Chandler,2022-07-09,112.9,83.3,0.0
Chandler,2022-07-10,112.1,83.8,0.0
Chandler,2022-07-11,114.8,88.0,0.0
Chandler,2022-07-12,112.4,86.8,0.0
Chandler,2022-07-13,109.5,86.5,0.008
Chandler,2022-07-14,107.6,87.3,0.008
Chandler,2022-07-15,111.3,86.2,0.0
Chandler,2022-07-16,113.0,87.6,0.0
Chandler,2022-07-17,109.9,86.9,0.0
Chandler,2022-07-18,106.3,84.9,0.0
Chandler,2022-07-19,109.8,85.7,0.0
Chandler,2022-07-20,109.1,87.4,0.0
Chandler,2022-07-21,109.8,87.3,0.0
Chandler,2022-07-22,111.7,89.3,0.0
Chandler,2022-07-23,104.6,78.9,0.362
Chandler,2022-07-24,98.9,76.6,0.28
Chandler,2022-07-25,96.5,79.7,0.244
Chandler,2022-07-26,95.6,73.8,0.539
Chandler,2022-07-27,92.7,77.0,0.157
Chandler,2022-07-28,93.2,76.9,0.579
Chandler,2022-07-29,96.8,76.4,0.291
Chandler,2022-07-30,93.1,76.6,1.319
Chandler,2022-07-31,99.2,76.4,0.118
Chandler,2022-08-01,101.8,77.9,0.008
Chandler,2022-08-02,106.3,85.2,0.0
Chandler,2022-08-03,105.3,83.4,0.012
Chandler,2022-08-04,97.3,77.5,0.008
Chandler,2022-08-05,103.6,78.4,0.0
Chandler,2022-08-06,109.4,80.5,0.0
Chandler,2022-08-07,106.6,84.3,0.004
Chandler,2022-08-08,102.8,82.2,0.043
Chandler,2022-08-09,98.4,74.3,0.039
Chandler,2022-08-10,102.4,77.3,0.02
Chandler,2022-08-11,105.7,80.4,0.0
Chandler,2022-08-12,94.6,75.7,0.783
Chandler,2022-08-13,103.3,78.0,0.433
Chandler,2022-08-14,99.1,76.0,0.402
Chandler,2022-08-15,100.6,76.6,0.0
Chandler,2022-08-16,105.3,79.9,0.0
Chandler,2022-08-17,106.5,82.0,0.051
Chandler,2022-08-18,103.2,77.9,0.126
Chandler,2022-08-19,92.8,76.6,0.417
Chandler,2022-08-20,90.4,73.2,0.327
Chandler,2022-08-21,94.2,73.8,0.016
Chandler,2022-08-22,97.6,76.1,0.0
Chandler,2022-08-23,101.8,79.3,0.102
Chandler,2022-08-24,101.0,75.0,0.071
Chandler,2022-08-25,102.0,79.3,0.217
Chandler,2022-08-26,101.2,75.1,0.614
Chandler,2022-08-27,104.5,79.5,0.024
Chandler,2022-08-28,102.1,79.0,0.004
Chandler,2022-08-29,107.0,81.5,0.0
Chandler,2022-08-30,110.6,81.4,0.0
Chandler,2022-08-31,108.1,82.7,0.0
Chandler,2022-09-01,106.5,84.2,0.0
Chandler,2022-09-02,106.9,82.9,0.0
Chandler,2022-09-03,106.9,83.2,0.0
Chandler,2022-09-04,108.3,84.0,0.0
Chandler,2022-09-05,110.0,80.1,0.0
Chandler,2022-09-06,110.4,86.6,0.0
Chandler,2022-09-07,108.1,80.4,0.0
Chandler,2022-09-08,105.3,83.7,0.0
Chandler,2022-09-09,98.2,74.0,0.154
Chandler,2022-09-10,92.8,71.5,0.031
Chandler,2022-09-11,102.2,78.6,0.0
Chandler,2022-09-12,97.3,74.5,0.02
Chandler,2022-09-13,92.8,70.3,0.24
Chandler,2022-09-14,96.2,75.5,0.0
Chandler,2022-09-15,97.1,73.2,0.0
Chandler,2022-09-16,97.0,75.4,0.0
Chandler,2022-09-17,102.3,70.7,0.0
Chandler,2022-09-18,102.7,70.8,0.0
Chandler,2022-09-19,103.0,73.3,0.0
Chandler,2022-09-20,95.8,74.9,0.071
Chandler,2022-09-21,86.2,75.5,0.638
Chandler,2022-09-22,90.5,74.3,0.299
Chandler,2022-09-23,99.0,74.8,0.008
Chandler,2022-09-24,100.4,74.3,0.0
Chandler,2022-09-25,103.8,74.0,0.0
Chandler,2022-09-26,103.2,73.7,0.0
Chandler,2022-09-27,103.6,78.5,0.0
Chandler,2022-09-28,102.3,79.3,0.008
Chandler,2022-09-29,97.3,72.8,0.0
Chandler,2022-09-30,97.2,70.5,0.0
Chandler,2022-10-01,95.5,72.2,0.0
Chandler,2022-10-02,94.3,76.4,0.0
Chandler,2022-10-03,97.7,74.2,0.067
Chandler,2022-10-04,91.9,68.3,0.0
Chandler,2022-10-05,93.0,68.2,0.012
Chandler,2022-10-06,90.2,69.7,0.012
Chandler,2022-10-07,92.3,71.3,0.0
Chandler,2022-10-08,87.9,69.8,0.047
Chandler,2022-10-09,89.4,64.1,0.0
Chandler,2022-10-10,90.5,67.5,0.0
Chandler,2022-10-11,92.7,67.4,0.0
Chandler,2022-10-12,94.1,64.6,0.0
Chandler,2022-10-13,96.2,65.3,0.0
Chandler,2022-10-14,96.8,63.3,0.0
Chandler,2022-10-15,83.8,62.7,0.984
Chandler,2022-10-16,74.4,58.2,0.177
Chandler,2022-10-17,82.4,57.0,0.0
Chandler,2022-10-18,85.0,60.6,0.0
Chandler,2022-10-19,87.0,61.7,0.0
Chandler,2022-10-20,90.4,59.7,0.0
Chandler,2022-10-21,88.7,58.8,0.0
Chandler,2022-10-22,88.3,63.6,0.0
Chandler,2022-10-23,76.7,62.7,0.016
Chandler,2022-10-24,70.6,53.2,0.0
Chandler,2022-10-25,75.1,44.0,0.0
Chandler,2022-10-26,78.4,45.5,0.0
Chandler,2022-10-27,78.8,46.6,0.0
Chandler,2022-10-28,79.9,49.0,0.0
Chandler,2022-10-29,82.1,49.7,0.0
Chandler,2022-10-30,79.3,47.3,0.0
Chandler,2022-10-31,81.5,45.4,0.0
Chandler,2022-11-01,82.0,53.3,0.0
Chandler,2022-11-02,80.1,56.3,0.0
Chandler,2022-11-03,63.7,44.7,0.409
Chandler,2022-11-04,62.5,39.5,0.0
Chandler,2022-11-05,69.3,39.7,0.0
Chandler,2022-11-06,78.1,43.6,0.0
Chandler,2022-11-07,79.1,47.5,0.0
Chandler,2022-11-08,81.1,48.4,0.0
Chandler,2022-11-09,67.7,54.2,0.067
Chandler,2022-11-10,67.7,46.6,0.0
Chandler,2022-11-11,69.7,39.5,0.0
Chandler,2022-11-12,71.7,40.3,0.0
Chandler,2022-11-13,68.3,39.0,0.0
Chandler,2022-11-14,65.2,39.0,0.0
Chandler,2022-11-15,70.6,39.7,0.0
Chandler,2022-11-16,70.2,44.1,0.0
Chandler,2022-11-17,71.4,45.5,0.0
Chandler,2022-11-18,69.7,39.1,0.0
Chandler,2022-11-19,72.7,40.4,0.0
Chandler,2022-11-20,71.3,48.2,0.0
Chandler,2022-11-21,72.3,46.9,0.0
Chandler,2022-11-22,74.1,43.3,0.0
Chandler,2022-11-23,70.5,39.3,0.0
Chandler,2022-11-24,68.5,41.6,0.0
Chandler,2022-11-25,69.6,43.1,0.0
Chandler,2022-11-26,67.0,36.7,0.0
Chandler,2022-11-27,67.3,35.4,0.0
Chandler,2022-11-28,70.8,39.0,0.0
Chandler,2022-11-29,66.4,46.5,0.0
Chandler,2022-11-30,71.2,39.3,0.0
Chandler,2022-12-01,72.1,39.6,0.0
Chandler,2022-12-02,68.8,46.0,0.0
Chandler,2022-12-03,57.7,44.7,1.154
Chandler,2022-12-04,66.0,55.3,0.512
Chandler,2022-12-05,68.9,54.3,0.071
Chandler,2022-12-06,67.3,48.8,0.008
Chandler,2022-12-07,63.8,49.2,0.193
Chandler,2022-12-08,64.7,41.5,0.0
Chandler,2022-12-09,63.0,40.7,0.0
Chandler,2022-12-10,63.9,34.7,0.0
Chandler,2022-12-11,68.5,37.3,0.0
Chandler,2022-12-12,55.2,42.6,0.535
Chandler,2022-12-13,52.2,36.3,0.028
Chandler,2022-12-14,52.4,31.6,0.0
Chandler,2022-12-15,54.4,30.1,0.0
Chandler,2022-12-16,58.5,33.0,0.0
Chandler,2022-12-17,59.8,33.5,0.0
Chandler,2022-12-18,57.8,39.3,0.004
Chandler,2022-12-19,60.6,33.2,0.0
Chandler,2022-12-20,62.5,35.8,0.0
Chandler,2022-12-21,63.1,31.0,0.0
Chandler,2022-12-22,63.6,32.4,0.0
Chandler,2022-12-23,65.4,36.1,0.0
Chandler,2022-12-24,67.7,37.3,0.0
Chandler,2022-12-25,73.1,44.7,0.0
Chandler,2022-12-26,73.1,40.6,0.0
Chandler,2022-12-27,74.0,42.6,0.0
Chandler,2022-12-28,56.5,49.3,0.476
Chandler,2022-12-29,63.5,44.2,0.0
Chandler,2022-12-30,61.3,49.2,0.252
Chandler,2022-12-31,67.6,43.7,0.0
Chandler,2023-01-01,56.9,45.0,0.795
Chandler,2023-01-02,56.3,43.1,0.138
Chandler,2023-01-03,60.0,42.8,0.0
Chandler,2023-01-04,64.7,41.0,0.0
Chandler,2023-01-05,68.0,41.0,0.0
Chandler,2023-01-06,61.8,41.1,0.0
Chandler,2023-01-07,66.7,38.1,0.0
Chandler,2023-01-08,66.9,38.7,0.0
Chandler,2023-01-09,68.3,38.8,0.0
Chandler,2023-01-10,71.6,40.8,0.0
Chandler,2023-01-11,64.4,44.2,0.0
Chandler,2023-01-12,72.0,40.8,0.0
Chandler,2023-01-13,76.8,41.5,0.0
Chandler,2023-01-14,68.7,41.6,0.004
Chandler,2023-01-15,59.8,50.0,0.177
Chandler,2023-01-16,58.5,48.9,0.988
Chandler,2023-01-17,56.2,45.0,0.52
Chandler,2023-01-18,56.8,38.4,0.0
Chandler,2023-01-19,58.7,33.6,0.0
Chandler,2023-01-20,55.7,36.0,0.0
Chandler,2023-01-21,56.6,32.1,0.0
Chandler,2023-01-22,58.0,30.2,0.0
Chandler,2023-01-23,49.4,33.6,0.0
Chandler,2023-01-24,53.6,28.9,0.0
Chandler,2023-01-25,58.5,29.8,0.0
Chandler,2023-01-26,60.4,33.4,0.0
Chandler,2023-01-27,61.3,34.7,0.0
Chandler,2023-01-28,63.4,31.3,0.0
Chandler,2023-01-29,69.2,33.1,0.0
Chandler,2023-01-30,60.0,41.3,0.028
Chandler,2023-01-31,59.0,39.9,0.374
Chandler,2023-02-01,63.3,37.1,0.0
Chandler,2023-02-02,65.7,36.1,0.0
Chandler,2023-02-03,73.9,41.4,0.0
Chandler,2023-02-04,73.9,40.2,0.0
Chandler,2023-02-05,73.2,38.5,0.0
Chandler,2023-02-06,65.1,42.6,0.0
Chandler,2023-02-07,64.6,38.1,0.0
Chandler,2023-02-08,67.2,36.0,0.0
Chandler,2023-02-09,68.2,36.9,0.0
Chandler,2023-02-10,70.8,43.8,0.0
Chandler,2023-02-11,76.4,47.3,0.0
Chandler,2023-02-12,77.6,40.4,0.0
Chandler,2023-02-13,55.9,42.5,0.087
Chandler,2023-02-14,61.2,40.5,0.173
Chandler,2023-02-15,52.6,36.8,0.0
Chandler,2023-02-16,56.8,32.4,0.0
Chandler,2023-02-17,65.9,37.4,0.0
Chandler,2023-02-18,72.3,43.8,0.0
Chandler,2023-02-19,73.5,42.4,0.0
Chandler,2023-02-20,73.9,46.2,0.0
Chandler,2023-02-21,64.6,50.4,0.193
Chandler,2023-02-22,57.5,44.2,0.047
Chandler,2023-02-23,59.4,41.9,0.004
Chandler,2023-02-24,65.4,40.4,0.0
Chandler,2023-02-25,73.9,44.6,0.0
Chandler,2023-02-26,58.8,41.3,0.268
Chandler,2023-02-27,62.7,33.8,0.0
Chandler,2023-02-28,62.9,36.8,0.0
Chandler,2023-03-01,61.2,39.9,0.445
Chandler,2023-03-02,54.3,33.1,0.012
Chandler,2023-03-03,58.7,33.2,0.0
Chandler,2023-03-04,67.7,35.9,0.0
Chandler,2023-03-05,72.4,39.5,0.0
Chandler,2023-03-06,72.6,43.4,0.0
Chandler,2023-03-07,74.2,50.9,0.0
Chandler,2023-03-08,76.0,44.0,0.0
Chandler,2023-03-09,72.8,43.8,0.0
Chandler,2023-03-10,79.6,42.4,0.0
Chandler,2023-03-11,78.3,56.6,0.0
Chandler,2023-03-12,80.3,51.4,0.0
Chandler,2023-03-13,79.3,49.5,0.0
Chandler,2023-03-14,80.7,48.0,0.0
Chandler,2023-03-15,66.2,53.7,0.563
Chandler,2023-03-16,68.2,49.9,0.303
Chandler,2023-03-17,69.0,44.5,0.0
Chandler,2023-03-18,73.2,44.2,0.0
Chandler,2023-03-19,71.6,52.3,0.0
Chandler,2023-03-20,74.6,51.4,0.0
Chandler,2023-03-21,68.1,57.2,0.374
Chandler,2023-03-22,61.1,51.1,0.445
Chandler,2023-03-23,65.3,44.3,0.016
Chandler,2023-03-24,66.2,46.0,0.0
Chandler,2023-03-25,68.9,40.8,0.0
Chandler,2023-03-26,68.3,40.5,0.0
Chandler,2023-03-27,71.0,40.8,0.0
Chandler,2023-03-28,81.0,41.3,0.0
Chandler,2023-03-29,82.6,46.9,0.0
Chandler,2023-03-30,66.4,54.3,0.02
Chandler,2023-03-31,70.5,43.1,0.0
Chandler,2023-04-01,81.6,42.1,0.0
Chandler,2023-04-02,80.8,47.9,0.0
Chandler,2023-04-03,79.8,46.6,0.0
Chandler,2023-04-04,61.6,44.3,0.0
Chandler,2023-04-05,67.6,37.5,0.0
Chandler,2023-04-06,80.1,40.6,0.0
Chandler,2023-04-07,82.7,47.4,0.0
Chandler,2023-04-08,84.0,49.1,0.0
Chandler,2023-04-09,89.7,49.7,0.0
Chandler,2023-04-10,97.7,54.3,0.0
Chandler,2023-04-11,97.0,60.3,0.0
Chandler,2023-04-12,95.0,59.7,0.0
Chandler,2023-04-13,86.4,62.2,0.0
Chandler,2023-04-14,77.8,56.8,0.0
Chandler,2023-04-15,85.6,53.0,0.0
Chandler,2023-04-16,91.3,56.1,0.0
Chandler,2023-04-17,90.1,54.4,0.0
Chandler,2023-04-18,86.4,60.1,0.0
Chandler,2023-04-19,82.0,58.6,0.0
Chandler,2023-04-20,84.6,50.4,0.0
Chandler,2023-04-21,89.0,53.5,0.0
Chandler,2023-04-22,91.7,55.7,0.0
Chandler,2023-04-23,93.6,64.1,0.0
Chandler,2023-04-24,91.4,61.5,0.0
Chandler,2023-04-25,89.9,62.2,0.0
Chandler,2023-04-26,89.0,63.2,0.0
Chandler,2023-04-27,94.7,59.2,0.0
Chandler,2023-04-28,97.9,60.2,0.0
Chandler,2023-04-29,100.3,65.6,0.0
Chandler,2023-04-30,102.1,62.8,0.0
Chandler,2023-05-01,95.4,68.5,0.0
Chandler,2023-05-02,90.7,61.1,0.0
Chandler,2023-05-03,87.9,63.8,0.0
Chandler,2023-05-04,81.3,61.7,0.0
Chandler,2023-05-05,80.2,57.7,0.0
Chandler,2023-05-06,85.0,59.4,0.0
Chandler,2023-05-07,88.2,57.9,0.0
Chandler,2023-05-08,91.6,56.8,0.0
Chandler,2023-05-09,92.6,59.1,0.0
Chandler,2023-05-10,80.0,63.2,0.008
Chandler,2023-05-11,88.8,55.2,0.0
Chandler,2023-05-12,94.4,59.7,0.0
Chandler,2023-05-13,97.5,66.1,0.0
Chandler,2023-05-14,97.9,73.3,0.0
Chandler,2023-05-15,101.0,74.3,0.0
Chandler,2023-05-16,101.0,76.3,0.0
Chandler,2023-05-17,99.1,70.8,0.0
Chandler,2023-05-18,96.8,72.8,0.0
Chandler,2023-05-19,94.3,71.7,0.083
Chandler,2023-05-20,95.5,67.7,0.0
Chandler,2023-05-21,98.7,70.5,0.0
Chandler,2023-05-22,100.4,70.3,0.0
Chandler,2023-05-23,101.0,70.1,0.0
Chandler,2023-05-24,97.6,71.0,0.0
Chandler,2023-05-25,98.2,67.8,0.0
Chandler,2023-05-26,96.5,68.6,0.0
Chandler,2023-05-27,95.5,66.4,0.0
Chandler,2023-05-28,98.7,67.3,0.0
Chandler,2023-05-29,99.0,66.9,0.0
Chandler,2023-05-30,97.4,69.2,0.0
Chandler,2023-05-31,90.3,68.2,0.0
Chandler,2023-06-01,90.8,65.0,0.0
Chandler,2023-06-02,93.5,66.3,0.0
Chandler,2023-06-03,100.0,67.0,0.0
Chandler,2023-06-04,102.2,70.5,0.0
Chandler,2023-06-05,104.9,71.6,0.0
Chandler,2023-06-06,99.4,68.9,0.0
Chandler,2023-06-07,95.1,67.4,0.0
Chandler,2023-06-08,95.6,63.9,0.0
Chandler,2023-06-09,95.8,63.8,0.0
Chandler,2023-06-10,99.1,65.8,0.0
Chandler,2023-06-11,92.5,69.0,0.004
Chandler,2023-06-12,90.0,65.4,0.0
Chandler,2023-06-13,94.6,68.5,0.0
Chandler,2023-06-14,97.6,67.0,0.0
Chandler,2023-06-15,99.1,69.4,0.0
Chandler,2023-06-16,101.6,71.0,0.0
Chandler,2023-06-17,102.1,71.2,0.0
Chandler,2023-06-18,106.8,74.6,0.0
Chandler,2023-06-19,103.1,76.6,0.0
Chandler,2023-06-20,101.8,73.9,0.0
Chandler,2023-06-21,104.1,72.5,0.0
Chandler,2023-06-22,103.2,70.9,0.0
Chandler,2023-06-23,99.4,73.9,0.0
Chandler,2023-06-24,102.5,66.0,0.0
Chandler,2023-06-25,107.9,71.6,0.0
Chandler,2023-06-26,109.7,75.1,0.0
Chandler,2023-06-27,107.2,76.1,0.0
Chandler,2023-06-28,106.4,76.6,0.0
Chandler,2023-06-29,105.5,73.8,0.0
Chandler,2023-06-30,107.5,73.7,0.0
Chandler,2023-07-01,111.0,75.7,0.0
Chandler,2023-07-02,111.8,77.3,0.0
Chandler,2023-07-03,113.5,80.2,0.0
Chandler,2023-07-04,110.2,82.3,0.0
Chandler,2023-07-05,107.9,81.0,0.0
Chandler,2023-07-06,112.9,79.4,0.0
Chandler,2023-07-07,110.0,81.3,0.0
Chandler,2023-07-08,111.0,81.2,0.0
Chandler,2023-07-09,109.3,82.0,0.0
Chandler,2023-07-10,108.3,83.8,0.0
Chandler,2023-07-11,109.1,87.4,0.0
Chandler,2023-07-12,109.4,89.0,0.0
Chandler,2023-07-13,111.7,89.6,0.0
Chandler,2023-07-14,113.0,88.3,0.0
Chandler,2023-07-15,114.7,87.3,0.0
Chandler,2023-07-16,111.9,89.8,0.0
Chandler,2023-07-17,113.6,89.5,0.0
Chandler,2023-07-18,115.0,87.9,0.0
Chandler,2023-07-19,116.2,88.9,0.0
Chandler,2023-07-20,116.7,84.6,0.0
Chandler,2023-07-21,114.7,86.5,0.0
Chandler,2023-07-22,113.3,90.9,0.0
Chandler,2023-07-23,111.6,88.3,0.0
Chandler,2023-07-24,110.0,87.5,0.0
Chandler,2023-07-25,114.7,86.4,0.0
Chandler,2023-07-26,114.9,88.9,0.0
Chandler,2023-07-27,112.2,84.6,0.0
Chandler,2023-07-28,112.5,88.9,0.0
Chandler,2023-07-29,110.8,88.4,0.0
Chandler,2023-07-30,106.3,87.2,0.012
Chandler,2023-07-31,102.4,81.4,0.043
Chandler,2023-08-01,105.0,77.8,0.0
Chandler,2023-08-02,106.4,86.1,0.004
Chandler,2023-08-03,109.7,83.8,0.0
Chandler,2023-08-04,111.2,78.4,0.0
Chandler,2023-08-05,113.5,79.4,0.0
Chandler,2023-08-06,109.9,82.8,0.0
Chandler,2023-08-07,109.1,87.7,0.0
Chandler,2023-08-08,104.5,82.7,0.094
Chandler,2023-08-09,103.0,76.6,0.031
Chandler,2023-08-10,106.3,84.7,0.0
Chandler,2023-08-11,102.9,83.9,0.0
Chandler,2023-08-12,103.6,81.1,0.0
Chandler,2023-08-13,106.1,81.6,0.0
Chandler,2023-08-14,108.2,84.9,0.0
Chandler,2023-08-15,109.3,85.8,0.0
Chandler,2023-08-16,112.1,86.6,0.0
Chandler,2023-08-17,111.5,83.9,0.0
Chandler,2023-08-18,106.6,83.2,0.02
Chandler,2023-08-19,97.4,79.8,0.02
Chandler,2023-08-20,100.9,78.8,0.181
Chandler,2023-08-21,89.7,71.2,0.236
Chandler,2023-08-22,101.0,71.8,0.0
Chandler,2023-08-23,104.6,76.3,0.0
Chandler,2023-08-24,103.4,79.3,0.0
Chandler,2023-08-25,109.0,81.2,0.0
Chandler,2023-08-26,109.9,81.6,0.0
Chandler,2023-08-27,112.0,85.7,0.0
Chandler,2023-08-28,115.0,86.3,0.0
Chandler,2023-08-29,114.0,87.3,0.0
Chandler,2023-08-30,109.9,86.2,0.0
Chandler,2023-08-31,105.5,80.2,0.047
Chandler,2023-09-01,91.9,76.5,0.028
Chandler,2023-09-02,91.1,73.1,0.472
Chandler,2023-09-03,95.6,74.9,0.0
Chandler,2023-09-04,98.7,74.8,0.0
Chandler,2023-09-05,101.6,72.3,0.0
Chandler,2023-09-06,103.6,71.2,0.0
Chandler,2023-09-07,106.5,71.1,0.0
Chandler,2023-09-08,108.2,80.7,0.0
Chandler,2023-09-09,111.5,82.1,0.0
Chandler,2023-09-10,111.3,81.8,0.0
Chandler,2023-09-11,104.4,81.9,0.004
Chandler,2023-09-12,98.9,75.7,0.268
Chandler,2023-09-13,91.9,71.6,0.921
Chandler,2023-09-14,98.4,72.1,0.0
Chandler,2023-09-15,101.4,70.3,0.0
Chandler,2023-09-16,103.7,68.7,0.0
Chandler,2023-09-17,103.0,71.8,0.0
Chandler,2023-09-18,101.0,70.8,0.0
Chandler,2023-09-19,98.3,66.1,0.0
Chandler,2023-09-20,100.8,66.9,0.0
Chandler,2023-09-21,98.5,68.1,0.0
Chandler,2023-09-22,96.5,67.2,0.0
Chandler,2023-09-23,93.1,70.3,0.0
Chandler,2023-09-24,97.4,66.6,0.0
Chandler,2023-09-25,101.6,67.5,0.0
Chandler,2023-09-26,103.2,66.6,0.0
Chandler,2023-09-27,102.8,68.1,0.0
Chandler,2023-09-28,102.4,68.1,0.0
Chandler,2023-09-29,101.5,66.1,0.0
Chandler,2023-09-30,98.2,66.7,0.0
Chandler,2023-10-01,89.2,67.8,0.0
Chandler,2023-10-02,84.3,63.0,0.0
Chandler,2023-10-03,86.7,59.8,0.0
Chandler,2023-10-04,92.2,57.7,0.0
Chandler,2023-10-05,98.2,62.6,0.0
Chandler,2023-10-06,103.1,65.8,0.0
Chandler,2023-10-07,102.2,73.5,0.0
Chandler,2023-10-08,99.5,74.3,0.0
Chandler,2023-10-09,98.2,70.4,0.0
Chandler,2023-10-10,95.6,67.3,0.0
Chandler,2023-10-11,92.8,69.1,0.0
Chandler,2023-10-12,88.3,62.2,0.0
Chandler,2023-10-13,89.1,58.7,0.0
Chandler,2023-10-14,92.4,61.8,0.0
Chandler,2023-10-15,99.6,60.7,0.0
Chandler,2023-10-16,102.5,68.2,0.0
Chandler,2023-10-17,98.6,66.7,0.0
Chandler,2023-10-18,99.1,64.0,0.0
Chandler,2023-10-19,102.7,63.5,0.0
Chandler,2023-10-20,101.8,63.5,0.0
Chandler,2023-10-21,98.6,62.3,0.0
Chandler,2023-10-22,95.4,62.5,0.0
Chandler,2023-10-23,87.7,63.9,0.0
Chandler,2023-10-24,81.8,62.8,0.008
Chandler,2023-10-25,82.0,62.3,0.0
Chandler,2023-10-26,83.3,61.7,0.0
Chandler,2023-10-27,85.9,57.0,0.0
Chandler,2023-10-28,84.2,56.8,0.0
Chandler,2023-10-29,79.0,52.8,0.0
Chandler,2023-10-30,78.8,51.8,0.0
Chandler,2023-10-31,80.6,50.1,0.0
Chandler,2023-11-01,82.4,50.0,0.0
Chandler,2023-11-02,83.8,48.5,0.0
Chandler,2023-11-03,85.4,47.5,0.0
Chandler,2023-11-04,87.5,48.3,0.0
Chandler,2023-11-05,91.0,49.7,0.0
Chandler,2023-11-06,90.9,52.1,0.0
Chandler,2023-11-07,86.5,54.6,0.0
Chandler,2023-11-08,79.1,51.9,0.0
Chandler,2023-11-09,75.7,45.8,0.0
Chandler,2023-11-10,74.9,45.5,0.0
Chandler,2023-11-11,78.0,46.7,0.0
Chandler,2023-11-12,82.9,56.8,0.0
Chandler,2023-11-13,86.0,55.6,0.0
Chandler,2023-11-14,86.2,62.8,0.0
Chandler,2023-11-15,87.2,59.8,0.0
Chandler,2023-11-16,76.1,62.6,0.169
Chandler,2023-11-17,78.4,59.8,0.004
Chandler,2023-11-18,73.2,57.5,0.846
Chandler,2023-11-19,71.5,52.5,0.0
Chandler,2023-11-20,70.6,46.8,0.0
Chandler,2023-11-21,75.7,51.8,0.0
Chandler,2023-11-22,74.7,48.1,0.0
Chandler,2023-11-23,71.8,43.8,0.0
Chandler,2023-11-24,69.6,46.7,0.0
Chandler,2023-11-25,67.1,47.6,0.0
Chandler,2023-11-26,71.0,43.9,0.0
Chandler,2023-11-27,73.7,51.9,0.0
Chandler,2023-11-28,76.6,54.7,0.0
Chandler,2023-11-29,70.8,44.3,0.0
Chandler,2023-11-30,64.9,47.8,0.512
Chandler,2023-12-01,62.2,45.9,0.268
Chandler,2023-12-02,63.9,39.3,0.0
Chandler,2023-12-03,65.8,39.5,0.0
Chandler,2023-12-04,67.3,40.5,0.0
Chandler,2023-12-05,78.5,41.4,0.0
Chandler,2023-12-06,80.1,44.2,0.0
Chandler,2023-12-07,74.0,42.8,0.0
Chandler,2023-12-08,69.0,41.3,0.0
Chandler,2023-12-09,66.1,40.8,0.0
Chandler,2023-12-10,69.6,43.1,0.0
Chandler,2023-12-11,70.6,38.5,0.0
Chandler,2023-12-12,69.3,43.2,0.0
Chandler,2023-12-13,66.9,37.1,0.0
Chandler,2023-12-14,67.0,36.9,0.0
Chandler,2023-12-15,73.8,41.5,0.0
Chandler,2023-12-16,79.3,50.4,0.0
Chandler,2023-12-17,77.8,41.4,0.0
Chandler,2023-12-18,78.1,44.8,0.0
Chandler,2023-12-19,72.5,52.9,0.008
Chandler,2023-12-20,71.1,51.1,0.224
Chandler,2023-12-21,73.9,46.9,0.0
Chandler,2023-12-22,59.9,50.1,0.587
Chandler,2023-12-23,59.7,44.9,0.181
Chandler,2023-12-24,60.3,41.0,0.0
Chandler,2023-12-25,61.3,41.9,0.0
Chandler,2023-12-26,60.5,37.8,0.0
Chandler,2023-12-27,62.6,35.1,0.0
Chandler,2023-12-28,64.8,38.6,0.0
Chandler,2023-12-29,71.0,37.9,0.0
Chandler,2023-12-30,73.0,42.3,0.0
Chandler,2023-12-31,63.4,42.5,0.0
Chandler,2024-01-01,65.0,39.2,0.0
Chandler,2024-01-02,63.7,38.8,0.0
Chandler,2024-01-03,64.8,37.6,0.047
Chandler,2024-01-04,57.3,37.7,0.024
Chandler,2024-01-05,57.6,35.5,0.0
Chandler,2024-01-06,59.7,32.4,0.0
Chandler,2024-01-07,52.2,37.5,0.079
Chandler,2024-01-08,50.8,31.5,0.0
Chandler,2024-01-09,54.1,28.3,0.0
Chandler,2024-01-10,58.2,28.8,0.0
Chandler,2024-01-11,57.1,34.2,0.024
Chandler,2024-01-12,56.5,29.4,0.0
Chandler,2024-01-13,60.7,29.8,0.0
Chandler,2024-01-14,64.7,34.5,0.0
Chandler,2024-01-15,65.1,33.2,0.0
Chandler,2024-01-16,67.6,34.7,0.0
Chandler,2024-01-17,69.3,36.8,0.0
Chandler,2024-01-18,73.7,39.7,0.0
Chandler,2024-01-19,75.7,41.9,0.0
Chandler,2024-01-20,73.4,44.2,0.0
Chandler,2024-01-21,56.9,47.7,0.154
Chandler,2024-01-22,63.5,44.8,0.535
Chandler,2024-01-23,58.3,47.4,0.98
Chandler,2024-01-24,61.8,47.5,0.008
Chandler,2024-01-25,63.1,43.1,0.008
Chandler,2024-01-26,64.0,41.8,0.0
Chandler,2024-01-27,69.3,42.4,0.0
Chandler,2024-01-28,74.8,50.0,0.0
Chandler,2024-01-29,75.2,46.9,0.0
Chandler,2024-01-30,76.2,43.6,0.0
Chandler,2024-01-31,76.6,46.2,0.0
Chandler,2024-02-01,76.5,51.0,0.291
Chandler,2024-02-02,61.2,47.4,0.307
Chandler,2024-02-03,61.5,40.0,0.0
Chandler,2024-02-04,66.6,40.0,0.0
Chandler,2024-02-05,74.2,41.2,0.0
Chandler,2024-02-06,62.2,51.4,0.39
Chandler,2024-02-07,57.3,44.4,0.543
Chandler,2024-02-08,59.4,37.6,0.193
Chandler,2024-02-09,57.1,34.1,0.0
Chandler,2024-02-10,54.2,40.0,0.177
Chandler,2024-02-11,57.1,35.0,0.0
Chandler,2024-02-12,62.8,33.4,0.0
Chandler,2024-02-13,67.2,35.2,0.0
Chandler,2024-02-14,66.8,37.6,0.0
Chandler,2024-02-15,70.0,38.9,0.0
Chandler,2024-02-16,69.6,40.0,0.0
Chandler,2024-02-17,71.6,41.2,0.0
Chandler,2024-02-18,74.3,42.8,0.012
Chandler,2024-02-19,77.2,43.2,0.0
Chandler,2024-02-20,78.5,44.2,0.0
Chandler,2024-02-21,72.2,46.9,0.004
Chandler,2024-02-22,72.4,48.0,0.0
Chandler,2024-02-23,78.0,46.3,0.0
Chandler,2024-02-24,78.6,47.1,0.0
Chandler,2024-02-25,82.0,47.7,0.0
Chandler,2024-02-26,71.7,57.5,0.008
Chandler,2024-02-27,75.1,53.2,0.0
Chandler,2024-02-28,74.8,48.2,0.004
Chandler,2024-02-29,73.4,47.4,0.0
Chandler,2024-03-01,77.1,45.1,0.0
Chandler,2024-03-02,75.3,45.8,0.0
Chandler,2024-03-03,70.5,48.4,0.0
Chandler,2024-03-04,70.8,46.4,0.0
Chandler,2024-03-05,74.2,45.1,0.0
Chandler,2024-03-06,73.7,47.2,0.0
Chandler,2024-03-07,63.2,47.1,0.24
Chandler,2024-03-08,66.6,44.2,0.031
Chandler,2024-03-09,72.0,43.5,0.008
Chandler,2024-03-10,77.5,47.0,0.0
Chandler,2024-03-11,79.2,47.5,0.0
Chandler,2024-03-12,76.7,47.6,0.0
Chandler,2024-03-13,74.9,48.7,0.0
Chandler,2024-03-14,72.2,45.1,0.051
Chandler,2024-03-15,63.7,47.8,0.213
Chandler,2024-03-16,65.1,41.0,0.016
Chandler,2024-03-17,66.5,46.9,0.051
Chandler,2024-03-18,73.2,44.2,0.035
Chandler,2024-03-19,74.6,46.9,0.004
Chandler,2024-03-20,75.7,44.4,0.0
Chandler,2024-03-21,80.1,47.2,0.0
Chandler,2024-03-22,83.6,48.5,0.0
Chandler,2024-03-23,83.2,53.6,0.016
Chandler,2024-03-24,65.5,49.2,0.421
Chandler,2024-03-25,69.2,42.3,0.0
Chandler,2024-03-26,68.3,47.7,0.035
Chandler,2024-03-27,75.2,42.0,0.0
Chandler,2024-03-28,80.9,45.1,0.0
Chandler,2024-03-29,83.9,49.1,0.0
Chandler,2024-03-30,82.4,53.2,0.0
Chandler,2024-03-31,61.6,49.3,0.583
Chandler,2024-04-01,60.9,46.8,0.551
Chandler,2024-04-02,72.1,42.0,0.0
Chandler,2024-04-03,78.4,44.9,0.0
Chandler,2024-04-04,85.8,47.0,0.0
Chandler,2024-04-05,65.2,52.7,0.067
Chandler,2024-04-06,64.8,43.2,0.0
Chandler,2024-04-07,73.8,41.5,0.0
Chandler,2024-04-08,74.9,45.5,0.0
Chandler,2024-04-09,83.4,45.4,0.0
Chandler,2024-04-10,85.0,47.1,0.0
Chandler,2024-04-11,91.5,49.9,0.0
Chandler,2024-04-12,91.2,55.0,0.0
Chandler,2024-04-13,87.9,53.3,0.0
Chandler,2024-04-14,82.7,50.9,0.0
Chandler,2024-04-15,76.2,52.3,0.0
Chandler,2024-04-16,85.2,50.6,0.0
Chandler,2024-04-17,89.8,52.5,0.0
Chandler,2024-04-18,91.0,53.4,0.0
Chandler,2024-04-19,91.9,56.7,0.0
Chandler,2024-04-20,92.4,58.0,0.0
Chandler,2024-04-21,96.6,59.5,0.0
Chandler,2024-04-22,97.3,60.6,0.0
Chandler,2024-04-23,94.8,62.9,0.0
Chandler,2024-04-24,90.5,61.4,0.0
Chandler,2024-04-25,81.7,61.6,0.008
Chandler,2024-04-26,80.5,58.1,0.0
Chandler,2024-04-27,80.4,56.6,0.0
Chandler,2024-04-28,85.8,53.2,0.0
Chandler,2024-04-29,90.2,56.4,0.0
Chandler,2024-04-30,93.7,58.9,0.0
Chandler,2024-05-01,91.4,63.5,0.0
Chandler,2024-05-02,90.2,61.1,0.0
Chandler,2024-05-03,92.5,63.8,0.0
Chandler,2024-05-04,92.9,62.6,0.0
Chandler,2024-05-05,85.1,66.1,0.0
Chandler,2024-05-06,84.7,56.0,0.0
Chandler,2024-05-07,89.6,53.6,0.0
Chandler,2024-05-08,90.0,58.2,0.0
Chandler,2024-05-09,86.5,56.6,0.0
Chandler,2024-05-10,90.5,56.8,0.0
Chandler,2024-05-11,91.1,57.0,0.0
Chandler,2024-05-12,93.4,62.0,0.0
Chandler,2024-05-13,97.8,64.0,0.0
Chandler,2024-05-14,96.6,65.7,0.0
Chandler,2024-05-15,95.0,68.0,0.0
Chandler,2024-05-16,95.2,69.9,0.004
Chandler,2024-05-17,99.2,66.0,0.0
Chandler,2024-05-18,100.9,68.0,0.0
Chandler,2024-05-19,97.2,68.2,0.0
Chandler,2024-05-20,92.0,68.9,0.008
Chandler,2024-05-21,94.4,63.6,0.0
Chandler,2024-05-22,94.8,61.7,0.0
Chandler,2024-05-23,94.8,63.1,0.0
Chandler,2024-05-24,98.3,64.3,0.0
Chandler,2024-05-25,89.2,69.0,0.0
Chandler,2024-05-26,95.2,62.6,0.0
Chandler,2024-05-27,100.1,67.2,0.0
Chandler,2024-05-28,103.7,65.7,0.0
Chandler,2024-05-29,100.9,69.3,0.0
Chandler,2024-05-30,101.8,66.9,0.0
Chandler,2024-05-31,104.5,69.6,0.0
Chandler,2024-06-01,104.1,68.5,0.0
Chandler,2024-06-02,101.0,70.2,0.0
Chandler,2024-06-03,101.1,71.0,0.0
Chandler,2024-06-04,102.7,70.3,0.0
Chandler,2024-06-05,106.3,72.3,0.0
Chandler,2024-06-06,109.8,74.6,0.0
Chandler,2024-06-07,110.0,76.2,0.0
Chandler,2024-06-08,108.2,76.4,0.0
Chandler,2024-06-09,104.7,76.6,0.0
Chandler,2024-06-10,104.1,71.6,0.0
Chandler,2024-06-11,109.3,72.5,0.0
Chandler,2024-06-12,109.7,74.7,0.0
Chandler,2024-06-13,108.0,78.4,0.0
Chandler,2024-06-14,105.3,74.9,0.0
Chandler,2024-06-15,110.8,73.1,0.0
Chandler,2024-06-16,110.7,76.5,0.0
Chandler,2024-06-17,104.2,76.1,0.0
Chandler,2024-06-18,103.4,73.9,0.0
Chandler,2024-06-19,103.6,76.3,0.0
Chandler,2024-06-20,112.8,76.9,0.0
Chandler,2024-06-21,114.3,88.5,0.0
Chandler,2024-06-22,101.6,88.3,0.012
Chandler,2024-06-23,103.8,83.8,0.0
Chandler,2024-06-24,106.3,84.5,0.008
Chandler,2024-06-25,104.2,84.5,0.004
Chandler,2024-06-26,108.5,82.0,0.0
Chandler,2024-06-27,110.8,84.6,0.0
Chandler,2024-06-28,110.0,84.7,0.0
Chandler,2024-06-29,107.9,84.4,0.0
Chandler,2024-06-30,108.8,84.8,0.0
Chandler,2024-07-01,105.4,80.8,0.035
Chandler,2024-07-02,111.9,81.9,0.0
Chandler,2024-07-03,111.3,81.7,0.0
Chandler,2024-07-04,112.0,83.4,0.0
Chandler,2024-07-05,115.3,83.3,0.0
Chandler,2024-07-06,112.2,81.8,0.0
Chandler,2024-07-07,112.7,81.3,0.0
Chandler,2024-07-08,115.6,84.8,0.0
Chandler,2024-07-09,114.3,84.4,0.0
Chandler,2024-07-10,113.9,82.7,0.0
Chandler,2024-07-11,112.7,84.0,0.0
Chandler,2024-07-12,112.8,84.1,0.0
Chandler,2024-07-13,110.8,87.4,0.0
Chandler,2024-07-14,105.4,85.9,0.0
Chandler,2024-07-15,105.2,84.7,0.0
Chandler,2024-07-16,107.3,84.7,0.0
Chandler,2024-07-17,109.1,82.7,0.0
Chandler,2024-07-18,110.4,83.9,0.0
Chandler,2024-07-19,111.1,85.4,0.0
Chandler,2024-07-20,109.6,87.3,0.012
Chandler,2024-07-21,105.4,86.4,0.016
Chandler,2024-07-22,108.6,81.0,0.0
Chandler,2024-07-23,112.1,85.1,0.0
Chandler,2024-07-24,109.0,88.0,0.012
Chandler,2024-07-25,109.2,86.5,0.035
Chandler,2024-07-26,108.4,83.0,0.0
Chandler,2024-07-27,109.0,83.9,0.0
Chandler,2024-07-28,107.0,84.6,0.0
Chandler,2024-07-29,107.9,83.9,0.0
Chandler,2024-07-30,107.4,83.5,0.0
Chandler,2024-07-31,108.7,80.8,0.012
Chandler,2024-08-01,104.9,84.6,0.0
Chandler,2024-08-02,108.3,82.1,0.024
Chandler,2024-08-03,113.1,83.8,0.0
Chandler,2024-08-04,113.8,86.3,0.004
Chandler,2024-08-05,109.3,86.3,0.0
Chandler,2024-08-06,110.5,84.8,0.0
Chandler,2024-08-07,101.5,81.3,0.0
Chandler,2024-08-08,102.2,81.9,0.0
Chandler,2024-08-09,105.9,81.1,0.0
Chandler,2024-08-10,107.9,87.3,0.0
Chandler,2024-08-11,101.3,81.9,0.0
Chandler,2024-08-12,105.2,80.2,0.0
Chandler,2024-08-13,102.6,76.9,0.02
Chandler,2024-08-14,105.9,83.2,0.0
Chandler,2024-08-15,109.1,80.3,0.0
Chandler,2024-08-16,109.6,85.3,0.0
Chandler,2024-08-17,108.3,84.2,0.0
Chandler,2024-08-18,98.6,73.2,0.071
Chandler,2024-08-19,109.5,79.9,0.0
Chandler,2024-08-20,110.5,81.5,0.0
Chandler,2024-08-21,103.6,84.7,0.087
Chandler,2024-08-22,103.6,80.6,0.004
Chandler,2024-08-23,102.9,81.1,0.004
Chandler,2024-08-24,105.4,76.5,0.004
Chandler,2024-08-25,106.2,75.2,0.0
Chandler,2024-08-26,107.4,77.0,0.0
Chandler,2024-08-27,108.9,77.0,0.0
Chandler,2024-08-28,102.5,86.0,0.004
Chandler,2024-08-29,105.4,77.7,0.0
Chandler,2024-08-30,107.3,78.7,0.0
Chandler,2024-08-31,106.6,80.7,0.0
Chandler,2024-09-01,106.3,78.8,0.0
Chandler,2024-09-02,104.9,79.4,0.0
Chandler,2024-09-03,105.6,82.9,0.0
Chandler,2024-09-04,109.7,81.1,0.0
Chandler,2024-09-05,113.2,80.8,0.0
Chandler,2024-09-06,109.8,87.8,0.0
Chandler,2024-09-07,105.9,86.2,0.0
Chandler,2024-09-08,106.7,83.0,0.0
Chandler,2024-09-09,107.2,77.7,0.0
Chandler,2024-09-10,109.0,75.3,0.0
Chandler,2024-09-11,106.8,74.0,0.0
Chandler,2024-09-12,106.4,75.7,0.0
Chandler,2024-09-13,104.1,74.4,0.0
Chandler,2024-09-14,99.3,79.0,0.0
Chandler,2024-09-15,100.6,78.0,0.0
Chandler,2024-09-16,99.1,75.7,0.004
Chandler,2024-09-17,91.1,71.6,0.0
Chandler,2024-09-18,94.0,64.3,0.0
Chandler,2024-09-19,95.7,67.3,0.0
Chandler,2024-09-20,94.6,70.5,0.0
Chandler,2024-09-21,89.2,63.2,0.087
Chandler,2024-09-22,95.9,65.5,0.0
Chandler,2024-09-23,101.2,68.5,0.0
Chandler,2024-09-24,105.0,71.2,0.0
Chandler,2024-09-25,109.1,70.9,0.0
Chandler,2024-09-26,106.6,74.3,0.0
Chandler,2024-09-27,111.1,76.8,0.0
Chandler,2024-09-28,115.0,76.8,0.0
Chandler,2024-09-29,110.8,83.6,0.0
Chandler,2024-09-30,107.0,74.7,0.0
Chandler,2024-10-01,110.8,76.6,0.0
Chandler,2024-10-02,105.2,78.0,0.0
Chandler,2024-10-03,106.3,71.5,0.0
Chandler,2024-10-04,107.3,74.1,0.0
Chandler,2024-10-05,107.4,71.2,0.0
Chandler,2024-10-06,108.5,71.3,0.0
Chandler,2024-10-07,106.9,72.1,0.0
Chandler,2024-10-08,106.3,72.1,0.0
Chandler,2024-10-09,103.7,72.1,0.0
Chandler,2024-10-10,104.8,71.2,0.0
Chandler,2024-10-11,101.4,69.1,0.0
Chandler,2024-10-12,102.7,67.6,0.0
Chandler,2024-10-13,101.5,67.9,0.0
Chandler,2024-10-14,99.3,67.3,0.0
Chandler,2024-10-15,95.0,65.4,0.0
Chandler,2024-10-16,95.5,61.1,0.0
Chandler,2024-10-17,88.7,65.4,0.0
Chandler,2024-10-18,75.0,57.7,0.122
Chandler,2024-10-19,70.9,54.1,0.024
Chandler,2024-10-20,79.5,48.9,0.0
Chandler,2024-10-21,86.1,50.6,0.0
Chandler,2024-10-22,92.8,51.2,0.0
Chandler,2024-10-23,95.2,55.0,0.0
Chandler,2024-10-24,93.7,58.5,0.0
Chandler,2024-10-25,95.2,55.0,0.0
Chandler,2024-10-26,97.9,55.4,0.0
Chandler,2024-10-27,95.1,60.2,0.0
Chandler,2024-10-28,91.2,57.5,0.0
Chandler,2024-10-29,72.1,59.1,0.091
Chandler,2024-10-30,73.2,47.1,0.0
Chandler,2024-10-31,78.9,44.0,0.0
Chandler,2024-11-01,80.3,53.5,0.0
Chandler,2024-11-02,77.2,45.1,0.016
Chandler,2024-11-03,70.0,51.2,0.02
Chandler,2024-11-04,69.1,45.2,0.0
Chandler,2024-11-05,71.4,42.5,0.0
Chandler,2024-11-06,66.9,46.6,0.0
Chandler,2024-11-07,65.3,40.7,0.0
Chandler,2024-11-08,66.9,39.0,0.0
Chandler,2024-11-09,73.1,39.9,0.0
Chandler,2024-11-10,80.9,40.5,0.0
Chandler,2024-11-11,80.0,44.3,0.0
Chandler,2024-11-12,73.7,45.1,0.0
Chandler,2024-11-13,75.1,45.7,0.0
Chandler,2024-11-14,80.6,45.7,0.0
Chandler,2024-11-15,70.0,48.5,0.0
Chandler,2024-11-16,60.5,47.7,0.0
Chandler,2024-11-17,67.2,46.6,0.0
Chandler,2024-11-18,66.1,43.1,0.0
Chandler,2024-11-19,67.9,42.0,0.0
Chandler,2024-11-20,74.8,43.7,0.0
Chandler,2024-11-21,77.3,43.3,0.0
Chandler,2024-11-22,78.6,43.8,0.0
Chandler,2024-11-23,76.7,45.1,0.0
Chandler,2024-11-24,73.4,45.6,0.0
Chandler,2024-11-25,75.0,51.0,0.0
Chandler,2024-11-26,78.4,49.1,0.0
Chandler,2024-11-27,74.2,58.8,0.0
Chandler,2024-11-28,71.8,50.1,0.0
Chandler,2024-11-29,73.5,51.4,0.0
Chandler,2024-11-30,76.4,52.3,0.0
Chandler,2024-12-01,74.7,46.4,0.0
Chandler,2024-12-02,76.1,47.1,0.0
Chandler,2024-12-03,78.9,50.4,0.0
Chandler,2024-12-04,73.2,46.9,0.0
Chandler,2024-12-05,74.1,48.0,0.0
Chandler,2024-12-06,77.8,58.8,0.0
Chandler,2024-12-07,73.7,55.0,0.0
Chandler,2024-12-08,71.6,45.6,0.0
Chandler,2024-12-09,69.9,44.5,0.0
Chandler,2024-12-10,63.0,46.3,0.0
Chandler,2024-12-11,69.1,41.9,0.0
Chandler,2024-12-12,73.0,48.1,0.0
Chandler,2024-12-13,65.3,44.1,0.0
Chandler,2024-12-14,67.5,41.6,0.0
Chandler,2024-12-15,68.2,40.9,0.0
Chandler,2024-12-16,67.8,39.5,0.0
Chandler,2024-12-17,69.5,39.9,0.0
Chandler,2024-12-18,79.0,43.1,0.0
Chandler,2024-12-19,78.4,47.5,0.0
Chandler,2024-12-20,79.1,45.6,0.0
Chandler,2024-12-21,74.0,43.3,0.0
Chandler,2024-12-22,71.0,41.3,0.0
Chandler,2024-12-23,72.1,48.7,0.0
Chandler,2024-12-24,72.5,45.2,0.0
Chandler,2024-12-25,65.2,49.3,0.0
Chandler,2024-12-26,63.3,43.9,0.0
Chandler,2024-12-27,65.4,39.9,0.0
Chandler,2024-12-28,66.5,41.5,0.0
Chandler,2024-12-29,71.7,42.5,0.0
Chandler,2024-12-30,69.7,42.7,0.0
Chandler,2024-12-31,67.9,40.5,0.0
Chandler,2025-01-01,68.5,39.7,0.0
Chandler,2025-01-02,70.9,40.6,0.0
Chandler,2025-01-03,74.2,43.3,0.0
Chandler,2025-01-04,67.9,42.7,0.0
Chandler,2025-01-05,66.3,41.3,0.0
Chandler,2025-01-06,66.3,39.5,0.0
Chandler,2025-01-07,69.4,40.9,0.0
Chandler,2025-01-08,64.4,50.0,0.004
Chandler,2025-01-09,61.7,37.9,0.0
Chandler,2025-01-10,59.1,37.9,0.0
Chandler,2025-01-11,59.6,34.0,0.0
Chandler,2025-01-12,59.3,37.0,0.0
Chandler,2025-01-13,57.9,32.7,0.0
Chandler,2025-01-14,62.2,33.5,0.0
Chandler,2025-01-15,70.2,42.8,0.0
Chandler,2025-01-16,72.5,49.0,0.0
Chandler,2025-01-17,63.2,45.1,0.0
Chandler,2025-01-18,62.2,39.1,0.0
Chandler,2025-01-19,62.6,36.6,0.0
Chandler,2025-01-20,63.4,36.4,0.0
Chandler,2025-01-21,57.6,36.5,0.0
Chandler,2025-01-22,61.4,31.0,0.0
Chandler,2025-01-23,60.1,42.6,0.0
Chandler,2025-01-24,67.9,41.5,0.0
Chandler,2025-01-25,69.9,43.9,0.0
Chandler,2025-01-26,68.8,41.8,0.0
Chandler,2025-01-27,60.6,42.6,0.024
Chandler,2025-01-28,58.6,46.1,0.0
Chandler,2025-01-29,54.5,41.0,0.055
Chandler,2025-01-30,60.1,37.9,0.0
Chandler,2025-01-31,64.9,38.5,0.0
Chandler,2025-02-01,70.9,41.0,0.0
Chandler,2025-02-02,77.5,46.6,0.0
Chandler,2025-02-03,81.1,47.4,0.0
Chandler,2025-02-04,84.7,52.3,0.0
Chandler,2025-02-05,76.0,51.0,0.0
Chandler,2025-02-06,77.7,46.5,0.0
Chandler,2025-02-07,74.8,49.1,0.0
Chandler,2025-02-08,75.6,50.5,0.0
Chandler,2025-02-09,75.5,50.0,0.0
Chandler,2025-02-10,76.8,50.2,0.0
Chandler,2025-02-11,68.1,49.1,0.0
Chandler,2025-02-12,60.9,48.0,0.0
Chandler,2025-02-13,69.4,45.2,0.0
Chandler,2025-02-14,71.0,55.2,0.008
Chandler,2025-02-15,68.4,46.9,0.0
Chandler,2025-02-16,73.1,47.1,0.0
Chandler,2025-02-17,75.4,48.6,0.0
Chandler,2025-02-18,74.3,47.8,0.0
Chandler,2025-02-19,76.6,46.4,0.0
Chandler,2025-02-20,77.4,47.7,0.0
Chandler,2025-02-21,75.5,46.5,0.0
Chandler,2025-02-22,75.9,46.4,0.0
Chandler,2025-02-23,78.6,45.5,0.0
Chandler,2025-02-24,82.3,46.1,0.0
Chandler,2025-02-25,84.5,50.1,0.0
Chandler,2025-02-26,85.4,52.4,0.0
Chandler,2025-02-27,83.9,59.5,0.0
Chandler,2025-02-28,78.7,51.5,0.0
Chandler,2025-03-01,78.2,51.8,0.0
Chandler,2025-03-02,78.2,51.0,0.0
Chandler,2025-03-03,64.0,49.1,0.004
Chandler,2025-03-04,70.3,44.5,0.0
Chandler,2025-03-05,76.9,46.9,0.0
Chandler,2025-03-06,68.1,58.3,0.043
Chandler,2025-03-07,58.1,45.6,0.567
Chandler,2025-03-08,64.3,43.6,0.008
Chandler,2025-03-09,72.2,46.1,0.0
Chandler,2025-03-10,81.5,48.7,0.0
Chandler,2025-03-11,76.4,51.8,0.626
Chandler,2025-03-12,69.2,52.3,0.346
Chandler,2025-03-13,68.5,47.8,0.386
Chandler,2025-03-14,55.1,41.0,0.047
Chandler,2025-03-15,63.2,43.3,0.055
Chandler,2025-03-16,69.0,42.8,0.0
Chandler,2025-03-17,77.1,48.5,0.0
Chandler,2025-03-18,69.2,54.4,0.0
Chandler,2025-03-19,70.8,50.0,0.0
Chandler,2025-03-20,78.7,48.0,0.0
Chandler,2025-03-21,80.7,49.2,0.0
Chandler,2025-03-22,83.2,51.2,0.0
Chandler,2025-03-23,86.2,56.7,0.0
Chandler,2025-03-24,92.1,60.3,0.0
Chandler,2025-03-25,96.9,63.0,0.0
Chandler,2025-03-26,90.8,63.7,0.0
Chandler,2025-03-27,90.9,62.1,0.0
Chandler,2025-03-28,81.2,62.6,0.0
Chandler,2025-03-29,79.8,60.4,0.0
Chandler,2025-03-30,81.3,55.9,0.0
Chandler,2025-03-31,81.6,59.5,0.0
Chandler,2025-04-01,74.8,60.2,0.0
Chandler,2025-04-02,64.4,52.6,0.0
Chandler,2025-04-03,67.6,45.9,0.004
Chandler,2025-04-04,71.0,52.8,0.0
Chandler,2025-04-05,77.1,51.8,0.0
Chandler,2025-04-06,78.0,55.2,0.0
Chandler,2025-04-07,85.0,53.5,0.0
Chandler,2025-04-08,90.5,55.3,0.0
Chandler,2025-04-09,94.5,58.3,0.0
Chandler,2025-04-10,97.4,61.3,0.0
Chandler,2025-04-11,99.2,62.8,0.0
Chandler,2025-04-12,99.3,63.3,0.0
Chandler,2025-04-13,94.0,70.9,0.0
Chandler,2025-04-14,92.6,67.0,0.02
Chandler,2025-04-15,92.8,64.4,0.024
Chandler,2025-04-16,94.3,63.5,0.0
Chandler,2025-04-17,79.3,61.0,0.0
Chandler,2025-04-18,75.0,53.7,0.079
Chandler,2025-04-19,72.8,51.7,0.004
Chandler,2025-04-20,82.9,51.7,0.0
Chandler,2025-04-21,89.4,58.4,0.0
Chandler,2025-04-22,90.0,61.0,0.0
Chandler,2025-04-23,90.0,62.2,0.0
Chandler,2025-04-24,88.7,61.8,0.0
Chandler,2025-04-25,91.9,64.0,0.0
Chandler,2025-04-26,83.8,64.7,0.0
Chandler,2025-04-27,76.6,57.3,0.0
Chandler,2025-04-28,79.3,53.9,0.0
Chandler,2025-04-29,85.2,58.4,0.0
Chandler,2025-04-30,88.6,62.0,0.0
Chandler,2025-05-01,90.3,63.9,0.0
Chandler,2025-05-02,91.9,64.0,0.0
Chandler,2025-05-03,92.6,65.9,0.0
Chandler,2025-05-04,78.3,62.5,0.114
Chandler,2025-05-05,72.4,56.0,0.012
Chandler,2025-05-06,74.5,58.2,0.067
Chandler,2025-05-07,82.3,59.6,0.0
Chandler,2025-05-08,92.8,62.3,0.0
Chandler,2025-05-09,99.5,73.0,0.0
Chandler,2025-05-10,99.5,78.2,0.0
Chandler,2025-05-11,102.7,77.5,0.0
Chandler,2025-05-12,99.2,80.1,0.0
Chandler,2025-05-13,87.0,73.4,0.0
Chandler,2025-05-14,83.0,62.4,0.0
Chandler,2025-05-15,88.5,61.7,0.0
Chandler,2025-05-16,92.3,63.7,0.0
Chandler,2025-05-17,92.9,68.0,0.0
Chandler,2025-05-18,85.7,64.4,0.0
Chandler,2025-05-19,93.3,65.7,0.0
Chandler,2025-05-20,96.5,69.0,0.0
Chandler,2025-05-21,100.9,69.0,0.0
Chandler,2025-05-22,104.6,72.2,0.0
Chandler,2025-05-23,101.5,71.8,0.0
Chandler,2025-05-24,97.4,72.8,0.0
Chandler,2025-05-25,95.4,71.5,0.0
Chandler,2025-05-26,98.0,70.1,0.0
Chandler,2025-05-27,99.6,70.0,0.0
Chandler,2025-05-28,100.6,70.8,0.0
Chandler,2025-05-29,99.3,74.8,0.0
Chandler,2025-05-30,102.9,70.4,0.0
Chandler,2025-05-31,99.4,77.0,0.0
Chandler,2025-06-01,87.0,69.9,0.626
Chandler,2025-06-02,86.5,68.0,0.051
Chandler,2025-06-03,95.0,70.9,0.0
Chandler,2025-06-04,94.2,70.3,0.173
Chandler,2025-06-05,99.4,75.1,0.0
Chandler,2025-06-06,101.1,74.3,0.0
Chandler,2025-06-07,104.5,74.0,0.0
Chandler,2025-06-08,106.5,74.8,0.0
Chandler,2025-06-09,107.2,78.4,0.0
Chandler,2025-06-10,105.8,77.5,0.0
Chandler,2025-06-11,107.6,79.3,0.0
Chandler,2025-06-12,108.6,79.1,0.0
Chandler,2025-06-13,106.3,79.7,0.0
Chandler,2025-06-14,108.5,79.3,0.0
Chandler,2025-06-15,113.2,79.7,0.0
Chandler,2025-06-16,111.9,80.0,0.0
Chandler,2025-06-17,109.6,82.1,0.0
Chandler,2025-06-18,110.8,80.0,0.0
Chandler,2025-06-19,115.1,81.3,0.0
Chandler,2025-06-20,107.6,80.8,0.0
Chandler,2025-06-21,104.6,80.0,0.0
Chandler,2025-06-22,99.1,76.5,0.0
Chandler,2025-06-23,101.7,76.9,0.0
Chandler,2025-06-24,103.1,77.1,0.0
Chandler,2025-06-25,102.0,74.9,0.0
Chandler,2025-06-26,103.7,76.2,0.0
Chandler,2025-06-27,105.8,79.3,0.0
Chandler,2025-06-28,108.1,83.1,0.0
Chandler,2025-06-29,111.9,85.4,0.0
Chandler,2025-06-30,114.8,86.8,0.0
Chandler,2025-07-01,110.4,91.0,0.0
Chandler,2025-07-02,105.4,88.9,0.012
Chandler,2025-07-03,95.0,76.7,0.039
Chandler,2025-07-04,98.7,79.4,0.0
Chandler,2025-07-05,104.1,84.4,0.0
Chandler,2025-07-06,109.0,80.9,0.0
Chandler,2025-07-07,110.5,87.0,0.0
Chandler,2025-07-08,110.9,88.6,0.0
Chandler,2025-07-09,116.1,88.4,0.0
Chandler,2025-07-10,112.1,90.4,0.0
Chandler,2025-07-11,108.6,88.7,0.0
Chandler,2025-07-12,108.3,85.0,0.0
Chandler,2025-07-13,108.0,85.8,0.0
Chandler,2025-07-14,108.1,85.7,0.0
Chandler,2025-07-15,102.7,87.0,0.008
Chandler,2025-07-16,94.3,75.6,0.047
Chandler,2025-07-17,92.8,74.4,0.512
Chandler,2025-07-18,104.6,80.9,0.0
Chandler,2025-07-19,106.1,84.6,0.0
Chandler,2025-07-20,96.2,86.1,0.0
Chandler,2025-07-21,103.8,83.1,0.0
Chandler,2025-07-22,98.4,77.8,0.094
Chandler,2025-07-23,103.1,82.4,0.0
Chandler,2025-07-24,105.5,76.7,0.0
Chandler,2025-07-25,107.8,78.1,0.0
Chandler,2025-07-26,105.4,78.7,0.0
Chandler,2025-07-27,108.1,79.2,0.0
Chandler,2025-07-28,110.4,82.0,0.0
Chandler,2025-07-29,109.0,84.9,0.0
Chandler,2025-07-30,110.0,83.8,0.0
Chandler,2025-07-31,107.6,84.4,0.0
Chandler,2025-08-01,110.5,87.3,0.0
Chandler,2025-08-02,113.4,86.7,0.0
Chandler,2025-08-03,110.8,81.2,0.0
Chandler,2025-08-04,110.8,83.6,0.0
Chandler,2025-08-05,112.6,87.0,0.0
Chandler,2025-08-06,114.7,89.6,0.0
Chandler,2025-08-07,117.8,90.4,0.0
Chandler,2025-08-08,112.1,88.7,0.0
Chandler,2025-08-09,108.1,89.1,0.0
Chandler,2025-08-10,107.6,87.6,0.0
Chandler,2025-08-11,109.7,89.2,0.0
Chandler,2025-08-12,110.2,87.0,0.0
Chandler,2025-08-13,110.1,87.0,0.0
Chandler,2025-08-14,105.5,84.7,0.0
Chandler,2025-08-15,102.3,78.4,0.004
Chandler,2025-08-16,102.4,79.0,0.0
Chandler,2025-08-17,104.5,80.4,0.0
Chandler,2025-08-18,106.9,82.7,0.0
Chandler,2025-08-19,107.3,82.4,0.0
Chandler,2025-08-20,110.8,86.6,0.0
Chandler,2025-08-21,111.2,90.5,0.0
Chandler,2025-08-22,109.6,90.1,0.0
Chandler,2025-08-23,108.1,89.3,0.0
Chandler,2025-08-24,107.1,88.6,0.0
Chandler,2025-08-25,100.7,77.7,0.323
Chandler,2025-08-26,95.2,75.8,0.0
Chandler,2025-08-27,100.3,79.3,0.0
Chandler,2025-08-28,104.9,83.7,0.0
Chandler,2025-08-29,98.7,74.8,0.224
Chandler,2025-08-30,105.4,83.5,0.0
Chandler,2025-08-31,108.9,80.6,0.0
Chandler,2025-09-01,106.3,85.8,0.0
Chandler,2025-09-02,106.3,86.3,0.0
Chandler,2025-09-03,103.2,81.8,0.0
Chandler,2025-09-04,93.1,77.0,0.043
Chandler,2025-09-05,93.4,72.3,0.181
Chandler,2025-09-06,98.5,80.4,0.0
Chandler,2025-09-07,100.0,82.3,0.0
Chandler,2025-09-08,101.6,82.9,0.024
Chandler,2025-09-09,104.3,82.5,0.0
Chandler,2025-09-10,106.6,84.7,0.0
Chandler,2025-09-11,100.9,81.6,0.0
Chandler,2025-09-12,100.8,79.3,0.02
Chandler,2025-09-13,95.9,73.2,0.0
Chandler,2025-09-14,98.7,72.1,0.0
Chandler,2025-09-15,102.0,75.7,0.0
Chandler,2025-09-16,102.1,80.7,0.0
Chandler,2025-09-17,101.3,82.4,0.0
Chandler,2025-09-18,96.1,73.8,0.378
Chandler,2025-09-19,97.8,75.1,0.016
Chandler,2025-09-20,99.5,79.1,0.0
Chandler,2025-09-21,99.2,81.4,0.012
Chandler,2025-09-22,91.0,72.0,0.72
Chandler,2025-09-23,100.7,78.7,0.0
Chandler,2025-09-24,106.0,82.4,0.0
Chandler,2025-09-25,104.0,84.5,0.063
Chandler,2025-09-26,84.6,71.7,0.437
Chandler,2025-09-27,81.9,67.5,0.205
Chandler,2025-09-28,81.1,66.6,0.071
Chandler,2025-09-29,89.5,65.3,0.0
Chandler,2025-09-30,94.0,67.0,0.0
Chandler,2025-10-01,95.7,71.7,0.0
Chandler,2025-10-02,99.5,71.4,0.0
Chandler,2025-10-03,102.4,73.6,0.0
Chandler,2025-10-04,88.3,68.9,0.0
Chandler,2025-10-05,87.3,62.4,0.0
Chandler,2025-10-06,92.4,61.9,0.0
Chandler,2025-10-07,96.5,63.3,0.0
Chandler,2025-10-08,98.8,70.6,0.0
Chandler,2025-10-09,91.1,74.6,0.083
Chandler,2025-10-10,89.6,73.8,0.087
Chandler,2025-10-11,80.9,70.2,0.52
Chandler,2025-10-12,77.5,68.0,2.811
Chandler,2025-10-13,78.8,67.3,0.252
Chandler,2025-10-14,82.1,65.8,0.004
Chandler,2025-10-15,76.2,61.8,0.0
Chandler,2025-10-16,76.4,58.5,0.0
Chandler,2025-10-17,80.1,56.0,0.0
Chandler,2025-10-18,83.8,56.7,0.0
Chandler,2025-10-19,86.6,58.1,0.0
Chandler,2025-10-20,85.9,58.5,0.0
Chandler,2025-10-21,88.9,58.0,0.0
Chandler,2025-10-22,89.4,65.8,0.016
Chandler,2025-10-23,81.3,58.6,0.0
Chandler,2025-10-24,81.5,56.5,0.0
Chandler,2025-10-25,84.0,57.5,0.0
Chandler,2025-10-26,87.5,58.1,0.0
Chandler,2025-10-27,86.5,58.7,0.0
Chandler,2025-10-28,90.4,59.7,0.0
Chandler,2025-10-29,90.5,67.0,0.0
Chandler,2025-10-30,87.3,60.1,0.0
Chandler,2025-10-31,85.6,56.4,0.0
Chandler,2025-11-01,85.9,55.0,0.0
Chandler,2025-11-02,87.8,54.9,0.0
Chandler,2025-11-03,87.1,56.5,0.0
Chandler,2025-11-04,88.0,55.3,0.0
Chandler,2025-11-05,87.0,55.7,0.0
Chandler,2025-11-06,84.1,55.0,0.0
Chandler,2025-11-07,83.6,54.9,0.0
Chandler,2025-11-08,83.9,54.7,0.0
Chandler,2025-11-09,89.0,57.7,0.0
Chandler,2025-11-10,88.6,65.5,0.0
Chandler,2025-11-11,85.3,56.0,0.0
Chandler,2025-11-12,85.3,55.5,0.0
Chandler,2025-11-13,84.7,56.7,0.0
Chandler,2025-11-14,85.6,55.9,0.0
Chandler,2025-11-15,81.8,55.7,0.091
Chandler,2025-11-16,72.2,61.0,0.114
Chandler,2025-11-17,72.4,52.3,0.343
Chandler,2025-11-18,70.9,57.6,0.835
Chandler,2025-11-19,64.9,53.2,0.709
Chandler,2025-11-20,61.1,51.7,0.28
Chandler,2025-11-21,64.3,50.2,0.0
Chandler,2025-11-22,68.0,52.3,0.488
Chandler,2025-11-23,63.0,52.7,0.311
Chandler,2025-11-24,64.2,48.4,0.0
Chandler,2025-11-25,67.1,47.8,0.0
Chandler,2025-11-26,72.3,47.3,0.0
Chandler,2025-11-27,72.4,50.6,0.0
Chandler,2025-11-28,71.5,47.8,0.0
Chandler,2025-11-29,70.4,46.0,0.0
Chandler,2025-11-30,70.7,46.1,0.0
Chandler,2025-12-01,69.8,47.3,0.0
Chandler,2025-12-02,68.0,44.2,0.0
Chandler,2025-12-03,64.3,43.4,0.0
Chandler,2025-12-04,64.5,44.3,0.0
Chandler,2025-12-05,64.1,39.9,0.0
Chandler,2025-12-06,65.1,39.6,0.0
Chandler,2025-12-07,70.6,42.2,0.0
Chandler,2025-12-08,70.3,41.3,0.0
Chandler,2025-12-09,72.6,45.9,0.0
Chandler,2025-12-10,73.2,43.7,0.0
Chandler,2025-12-11,77.0,44.5,0.0
Chandler,2025-12-12,76.2,46.9,0.0
Chandler,2025-12-13,74.8,47.8,0.0
Chandler,2025-12-14,80.0,47.8,0.0
Chandler,2025-12-15,77.7,50.6,0.0
Chandler,2025-12-16,73.8,45.7,0.0
Chandler,2025-12-17,72.4,45.5,0.0
Chandler,2025-12-18,72.5,45.8,0.0
Chandler,2025-12-19,75.1,46.8,0.0
Chandler,2025-12-20,76.1,47.1,0.0
Chandler,2025-12-21,76.7,47.5,0.0
Chandler,2025-12-22,77.3,47.0,0.0
Chandler,2025-12-23,78.3,50.4,0.043
Chandler,2025-12-24,68.2,61.2,0.055
Chandler,2025-12-25,70.2,60.9,0.563
Chandler,2025-12-26,71.2,54.0,0.0
Chandler,2025-12-27,69.4,56.3,0.0
Chandler,2025-12-28,66.5,46.9,0.0
Chandler,2025-12-29,75.2,53.4,0.0
Chandler,2025-12-30,73.5,55.6,0.0
Chandler,2025-12-31,68.5,55.6,0.004
SkyHarbor_check,2016-01-01,65.8,31.6,0.0
SkyHarbor_check,2016-01-02,69.1,43.3,0.0
SkyHarbor_check,2016-01-03,71.6,44.2,0.0
SkyHarbor_check,2016-01-04,60.1,51.4,0.205
SkyHarbor_check,2016-01-05,57.2,49.6,0.524
SkyHarbor_check,2016-01-06,58.9,45.6,0.492
SkyHarbor_check,2016-01-07,52.9,42.7,0.957
SkyHarbor_check,2016-01-08,53.2,37.0,0.098
SkyHarbor_check,2016-01-09,55.2,40.0,0.0
SkyHarbor_check,2016-01-10,54.8,36.7,0.0
SkyHarbor_check,2016-01-11,56.5,33.2,0.0
SkyHarbor_check,2016-01-12,61.7,31.6,0.0
SkyHarbor_check,2016-01-13,60.6,31.8,0.0
SkyHarbor_check,2016-01-14,59.8,33.4,0.0
SkyHarbor_check,2016-01-15,58.5,37.1,0.012
SkyHarbor_check,2016-01-16,58.5,33.4,0.0
SkyHarbor_check,2016-01-17,63.0,35.4,0.0
SkyHarbor_check,2016-01-18,65.8,37.8,0.0
SkyHarbor_check,2016-01-19,64.7,36.6,0.0
SkyHarbor_check,2016-01-20,65.6,39.8,0.0
SkyHarbor_check,2016-01-21,67.3,37.4,0.0
SkyHarbor_check,2016-01-22,71.8,38.4,0.0
SkyHarbor_check,2016-01-23,71.6,41.6,0.0
SkyHarbor_check,2016-01-24,63.8,41.5,0.0
SkyHarbor_check,2016-01-25,63.2,38.3,0.0
SkyHarbor_check,2016-01-26,65.1,37.8,0.0
SkyHarbor_check,2016-01-27,67.5,36.0,0.0
SkyHarbor_check,2016-01-28,68.8,39.0,0.0
SkyHarbor_check,2016-01-29,69.1,36.3,0.0
SkyHarbor_check,2016-01-30,73.0,40.1,0.0
SkyHarbor_check,2016-01-31,75.5,47.4,0.106
SkyHarbor_check,2016-02-01,52.9,42.4,0.15
SkyHarbor_check,2016-02-02,52.1,34.5,0.0
SkyHarbor_check,2016-02-03,53.9,27.8,0.0
SkyHarbor_check,2016-02-04,60.5,28.9,0.0
SkyHarbor_check,2016-02-05,65.3,33.3,0.0
SkyHarbor_check,2016-02-06,73.0,36.3,0.0
SkyHarbor_check,2016-02-07,77.5,37.5,0.0
SkyHarbor_check,2016-02-08,81.8,42.3,0.0
SkyHarbor_check,2016-02-09,82.8,45.7,0.0
SkyHarbor_check,2016-02-10,83.0,44.6,0.0
SkyHarbor_check,2016-02-11,82.3,44.8,0.0
SkyHarbor_check,2016-02-12,84.4,44.7,0.0
SkyHarbor_check,2016-02-13,83.0,45.3,0.0
SkyHarbor_check,2016-02-14,79.7,45.5,0.0
SkyHarbor_check,2016-02-15,81.1,45.9,0.0
SkyHarbor_check,2016-02-16,84.7,46.9,0.0
SkyHarbor_check,2016-02-17,87.4,48.0,0.0
SkyHarbor_check,2016-02-18,81.0,53.8,0.0
SkyHarbor_check,2016-02-19,81.8,53.2,0.0
SkyHarbor_check,2016-02-20,82.5,46.1,0.0
SkyHarbor_check,2016-02-21,82.3,47.3,0.0
SkyHarbor_check,2016-02-22,81.1,47.3,0.0
SkyHarbor_check,2016-02-23,71.3,50.6,0.0
SkyHarbor_check,2016-02-24,75.3,48.4,0.0
SkyHarbor_check,2016-02-25,81.6,44.4,0.0
SkyHarbor_check,2016-02-26,85.8,49.1,0.0
SkyHarbor_check,2016-02-27,84.3,49.0,0.0
SkyHarbor_check,2016-02-28,83.9,47.9,0.0
SkyHarbor_check,2016-02-29,85.1,51.2,0.0
SkyHarbor_check,2016-03-01,86.0,50.7,0.0
SkyHarbor_check,2016-03-02,86.9,50.8,0.0
SkyHarbor_check,2016-03-03,86.8,51.4,0.0
SkyHarbor_check,2016-03-04,87.8,51.0,0.0
SkyHarbor_check,2016-03-05,82.6,55.0,0.0
SkyHarbor_check,2016-03-06,81.1,56.8,0.0
SkyHarbor_check,2016-03-07,70.7,48.7,0.0
SkyHarbor_check,2016-03-08,70.8,47.8,0.0
SkyHarbor_check,2016-03-09,78.0,44.2,0.0
SkyHarbor_check,2016-03-10,84.2,48.4,0.0
SkyHarbor_check,2016-03-11,86.9,49.9,0.0
SkyHarbor_check,2016-03-12,70.3,52.7,0.0
SkyHarbor_check,2016-03-13,76.1,46.1,0.0
SkyHarbor_check,2016-03-14,78.9,49.4,0.0
SkyHarbor_check,2016-03-15,84.1,48.2,0.0
SkyHarbor_check,2016-03-16,85.9,47.6,0.0
SkyHarbor_check,2016-03-17,87.0,49.7,0.0
SkyHarbor_check,2016-03-18,87.2,51.4,0.0
SkyHarbor_check,2016-03-19,88.3,54.6,0.0
SkyHarbor_check,2016-03-20,89.7,54.6,0.0
SkyHarbor_check,2016-03-21,90.8,55.9,0.0
SkyHarbor_check,2016-03-22,79.6,58.8,0.0
SkyHarbor_check,2016-03-23,74.4,53.4,0.0
SkyHarbor_check,2016-03-24,79.0,44.2,0.0
SkyHarbor_check,2016-03-25,83.6,49.1,0.0
SkyHarbor_check,2016-03-26,84.7,53.5,0.0
SkyHarbor_check,2016-03-27,85.5,50.3,0.0
SkyHarbor_check,2016-03-28,82.9,56.3,0.0
SkyHarbor_check,2016-03-29,67.5,55.3,0.0
SkyHarbor_check,2016-03-30,66.7,46.5,0.0
SkyHarbor_check,2016-03-31,71.1,45.9,0.0
SkyHarbor_check,2016-04-01,76.9,48.2,0.0
SkyHarbor_check,2016-04-02,82.4,48.6,0.0
SkyHarbor_check,2016-04-03,87.6,53.8,0.0
SkyHarbor_check,2016-04-04,90.6,54.3,0.0
SkyHarbor_check,2016-04-05,90.6,57.2,0.0
SkyHarbor_check,2016-04-06,96.1,57.4,0.0
SkyHarbor_check,2016-04-07,92.8,66.5,0.0
SkyHarbor_check,2016-04-08,79.8,59.4,0.264
SkyHarbor_check,2016-04-09,81.1,56.2,0.0
SkyHarbor_check,2016-04-10,69.4,55.3,0.374
SkyHarbor_check,2016-04-11,73.1,50.1,0.0
SkyHarbor_check,2016-04-12,78.2,53.1,0.0
SkyHarbor_check,2016-04-13,83.4,54.6,0.0
SkyHarbor_check,2016-04-14,87.7,54.3,0.0
SkyHarbor_check,2016-04-15,80.9,58.7,0.0
SkyHarbor_check,2016-04-16,78.0,53.2,0.0
SkyHarbor_check,2016-04-17,80.6,59.2,0.0
SkyHarbor_check,2016-04-18,84.2,54.5,0.0
SkyHarbor_check,2016-04-19,89.5,53.5,0.0
SkyHarbor_check,2016-04-20,93.3,56.3,0.0
SkyHarbor_check,2016-04-21,96.0,56.2,0.0
SkyHarbor_check,2016-04-22,96.4,61.5,0.0
SkyHarbor_check,2016-04-23,87.4,61.7,0.0
SkyHarbor_check,2016-04-24,87.6,56.9,0.0
SkyHarbor_check,2016-04-25,79.2,64.5,0.0
SkyHarbor_check,2016-04-26,76.3,51.9,0.0
SkyHarbor_check,2016-04-27,82.7,52.3,0.0
SkyHarbor_check,2016-04-28,74.9,58.7,0.0
SkyHarbor_check,2016-04-29,79.9,58.8,0.0
SkyHarbor_check,2016-04-30,83.1,58.3,0.0
SkyHarbor_check,2016-05-01,77.1,53.8,0.0
SkyHarbor_check,2016-05-02,86.5,53.5,0.0
SkyHarbor_check,2016-05-03,92.3,60.1,0.0
SkyHarbor_check,2016-05-04,101.0,62.2,0.0
SkyHarbor_check,2016-05-05,96.1,64.0,0.0
SkyHarbor_check,2016-05-06,78.4,62.5,0.004
SkyHarbor_check,2016-05-07,77.2,52.7,0.134
SkyHarbor_check,2016-05-08,79.2,58.7,0.0
SkyHarbor_check,2016-05-09,84.6,55.4,0.0
SkyHarbor_check,2016-05-10,90.5,60.3,0.0
SkyHarbor_check,2016-05-11,94.0,66.7,0.0
SkyHarbor_check,2016-05-12,100.6,63.3,0.0
SkyHarbor_check,2016-05-13,102.6,65.3,0.0
SkyHarbor_check,2016-05-14,101.2,71.0,0.0
SkyHarbor_check,2016-05-15,94.1,66.0,0.0
SkyHarbor_check,2016-05-16,91.3,66.9,0.0
SkyHarbor_check,2016-05-17,89.8,64.6,0.0
SkyHarbor_check,2016-05-18,86.1,65.3,0.067
SkyHarbor_check,2016-05-19,91.9,62.2,0.0
SkyHarbor_check,2016-05-20,96.7,69.0,0.0
SkyHarbor_check,2016-05-21,92.1,68.1,0.0
SkyHarbor_check,2016-05-22,87.8,63.9,0.0
SkyHarbor_check,2016-05-23,89.2,61.3,0.0
SkyHarbor_check,2016-05-24,89.6,62.1,0.0
SkyHarbor_check,2016-05-25,90.5,59.6,0.0
SkyHarbor_check,2016-05-26,84.6,61.0,0.0
SkyHarbor_check,2016-05-27,91.0,60.4,0.0
SkyHarbor_check,2016-05-28,96.2,62.3,0.0
SkyHarbor_check,2016-05-29,97.0,65.8,0.0
SkyHarbor_check,2016-05-30,93.7,65.9,0.0
SkyHarbor_check,2016-05-31,97.3,61.7,0.0
SkyHarbor_check,2016-06-01,100.7,72.0,0.0
SkyHarbor_check,2016-06-02,106.5,71.2,0.0
SkyHarbor_check,2016-06-03,111.4,79.3,0.0
SkyHarbor_check,2016-06-04,113.7,78.3,0.0
SkyHarbor_check,2016-06-05,113.9,77.9,0.0
SkyHarbor_check,2016-06-06,110.8,77.7,0.0
SkyHarbor_check,2016-06-07,105.3,77.8,0.0
SkyHarbor_check,2016-06-08,105.7,75.9,0.0
SkyHarbor_check,2016-06-09,104.2,76.7,0.0
SkyHarbor_check,2016-06-10,100.0,77.2,0.098
SkyHarbor_check,2016-06-11,100.0,76.4,0.0
SkyHarbor_check,2016-06-12,103.0,72.7,0.0
SkyHarbor_check,2016-06-13,99.1,73.9,0.0
SkyHarbor_check,2016-06-14,99.6,69.5,0.0
SkyHarbor_check,2016-06-15,101.3,68.1,0.0
SkyHarbor_check,2016-06-16,101.1,70.3,0.0
SkyHarbor_check,2016-06-17,104.0,70.8,0.0
SkyHarbor_check,2016-06-18,109.7,70.8,0.0
SkyHarbor_check,2016-06-19,117.5,75.7,0.0
SkyHarbor_check,2016-06-20,113.6,84.3,0.0
SkyHarbor_check,2016-06-21,110.4,85.5,0.0
SkyHarbor_check,2016-06-22,111.2,81.6,0.0
SkyHarbor_check,2016-06-23,110.2,82.5,0.0
SkyHarbor_check,2016-06-24,109.3,82.2,0.0
SkyHarbor_check,2016-06-25,107.2,80.2,0.0
SkyHarbor_check,2016-06-26,103.4,84.2,0.0
SkyHarbor_check,2016-06-27,107.3,86.3,0.0
SkyHarbor_check,2016-06-28,108.4,82.9,0.012
SkyHarbor_check,2016-06-29,104.2,84.5,0.024
SkyHarbor_check,2016-06-30,93.1,80.3,0.079
SkyHarbor_check,2016-07-01,94.5,78.4,0.028
SkyHarbor_check,2016-07-02,100.7,77.8,0.004
SkyHarbor_check,2016-07-03,104.5,78.0,0.0
SkyHarbor_check,2016-07-04,107.2,82.7,0.0
SkyHarbor_check,2016-07-05,108.9,80.6,0.0
SkyHarbor_check,2016-07-06,105.8,80.8,0.0
SkyHarbor_check,2016-07-07,105.9,78.8,0.0
SkyHarbor_check,2016-07-08,107.4,76.9,0.0
SkyHarbor_check,2016-07-09,109.6,78.8,0.0
SkyHarbor_check,2016-07-10,109.3,81.7,0.0
SkyHarbor_check,2016-07-11,107.8,79.5,0.0
SkyHarbor_check,2016-07-12,109.0,78.3,0.0
SkyHarbor_check,2016-07-13,107.9,78.5,0.0
SkyHarbor_check,2016-07-14,110.1,84.8,0.0
SkyHarbor_check,2016-07-15,110.9,82.9,0.0
SkyHarbor_check,2016-07-16,107.5,84.4,0.0
SkyHarbor_check,2016-07-17,100.4,86.8,0.031
SkyHarbor_check,2016-07-18,104.5,84.4,0.0
SkyHarbor_check,2016-07-19,106.3,83.6,0.016
SkyHarbor_check,2016-07-20,106.8,82.8,0.0
SkyHarbor_check,2016-07-21,110.4,83.3,0.0
SkyHarbor_check,2016-07-22,111.5,87.6,0.0
SkyHarbor_check,2016-07-23,109.6,87.4,0.0
SkyHarbor_check,2016-07-24,106.1,84.0,0.035
SkyHarbor_check,2016-07-25,106.6,86.5,0.0
SkyHarbor_check,2016-07-26,108.6,85.6,0.028
SkyHarbor_check,2016-07-27,111.0,85.5,0.0
SkyHarbor_check,2016-07-28,110.0,87.1,0.0
SkyHarbor_check,2016-07-29,110.8,85.3,0.012
SkyHarbor_check,2016-07-30,103.3,84.4,0.083
SkyHarbor_check,2016-07-31,98.3,81.3,0.142
SkyHarbor_check,2016-08-01,93.5,80.9,0.154
SkyHarbor_check,2016-08-02,91.5,78.0,0.213
SkyHarbor_check,2016-08-03,92.8,78.5,0.02
SkyHarbor_check,2016-08-04,95.1,78.1,0.134
SkyHarbor_check,2016-08-05,93.9,78.4,0.138
SkyHarbor_check,2016-08-06,101.7,78.3,0.0
SkyHarbor_check,2016-08-07,105.4,82.7,0.0
SkyHarbor_check,2016-08-08,107.2,79.5,0.0
SkyHarbor_check,2016-08-09,95.3,82.7,0.138
SkyHarbor_check,2016-08-10,93.2,75.8,0.406
SkyHarbor_check,2016-08-11,90.0,71.7,0.776
SkyHarbor_check,2016-08-12,96.0,77.7,0.0
SkyHarbor_check,2016-08-13,98.8,75.2,0.0
SkyHarbor_check,2016-08-14,99.4,78.0,0.0
SkyHarbor_check,2016-08-15,104.1,79.6,0.0
SkyHarbor_check,2016-08-16,107.0,78.4,0.0
SkyHarbor_check,2016-08-17,106.6,78.9,0.0
SkyHarbor_check,2016-08-18,100.4,81.7,0.0
SkyHarbor_check,2016-08-19,101.8,77.8,0.0
SkyHarbor_check,2016-08-20,99.6,79.5,0.004
SkyHarbor_check,2016-08-21,99.3,77.1,0.0
SkyHarbor_check,2016-08-22,98.2,76.7,0.0
SkyHarbor_check,2016-08-23,98.4,78.6,0.0
SkyHarbor_check,2016-08-24,101.7,76.9,0.0
SkyHarbor_check,2016-08-25,98.9,73.9,0.0
SkyHarbor_check,2016-08-26,96.5,78.7,0.0
SkyHarbor_check,2016-08-27,97.1,76.6,0.008
SkyHarbor_check,2016-08-28,99.1,70.5,0.0
SkyHarbor_check,2016-08-29,103.5,70.7,0.0
SkyHarbor_check,2016-08-30,105.7,77.7,0.0
SkyHarbor_check,2016-08-31,103.1,84.4,0.0
SkyHarbor_check,2016-09-01,102.1,83.5,0.067
SkyHarbor_check,2016-09-02,100.5,81.8,0.0
SkyHarbor_check,2016-09-03,104.3,76.6,0.0
SkyHarbor_check,2016-09-04,100.9,73.0,0.0
SkyHarbor_check,2016-09-05,102.2,69.7,0.0
SkyHarbor_check,2016-09-06,99.2,74.6,0.0
SkyHarbor_check,2016-09-07,85.2,74.2,0.343
SkyHarbor_check,2016-09-08,91.5,73.4,0.0
SkyHarbor_check,2016-09-09,100.0,73.5,0.0
SkyHarbor_check,2016-09-10,101.9,74.6,0.0
SkyHarbor_check,2016-09-11,103.3,76.1,0.0
SkyHarbor_check,2016-09-12,97.7,77.2,0.004
SkyHarbor_check,2016-09-13,95.3,77.4,0.134
SkyHarbor_check,2016-09-14,96.1,73.1,0.0
SkyHarbor_check,2016-09-15,95.9,67.2,0.0
SkyHarbor_check,2016-09-16,95.8,64.1,0.0
SkyHarbor_check,2016-09-17,98.7,63.5,0.0
SkyHarbor_check,2016-09-18,102.7,64.6,0.0
SkyHarbor_check,2016-09-19,99.1,65.9,0.0
SkyHarbor_check,2016-09-20,89.0,77.4,0.0
SkyHarbor_check,2016-09-21,97.4,74.3,0.0
SkyHarbor_check,2016-09-22,86.8,75.1,0.087
SkyHarbor_check,2016-09-23,87.4,68.7,0.0
SkyHarbor_check,2016-09-24,88.6,56.8,0.0
SkyHarbor_check,2016-09-25,95.2,65.8,0.0
SkyHarbor_check,2016-09-26,87.2,74.6,0.012
SkyHarbor_check,2016-09-27,90.8,71.3,0.0
SkyHarbor_check,2016-09-28,94.2,70.0,0.004
SkyHarbor_check,2016-09-29,92.8,75.3,0.012
SkyHarbor_check,2016-09-30,93.7,70.5,0.0
SkyHarbor_check,2016-10-01,95.0,70.3,0.0
SkyHarbor_check,2016-10-02,87.0,70.6,0.37
SkyHarbor_check,2016-10-03,82.5,66.0,0.0
SkyHarbor_check,2016-10-04,82.4,55.0,0.0
SkyHarbor_check,2016-10-05,87.2,57.4,0.0
SkyHarbor_check,2016-10-06,88.0,59.1,0.0
SkyHarbor_check,2016-10-07,95.2,57.6,0.0
SkyHarbor_check,2016-10-08,95.5,75.7,0.012
SkyHarbor_check,2016-10-09,94.7,69.9,0.0
SkyHarbor_check,2016-10-10,95.3,66.7,0.0
SkyHarbor_check,2016-10-11,96.0,64.5,0.0
SkyHarbor_check,2016-10-12,92.3,62.9,0.0
SkyHarbor_check,2016-10-13,92.1,60.0,0.0
SkyHarbor_check,2016-10-14,94.6,59.4,0.0
SkyHarbor_check,2016-10-15,93.3,61.8,0.0
SkyHarbor_check,2016-10-16,92.7,61.4,0.0
SkyHarbor_check,2016-10-17,90.0,62.3,0.0
SkyHarbor_check,2016-10-18,89.9,61.0,0.0
SkyHarbor_check,2016-10-19,91.4,59.2,0.0
SkyHarbor_check,2016-10-20,96.7,58.4,0.0
SkyHarbor_check,2016-10-21,96.6,73.0,0.0
SkyHarbor_check,2016-10-22,96.6,68.5,0.0
SkyHarbor_check,2016-10-23,94.7,65.3,0.0
SkyHarbor_check,2016-10-24,91.3,66.1,0.0
SkyHarbor_check,2016-10-25,90.6,67.7,0.0
SkyHarbor_check,2016-10-26,94.0,63.2,0.0
SkyHarbor_check,2016-10-27,98.2,67.5,0.0
SkyHarbor_check,2016-10-28,93.7,72.8,0.0
SkyHarbor_check,2016-10-29,93.7,64.9,0.0
SkyHarbor_check,2016-10-30,92.9,67.5,0.0
SkyHarbor_check,2016-10-31,86.4,65.6,0.0
SkyHarbor_check,2016-11-01,80.5,61.9,0.0
SkyHarbor_check,2016-11-02,82.0,55.7,0.0
SkyHarbor_check,2016-11-03,86.6,64.9,0.15
SkyHarbor_check,2016-11-04,78.4,59.5,0.016
SkyHarbor_check,2016-11-05,79.6,57.4,0.0
SkyHarbor_check,2016-11-06,82.0,56.5,0.0
SkyHarbor_check,2016-11-07,84.0,55.7,0.0
SkyHarbor_check,2016-11-08,87.9,58.7,0.0
SkyHarbor_check,2016-11-09,83.2,62.4,0.0
SkyHarbor_check,2016-11-10,80.5,62.9,0.0
SkyHarbor_check,2016-11-11,81.9,57.9,0.0
SkyHarbor_check,2016-11-12,82.6,57.2,0.0
SkyHarbor_check,2016-11-13,83.6,55.0,0.0
SkyHarbor_check,2016-11-14,84.7,52.3,0.0
SkyHarbor_check,2016-11-15,86.4,52.3,0.0
SkyHarbor_check,2016-11-16,81.5,58.1,0.0
SkyHarbor_check,2016-11-17,70.4,54.1,0.0
SkyHarbor_check,2016-11-18,76.6,42.7,0.0
SkyHarbor_check,2016-11-19,82.9,57.5,0.0
SkyHarbor_check,2016-11-20,76.4,61.7,0.024
SkyHarbor_check,2016-11-21,65.9,52.6,0.717
SkyHarbor_check,2016-11-22,66.7,47.4,0.0
SkyHarbor_check,2016-11-23,70.6,45.6,0.0
SkyHarbor_check,2016-11-24,72.5,44.3,0.0
SkyHarbor_check,2016-11-25,76.8,45.1,0.0
SkyHarbor_check,2016-11-26,75.2,57.0,0.0
SkyHarbor_check,2016-11-27,62.6,48.4,0.209
SkyHarbor_check,2016-11-28,57.9,43.3,0.0
SkyHarbor_check,2016-11-29,58.5,40.1,0.0
SkyHarbor_check,2016-11-30,60.0,33.9,0.0
SkyHarbor_check,2016-12-01,59.9,36.7,0.0
SkyHarbor_check,2016-12-02,58.8,38.8,0.0
SkyHarbor_check,2016-12-03,66.4,37.5,0.0
SkyHarbor_check,2016-12-04,67.2,38.9,0.0
SkyHarbor_check,2016-12-05,66.4,38.5,0.0
SkyHarbor_check,2016-12-06,66.3,41.5,0.0
SkyHarbor_check,2016-12-07,64.2,45.2,0.0
SkyHarbor_check,2016-12-08,66.3,39.5,0.0
SkyHarbor_check,2016-12-09,69.7,42.1,0.0
SkyHarbor_check,2016-12-10,70.3,41.9,0.0
SkyHarbor_check,2016-12-11,71.8,44.9,0.0
SkyHarbor_check,2016-12-12,72.3,45.1,0.0
SkyHarbor_check,2016-12-13,73.1,48.0,0.0
SkyHarbor_check,2016-12-14,75.1,45.1,0.0
SkyHarbor_check,2016-12-15,76.1,44.3,0.0
SkyHarbor_check,2016-12-16,71.8,56.6,0.063
SkyHarbor_check,2016-12-17,63.1,40.3,0.083
SkyHarbor_check,2016-12-18,61.5,33.4,0.0
SkyHarbor_check,2016-12-19,69.8,39.6,0.0
SkyHarbor_check,2016-12-20,72.9,43.0,0.0
SkyHarbor_check,2016-12-21,67.6,52.7,0.118
SkyHarbor_check,2016-12-22,61.9,54.6,0.5
SkyHarbor_check,2016-12-23,60.9,49.7,0.02
SkyHarbor_check,2016-12-24,61.9,41.4,0.319
SkyHarbor_check,2016-12-25,53.1,37.9,0.075
SkyHarbor_check,2016-12-26,58.5,33.9,0.0
SkyHarbor_check,2016-12-27,66.2,36.1,0.0
SkyHarbor_check,2016-12-28,62.9,40.4,0.0
SkyHarbor_check,2016-12-29,73.2,44.8,0.0
SkyHarbor_check,2016-12-30,69.1,50.7,0.114
SkyHarbor_check,2016-12-31,61.5,49.7,0.083
SkyHarbor_check,2017-01-01,57.5,48.8,0.22
SkyHarbor_check,2017-01-02,58.3,43.3,0.0
SkyHarbor_check,2017-01-03,62.2,40.6,0.0
SkyHarbor_check,2017-01-04,64.9,41.8,0.0
SkyHarbor_check,2017-01-05,66.2,41.9,0.008
SkyHarbor_check,2017-01-06,63.3,45.5,0.0
SkyHarbor_check,2017-01-07,66.1,39.0,0.0
SkyHarbor_check,2017-01-08,73.0,46.6,0.004
SkyHarbor_check,2017-01-09,71.6,48.5,0.008
SkyHarbor_check,2017-01-10,67.9,45.1,0.0
SkyHarbor_check,2017-01-11,67.2,44.6,0.008
SkyHarbor_check,2017-01-12,69.3,41.4,0.0
SkyHarbor_check,2017-01-13,64.0,49.4,0.012
SkyHarbor_check,2017-01-14,64.7,50.9,0.197
SkyHarbor_check,2017-01-15,61.7,48.6,0.205
SkyHarbor_check,2017-01-16,61.2,47.1,0.063
SkyHarbor_check,2017-01-17,63.1,41.2,0.0
SkyHarbor_check,2017-01-18,65.1,41.5,0.0
SkyHarbor_check,2017-01-19,59.5,43.0,0.051
SkyHarbor_check,2017-01-20,55.9,45.0,0.717
SkyHarbor_check,2017-01-21,59.2,41.4,0.11
SkyHarbor_check,2017-01-22,60.1,37.7,0.0
SkyHarbor_check,2017-01-23,61.0,45.0,0.28
SkyHarbor_check,2017-01-24,54.7,37.7,0.02
SkyHarbor_check,2017-01-25,55.1,33.2,0.0
SkyHarbor_check,2017-01-26,55.9,32.3,0.0
SkyHarbor_check,2017-01-27,56.2,33.5,0.0
SkyHarbor_check,2017-01-28,61.1,34.1,0.0
SkyHarbor_check,2017-01-29,68.4,37.9,0.0
SkyHarbor_check,2017-01-30,72.4,45.5,0.0
SkyHarbor_check,2017-01-31,73.3,38.7,0.0
SkyHarbor_check,2017-02-01,73.7,38.8,0.0
SkyHarbor_check,2017-02-02,73.4,40.2,0.0
SkyHarbor_check,2017-02-03,73.4,41.3,0.0
SkyHarbor_check,2017-02-04,74.6,40.3,0.0
SkyHarbor_check,2017-02-05,77.2,42.1,0.0
SkyHarbor_check,2017-02-06,70.8,47.4,0.0
SkyHarbor_check,2017-02-07,73.7,47.1,0.0
SkyHarbor_check,2017-02-08,76.4,48.1,0.0
SkyHarbor_check,2017-02-09,82.4,51.5,0.0
SkyHarbor_check,2017-02-10,85.9,49.8,0.0
SkyHarbor_check,2017-02-11,79.7,55.6,0.0
SkyHarbor_check,2017-02-12,77.5,59.5,0.004
SkyHarbor_check,2017-02-13,74.8,56.6,0.008
SkyHarbor_check,2017-02-14,72.4,51.8,0.0
SkyHarbor_check,2017-02-15,73.8,54.1,0.0
SkyHarbor_check,2017-02-16,75.1,44.3,0.0
SkyHarbor_check,2017-02-17,75.6,50.8,0.0
SkyHarbor_check,2017-02-18,65.2,47.4,0.5
SkyHarbor_check,2017-02-19,60.5,47.9,0.421
SkyHarbor_check,2017-02-20,66.2,46.4,0.004
SkyHarbor_check,2017-02-21,73.5,44.4,0.0
SkyHarbor_check,2017-02-22,76.5,49.3,0.004
SkyHarbor_check,2017-02-23,61.1,43.4,0.0
SkyHarbor_check,2017-02-24,61.0,36.2,0.0
SkyHarbor_check,2017-02-25,64.7,35.6,0.0
SkyHarbor_check,2017-02-26,64.6,47.1,0.0
SkyHarbor_check,2017-02-27,68.9,46.2,0.272
SkyHarbor_check,2017-02-28,64.9,47.6,0.335
SkyHarbor_check,2017-03-01,67.4,42.3,0.0
SkyHarbor_check,2017-03-02,75.4,44.2,0.0
SkyHarbor_check,2017-03-03,81.3,52.3,0.0
SkyHarbor_check,2017-03-04,77.5,47.8,0.0
SkyHarbor_check,2017-03-05,77.2,52.6,0.016
SkyHarbor_check,2017-03-06,66.8,46.0,0.0
SkyHarbor_check,2017-03-07,75.0,42.1,0.0
SkyHarbor_check,2017-03-08,82.9,44.6,0.0
SkyHarbor_check,2017-03-09,84.7,46.9,0.0
SkyHarbor_check,2017-03-10,88.2,47.5,0.0
SkyHarbor_check,2017-03-11,87.1,52.7,0.0
SkyHarbor_check,2017-03-12,88.6,51.6,0.0
SkyHarbor_check,2017-03-13,90.5,53.9,0.0
SkyHarbor_check,2017-03-14,91.9,52.6,0.0
SkyHarbor_check,2017-03-15,91.9,53.8,0.0
SkyHarbor_check,2017-03-16,91.4,55.0,0.0
SkyHarbor_check,2017-03-17,92.0,55.0,0.0
SkyHarbor_check,2017-03-18,94.3,58.6,0.0
SkyHarbor_check,2017-03-19,95.2,57.7,0.0
SkyHarbor_check,2017-03-20,95.2,57.3,0.0
SkyHarbor_check,2017-03-21,92.4,61.3,0.0
SkyHarbor_check,2017-03-22,82.8,61.2,0.008
SkyHarbor_check,2017-03-23,71.1,53.5,0.094
SkyHarbor_check,2017-03-24,77.7,48.9,0.0
SkyHarbor_check,2017-03-25,81.1,49.4,0.0
SkyHarbor_check,2017-03-26,80.4,50.5,0.0
SkyHarbor_check,2017-03-27,81.2,51.5,0.0
SkyHarbor_check,2017-03-28,78.6,55.1,0.0
SkyHarbor_check,2017-03-29,84.3,51.0,0.0
SkyHarbor_check,2017-03-30,88.7,52.9,0.0
SkyHarbor_check,2017-03-31,67.5,52.1,0.0
SkyHarbor_check,2017-04-01,73.0,48.2,0.0
SkyHarbor_check,2017-04-02,81.0,47.5,0.0
SkyHarbor_check,2017-04-03,85.6,55.7,0.0
SkyHarbor_check,2017-04-04,78.0,50.7,0.0
SkyHarbor_check,2017-04-05,84.7,50.3,0.0
SkyHarbor_check,2017-04-06,90.0,52.5,0.0
SkyHarbor_check,2017-04-07,90.4,55.5,0.0
SkyHarbor_check,2017-04-08,87.2,55.1,0.0
SkyHarbor_check,2017-04-09,80.3,54.4,0.0
SkyHarbor_check,2017-04-10,83.3,50.6,0.0
SkyHarbor_check,2017-04-11,88.2,49.5,0.0
SkyHarbor_check,2017-04-12,90.0,54.4,0.0
SkyHarbor_check,2017-04-13,92.0,54.6,0.0
SkyHarbor_check,2017-04-14,87.6,58.0,0.0
SkyHarbor_check,2017-04-15,87.2,56.2,0.0
SkyHarbor_check,2017-04-16,90.1,53.2,0.0
SkyHarbor_check,2017-04-17,91.5,55.5,0.0
SkyHarbor_check,2017-04-18,92.8,56.8,0.0
SkyHarbor_check,2017-04-19,90.6,63.4,0.0
SkyHarbor_check,2017-04-20,91.3,55.4,0.0
SkyHarbor_check,2017-04-21,93.2,56.8,0.0
SkyHarbor_check,2017-04-22,95.3,59.9,0.0
SkyHarbor_check,2017-04-23,97.3,60.4,0.0
SkyHarbor_check,2017-04-24,92.9,66.8,0.0
SkyHarbor_check,2017-04-25,85.9,67.0,0.0
SkyHarbor_check,2017-04-26,88.2,59.5,0.0
SkyHarbor_check,2017-04-27,91.9,63.3,0.0
SkyHarbor_check,2017-04-28,87.2,65.1,0.0
SkyHarbor_check,2017-04-29,80.6,53.4,0.0
SkyHarbor_check,2017-04-30,86.5,55.3,0.0
SkyHarbor_check,2017-05-01,91.3,55.3,0.0
SkyHarbor_check,2017-05-02,95.1,59.9,0.0
SkyHarbor_check,2017-05-03,98.2,65.1,0.0
SkyHarbor_check,2017-05-04,101.6,65.1,0.0
SkyHarbor_check,2017-05-05,105.8,67.2,0.0
SkyHarbor_check,2017-05-06,95.4,71.8,0.004
SkyHarbor_check,2017-05-07,73.6,63.8,0.004
SkyHarbor_check,2017-05-08,80.5,57.5,0.114
SkyHarbor_check,2017-05-09,74.1,54.7,0.154
SkyHarbor_check,2017-05-10,77.3,54.6,0.008
SkyHarbor_check,2017-05-11,90.1,55.7,0.0
SkyHarbor_check,2017-05-12,96.6,63.7,0.0
SkyHarbor_check,2017-05-13,97.8,69.0,0.0
SkyHarbor_check,2017-05-14,94.2,66.7,0.0
SkyHarbor_check,2017-05-15,86.5,65.4,0.0
SkyHarbor_check,2017-05-16,77.2,59.9,0.0
SkyHarbor_check,2017-05-17,84.5,57.1,0.0
SkyHarbor_check,2017-05-18,85.7,63.5,0.0
SkyHarbor_check,2017-05-19,85.6,59.8,0.0
SkyHarbor_check,2017-05-20,92.8,60.4,0.0
SkyHarbor_check,2017-05-21,99.6,65.0,0.0
SkyHarbor_check,2017-05-22,102.6,68.5,0.0
SkyHarbor_check,2017-05-23,103.8,71.6,0.0
SkyHarbor_check,2017-05-24,105.7,71.5,0.0
SkyHarbor_check,2017-05-25,100.1,73.0,0.0
SkyHarbor_check,2017-05-26,94.8,70.0,0.0
SkyHarbor_check,2017-05-27,96.3,65.7,0.0
SkyHarbor_check,2017-05-28,100.1,65.7,0.0
SkyHarbor_check,2017-05-29,103.7,67.0,0.0
SkyHarbor_check,2017-05-30,99.8,69.0,0.0
SkyHarbor_check,2017-05-31,99.3,73.8,0.0
SkyHarbor_check,2017-06-01,97.6,72.7,0.0
SkyHarbor_check,2017-06-02,100.5,69.0,0.0
SkyHarbor_check,2017-06-03,106.3,73.0,0.0
SkyHarbor_check,2017-06-04,106.8,77.3,0.0
SkyHarbor_check,2017-06-05,107.1,77.6,0.0
SkyHarbor_check,2017-06-06,106.0,76.8,0.0
SkyHarbor_check,2017-06-07,107.1,75.5,0.0
SkyHarbor_check,2017-06-08,104.0,74.1,0.0
SkyHarbor_check,2017-06-09,106.0,73.7,0.0
SkyHarbor_check,2017-06-10,101.1,74.0,0.0
SkyHarbor_check,2017-06-11,99.4,72.5,0.0
SkyHarbor_check,2017-06-12,93.2,70.2,0.0
SkyHarbor_check,2017-06-13,96.7,64.9,0.0
SkyHarbor_check,2017-06-14,102.7,64.0,0.0
SkyHarbor_check,2017-06-15,106.3,66.7,0.0
SkyHarbor_check,2017-06-16,107.5,68.6,0.0
SkyHarbor_check,2017-06-17,108.1,72.0,0.0
SkyHarbor_check,2017-06-18,112.1,75.5,0.0
SkyHarbor_check,2017-06-19,116.5,78.5,0.0
SkyHarbor_check,2017-06-20,117.1,81.3,0.0
SkyHarbor_check,2017-06-21,115.3,82.9,0.0
SkyHarbor_check,2017-06-22,110.9,82.4,0.0
SkyHarbor_check,2017-06-23,110.8,83.0,0.0
SkyHarbor_check,2017-06-24,115.4,84.3,0.0
SkyHarbor_check,2017-06-25,112.6,86.2,0.028
SkyHarbor_check,2017-06-26,109.8,84.9,0.0
SkyHarbor_check,2017-06-27,108.8,81.2,0.0
SkyHarbor_check,2017-06-28,108.1,78.4,0.0
SkyHarbor_check,2017-06-29,106.6,77.7,0.0
SkyHarbor_check,2017-06-30,107.5,78.4,0.0
SkyHarbor_check,2017-07-01,110.5,75.1,0.0
SkyHarbor_check,2017-07-02,108.2,77.6,0.0
SkyHarbor_check,2017-07-03,105.9,83.6,0.0
SkyHarbor_check,2017-07-04,109.9,81.1,0.0
SkyHarbor_check,2017-07-05,111.5,83.8,0.0
SkyHarbor_check,2017-07-06,110.5,83.8,0.0
SkyHarbor_check,2017-07-07,113.9,85.4,0.035
SkyHarbor_check,2017-07-08,107.5,91.9,0.024
SkyHarbor_check,2017-07-09,105.8,86.5,0.008
SkyHarbor_check,2017-07-10,106.2,85.0,0.004
SkyHarbor_check,2017-07-11,100.6,82.5,0.0
SkyHarbor_check,2017-07-12,105.3,81.7,0.087
SkyHarbor_check,2017-07-13,105.9,81.9,0.232
SkyHarbor_check,2017-07-14,107.3,83.8,0.02
SkyHarbor_check,2017-07-15,106.3,85.4,0.012
SkyHarbor_check,2017-07-16,101.5,82.9,0.098
SkyHarbor_check,2017-07-17,98.3,77.4,0.024
SkyHarbor_check,2017-07-18,97.6,77.1,0.012
SkyHarbor_check,2017-07-19,90.1,76.4,0.346
SkyHarbor_check,2017-07-20,97.5,76.3,0.012
SkyHarbor_check,2017-07-21,97.3,77.1,0.26
SkyHarbor_check,2017-07-22,99.8,81.1,0.063
SkyHarbor_check,2017-07-23,96.5,78.0,0.083
SkyHarbor_check,2017-07-24,89.3,74.8,0.291
SkyHarbor_check,2017-07-25,95.2,76.8,0.122
SkyHarbor_check,2017-07-26,100.6,77.0,0.0
SkyHarbor_check,2017-07-27,104.9,79.0,0.0
SkyHarbor_check,2017-07-28,98.8,79.9,0.075
SkyHarbor_check,2017-07-29,94.5,78.3,0.102
SkyHarbor_check,2017-07-30,94.6,76.1,0.122
SkyHarbor_check,2017-07-31,101.8,77.8,0.094
SkyHarbor_check,2017-08-01,101.3,79.3,0.047
SkyHarbor_check,2017-08-02,97.2,79.3,0.185
SkyHarbor_check,2017-08-03,97.3,76.2,0.614
SkyHarbor_check,2017-08-04,100.9,76.3,0.035
SkyHarbor_check,2017-08-05,100.7,82.5,0.0
SkyHarbor_check,2017-08-06,103.3,80.0,0.0
SkyHarbor_check,2017-08-07,105.5,78.1,0.0
SkyHarbor_check,2017-08-08,107.6,79.1,0.0
SkyHarbor_check,2017-08-09,110.7,80.7,0.0
SkyHarbor_check,2017-08-10,106.5,84.3,0.0
SkyHarbor_check,2017-08-11,104.6,77.3,0.008
SkyHarbor_check,2017-08-12,100.2,81.0,0.063
SkyHarbor_check,2017-08-13,99.1,73.9,0.016
SkyHarbor_check,2017-08-14,101.1,78.9,0.028
SkyHarbor_check,2017-08-15,101.5,78.6,0.0
SkyHarbor_check,2017-08-16,102.6,73.8,0.0
SkyHarbor_check,2017-08-17,103.8,71.3,0.0
SkyHarbor_check,2017-08-18,105.6,71.7,0.0
SkyHarbor_check,2017-08-19,104.5,75.4,0.0
SkyHarbor_check,2017-08-20,98.9,79.6,0.043
SkyHarbor_check,2017-08-21,102.3,80.2,0.0
SkyHarbor_check,2017-08-22,106.2,76.6,0.0
SkyHarbor_check,2017-08-23,104.3,81.6,0.067
SkyHarbor_check,2017-08-24,102.6,79.1,0.0
SkyHarbor_check,2017-08-25,104.6,78.4,0.012
SkyHarbor_check,2017-08-26,108.6,81.0,0.0
SkyHarbor_check,2017-08-27,108.1,85.6,0.051
SkyHarbor_check,2017-08-28,109.0,82.2,0.0
SkyHarbor_check,2017-08-29,108.0,82.0,0.004
SkyHarbor_check,2017-08-30,107.0,83.3,0.0
SkyHarbor_check,2017-08-31,108.0,80.7,0.0
SkyHarbor_check,2017-09-01,107.4,79.8,0.0
SkyHarbor_check,2017-09-02,103.7,80.9,0.0
SkyHarbor_check,2017-09-03,103.1,80.2,0.0
SkyHarbor_check,2017-09-04,105.1,78.6,0.0
SkyHarbor_check,2017-09-05,105.7,80.1,0.008
SkyHarbor_check,2017-09-06,108.4,78.7,0.0
SkyHarbor_check,2017-09-07,104.1,80.0,0.008
SkyHarbor_check,2017-09-08,99.1,78.6,0.075
SkyHarbor_check,2017-09-09,92.0,74.6,0.091
SkyHarbor_check,2017-09-10,102.5,76.3,0.024
SkyHarbor_check,2017-09-11,104.2,80.1,0.0
SkyHarbor_check,2017-09-12,106.9,79.7,0.0
SkyHarbor_check,2017-09-13,103.2,80.5,0.004
SkyHarbor_check,2017-09-14,97.0,80.8,0.157
SkyHarbor_check,2017-09-15,95.8,74.1,0.0
SkyHarbor_check,2017-09-16,96.2,69.2,0.0
SkyHarbor_check,2017-09-17,97.7,73.3,0.0
SkyHarbor_check,2017-09-18,99.1,65.9,0.0
SkyHarbor_check,2017-09-19,100.0,65.8,0.0
SkyHarbor_check,2017-09-20,99.9,67.7,0.0
SkyHarbor_check,2017-09-21,97.7,66.6,0.0
SkyHarbor_check,2017-09-22,87.8,70.1,0.0
SkyHarbor_check,2017-09-23,85.0,63.6,0.0
SkyHarbor_check,2017-09-24,85.5,59.7,0.0
SkyHarbor_check,2017-09-25,87.8,56.4,0.0
SkyHarbor_check,2017-09-26,88.3,57.9,0.0
SkyHarbor_check,2017-09-27,90.2,60.4,0.0
SkyHarbor_check,2017-09-28,93.2,62.0,0.0
SkyHarbor_check,2017-09-29,96.6,66.7,0.0
SkyHarbor_check,2017-09-30,96.6,65.4,0.0
SkyHarbor_check,2017-10-01,97.4,63.0,0.0
SkyHarbor_check,2017-10-02,92.2,66.9,0.0
SkyHarbor_check,2017-10-03,96.1,64.4,0.0
SkyHarbor_check,2017-10-04,97.3,68.0,0.0
SkyHarbor_check,2017-10-05,98.2,70.3,0.0
SkyHarbor_check,2017-10-06,95.6,64.0,0.0
SkyHarbor_check,2017-10-07,95.1,58.9,0.0
SkyHarbor_check,2017-10-08,93.0,59.1,0.0
SkyHarbor_check,2017-10-09,89.0,64.1,0.0
SkyHarbor_check,2017-10-10,92.4,59.9,0.0
SkyHarbor_check,2017-10-11,96.0,65.0,0.0
SkyHarbor_check,2017-10-12,93.3,62.6,0.0
SkyHarbor_check,2017-10-13,94.1,60.1,0.0
SkyHarbor_check,2017-10-14,92.9,58.9,0.0
SkyHarbor_check,2017-10-15,96.1,65.2,0.0
SkyHarbor_check,2017-10-16,97.7,64.7,0.0
SkyHarbor_check,2017-10-17,98.2,65.8,0.0
SkyHarbor_check,2017-10-18,97.0,63.1,0.0
SkyHarbor_check,2017-10-19,95.5,67.8,0.02
SkyHarbor_check,2017-10-20,88.2,64.9,0.0
SkyHarbor_check,2017-10-21,84.9,59.9,0.0
SkyHarbor_check,2017-10-22,91.1,59.0,0.0
SkyHarbor_check,2017-10-23,95.6,60.2,0.0
SkyHarbor_check,2017-10-24,94.6,66.5,0.0
SkyHarbor_check,2017-10-25,94.8,66.9,0.0
SkyHarbor_check,2017-10-26,92.2,58.1,0.0
SkyHarbor_check,2017-10-27,90.4,57.4,0.0
SkyHarbor_check,2017-10-28,90.3,57.8,0.0
SkyHarbor_check,2017-10-29,90.7,57.0,0.0
SkyHarbor_check,2017-10-30,85.5,59.5,0.0
SkyHarbor_check,2017-10-31,81.1,58.6,0.0
SkyHarbor_check,2017-11-01,82.4,59.4,0.0
SkyHarbor_check,2017-11-02,80.2,58.3,0.0
SkyHarbor_check,2017-11-03,81.6,57.1,0.0
SkyHarbor_check,2017-11-04,83.2,62.1,0.0
SkyHarbor_check,2017-11-05,79.9,60.8,0.0
SkyHarbor_check,2017-11-06,81.2,54.7,0.0
SkyHarbor_check,2017-11-07,82.0,60.2,0.0
SkyHarbor_check,2017-11-08,81.5,58.7,0.0
SkyHarbor_check,2017-11-09,83.6,56.9,0.004
SkyHarbor_check,2017-11-10,84.1,55.6,0.0
SkyHarbor_check,2017-11-11,84.1,54.4,0.0
SkyHarbor_check,2017-11-12,84.5,53.2,0.0
SkyHarbor_check,2017-11-13,85.6,56.1,0.0
SkyHarbor_check,2017-11-14,84.5,55.4,0.0
SkyHarbor_check,2017-11-15,82.8,50.7,0.0
SkyHarbor_check,2017-11-16,83.8,51.4,0.0
SkyHarbor_check,2017-11-17,73.4,54.6,0.028
SkyHarbor_check,2017-11-18,78.5,53.2,0.0
SkyHarbor_check,2017-11-19,80.4,53.5,0.0
SkyHarbor_check,2017-11-20,78.6,48.1,0.0
SkyHarbor_check,2017-11-21,79.3,46.9,0.0
SkyHarbor_check,2017-11-22,87.4,53.0,0.0
SkyHarbor_check,2017-11-23,85.0,56.4,0.0
SkyHarbor_check,2017-11-24,84.4,51.2,0.0
SkyHarbor_check,2017-11-25,84.2,51.4,0.0
SkyHarbor_check,2017-11-26,86.2,50.4,0.0
SkyHarbor_check,2017-11-27,84.1,49.4,0.0
SkyHarbor_check,2017-11-28,74.9,45.9,0.0
SkyHarbor_check,2017-11-29,77.5,49.4,0.0
SkyHarbor_check,2017-11-30,76.3,56.4,0.0
SkyHarbor_check,2017-12-01,79.5,55.9,0.0
SkyHarbor_check,2017-12-02,79.3,54.7,0.016
SkyHarbor_check,2017-12-03,80.0,51.4,0.0
SkyHarbor_check,2017-12-04,72.7,47.8,0.0
SkyHarbor_check,2017-12-05,66.9,46.9,0.028
SkyHarbor_check,2017-12-06,74.2,48.5,0.0
SkyHarbor_check,2017-12-07,63.8,43.8,0.0
SkyHarbor_check,2017-12-08,65.9,37.0,0.0
SkyHarbor_check,2017-12-09,75.6,37.0,0.0
SkyHarbor_check,2017-12-10,78.8,54.8,0.0
SkyHarbor_check,2017-12-11,76.5,49.6,0.0
SkyHarbor_check,2017-12-12,76.7,43.3,0.0
SkyHarbor_check,2017-12-13,75.3,46.9,0.0
SkyHarbor_check,2017-12-14,72.8,39.1,0.0
SkyHarbor_check,2017-12-15,71.4,47.3,0.0
SkyHarbor_check,2017-12-16,67.2,41.9,0.0
SkyHarbor_check,2017-12-17,65.2,45.9,0.028
SkyHarbor_check,2017-12-18,65.2,43.3,0.0
SkyHarbor_check,2017-12-19,65.2,39.3,0.0
SkyHarbor_check,2017-12-20,68.1,38.4,0.0
SkyHarbor_check,2017-12-21,55.0,40.8,0.0
SkyHarbor_check,2017-12-22,56.3,29.6,0.0
SkyHarbor_check,2017-12-23,64.0,34.4,0.0
SkyHarbor_check,2017-12-24,68.2,35.7,0.0
SkyHarbor_check,2017-12-25,68.4,37.4,0.0
SkyHarbor_check,2017-12-26,68.3,36.4,0.0
SkyHarbor_check,2017-12-27,73.0,42.4,0.0
SkyHarbor_check,2017-12-28,73.6,37.3,0.0
SkyHarbor_check,2017-12-29,75.6,37.9,0.0
SkyHarbor_check,2017-12-30,74.2,40.6,0.0
SkyHarbor_check,2017-12-31,69.4,40.3,0.0
SkyHarbor_check,2018-01-01,72.7,38.2,0.0
SkyHarbor_check,2018-01-02,71.8,42.7,0.0
SkyHarbor_check,2018-01-03,76.8,43.7,0.0
SkyHarbor_check,2018-01-04,76.5,53.1,0.0
SkyHarbor_check,2018-01-05,74.8,43.0,0.0
SkyHarbor_check,2018-01-06,74.7,43.7,0.0
SkyHarbor_check,2018-01-07,76.1,50.7,0.0
SkyHarbor_check,2018-01-08,75.8,47.1,0.0
SkyHarbor_check,2018-01-09,74.6,52.7,0.228
SkyHarbor_check,2018-01-10,61.7,49.0,0.126
SkyHarbor_check,2018-01-11,66.9,44.2,0.0
SkyHarbor_check,2018-01-12,69.9,41.5,0.0
SkyHarbor_check,2018-01-13,75.9,44.7,0.0
SkyHarbor_check,2018-01-14,76.6,46.7,0.0
SkyHarbor_check,2018-01-15,73.0,43.0,0.0
SkyHarbor_check,2018-01-16,70.5,46.9,0.0
SkyHarbor_check,2018-01-17,71.2,43.6,0.0
SkyHarbor_check,2018-01-18,74.1,43.3,0.0
SkyHarbor_check,2018-01-19,76.1,43.2,0.0
SkyHarbor_check,2018-01-20,58.7,46.7,0.004
SkyHarbor_check,2018-01-21,57.8,39.8,0.0
SkyHarbor_check,2018-01-22,60.0,34.0,0.0
SkyHarbor_check,2018-01-23,69.1,40.8,0.0
SkyHarbor_check,2018-01-24,74.8,41.5,0.0
SkyHarbor_check,2018-01-25,75.0,43.7,0.0
SkyHarbor_check,2018-01-26,67.5,39.7,0.0
SkyHarbor_check,2018-01-27,73.3,43.3,0.0
SkyHarbor_check,2018-01-28,79.0,48.1,0.0
SkyHarbor_check,2018-01-29,82.0,54.8,0.0
SkyHarbor_check,2018-01-30,81.6,47.8,0.0
SkyHarbor_check,2018-01-31,78.4,43.1,0.0
SkyHarbor_check,2018-02-01,79.1,42.2,0.0
SkyHarbor_check,2018-02-02,79.0,43.4,0.0
SkyHarbor_check,2018-02-03,76.9,42.9,0.0
SkyHarbor_check,2018-02-04,79.0,44.2,0.0
SkyHarbor_check,2018-02-05,78.7,43.2,0.0
SkyHarbor_check,2018-02-06,78.4,44.1,0.0
SkyHarbor_check,2018-02-07,78.4,46.8,0.0
SkyHarbor_check,2018-02-08,82.3,49.0,0.0
SkyHarbor_check,2018-02-09,80.6,43.5,0.0
SkyHarbor_check,2018-02-10,78.8,47.1,0.0
SkyHarbor_check,2018-02-11,76.8,50.7,0.0
SkyHarbor_check,2018-02-12,70.4,50.9,0.0
SkyHarbor_check,2018-02-13,70.8,52.1,0.035
SkyHarbor_check,2018-02-14,62.7,50.2,0.465
SkyHarbor_check,2018-02-15,62.5,51.7,0.429
SkyHarbor_check,2018-02-16,66.1,49.5,0.012
SkyHarbor_check,2018-02-17,71.4,46.0,0.0
SkyHarbor_check,2018-02-18,70.5,47.7,0.043
SkyHarbor_check,2018-02-19,63.2,47.6,0.063
SkyHarbor_check,2018-02-20,57.1,40.2,0.0
SkyHarbor_check,2018-02-21,59.5,35.9,0.0
SkyHarbor_check,2018-02-22,60.6,36.7,0.0
SkyHarbor_check,2018-02-23,59.2,37.0,0.0
SkyHarbor_check,2018-02-24,58.8,33.6,0.0
SkyHarbor_check,2018-02-25,63.2,34.3,0.0
SkyHarbor_check,2018-02-26,68.0,32.5,0.0
SkyHarbor_check,2018-02-27,69.2,38.0,0.043
SkyHarbor_check,2018-02-28,60.4,41.5,0.071
SkyHarbor_check,2018-03-01,67.7,37.5,0.0
SkyHarbor_check,2018-03-02,73.7,38.2,0.0
SkyHarbor_check,2018-03-03,74.7,40.6,0.0
SkyHarbor_check,2018-03-04,66.7,46.4,0.0
SkyHarbor_check,2018-03-05,71.0,41.0,0.0
SkyHarbor_check,2018-03-06,77.7,45.9,0.0
SkyHarbor_check,2018-03-07,80.2,45.1,0.0
SkyHarbor_check,2018-03-08,81.8,49.4,0.0
SkyHarbor_check,2018-03-09,82.4,48.5,0.0
SkyHarbor_check,2018-03-10,75.7,55.0,0.051
SkyHarbor_check,2018-03-11,74.5,57.2,0.083
SkyHarbor_check,2018-03-12,82.8,52.5,0.0
SkyHarbor_check,2018-03-13,83.6,52.9,0.0
SkyHarbor_check,2018-03-14,83.3,53.3,0.004
SkyHarbor_check,2018-03-15,70.3,52.4,0.012
SkyHarbor_check,2018-03-16,75.0,47.2,0.0
SkyHarbor_check,2018-03-17,72.1,49.0,0.0
SkyHarbor_check,2018-03-18,67.3,52.3,0.004
SkyHarbor_check,2018-03-19,72.6,44.0,0.0
SkyHarbor_check,2018-03-20,79.2,43.0,0.0
SkyHarbor_check,2018-03-21,82.9,48.8,0.0
SkyHarbor_check,2018-03-22,91.8,54.4,0.0
SkyHarbor_check,2018-03-23,82.2,64.0,0.0
SkyHarbor_check,2018-03-24,82.0,52.9,0.0
SkyHarbor_check,2018-03-25,76.1,50.8,0.0
SkyHarbor_check,2018-03-26,73.0,49.4,0.008
SkyHarbor_check,2018-03-27,73.9,47.5,0.004
SkyHarbor_check,2018-03-28,78.5,47.8,0.0
SkyHarbor_check,2018-03-29,85.4,49.0,0.0
SkyHarbor_check,2018-03-30,88.1,51.5,0.0
SkyHarbor_check,2018-03-31,91.5,54.8,0.0
SkyHarbor_check,2018-04-01,91.8,61.9,0.0
SkyHarbor_check,2018-04-02,89.5,60.7,0.0
SkyHarbor_check,2018-04-03,86.3,55.9,0.0
SkyHarbor_check,2018-04-04,89.9,54.4,0.0
SkyHarbor_check,2018-04-05,90.4,57.2,0.0
SkyHarbor_check,2018-04-06,90.4,61.7,0.0
SkyHarbor_check,2018-04-07,93.5,63.2,0.0
SkyHarbor_check,2018-04-08,92.0,70.0,0.0
SkyHarbor_check,2018-04-09,93.8,59.1,0.0
SkyHarbor_check,2018-04-10,98.0,58.5,0.0
SkyHarbor_check,2018-04-11,96.0,59.5,0.0
SkyHarbor_check,2018-04-12,83.9,64.9,0.0
SkyHarbor_check,2018-04-13,76.0,59.0,0.0
SkyHarbor_check,2018-04-14,81.3,54.8,0.0
SkyHarbor_check,2018-04-15,90.1,49.5,0.0
SkyHarbor_check,2018-04-16,85.5,56.0,0.0
SkyHarbor_check,2018-04-17,75.7,55.4,0.0
SkyHarbor_check,2018-04-18,82.0,48.6,0.0
SkyHarbor_check,2018-04-19,82.9,52.5,0.0
SkyHarbor_check,2018-04-20,76.6,49.5,0.0
SkyHarbor_check,2018-04-21,88.1,52.3,0.0
SkyHarbor_check,2018-04-22,91.7,57.9,0.0
SkyHarbor_check,2018-04-23,94.6,60.4,0.0
SkyHarbor_check,2018-04-24,96.3,61.3,0.0
SkyHarbor_check,2018-04-25,97.1,63.7,0.0
SkyHarbor_check,2018-04-26,97.9,61.4,0.0
SkyHarbor_check,2018-04-27,97.8,65.2,0.0
SkyHarbor_check,2018-04-28,96.5,67.6,0.0
SkyHarbor_check,2018-04-29,91.4,64.4,0.0
SkyHarbor_check,2018-04-30,85.3,63.1,0.0
SkyHarbor_check,2018-05-01,79.3,59.4,0.039
SkyHarbor_check,2018-05-02,75.2,56.1,0.016
SkyHarbor_check,2018-05-03,81.8,52.3,0.0
SkyHarbor_check,2018-05-04,92.6,57.1,0.0
SkyHarbor_check,2018-05-05,101.7,63.5,0.0
SkyHarbor_check,2018-05-06,105.5,68.2,0.0
SkyHarbor_check,2018-05-07,102.6,73.5,0.0
SkyHarbor_check,2018-05-08,102.8,67.8,0.0
SkyHarbor_check,2018-05-09,103.0,67.1,0.0
SkyHarbor_check,2018-05-10,104.1,69.4,0.0
SkyHarbor_check,2018-05-11,99.1,73.6,0.0
SkyHarbor_check,2018-05-12,89.7,69.9,0.0
SkyHarbor_check,2018-05-13,88.0,62.5,0.0
SkyHarbor_check,2018-05-14,94.3,63.3,0.0
SkyHarbor_check,2018-05-15,94.6,64.3,0.0
SkyHarbor_check,2018-05-16,98.2,64.5,0.0
SkyHarbor_check,2018-05-17,96.4,67.4,0.0
SkyHarbor_check,2018-05-18,93.2,66.5,0.0
SkyHarbor_check,2018-05-19,94.6,63.2,0.0
SkyHarbor_check,2018-05-20,97.1,67.2,0.0
SkyHarbor_check,2018-05-21,95.8,69.3,0.0
SkyHarbor_check,2018-05-22,92.7,66.4,0.0
SkyHarbor_check,2018-05-23,93.4,63.9,0.0
SkyHarbor_check,2018-05-24,97.9,66.7,0.0
SkyHarbor_check,2018-05-25,100.1,66.4,0.0
SkyHarbor_check,2018-05-26,92.4,69.1,0.0
SkyHarbor_check,2018-05-27,91.3,63.6,0.0
SkyHarbor_check,2018-05-28,97.5,65.8,0.0
SkyHarbor_check,2018-05-29,101.2,70.0,0.0
SkyHarbor_check,2018-05-30,101.8,74.5,0.0
SkyHarbor_check,2018-05-31,100.7,68.6,0.0
SkyHarbor_check,2018-06-01,99.2,69.2,0.0
SkyHarbor_check,2018-06-02,103.1,69.3,0.0
SkyHarbor_check,2018-06-03,107.2,69.9,0.0
SkyHarbor_check,2018-06-04,107.5,70.7,0.0
SkyHarbor_check,2018-06-05,105.5,74.7,0.0
SkyHarbor_check,2018-06-06,104.3,73.4,0.0
SkyHarbor_check,2018-06-07,105.3,69.3,0.0
SkyHarbor_check,2018-06-08,106.7,72.4,0.0
SkyHarbor_check,2018-06-09,108.4,74.2,0.0
SkyHarbor_check,2018-06-10,104.8,74.3,0.0
SkyHarbor_check,2018-06-11,105.6,72.7,0.0
SkyHarbor_check,2018-06-12,107.9,72.5,0.0
SkyHarbor_check,2018-06-13,109.1,79.5,0.0
SkyHarbor_check,2018-06-14,108.9,79.4,0.0
SkyHarbor_check,2018-06-15,94.3,82.9,0.004
SkyHarbor_check,2018-06-16,84.4,70.5,0.933
SkyHarbor_check,2018-06-17,97.4,68.7,0.0
SkyHarbor_check,2018-06-18,98.0,66.8,0.0
SkyHarbor_check,2018-06-19,100.3,67.6,0.0
SkyHarbor_check,2018-06-20,107.4,70.0,0.0
SkyHarbor_check,2018-06-21,108.5,73.9,0.0
SkyHarbor_check,2018-06-22,109.9,74.4,0.0
SkyHarbor_check,2018-06-23,108.2,76.6,0.0
SkyHarbor_check,2018-06-24,104.6,76.3,0.0
SkyHarbor_check,2018-06-25,106.6,76.0,0.0
SkyHarbor_check,2018-06-26,108.6,75.4,0.0
SkyHarbor_check,2018-06-27,109.1,75.4,0.0
SkyHarbor_check,2018-06-28,107.7,79.2,0.0
SkyHarbor_check,2018-06-29,104.1,77.8,0.0
SkyHarbor_check,2018-06-30,103.4,75.5,0.0
SkyHarbor_check,2018-07-01,103.7,74.4,0.0
SkyHarbor_check,2018-07-02,106.4,72.5,0.0
SkyHarbor_check,2018-07-03,107.8,76.0,0.0
SkyHarbor_check,2018-07-04,106.3,77.9,0.0
SkyHarbor_check,2018-07-05,113.5,81.8,0.0
SkyHarbor_check,2018-07-06,109.4,92.8,0.0
SkyHarbor_check,2018-07-07,110.6,88.1,0.0
SkyHarbor_check,2018-07-08,109.0,88.8,0.0
SkyHarbor_check,2018-07-09,99.5,79.3,0.331
SkyHarbor_check,2018-07-10,95.4,76.4,0.083
SkyHarbor_check,2018-07-11,98.3,79.3,0.26
SkyHarbor_check,2018-07-12,98.4,74.3,0.795
SkyHarbor_check,2018-07-13,103.1,79.7,0.004
SkyHarbor_check,2018-07-14,101.5,85.3,0.016
SkyHarbor_check,2018-07-15,99.5,80.0,0.035
SkyHarbor_check,2018-07-16,103.6,82.0,0.008
SkyHarbor_check,2018-07-17,103.3,78.9,0.02
SkyHarbor_check,2018-07-18,98.6,77.1,0.0
SkyHarbor_check,2018-07-19,105.9,84.1,0.0
SkyHarbor_check,2018-07-20,108.2,87.2,0.0
SkyHarbor_check,2018-07-21,100.9,80.2,0.0
SkyHarbor_check,2018-07-22,109.2,81.5,0.0
SkyHarbor_check,2018-07-23,115.1,83.8,0.0
SkyHarbor_check,2018-07-24,116.2,86.9,0.0
SkyHarbor_check,2018-07-25,115.5,88.0,0.0
SkyHarbor_check,2018-07-26,110.0,90.2,0.0
SkyHarbor_check,2018-07-27,109.8,88.1,0.0
SkyHarbor_check,2018-07-28,103.8,85.6,0.0
SkyHarbor_check,2018-07-29,102.0,82.9,0.0
SkyHarbor_check,2018-07-30,105.1,87.1,0.012
SkyHarbor_check,2018-07-31,107.1,82.8,0.0
SkyHarbor_check,2018-08-01,109.4,86.0,0.0
SkyHarbor_check,2018-08-02,106.0,85.9,0.012
SkyHarbor_check,2018-08-03,109.0,81.8,0.0
SkyHarbor_check,2018-08-04,110.4,86.4,0.0
SkyHarbor_check,2018-08-05,111.3,86.1,0.0
SkyHarbor_check,2018-08-06,113.5,82.1,0.0
SkyHarbor_check,2018-08-07,110.4,87.4,0.0
SkyHarbor_check,2018-08-08,102.8,76.1,0.0
SkyHarbor_check,2018-08-09,103.2,81.2,0.008
SkyHarbor_check,2018-08-10,95.3,72.9,0.161
SkyHarbor_check,2018-08-11,99.0,73.8,0.0
SkyHarbor_check,2018-08-12,98.7,78.8,0.0
SkyHarbor_check,2018-08-13,98.5,73.4,0.0
SkyHarbor_check,2018-08-14,101.4,78.2,0.043
SkyHarbor_check,2018-08-15,95.1,75.8,0.0
SkyHarbor_check,2018-08-16,91.3,76.3,0.264
SkyHarbor_check,2018-08-17,100.2,76.8,0.004
SkyHarbor_check,2018-08-18,103.2,80.2,0.0
SkyHarbor_check,2018-08-19,107.2,80.5,0.0
SkyHarbor_check,2018-08-20,107.7,82.0,0.0
SkyHarbor_check,2018-08-21,102.2,85.3,0.004
SkyHarbor_check,2018-08-22,97.3,74.0,0.366
SkyHarbor_check,2018-08-23,95.7,77.1,0.142
SkyHarbor_check,2018-08-24,99.1,78.1,0.0
SkyHarbor_check,2018-08-25,98.2,78.1,0.0
SkyHarbor_check,2018-08-26,100.0,79.5,0.004
SkyHarbor_check,2018-08-27,105.2,77.7,0.0
SkyHarbor_check,2018-08-28,103.6,73.7,0.0
SkyHarbor_check,2018-08-29,104.5,73.5,0.0
SkyHarbor_check,2018-08-30,102.1,79.4,0.0
SkyHarbor_check,2018-08-31,103.0,80.9,0.0
SkyHarbor_check,2018-09-01,98.4,81.9,0.02
SkyHarbor_check,2018-09-02,99.4,71.1,0.043
SkyHarbor_check,2018-09-03,97.0,75.3,0.012
SkyHarbor_check,2018-09-04,98.5,74.8,0.0
SkyHarbor_check,2018-09-05,100.6,75.2,0.0
SkyHarbor_check,2018-09-06,102.8,75.6,0.0
SkyHarbor_check,2018-09-07,103.5,79.6,0.0
SkyHarbor_check,2018-09-08,105.4,80.8,0.0
SkyHarbor_check,2018-09-09,104.5,81.0,0.0
SkyHarbor_check,2018-09-10,104.5,80.0,0.0
SkyHarbor_check,2018-09-11,105.9,78.1,0.0
SkyHarbor_check,2018-09-12,104.4,74.5,0.0
SkyHarbor_check,2018-09-13,103.9,70.5,0.0
SkyHarbor_check,2018-09-14,107.0,71.5,0.0
SkyHarbor_check,2018-09-15,107.5,73.6,0.0
SkyHarbor_check,2018-09-16,103.0,78.7,0.0
SkyHarbor_check,2018-09-17,105.4,79.4,0.0
SkyHarbor_check,2018-09-18,103.3,80.0,0.0
SkyHarbor_check,2018-09-19,90.1,72.1,0.185
SkyHarbor_check,2018-09-20,92.8,70.8,0.0
SkyHarbor_check,2018-09-21,96.9,71.3,0.0
SkyHarbor_check,2018-09-22,99.9,72.7,0.0
SkyHarbor_check,2018-09-23,100.9,76.6,0.0
SkyHarbor_check,2018-09-24,98.5,76.6,0.0
SkyHarbor_check,2018-09-25,96.5,75.5,0.0
SkyHarbor_check,2018-09-26,101.4,72.3,0.0
SkyHarbor_check,2018-09-27,102.9,72.5,0.0
SkyHarbor_check,2018-09-28,102.8,69.8,0.0
SkyHarbor_check,2018-09-29,102.5,74.0,0.0
SkyHarbor_check,2018-09-30,98.3,72.1,0.398
SkyHarbor_check,2018-10-01,77.7,70.7,1.102
SkyHarbor_check,2018-10-02,80.2,69.9,1.724
SkyHarbor_check,2018-10-03,81.9,70.3,0.303
SkyHarbor_check,2018-10-04,85.1,66.7,0.047
SkyHarbor_check,2018-10-05,82.2,64.9,0.0
SkyHarbor_check,2018-10-06,84.7,62.2,0.0
SkyHarbor_check,2018-10-07,71.9,59.4,0.811
SkyHarbor_check,2018-10-08,72.7,54.4,0.0
SkyHarbor_check,2018-10-09,77.1,54.9,0.0
SkyHarbor_check,2018-10-10,82.4,54.1,0.0
SkyHarbor_check,2018-10-11,80.4,60.4,0.051
SkyHarbor_check,2018-10-12,75.8,65.5,0.894
SkyHarbor_check,2018-10-13,70.8,60.8,1.189
SkyHarbor_check,2018-10-14,73.6,57.3,0.055
SkyHarbor_check,2018-10-15,74.8,59.0,0.02
SkyHarbor_check,2018-10-16,69.2,53.4,0.004
SkyHarbor_check,2018-10-17,75.7,53.2,0.0
SkyHarbor_check,2018-10-18,78.4,54.3,0.0
SkyHarbor_check,2018-10-19,83.0,55.7,0.0
SkyHarbor_check,2018-10-20,89.8,62.0,0.0
SkyHarbor_check,2018-10-21,84.2,68.4,0.024
SkyHarbor_check,2018-10-22,83.7,64.5,0.043
SkyHarbor_check,2018-10-23,84.2,65.3,0.15
SkyHarbor_check,2018-10-24,83.7,58.8,0.0
SkyHarbor_check,2018-10-25,84.7,58.9,0.0
SkyHarbor_check,2018-10-26,86.5,57.5,0.0
SkyHarbor_check,2018-10-27,88.4,56.1,0.0
SkyHarbor_check,2018-10-28,90.3,55.9,0.0
SkyHarbor_check,2018-10-29,87.3,57.2,0.0
SkyHarbor_check,2018-10-30,85.9,61.9,0.0
SkyHarbor_check,2018-10-31,74.9,54.7,0.0
SkyHarbor_check,2018-11-01,76.5,49.6,0.0
SkyHarbor_check,2018-11-02,80.3,48.7,0.0
SkyHarbor_check,2018-11-03,80.5,49.4,0.0
SkyHarbor_check,2018-11-04,81.1,51.2,0.0
SkyHarbor_check,2018-11-05,81.3,49.6,0.0
SkyHarbor_check,2018-11-06,82.5,51.5,0.0
SkyHarbor_check,2018-11-07,80.9,50.9,0.0
SkyHarbor_check,2018-11-08,79.5,50.2,0.0
SkyHarbor_check,2018-11-09,80.2,54.1,0.0
SkyHarbor_check,2018-11-10,78.4,54.9,0.0
SkyHarbor_check,2018-11-11,73.1,48.2,0.0
SkyHarbor_check,2018-11-12,65.7,44.7,0.0
SkyHarbor_check,2018-11-13,66.8,42.3,0.0
SkyHarbor_check,2018-11-14,70.9,45.5,0.0
SkyHarbor_check,2018-11-15,75.4,45.1,0.0
SkyHarbor_check,2018-11-16,75.6,40.1,0.0
SkyHarbor_check,2018-11-17,72.1,42.4,0.0
SkyHarbor_check,2018-11-18,72.4,44.0,0.0
SkyHarbor_check,2018-11-19,75.4,40.8,0.0
SkyHarbor_check,2018-11-20,78.8,46.5,0.0
SkyHarbor_check,2018-11-21,73.5,42.4,0.0
SkyHarbor_check,2018-11-22,68.8,46.8,0.0
SkyHarbor_check,2018-11-23,69.5,45.4,0.0
SkyHarbor_check,2018-11-24,69.6,41.8,0.0
SkyHarbor_check,2018-11-25,73.0,46.7,0.0
SkyHarbor_check,2018-11-26,74.8,47.8,0.0
SkyHarbor_check,2018-11-27,74.4,46.6,0.0
SkyHarbor_check,2018-11-28,75.4,43.3,0.0
SkyHarbor_check,2018-11-29,71.1,45.1,0.012
SkyHarbor_check,2018-11-30,63.4,47.4,0.437
SkyHarbor_check,2018-12-01,64.1,45.1,0.0
SkyHarbor_check,2018-12-02,61.2,42.4,0.008
SkyHarbor_check,2018-12-03,61.4,37.2,0.0
SkyHarbor_check,2018-12-04,65.9,38.2,0.0
SkyHarbor_check,2018-12-05,71.5,41.8,0.0
SkyHarbor_check,2018-12-06,62.2,49.2,0.154
SkyHarbor_check,2018-12-07,65.4,48.3,0.063
SkyHarbor_check,2018-12-08,65.7,47.3,0.0
SkyHarbor_check,2018-12-09,69.6,42.4,0.0
SkyHarbor_check,2018-12-10,72.4,46.8,0.0
SkyHarbor_check,2018-12-11,71.5,50.8,0.0
SkyHarbor_check,2018-12-12,66.6,40.2,0.0
SkyHarbor_check,2018-12-13,66.4,40.9,0.0
SkyHarbor_check,2018-12-14,68.5,32.8,0.0
SkyHarbor_check,2018-12-15,72.7,44.1,0.0
SkyHarbor_check,2018-12-16,72.0,42.4,0.0
SkyHarbor_check,2018-12-17,70.0,44.8,0.0
SkyHarbor_check,2018-12-18,67.6,42.3,0.0
SkyHarbor_check,2018-12-19,68.2,38.1,0.0
SkyHarbor_check,2018-12-20,73.0,41.5,0.0
SkyHarbor_check,2018-12-21,69.3,42.3,0.0
SkyHarbor_check,2018-12-22,71.8,38.3,0.0
SkyHarbor_check,2018-12-23,72.1,39.4,0.0
SkyHarbor_check,2018-12-24,71.0,39.1,0.0
SkyHarbor_check,2018-12-25,65.2,40.2,0.043
SkyHarbor_check,2018-12-26,60.0,41.5,0.043
SkyHarbor_check,2018-12-27,56.9,36.2,0.0
SkyHarbor_check,2018-12-28,53.2,35.8,0.0
SkyHarbor_check,2018-12-29,55.9,31.8,0.0
SkyHarbor_check,2018-12-30,55.4,31.2,0.0
SkyHarbor_check,2018-12-31,55.7,34.0,0.469
SkyHarbor_check,2019-01-01,48.0,34.9,0.094
SkyHarbor_check,2019-01-02,48.7,28.0,0.0
SkyHarbor_check,2019-01-03,54.1,26.8,0.0
SkyHarbor_check,2019-01-04,64.4,30.6,0.0
SkyHarbor_check,2019-01-05,65.9,36.1,0.102
SkyHarbor_check,2019-01-06,54.2,41.6,0.512
SkyHarbor_check,2019-01-07,61.6,37.8,0.0
SkyHarbor_check,2019-01-08,69.4,37.6,0.0
SkyHarbor_check,2019-01-09,68.5,43.3,0.008
SkyHarbor_check,2019-01-10,63.9,46.5,0.008
SkyHarbor_check,2019-01-11,64.2,39.0,0.0
SkyHarbor_check,2019-01-12,67.2,41.5,0.047
SkyHarbor_check,2019-01-13,61.3,45.1,0.035
SkyHarbor_check,2019-01-14,68.3,44.8,0.004
SkyHarbor_check,2019-01-15,67.3,48.7,0.165
SkyHarbor_check,2019-01-16,67.9,47.6,0.0
SkyHarbor_check,2019-01-17,67.9,42.5,0.0
SkyHarbor_check,2019-01-18,67.4,48.0,0.0
SkyHarbor_check,2019-01-19,69.3,42.2,0.0
SkyHarbor_check,2019-01-20,73.2,41.4,0.0
SkyHarbor_check,2019-01-21,65.3,43.8,0.0
SkyHarbor_check,2019-01-22,61.5,41.2,0.0
SkyHarbor_check,2019-01-23,61.2,36.1,0.0
SkyHarbor_check,2019-01-24,68.4,34.6,0.0
SkyHarbor_check,2019-01-25,69.3,36.2,0.0
SkyHarbor_check,2019-01-26,70.0,37.8,0.0
SkyHarbor_check,2019-01-27,72.1,41.9,0.0
SkyHarbor_check,2019-01-28,71.9,37.5,0.0
SkyHarbor_check,2019-01-29,72.4,45.2,0.0
SkyHarbor_check,2019-01-30,73.9,46.4,0.0
SkyHarbor_check,2019-01-31,73.0,43.6,0.0
SkyHarbor_check,2019-02-01,72.1,50.3,0.008
SkyHarbor_check,2019-02-02,70.4,53.2,0.0
SkyHarbor_check,2019-02-03,63.0,50.5,0.421
SkyHarbor_check,2019-02-04,64.7,51.6,0.043
SkyHarbor_check,2019-02-05,65.5,48.6,0.043
SkyHarbor_check,2019-02-06,54.3,39.6,0.02
SkyHarbor_check,2019-02-07,55.1,31.0,0.0
SkyHarbor_check,2019-02-08,65.7,30.3,0.0
SkyHarbor_check,2019-02-09,62.6,36.3,0.0
SkyHarbor_check,2019-02-10,63.1,33.7,0.0
SkyHarbor_check,2019-02-11,58.0,39.4,0.0
SkyHarbor_check,2019-02-12,68.7,31.2,0.0
SkyHarbor_check,2019-02-13,72.5,40.2,0.0
SkyHarbor_check,2019-02-14,61.2,50.8,0.488
SkyHarbor_check,2019-02-15,68.3,51.4,0.106
SkyHarbor_check,2019-02-16,61.4,43.3,0.008
SkyHarbor_check,2019-02-17,57.6,38.8,0.02
SkyHarbor_check,2019-02-18,53.8,36.3,0.039
SkyHarbor_check,2019-02-19,55.6,32.6,0.012
SkyHarbor_check,2019-02-20,55.9,28.1,0.0
SkyHarbor_check,2019-02-21,50.4,38.2,1.248
SkyHarbor_check,2019-02-22,46.7,33.4,0.642
SkyHarbor_check,2019-02-23,53.9,30.0,0.0
SkyHarbor_check,2019-02-24,62.0,30.5,0.0
SkyHarbor_check,2019-02-25,63.7,34.6,0.0
SkyHarbor_check,2019-02-26,71.1,37.7,0.0
SkyHarbor_check,2019-02-27,72.6,47.4,0.0
SkyHarbor_check,2019-02-28,74.0,44.0,0.0
SkyHarbor_check,2019-03-01,75.9,46.9,0.0
SkyHarbor_check,2019-03-02,71.5,49.1,0.059
SkyHarbor_check,2019-03-03,73.7,49.6,0.0
SkyHarbor_check,2019-03-04,73.0,45.4,0.0
SkyHarbor_check,2019-03-05,78.5,43.1,0.0
SkyHarbor_check,2019-03-06,86.6,49.0,0.004
SkyHarbor_check,2019-03-07,77.1,52.2,0.0
SkyHarbor_check,2019-03-08,66.3,52.5,0.0
SkyHarbor_check,2019-03-09,66.7,40.2,0.0
SkyHarbor_check,2019-03-10,71.7,40.4,0.0
SkyHarbor_check,2019-03-11,74.0,47.6,0.102
SkyHarbor_check,2019-03-12,63.7,48.4,0.409
SkyHarbor_check,2019-03-13,64.3,47.9,0.043
SkyHarbor_check,2019-03-14,60.7,38.3,0.0
SkyHarbor_check,2019-03-15,72.3,42.3,0.0
SkyHarbor_check,2019-03-16,75.9,49.1,0.0
SkyHarbor_check,2019-03-17,78.6,49.1,0.0
SkyHarbor_check,2019-03-18,82.2,50.6,0.0
SkyHarbor_check,2019-03-19,83.6,51.0,0.0
SkyHarbor_check,2019-03-20,85.4,54.4,0.0
SkyHarbor_check,2019-03-21,70.8,52.4,0.051
SkyHarbor_check,2019-03-22,71.5,45.9,0.0
SkyHarbor_check,2019-03-23,76.0,45.3,0.0
SkyHarbor_check,2019-03-24,79.0,48.2,0.0
SkyHarbor_check,2019-03-25,84.7,47.8,0.0
SkyHarbor_check,2019-03-26,85.7,50.0,0.0
SkyHarbor_check,2019-03-27,83.8,54.7,0.0
SkyHarbor_check,2019-03-28,84.5,52.6,0.0
SkyHarbor_check,2019-03-29,80.9,49.3,0.0
SkyHarbor_check,2019-03-30,81.5,47.7,0.0
SkyHarbor_check,2019-03-31,80.1,48.1,0.0
SkyHarbor_check,2019-04-01,82.4,54.4,0.0
SkyHarbor_check,2019-04-02,86.6,50.4,0.0
SkyHarbor_check,2019-04-03,79.3,57.7,0.0
SkyHarbor_check,2019-04-04,83.4,51.6,0.0
SkyHarbor_check,2019-04-05,81.1,53.9,0.0
SkyHarbor_check,2019-04-06,80.1,57.3,0.0
SkyHarbor_check,2019-04-07,88.1,55.7,0.0
SkyHarbor_check,2019-04-08,94.9,54.8,0.0
SkyHarbor_check,2019-04-09,95.5,57.7,0.0
SkyHarbor_check,2019-04-10,74.8,58.3,0.0
SkyHarbor_check,2019-04-11,77.1,54.8,0.0
SkyHarbor_check,2019-04-12,72.1,55.9,0.0
SkyHarbor_check,2019-04-13,78.6,48.2,0.0
SkyHarbor_check,2019-04-14,84.9,50.6,0.0
SkyHarbor_check,2019-04-15,87.7,53.9,0.0
SkyHarbor_check,2019-04-16,81.9,56.8,0.126
SkyHarbor_check,2019-04-17,77.6,52.0,0.063
SkyHarbor_check,2019-04-18,89.9,52.0,0.0
SkyHarbor_check,2019-04-19,97.9,55.1,0.0
SkyHarbor_check,2019-04-20,92.2,63.1,0.0
SkyHarbor_check,2019-04-21,87.4,63.9,0.0
SkyHarbor_check,2019-04-22,85.3,60.1,0.0
SkyHarbor_check,2019-04-23,86.8,58.6,0.0
SkyHarbor_check,2019-04-24,92.2,56.6,0.0
SkyHarbor_check,2019-04-25,97.4,60.7,0.0
SkyHarbor_check,2019-04-26,99.1,63.2,0.0
SkyHarbor_check,2019-04-27,96.4,68.0,0.0
SkyHarbor_check,2019-04-28,95.6,65.8,0.0
SkyHarbor_check,2019-04-29,83.8,61.6,0.071
SkyHarbor_check,2019-04-30,82.8,58.2,0.051
SkyHarbor_check,2019-05-01,85.8,59.9,0.0
SkyHarbor_check,2019-05-02,88.3,59.5,0.0
SkyHarbor_check,2019-05-03,92.8,58.1,0.0
SkyHarbor_check,2019-05-04,93.8,59.3,0.0
SkyHarbor_check,2019-05-05,93.4,60.9,0.0
SkyHarbor_check,2019-05-06,85.4,62.2,0.0
SkyHarbor_check,2019-05-07,79.1,62.9,0.055
SkyHarbor_check,2019-05-08,84.2,60.4,0.047
SkyHarbor_check,2019-05-09,90.5,58.8,0.0
SkyHarbor_check,2019-05-10,85.6,64.6,0.0
SkyHarbor_check,2019-05-11,84.2,61.3,0.0
SkyHarbor_check,2019-05-12,84.3,63.0,0.016
SkyHarbor_check,2019-05-13,91.3,61.6,0.0
SkyHarbor_check,2019-05-14,96.6,64.9,0.0
SkyHarbor_check,2019-05-15,98.9,68.5,0.0
SkyHarbor_check,2019-05-16,91.9,71.3,0.0
SkyHarbor_check,2019-05-17,80.6,59.2,0.0
SkyHarbor_check,2019-05-18,84.9,58.6,0.0
SkyHarbor_check,2019-05-19,81.1,62.8,0.0
SkyHarbor_check,2019-05-20,73.0,58.9,0.035
SkyHarbor_check,2019-05-21,80.7,53.9,0.0
SkyHarbor_check,2019-05-22,75.1,55.9,0.0
SkyHarbor_check,2019-05-23,77.9,55.2,0.004
SkyHarbor_check,2019-05-24,87.0,54.2,0.0
SkyHarbor_check,2019-05-25,91.7,58.3,0.0
SkyHarbor_check,2019-05-26,83.4,61.6,0.0
SkyHarbor_check,2019-05-27,78.3,62.9,0.0
SkyHarbor_check,2019-05-28,82.9,54.4,0.0
SkyHarbor_check,2019-05-29,90.0,57.3,0.0
SkyHarbor_check,2019-05-30,94.8,62.5,0.0
SkyHarbor_check,2019-05-31,97.5,65.5,0.0
SkyHarbor_check,2019-06-01,98.2,67.0,0.0
SkyHarbor_check,2019-06-02,95.0,68.7,0.0
SkyHarbor_check,2019-06-03,95.5,68.8,0.0
SkyHarbor_check,2019-06-04,97.7,69.4,0.0
SkyHarbor_check,2019-06-05,100.3,69.6,0.0
SkyHarbor_check,2019-06-06,101.6,70.7,0.0
SkyHarbor_check,2019-06-07,100.1,72.7,0.0
SkyHarbor_check,2019-06-08,99.1,68.0,0.0
SkyHarbor_check,2019-06-09,104.7,69.7,0.0
SkyHarbor_check,2019-06-10,106.6,75.6,0.0
SkyHarbor_check,2019-06-11,107.7,78.3,0.0
SkyHarbor_check,2019-06-12,110.4,76.0,0.0
SkyHarbor_check,2019-06-13,109.7,79.2,0.0
SkyHarbor_check,2019-06-14,103.9,78.9,0.0
SkyHarbor_check,2019-06-15,102.5,73.3,0.0
SkyHarbor_check,2019-06-16,103.7,73.8,0.0
SkyHarbor_check,2019-06-17,103.8,76.0,0.0
SkyHarbor_check,2019-06-18,102.6,76.6,0.0
SkyHarbor_check,2019-06-19,103.2,70.3,0.0
SkyHarbor_check,2019-06-20,103.1,74.1,0.0
SkyHarbor_check,2019-06-21,102.3,75.1,0.0
SkyHarbor_check,2019-06-22,98.0,76.4,0.0
SkyHarbor_check,2019-06-23,99.1,72.2,0.0
SkyHarbor_check,2019-06-24,102.4,69.4,0.0
SkyHarbor_check,2019-06-25,104.5,71.0,0.0
SkyHarbor_check,2019-06-26,102.2,72.1,0.0
SkyHarbor_check,2019-06-27,105.4,72.9,0.0
SkyHarbor_check,2019-06-28,109.4,75.5,0.0
SkyHarbor_check,2019-06-29,111.4,79.2,0.0
SkyHarbor_check,2019-06-30,110.7,84.2,0.0
SkyHarbor_check,2019-07-01,109.0,81.5,0.0
SkyHarbor_check,2019-07-02,106.8,78.4,0.0
SkyHarbor_check,2019-07-03,106.3,78.3,0.0
SkyHarbor_check,2019-07-04,105.7,73.0,0.0
SkyHarbor_check,2019-07-05,104.3,75.0,0.0
SkyHarbor_check,2019-07-06,104.5,79.0,0.0
SkyHarbor_check,2019-07-07,106.0,81.0,0.0
SkyHarbor_check,2019-07-08,103.4,74.8,0.0
SkyHarbor_check,2019-07-09,104.3,72.6,0.0
SkyHarbor_check,2019-07-10,110.4,77.7,0.0
SkyHarbor_check,2019-07-11,111.7,83.0,0.0
SkyHarbor_check,2019-07-12,109.9,86.0,0.0
SkyHarbor_check,2019-07-13,109.1,86.8,0.0
SkyHarbor_check,2019-07-14,107.6,87.3,0.0
SkyHarbor_check,2019-07-15,111.8,82.8,0.0
SkyHarbor_check,2019-07-16,113.1,84.6,0.0
SkyHarbor_check,2019-07-17,106.3,85.6,0.0
SkyHarbor_check,2019-07-18,108.3,82.7,0.0
SkyHarbor_check,2019-07-19,105.1,83.0,0.0
SkyHarbor_check,2019-07-20,107.2,80.1,0.0
SkyHarbor_check,2019-07-21,107.7,82.4,0.0
SkyHarbor_check,2019-07-22,105.5,86.2,0.0
SkyHarbor_check,2019-07-23,105.4,82.0,0.02
SkyHarbor_check,2019-07-24,100.0,78.6,0.071
SkyHarbor_check,2019-07-25,105.6,84.4,0.0
SkyHarbor_check,2019-07-26,108.1,78.0,0.059
SkyHarbor_check,2019-07-27,111.8,86.8,0.0
SkyHarbor_check,2019-07-28,109.5,88.5,0.0
SkyHarbor_check,2019-07-29,110.5,83.8,0.0
SkyHarbor_check,2019-07-30,104.4,81.8,0.047
SkyHarbor_check,2019-07-31,93.4,75.4,0.283
SkyHarbor_check,2019-08-01,100.9,80.1,0.0
SkyHarbor_check,2019-08-02,106.8,84.7,0.0
SkyHarbor_check,2019-08-03,109.5,85.6,0.0
SkyHarbor_check,2019-08-04,109.7,84.3,0.0
SkyHarbor_check,2019-08-05,112.9,87.3,0.0
SkyHarbor_check,2019-08-06,102.9,86.8,0.0
SkyHarbor_check,2019-08-07,104.9,83.6,0.098
SkyHarbor_check,2019-08-08,107.5,76.6,0.0
SkyHarbor_check,2019-08-09,101.0,84.9,0.0
SkyHarbor_check,2019-08-10,100.7,84.0,0.0
SkyHarbor_check,2019-08-11,101.8,78.0,0.0
SkyHarbor_check,2019-08-12,105.9,78.9,0.0
SkyHarbor_check,2019-08-13,108.8,76.8,0.0
SkyHarbor_check,2019-08-14,112.3,75.0,0.0
SkyHarbor_check,2019-08-15,112.9,82.4,0.0
SkyHarbor_check,2019-08-16,108.7,79.3,0.0
SkyHarbor_check,2019-08-17,106.4,80.5,0.0
SkyHarbor_check,2019-08-18,105.9,77.7,0.0
SkyHarbor_check,2019-08-19,108.4,75.3,0.0
SkyHarbor_check,2019-08-20,112.1,78.4,0.0
SkyHarbor_check,2019-08-21,113.5,80.2,0.0
SkyHarbor_check,2019-08-22,108.2,80.3,0.0
SkyHarbor_check,2019-08-23,102.7,81.3,0.0
SkyHarbor_check,2019-08-24,99.1,82.3,0.02
SkyHarbor_check,2019-08-25,101.8,82.4,0.0
SkyHarbor_check,2019-08-26,105.8,84.9,0.0
SkyHarbor_check,2019-08-27,109.6,83.7,0.0
SkyHarbor_check,2019-08-28,106.3,85.3,0.0
SkyHarbor_check,2019-08-29,105.4,79.6,0.0
SkyHarbor_check,2019-08-30,108.7,82.0,0.0
SkyHarbor_check,2019-08-31,106.8,83.8,0.0
SkyHarbor_check,2019-09-01,103.5,85.3,0.0
SkyHarbor_check,2019-09-02,106.3,79.3,0.0
SkyHarbor_check,2019-09-03,108.3,81.2,0.0
SkyHarbor_check,2019-09-04,107.5,84.0,0.0
SkyHarbor_check,2019-09-05,109.9,83.7,0.0
SkyHarbor_check,2019-09-06,106.9,86.5,0.0
SkyHarbor_check,2019-09-07,104.4,85.6,0.0
SkyHarbor_check,2019-09-08,102.3,84.2,0.02
SkyHarbor_check,2019-09-09,97.9,79.3,0.0
SkyHarbor_check,2019-09-10,98.0,69.8,0.378
SkyHarbor_check,2019-09-11,95.8,76.5,0.02
SkyHarbor_check,2019-09-12,101.2,75.2,0.0
SkyHarbor_check,2019-09-13,105.5,72.7,0.0
SkyHarbor_check,2019-09-14,102.0,82.9,0.0
SkyHarbor_check,2019-09-15,97.4,77.5,0.0
SkyHarbor_check,2019-09-16,99.7,78.5,0.004
SkyHarbor_check,2019-09-17,97.2,73.1,0.0
SkyHarbor_check,2019-09-18,101.0,74.5,0.0
SkyHarbor_check,2019-09-19,101.8,74.5,0.0
SkyHarbor_check,2019-09-20,97.7,71.7,0.0
SkyHarbor_check,2019-09-21,94.6,66.9,0.0
SkyHarbor_check,2019-09-22,97.7,65.0,0.0
SkyHarbor_check,2019-09-23,85.0,70.3,1.98
SkyHarbor_check,2019-09-24,84.0,66.6,0.236
SkyHarbor_check,2019-09-25,85.3,65.9,0.028
SkyHarbor_check,2019-09-26,83.2,68.2,0.386
SkyHarbor_check,2019-09-27,82.4,68.1,0.043
SkyHarbor_check,2019-09-28,88.6,64.0,0.0
SkyHarbor_check,2019-09-29,86.2,68.9,0.02
SkyHarbor_check,2019-09-30,87.2,62.4,0.0
SkyHarbor_check,2019-10-01,89.3,59.1,0.0
SkyHarbor_check,2019-10-02,90.6,62.2,0.0
SkyHarbor_check,2019-10-03,95.0,60.6,0.0
SkyHarbor_check,2019-10-04,94.6,68.8,0.0
SkyHarbor_check,2019-10-05,94.9,64.9,0.0
SkyHarbor_check,2019-10-06,95.5,63.2,0.0
SkyHarbor_check,2019-10-07,98.2,61.5,0.0
SkyHarbor_check,2019-10-08,96.2,67.6,0.0
SkyHarbor_check,2019-10-09,94.0,60.8,0.0
SkyHarbor_check,2019-10-10,88.3,62.2,0.0
SkyHarbor_check,2019-10-11,88.9,57.0,0.0
SkyHarbor_check,2019-10-12,89.2,61.4,0.0
SkyHarbor_check,2019-10-13,90.8,58.2,0.0
SkyHarbor_check,2019-10-14,86.5,60.5,0.0
SkyHarbor_check,2019-10-15,91.6,61.9,0.0
SkyHarbor_check,2019-10-16,96.0,60.4,0.0
SkyHarbor_check,2019-10-17,94.7,72.7,0.0
SkyHarbor_check,2019-10-18,84.9,63.8,0.0
SkyHarbor_check,2019-10-19,84.7,55.8,0.0
SkyHarbor_check,2019-10-20,85.3,51.6,0.0
SkyHarbor_check,2019-10-21,84.7,52.0,0.0
SkyHarbor_check,2019-10-22,89.5,53.8,0.0
SkyHarbor_check,2019-10-23,89.8,54.1,0.0
SkyHarbor_check,2019-10-24,86.0,55.1,0.0
SkyHarbor_check,2019-10-25,83.8,60.0,0.0
SkyHarbor_check,2019-10-26,84.9,53.2,0.0
SkyHarbor_check,2019-10-27,89.0,56.1,0.0
SkyHarbor_check,2019-10-28,73.2,53.0,0.0
SkyHarbor_check,2019-10-29,73.9,43.5,0.0
SkyHarbor_check,2019-10-30,70.2,48.5,0.0
SkyHarbor_check,2019-10-31,77.1,46.0,0.0
SkyHarbor_check,2019-11-01,79.9,42.6,0.0
SkyHarbor_check,2019-11-02,87.3,48.7,0.0
SkyHarbor_check,2019-11-03,85.6,52.6,0.0
SkyHarbor_check,2019-11-04,85.7,51.0,0.0
SkyHarbor_check,2019-11-05,88.2,53.3,0.0
SkyHarbor_check,2019-11-06,82.5,58.0,0.004
SkyHarbor_check,2019-11-07,85.1,54.1,0.0
SkyHarbor_check,2019-11-08,87.3,60.4,0.0
SkyHarbor_check,2019-11-09,86.8,58.9,0.0
SkyHarbor_check,2019-11-10,86.1,60.1,0.0
SkyHarbor_check,2019-11-11,85.1,56.8,0.0
SkyHarbor_check,2019-11-12,80.7,60.8,0.0
SkyHarbor_check,2019-11-13,78.9,50.3,0.0
SkyHarbor_check,2019-11-14,81.5,47.3,0.0
SkyHarbor_check,2019-11-15,84.2,49.6,0.0
SkyHarbor_check,2019-11-16,82.5,52.6,0.0
SkyHarbor_check,2019-11-17,85.4,49.8,0.0
SkyHarbor_check,2019-11-18,83.7,47.8,0.0
SkyHarbor_check,2019-11-19,81.1,52.1,0.413
SkyHarbor_check,2019-11-20,68.8,54.2,0.874
SkyHarbor_check,2019-11-21,62.7,50.7,0.295
SkyHarbor_check,2019-11-22,63.7,47.7,0.004
SkyHarbor_check,2019-11-23,68.7,45.9,0.0
SkyHarbor_check,2019-11-24,70.3,50.0,0.0
SkyHarbor_check,2019-11-25,67.1,42.8,0.0
SkyHarbor_check,2019-11-26,58.5,39.1,0.0
SkyHarbor_check,2019-11-27,68.6,37.6,0.0
SkyHarbor_check,2019-11-28,67.7,52.2,0.28
SkyHarbor_check,2019-11-29,56.1,43.4,0.909
SkyHarbor_check,2019-11-30,56.5,39.6,0.0
SkyHarbor_check,2019-12-01,64.0,36.5,0.0
SkyHarbor_check,2019-12-02,66.8,39.7,0.0
SkyHarbor_check,2019-12-03,65.1,40.3,0.091
SkyHarbor_check,2019-12-04,69.0,52.6,0.028
SkyHarbor_check,2019-12-05,68.3,53.4,0.0
SkyHarbor_check,2019-12-06,68.6,48.0,0.0
SkyHarbor_check,2019-12-07,69.2,46.6,0.327
SkyHarbor_check,2019-12-08,67.4,54.1,0.236
SkyHarbor_check,2019-12-09,61.2,46.9,0.079
SkyHarbor_check,2019-12-10,64.0,44.9,0.0
SkyHarbor_check,2019-12-11,65.7,41.6,0.0
SkyHarbor_check,2019-12-12,65.5,40.4,0.0
SkyHarbor_check,2019-12-13,66.2,41.1,0.0
SkyHarbor_check,2019-12-14,68.2,41.6,0.0
SkyHarbor_check,2019-12-15,62.4,45.7,0.0
SkyHarbor_check,2019-12-16,59.3,35.5,0.0
SkyHarbor_check,2019-12-17,59.4,35.4,0.0
SkyHarbor_check,2019-12-18,64.9,38.9,0.0
SkyHarbor_check,2019-12-19,63.8,39.4,0.0
SkyHarbor_check,2019-12-20,66.9,37.6,0.0
SkyHarbor_check,2019-12-21,73.1,36.6,0.0
SkyHarbor_check,2019-12-22,75.0,41.1,0.0
SkyHarbor_check,2019-12-23,69.2,48.3,0.091
SkyHarbor_check,2019-12-24,55.0,49.5,0.929
SkyHarbor_check,2019-12-25,55.6,42.0,0.154
SkyHarbor_check,2019-12-26,61.5,37.6,0.248
SkyHarbor_check,2019-12-27,47.9,41.5,0.181
SkyHarbor_check,2019-12-28,52.7,38.0,0.0
SkyHarbor_check,2019-12-29,50.8,29.3,0.0
SkyHarbor_check,2019-12-30,56.5,33.3,0.0
SkyHarbor_check,2019-12-31,57.8,40.5,0.008
SkyHarbor_check,2020-01-01,59.2,34.4,0.0
SkyHarbor_check,2020-01-02,58.9,35.9,0.004
SkyHarbor_check,2020-01-03,62.6,35.0,0.0
SkyHarbor_check,2020-01-04,66.7,35.0,0.0
SkyHarbor_check,2020-01-05,66.8,34.4,0.0
SkyHarbor_check,2020-01-06,66.9,37.3,0.0
SkyHarbor_check,2020-01-07,72.1,42.0,0.0
SkyHarbor_check,2020-01-08,65.4,36.6,0.0
SkyHarbor_check,2020-01-09,63.1,38.9,0.087
SkyHarbor_check,2020-01-10,60.5,40.7,0.0
SkyHarbor_check,2020-01-11,61.9,34.8,0.0
SkyHarbor_check,2020-01-12,63.8,34.7,0.0
SkyHarbor_check,2020-01-13,67.3,35.8,0.0
SkyHarbor_check,2020-01-14,69.5,35.0,0.0
SkyHarbor_check,2020-01-15,71.4,40.8,0.0
SkyHarbor_check,2020-01-16,67.1,46.0,0.0
SkyHarbor_check,2020-01-17,64.5,40.5,0.0
SkyHarbor_check,2020-01-18,70.9,39.0,0.0
SkyHarbor_check,2020-01-19,77.5,48.0,0.0
SkyHarbor_check,2020-01-20,77.9,51.5,0.0
SkyHarbor_check,2020-01-21,64.0,52.0,0.256
SkyHarbor_check,2020-01-22,62.9,46.7,0.008
SkyHarbor_check,2020-01-23,69.6,41.0,0.0
SkyHarbor_check,2020-01-24,72.7,43.1,0.0
SkyHarbor_check,2020-01-25,71.4,41.2,0.0
SkyHarbor_check,2020-01-26,72.1,41.2,0.0
SkyHarbor_check,2020-01-27,71.7,46.4,0.004
SkyHarbor_check,2020-01-28,69.2,44.2,0.0
SkyHarbor_check,2020-01-29,65.6,40.0,0.0
SkyHarbor_check,2020-01-30,68.0,43.3,0.0
SkyHarbor_check,2020-01-31,70.3,39.3,0.0
SkyHarbor_check,2020-02-01,78.4,40.1,0.0
SkyHarbor_check,2020-02-02,78.8,41.9,0.0
SkyHarbor_check,2020-02-03,62.2,46.3,0.0
SkyHarbor_check,2020-02-04,53.0,30.4,0.0
SkyHarbor_check,2020-02-05,53.2,31.6,0.0
SkyHarbor_check,2020-02-06,59.5,29.7,0.0
SkyHarbor_check,2020-02-07,65.9,33.6,0.0
SkyHarbor_check,2020-02-08,71.7,36.1,0.0
SkyHarbor_check,2020-02-09,74.0,42.8,0.0
SkyHarbor_check,2020-02-10,68.0,50.5,0.406
SkyHarbor_check,2020-02-11,57.4,43.7,0.28
SkyHarbor_check,2020-02-12,62.0,37.1,0.0
SkyHarbor_check,2020-02-13,64.9,35.5,0.0
SkyHarbor_check,2020-02-14,68.5,39.2,0.0
SkyHarbor_check,2020-02-15,69.4,43.9,0.0
SkyHarbor_check,2020-02-16,71.3,38.8,0.0
SkyHarbor_check,2020-02-17,73.9,40.5,0.0
SkyHarbor_check,2020-02-18,75.5,43.4,0.0
SkyHarbor_check,2020-02-19,77.1,45.9,0.0
SkyHarbor_check,2020-02-20,80.4,43.3,0.0
SkyHarbor_check,2020-02-21,76.9,58.0,0.0
SkyHarbor_check,2020-02-22,68.2,55.9,0.591
SkyHarbor_check,2020-02-23,63.1,46.4,0.031
SkyHarbor_check,2020-02-24,68.7,41.5,0.0
SkyHarbor_check,2020-02-25,65.3,42.9,0.0
SkyHarbor_check,2020-02-26,66.0,44.0,0.0
SkyHarbor_check,2020-02-27,75.0,38.6,0.0
SkyHarbor_check,2020-02-28,80.2,47.8,0.0
SkyHarbor_check,2020-02-29,78.4,44.8,0.0
SkyHarbor_check,2020-03-01,75.6,50.4,0.0
SkyHarbor_check,2020-03-02,66.4,49.0,0.035
SkyHarbor_check,2020-03-03,75.7,45.3,0.0
SkyHarbor_check,2020-03-04,74.0,45.8,0.0
SkyHarbor_check,2020-03-05,85.0,45.5,0.0
SkyHarbor_check,2020-03-06,86.2,56.8,0.0
SkyHarbor_check,2020-03-07,83.5,57.8,0.0
SkyHarbor_check,2020-03-08,75.6,57.5,0.004
SkyHarbor_check,2020-03-09,76.7,51.2,0.0
SkyHarbor_check,2020-03-10,76.9,59.0,0.453
SkyHarbor_check,2020-03-11,69.6,59.6,0.555
SkyHarbor_check,2020-03-12,68.4,59.3,0.811
SkyHarbor_check,2020-03-13,64.9,50.1,0.15
SkyHarbor_check,2020-03-14,70.3,46.4,0.0
SkyHarbor_check,2020-03-15,73.1,48.7,0.0
SkyHarbor_check,2020-03-16,75.2,47.9,0.0
SkyHarbor_check,2020-03-17,73.4,51.4,0.0
SkyHarbor_check,2020-03-18,65.2,47.0,0.531
SkyHarbor_check,2020-03-19,63.7,46.0,0.071
SkyHarbor_check,2020-03-20,68.6,42.2,0.0
SkyHarbor_check,2020-03-21,70.9,46.2,0.0
SkyHarbor_check,2020-03-22,72.5,47.1,0.0
SkyHarbor_check,2020-03-23,74.5,52.7,0.0
SkyHarbor_check,2020-03-24,75.1,48.6,0.0
SkyHarbor_check,2020-03-25,77.1,49.0,0.0
SkyHarbor_check,2020-03-26,70.6,54.7,0.0
SkyHarbor_check,2020-03-27,64.0,48.2,0.008
SkyHarbor_check,2020-03-28,69.4,42.1,0.0
SkyHarbor_check,2020-03-29,75.7,46.9,0.0
SkyHarbor_check,2020-03-30,76.3,46.9,0.0
SkyHarbor_check,2020-03-31,81.4,47.0,0.0
SkyHarbor_check,2020-04-01,84.5,54.6,0.0
SkyHarbor_check,2020-04-02,83.2,55.5,0.0
SkyHarbor_check,2020-04-03,82.9,51.9,0.0
SkyHarbor_check,2020-04-04,83.1,54.1,0.0
SkyHarbor_check,2020-04-05,84.6,55.7,0.0
SkyHarbor_check,2020-04-06,83.8,55.4,0.0
SkyHarbor_check,2020-04-07,83.9,56.1,0.0
SkyHarbor_check,2020-04-08,79.4,58.3,0.024
SkyHarbor_check,2020-04-09,72.4,47.7,0.0
SkyHarbor_check,2020-04-10,77.1,48.5,0.0
SkyHarbor_check,2020-04-11,67.6,54.0,0.079
SkyHarbor_check,2020-04-12,75.6,47.8,0.0
SkyHarbor_check,2020-04-13,76.5,52.3,0.0
SkyHarbor_check,2020-04-14,79.7,50.6,0.0
SkyHarbor_check,2020-04-15,81.8,49.7,0.0
SkyHarbor_check,2020-04-16,84.4,49.0,0.0
SkyHarbor_check,2020-04-17,85.9,50.5,0.0
SkyHarbor_check,2020-04-18,77.9,55.3,0.0
SkyHarbor_check,2020-04-19,81.8,52.5,0.0
SkyHarbor_check,2020-04-20,85.4,54.8,0.0
SkyHarbor_check,2020-04-21,81.9,56.4,0.0
SkyHarbor_check,2020-04-22,89.6,54.5,0.0
SkyHarbor_check,2020-04-23,94.8,59.1,0.0
SkyHarbor_check,2020-04-24,97.4,65.3,0.0
SkyHarbor_check,2020-04-25,98.0,61.2,0.0
SkyHarbor_check,2020-04-26,101.3,62.8,0.0
SkyHarbor_check,2020-04-27,100.9,69.4,0.0
SkyHarbor_check,2020-04-28,100.2,65.2,0.0
SkyHarbor_check,2020-04-29,103.8,67.5,0.0
SkyHarbor_check,2020-04-30,102.7,69.4,0.0
SkyHarbor_check,2020-05-01,101.7,66.1,0.0
SkyHarbor_check,2020-05-02,98.9,67.9,0.0
SkyHarbor_check,2020-05-03,96.4,66.5,0.0
SkyHarbor_check,2020-05-04,97.8,63.9,0.0
SkyHarbor_check,2020-05-05,102.4,66.2,0.0
SkyHarbor_check,2020-05-06,105.4,66.1,0.0
SkyHarbor_check,2020-05-07,105.0,65.8,0.0
SkyHarbor_check,2020-05-08,102.7,71.1,0.0
SkyHarbor_check,2020-05-09,101.6,73.7,0.0
SkyHarbor_check,2020-05-10,97.8,77.6,0.0
SkyHarbor_check,2020-05-11,99.5,74.0,0.0
SkyHarbor_check,2020-05-12,94.1,70.1,0.0
SkyHarbor_check,2020-05-13,90.0,66.7,0.0
SkyHarbor_check,2020-05-14,90.1,65.8,0.0
SkyHarbor_check,2020-05-15,93.3,65.4,0.0
SkyHarbor_check,2020-05-16,97.6,67.3,0.0
SkyHarbor_check,2020-05-17,100.6,69.4,0.0
SkyHarbor_check,2020-05-18,99.9,66.9,0.0
SkyHarbor_check,2020-05-19,88.2,67.2,0.0
SkyHarbor_check,2020-05-20,86.4,58.2,0.0
SkyHarbor_check,2020-05-21,90.9,58.3,0.0
SkyHarbor_check,2020-05-22,95.4,60.3,0.0
SkyHarbor_check,2020-05-23,93.7,66.3,0.0
SkyHarbor_check,2020-05-24,93.9,68.5,0.0
SkyHarbor_check,2020-05-25,97.0,64.7,0.0
SkyHarbor_check,2020-05-26,101.6,66.5,0.0
SkyHarbor_check,2020-05-27,106.4,68.6,0.0
SkyHarbor_check,2020-05-28,108.4,73.6,0.0
SkyHarbor_check,2020-05-29,110.7,74.5,0.0
SkyHarbor_check,2020-05-30,108.6,82.2,0.0
SkyHarbor_check,2020-05-31,107.2,78.5,0.0
SkyHarbor_check,2020-06-01,105.0,78.5,0.0
SkyHarbor_check,2020-06-02,106.3,82.2,0.0
SkyHarbor_check,2020-06-03,110.0,81.1,0.0
SkyHarbor_check,2020-06-04,110.0,80.2,0.0
SkyHarbor_check,2020-06-05,108.1,80.2,0.0
SkyHarbor_check,2020-06-06,92.5,72.3,0.0
SkyHarbor_check,2020-06-07,95.0,73.4,0.0
SkyHarbor_check,2020-06-08,90.8,70.5,0.0
SkyHarbor_check,2020-06-09,93.3,65.7,0.0
SkyHarbor_check,2020-06-10,103.1,65.4,0.0
SkyHarbor_check,2020-06-11,108.0,70.0,0.0
SkyHarbor_check,2020-06-12,108.9,75.0,0.0
SkyHarbor_check,2020-06-13,106.9,77.0,0.0
SkyHarbor_check,2020-06-14,104.9,71.6,0.0
SkyHarbor_check,2020-06-15,106.5,71.6,0.0
SkyHarbor_check,2020-06-16,106.2,74.0,0.0
SkyHarbor_check,2020-06-17,102.3,76.1,0.0
SkyHarbor_check,2020-06-18,101.6,72.5,0.0
SkyHarbor_check,2020-06-19,101.4,73.2,0.0
SkyHarbor_check,2020-06-20,105.2,73.9,0.0
SkyHarbor_check,2020-06-21,107.5,75.9,0.0
SkyHarbor_check,2020-06-22,107.5,76.4,0.0
SkyHarbor_check,2020-06-23,108.9,74.6,0.0
SkyHarbor_check,2020-06-24,109.9,75.5,0.0
SkyHarbor_check,2020-06-25,110.8,77.7,0.0
SkyHarbor_check,2020-06-26,109.0,78.1,0.0
SkyHarbor_check,2020-06-27,106.3,77.3,0.0
SkyHarbor_check,2020-06-28,104.4,78.1,0.0
SkyHarbor_check,2020-06-29,99.7,78.7,0.0
SkyHarbor_check,2020-06-30,99.3,75.0,0.0
SkyHarbor_check,2020-07-01,104.1,72.9,0.0
SkyHarbor_check,2020-07-02,101.8,78.0,0.0
SkyHarbor_check,2020-07-03,102.4,80.9,0.008
SkyHarbor_check,2020-07-04,108.3,80.2,0.0
SkyHarbor_check,2020-07-05,110.9,80.1,0.0
SkyHarbor_check,2020-07-06,110.9,78.6,0.0
SkyHarbor_check,2020-07-07,110.5,81.7,0.0
SkyHarbor_check,2020-07-08,109.9,85.5,0.0
SkyHarbor_check,2020-07-09,109.9,85.5,0.0
SkyHarbor_check,2020-07-10,111.0,86.5,0.0
SkyHarbor_check,2020-07-11,116.0,88.6,0.0
SkyHarbor_check,2020-07-12,114.2,88.3,0.0
SkyHarbor_check,2020-07-13,108.9,90.6,0.0
SkyHarbor_check,2020-07-14,109.7,84.7,0.0
SkyHarbor_check,2020-07-15,109.5,85.2,0.0
SkyHarbor_check,2020-07-16,110.5,84.6,0.0
SkyHarbor_check,2020-07-17,107.4,85.8,0.0
SkyHarbor_check,2020-07-18,109.6,86.0,0.0
SkyHarbor_check,2020-07-19,109.9,88.7,0.0
SkyHarbor_check,2020-07-20,107.2,88.2,0.0
SkyHarbor_check,2020-07-21,107.2,84.7,0.0
SkyHarbor_check,2020-07-22,103.9,85.6,0.0
SkyHarbor_check,2020-07-23,98.3,83.5,0.012
SkyHarbor_check,2020-07-24,98.3,80.1,0.004
SkyHarbor_check,2020-07-25,103.0,79.3,0.0
SkyHarbor_check,2020-07-26,107.9,80.2,0.0
SkyHarbor_check,2020-07-27,108.2,82.9,0.0
SkyHarbor_check,2020-07-28,110.9,85.4,0.0
SkyHarbor_check,2020-07-29,113.4,84.6,0.0
SkyHarbor_check,2020-07-30,116.1,86.5,0.0
SkyHarbor_check,2020-07-31,114.9,85.9,0.0
SkyHarbor_check,2020-08-01,108.9,88.9,0.0
SkyHarbor_check,2020-08-02,112.1,89.2,0.0
SkyHarbor_check,2020-08-03,112.2,85.7,0.0
SkyHarbor_check,2020-08-04,109.7,83.0,0.0
SkyHarbor_check,2020-08-05,109.3,85.3,0.0
SkyHarbor_check,2020-08-06,108.2,79.5,0.0
SkyHarbor_check,2020-08-07,107.8,79.9,0.0
SkyHarbor_check,2020-08-08,110.2,82.7,0.0
SkyHarbor_check,2020-08-09,111.1,80.2,0.0
SkyHarbor_check,2020-08-10,110.7,78.7,0.0
SkyHarbor_check,2020-08-11,109.0,82.4,0.0
SkyHarbor_check,2020-08-12,110.0,85.1,0.0
SkyHarbor_check,2020-08-13,113.1,84.3,0.0
SkyHarbor_check,2020-08-14,115.1,83.9,0.0
SkyHarbor_check,2020-08-15,112.3,87.5,0.0
SkyHarbor_check,2020-08-16,112.9,87.0,0.0
SkyHarbor_check,2020-08-17,114.1,84.7,0.0
SkyHarbor_check,2020-08-18,113.5,86.1,0.0
SkyHarbor_check,2020-08-19,113.0,89.6,0.0
SkyHarbor_check,2020-08-20,110.5,90.0,0.0
SkyHarbor_check,2020-08-21,101.4,84.2,0.0
SkyHarbor_check,2020-08-22,104.8,85.1,0.0
SkyHarbor_check,2020-08-23,109.9,86.0,0.0
SkyHarbor_check,2020-08-24,115.2,85.8,0.0
SkyHarbor_check,2020-08-25,112.3,87.0,0.0
SkyHarbor_check,2020-08-26,110.8,83.5,0.0
SkyHarbor_check,2020-08-27,111.0,82.9,0.0
SkyHarbor_check,2020-08-28,109.5,84.7,0.0
SkyHarbor_check,2020-08-29,104.6,85.2,0.0
SkyHarbor_check,2020-08-30,98.9,76.6,0.008
SkyHarbor_check,2020-08-31,99.9,75.0,0.0
SkyHarbor_check,2020-09-01,99.6,74.2,0.055
SkyHarbor_check,2020-09-02,102.6,79.5,0.0
SkyHarbor_check,2020-09-03,107.5,79.2,0.0
SkyHarbor_check,2020-09-04,112.9,77.4,0.0
SkyHarbor_check,2020-09-05,114.1,83.5,0.0
SkyHarbor_check,2020-09-06,111.4,83.8,0.0
SkyHarbor_check,2020-09-07,109.1,78.9,0.0
SkyHarbor_check,2020-09-08,102.5,81.6,0.0
SkyHarbor_check,2020-09-09,89.6,69.4,0.0
SkyHarbor_check,2020-09-10,92.6,66.4,0.0
SkyHarbor_check,2020-09-11,97.3,67.4,0.0
SkyHarbor_check,2020-09-12,99.9,64.6,0.0
SkyHarbor_check,2020-09-13,103.6,69.1,0.0
SkyHarbor_check,2020-09-14,103.4,77.4,0.0
SkyHarbor_check,2020-09-15,103.1,77.1,0.0
SkyHarbor_check,2020-09-16,107.8,69.4,0.0
SkyHarbor_check,2020-09-17,108.2,74.0,0.0
SkyHarbor_check,2020-09-18,106.1,79.2,0.0
SkyHarbor_check,2020-09-19,104.1,80.8,0.0
SkyHarbor_check,2020-09-20,103.7,72.3,0.0
SkyHarbor_check,2020-09-21,103.6,76.5,0.0
SkyHarbor_check,2020-09-22,100.9,77.0,0.0
SkyHarbor_check,2020-09-23,103.7,71.4,0.0
SkyHarbor_check,2020-09-24,105.3,70.6,0.0
SkyHarbor_check,2020-09-25,104.0,70.3,0.0
SkyHarbor_check,2020-09-26,102.3,71.2,0.0
SkyHarbor_check,2020-09-27,100.9,68.8,0.0
SkyHarbor_check,2020-09-28,102.4,68.7,0.0
SkyHarbor_check,2020-09-29,102.7,71.4,0.0
SkyHarbor_check,2020-09-30,103.8,66.2,0.0
SkyHarbor_check,2020-10-01,105.8,66.3,0.0
SkyHarbor_check,2020-10-02,105.4,67.6,0.0
SkyHarbor_check,2020-10-03,103.7,63.2,0.0
SkyHarbor_check,2020-10-04,104.0,63.1,0.0
SkyHarbor_check,2020-10-05,103.6,64.8,0.0
SkyHarbor_check,2020-10-06,103.0,64.2,0.0
SkyHarbor_check,2020-10-07,103.4,61.6,0.0
SkyHarbor_check,2020-10-08,101.1,65.0,0.0
SkyHarbor_check,2020-10-09,97.3,67.1,0.0
SkyHarbor_check,2020-10-10,96.0,64.0,0.0
SkyHarbor_check,2020-10-11,92.9,64.2,0.0
SkyHarbor_check,2020-10-12,97.3,63.6,0.0
SkyHarbor_check,2020-10-13,100.0,61.6,0.0
SkyHarbor_check,2020-10-14,99.6,59.5,0.0
SkyHarbor_check,2020-10-15,98.0,60.6,0.0
SkyHarbor_check,2020-10-16,101.4,65.4,0.0
SkyHarbor_check,2020-10-17,96.7,62.0,0.0
SkyHarbor_check,2020-10-18,95.5,57.8,0.0
SkyHarbor_check,2020-10-19,95.6,59.0,0.0
SkyHarbor_check,2020-10-20,96.2,57.3,0.0
SkyHarbor_check,2020-10-21,95.6,57.5,0.0
SkyHarbor_check,2020-10-22,92.3,61.0,0.0
SkyHarbor_check,2020-10-23,91.1,63.1,0.0
SkyHarbor_check,2020-10-24,86.7,65.5,0.0
SkyHarbor_check,2020-10-25,84.6,63.4,0.008
SkyHarbor_check,2020-10-26,68.0,50.9,0.0
SkyHarbor_check,2020-10-27,65.9,44.2,0.0
SkyHarbor_check,2020-10-28,69.8,39.8,0.0
SkyHarbor_check,2020-10-29,83.1,44.2,0.0
SkyHarbor_check,2020-10-30,87.0,51.1,0.0
SkyHarbor_check,2020-10-31,84.4,53.3,0.0
SkyHarbor_check,2020-11-01,94.4,58.7,0.0
SkyHarbor_check,2020-11-02,93.6,62.3,0.0
SkyHarbor_check,2020-11-03,93.1,64.8,0.0
SkyHarbor_check,2020-11-04,91.6,55.6,0.0
SkyHarbor_check,2020-11-05,96.5,57.6,0.0
SkyHarbor_check,2020-11-06,87.8,75.4,0.0
SkyHarbor_check,2020-11-07,78.8,60.1,0.008
SkyHarbor_check,2020-11-08,66.0,50.5,0.0
SkyHarbor_check,2020-11-09,61.4,45.4,0.024
SkyHarbor_check,2020-11-10,64.8,40.5,0.0
SkyHarbor_check,2020-11-11,69.3,36.1,0.0
SkyHarbor_check,2020-11-12,71.6,40.6,0.0
SkyHarbor_check,2020-11-13,75.0,44.2,0.0
SkyHarbor_check,2020-11-14,73.7,41.4,0.0
SkyHarbor_check,2020-11-15,81.2,43.4,0.0
SkyHarbor_check,2020-11-16,88.7,46.5,0.0
SkyHarbor_check,2020-11-17,90.1,51.4,0.0
SkyHarbor_check,2020-11-18,88.3,55.9,0.0
SkyHarbor_check,2020-11-19,85.3,54.4,0.0
SkyHarbor_check,2020-11-20,86.5,55.5,0.0
SkyHarbor_check,2020-11-21,84.5,55.9,0.0
SkyHarbor_check,2020-11-22,82.4,51.3,0.0
SkyHarbor_check,2020-11-23,77.7,52.9,0.0
SkyHarbor_check,2020-11-24,70.6,50.9,0.0
SkyHarbor_check,2020-11-25,69.6,39.9,0.0
SkyHarbor_check,2020-11-26,70.0,38.9,0.0
SkyHarbor_check,2020-11-27,63.2,38.1,0.0
SkyHarbor_check,2020-11-28,67.9,40.4,0.0
SkyHarbor_check,2020-11-29,72.8,40.6,0.0
SkyHarbor_check,2020-11-30,72.7,44.2,0.0
SkyHarbor_check,2020-12-01,69.4,36.8,0.0
SkyHarbor_check,2020-12-02,68.6,40.9,0.0
SkyHarbor_check,2020-12-03,63.6,41.5,0.0
SkyHarbor_check,2020-12-04,64.5,37.5,0.0
SkyHarbor_check,2020-12-05,68.9,35.3,0.0
SkyHarbor_check,2020-12-06,71.3,33.4,0.0
SkyHarbor_check,2020-12-07,79.0,36.8,0.0
SkyHarbor_check,2020-12-08,79.3,44.1,0.0
SkyHarbor_check,2020-12-09,78.8,44.5,0.0
SkyHarbor_check,2020-12-10,60.5,47.6,0.421
SkyHarbor_check,2020-12-11,64.1,42.6,0.0
SkyHarbor_check,2020-12-12,66.7,40.0,0.0
SkyHarbor_check,2020-12-13,62.3,36.7,0.0
SkyHarbor_check,2020-12-14,60.1,39.4,0.0
SkyHarbor_check,2020-12-15,60.5,34.6,0.0
SkyHarbor_check,2020-12-16,63.3,33.0,0.0
SkyHarbor_check,2020-12-17,66.6,32.6,0.0
SkyHarbor_check,2020-12-18,63.8,33.6,0.0
SkyHarbor_check,2020-12-19,65.5,33.0,0.0
SkyHarbor_check,2020-12-20,67.7,32.4,0.0
SkyHarbor_check,2020-12-21,75.1,39.2,0.0
SkyHarbor_check,2020-12-22,68.7,37.3,0.0
SkyHarbor_check,2020-12-23,68.0,34.3,0.0
SkyHarbor_check,2020-12-24,62.7,37.8,0.0
SkyHarbor_check,2020-12-25,67.5,41.9,0.004
SkyHarbor_check,2020-12-26,68.7,35.7,0.0
SkyHarbor_check,2020-12-27,70.8,37.3,0.0
SkyHarbor_check,2020-12-28,66.9,46.9,0.0
SkyHarbor_check,2020-12-29,58.8,41.3,0.028
SkyHarbor_check,2020-12-30,63.3,37.9,0.0
SkyHarbor_check,2020-12-31,59.5,33.5,0.0
SkyHarbor_check,2021-01-01,63.8,34.6,0.0
SkyHarbor_check,2021-01-02,62.2,33.4,0.0
SkyHarbor_check,2021-01-03,63.3,30.4,0.0
SkyHarbor_check,2021-01-04,68.2,32.4,0.0
SkyHarbor_check,2021-01-05,69.2,35.5,0.0
SkyHarbor_check,2021-01-06,70.3,36.3,0.0
SkyHarbor_check,2021-01-07,69.4,34.5,0.0
SkyHarbor_check,2021-01-08,68.0,35.8,0.0
SkyHarbor_check,2021-01-09,66.7,34.5,0.0
SkyHarbor_check,2021-01-10,65.0,37.5,0.0
SkyHarbor_check,2021-01-11,65.8,39.7,0.0
SkyHarbor_check,2021-01-12,65.8,36.7,0.0
SkyHarbor_check,2021-01-13,66.9,30.9,0.0
SkyHarbor_check,2021-01-14,72.0,35.3,0.0
SkyHarbor_check,2021-01-15,76.6,40.5,0.0
SkyHarbor_check,2021-01-16,75.3,38.1,0.0
SkyHarbor_check,2021-01-17,77.4,42.3,0.0
SkyHarbor_check,2021-01-18,71.9,36.4,0.0
SkyHarbor_check,2021-01-19,73.8,53.0,0.012
SkyHarbor_check,2021-01-20,72.4,53.5,0.004
SkyHarbor_check,2021-01-21,70.0,53.2,0.012
SkyHarbor_check,2021-01-22,68.8,49.9,0.071
SkyHarbor_check,2021-01-23,65.7,49.0,0.024
SkyHarbor_check,2021-01-24,54.8,44.5,0.272
SkyHarbor_check,2021-01-25,54.0,39.6,0.311
SkyHarbor_check,2021-01-26,52.1,36.3,0.031
SkyHarbor_check,2021-01-27,62.3,32.2,0.0
SkyHarbor_check,2021-01-28,71.2,39.9,0.0
SkyHarbor_check,2021-01-29,66.2,41.6,0.228
SkyHarbor_check,2021-01-30,61.0,38.8,0.0
SkyHarbor_check,2021-01-31,71.9,41.1,0.0
SkyHarbor_check,2021-02-01,74.8,47.0,0.0
SkyHarbor_check,2021-02-02,80.0,53.5,0.0
SkyHarbor_check,2021-02-03,78.7,54.8,0.0
SkyHarbor_check,2021-02-04,73.6,51.9,0.0
SkyHarbor_check,2021-02-05,68.6,39.8,0.0
SkyHarbor_check,2021-02-06,71.6,37.9,0.0
SkyHarbor_check,2021-02-07,72.6,38.7,0.0
SkyHarbor_check,2021-02-08,75.4,38.8,0.0
SkyHarbor_check,2021-02-09,75.6,39.7,0.0
SkyHarbor_check,2021-02-10,72.7,50.0,0.0
SkyHarbor_check,2021-02-11,75.2,39.8,0.0
SkyHarbor_check,2021-02-12,72.0,48.7,0.0
SkyHarbor_check,2021-02-13,72.6,42.4,0.0
SkyHarbor_check,2021-02-14,65.8,44.1,0.012
SkyHarbor_check,2021-02-15,66.1,37.9,0.0
SkyHarbor_check,2021-02-16,69.5,44.2,0.0
SkyHarbor_check,2021-02-17,66.0,41.5,0.0
SkyHarbor_check,2021-02-18,64.2,38.3,0.0
SkyHarbor_check,2021-02-19,71.0,36.8,0.0
SkyHarbor_check,2021-02-20,78.1,43.6,0.0
SkyHarbor_check,2021-02-21,69.6,43.6,0.0
SkyHarbor_check,2021-02-22,76.2,44.4,0.0
SkyHarbor_check,2021-02-23,78.5,41.2,0.0
SkyHarbor_check,2021-02-24,78.4,39.5,0.0
SkyHarbor_check,2021-02-25,68.4,44.1,0.0
SkyHarbor_check,2021-02-26,70.3,38.0,0.0
SkyHarbor_check,2021-02-27,71.4,36.9,0.0
SkyHarbor_check,2021-02-28,63.1,44.4,0.0
SkyHarbor_check,2021-03-01,69.7,39.4,0.0
SkyHarbor_check,2021-03-02,79.0,45.5,0.0
SkyHarbor_check,2021-03-03,82.0,42.4,0.0
SkyHarbor_check,2021-03-04,68.7,47.9,0.008
SkyHarbor_check,2021-03-05,80.9,46.0,0.0
SkyHarbor_check,2021-03-06,85.6,51.4,0.0
SkyHarbor_check,2021-03-07,87.1,49.7,0.0
SkyHarbor_check,2021-03-08,84.8,62.2,0.0
SkyHarbor_check,2021-03-09,77.5,57.7,0.012
SkyHarbor_check,2021-03-10,67.6,45.1,0.0
SkyHarbor_check,2021-03-11,66.7,43.9,0.024
SkyHarbor_check,2021-03-12,60.4,45.3,0.189
SkyHarbor_check,2021-03-13,59.6,42.8,0.063
SkyHarbor_check,2021-03-14,67.6,37.8,0.0
SkyHarbor_check,2021-03-15,72.7,42.7,0.0
SkyHarbor_check,2021-03-16,60.9,45.3,0.004
SkyHarbor_check,2021-03-17,71.7,37.5,0.0
SkyHarbor_check,2021-03-18,81.3,42.6,0.0
SkyHarbor_check,2021-03-19,84.0,46.0,0.0
SkyHarbor_check,2021-03-20,85.0,49.5,0.0
SkyHarbor_check,2021-03-21,77.0,52.1,0.0
SkyHarbor_check,2021-03-22,71.2,51.4,0.0
SkyHarbor_check,2021-03-23,68.1,45.8,0.102
SkyHarbor_check,2021-03-24,70.3,43.0,0.008
SkyHarbor_check,2021-03-25,74.7,47.8,0.0
SkyHarbor_check,2021-03-26,64.5,47.8,0.008
SkyHarbor_check,2021-03-27,76.7,44.6,0.0
SkyHarbor_check,2021-03-28,85.2,50.5,0.0
SkyHarbor_check,2021-03-29,88.2,51.0,0.0
SkyHarbor_check,2021-03-30,85.9,50.6,0.0
SkyHarbor_check,2021-03-31,88.5,50.3,0.0
SkyHarbor_check,2021-04-01,95.9,56.7,0.0
SkyHarbor_check,2021-04-02,91.9,64.9,0.0
SkyHarbor_check,2021-04-03,95.7,57.3,0.0
SkyHarbor_check,2021-04-04,98.1,58.0,0.0
SkyHarbor_check,2021-04-05,95.4,56.9,0.0
SkyHarbor_check,2021-04-06,90.5,68.0,0.0
SkyHarbor_check,2021-04-07,90.8,58.2,0.0
SkyHarbor_check,2021-04-08,92.5,61.3,0.0
SkyHarbor_check,2021-04-09,92.7,61.9,0.0
SkyHarbor_check,2021-04-10,93.7,55.4,0.0
SkyHarbor_check,2021-04-11,91.9,58.3,0.0
SkyHarbor_check,2021-04-12,90.1,63.7,0.0
SkyHarbor_check,2021-04-13,90.2,62.7,0.0
SkyHarbor_check,2021-04-14,87.7,58.6,0.0
SkyHarbor_check,2021-04-15,81.8,60.0,0.0
SkyHarbor_check,2021-04-16,82.6,58.5,0.0
SkyHarbor_check,2021-04-17,85.2,52.4,0.0
SkyHarbor_check,2021-04-18,81.3,56.6,0.0
SkyHarbor_check,2021-04-19,86.5,58.6,0.0
SkyHarbor_check,2021-04-20,92.4,53.9,0.0
SkyHarbor_check,2021-04-21,90.5,62.8,0.0
SkyHarbor_check,2021-04-22,81.8,60.7,0.0
SkyHarbor_check,2021-04-23,84.5,57.7,0.0
SkyHarbor_check,2021-04-24,91.2,56.9,0.0
SkyHarbor_check,2021-04-25,94.0,56.9,0.0
SkyHarbor_check,2021-04-26,79.9,61.3,0.0
SkyHarbor_check,2021-04-27,73.9,55.6,0.031
SkyHarbor_check,2021-04-28,80.0,51.6,0.0
SkyHarbor_check,2021-04-29,93.6,54.6,0.0
SkyHarbor_check,2021-04-30,96.0,64.1,0.0
SkyHarbor_check,2021-05-01,99.1,70.3,0.0
SkyHarbor_check,2021-05-02,93.6,68.9,0.0
SkyHarbor_check,2021-05-03,88.0,63.1,0.0
SkyHarbor_check,2021-05-04,93.4,61.0,0.0
SkyHarbor_check,2021-05-05,98.2,63.3,0.0
SkyHarbor_check,2021-05-06,99.9,63.3,0.0
SkyHarbor_check,2021-05-07,95.3,69.4,0.0
SkyHarbor_check,2021-05-08,92.8,62.9,0.0
SkyHarbor_check,2021-05-09,94.6,64.7,0.0
SkyHarbor_check,2021-05-10,95.8,65.3,0.0
SkyHarbor_check,2021-05-11,93.9,62.6,0.0
SkyHarbor_check,2021-05-12,98.9,62.6,0.0
SkyHarbor_check,2021-05-13,101.4,65.0,0.0
SkyHarbor_check,2021-05-14,100.9,66.6,0.0
SkyHarbor_check,2021-05-15,97.7,73.1,0.0
SkyHarbor_check,2021-05-16,91.3,67.0,0.0
SkyHarbor_check,2021-05-17,87.7,64.8,0.0
SkyHarbor_check,2021-05-18,93.7,65.9,0.0
SkyHarbor_check,2021-05-19,100.0,69.1,0.0
SkyHarbor_check,2021-05-20,99.1,71.7,0.0
SkyHarbor_check,2021-05-21,85.1,66.3,0.0
SkyHarbor_check,2021-05-22,81.1,56.8,0.0
SkyHarbor_check,2021-05-23,87.2,53.7,0.0
SkyHarbor_check,2021-05-24,93.5,56.4,0.0
SkyHarbor_check,2021-05-25,97.0,61.2,0.0
SkyHarbor_check,2021-05-26,96.6,66.9,0.0
SkyHarbor_check,2021-05-27,98.3,64.3,0.0
SkyHarbor_check,2021-05-28,100.2,64.4,0.0
SkyHarbor_check,2021-05-29,101.5,67.0,0.0
SkyHarbor_check,2021-05-30,99.6,67.0,0.0
SkyHarbor_check,2021-05-31,100.1,69.9,0.0
SkyHarbor_check,2021-06-01,102.7,70.4,0.0
SkyHarbor_check,2021-06-02,105.2,74.8,0.0
SkyHarbor_check,2021-06-03,105.6,75.3,0.0
SkyHarbor_check,2021-06-04,106.4,73.4,0.0
SkyHarbor_check,2021-06-05,107.2,74.6,0.0
SkyHarbor_check,2021-06-06,104.2,75.3,0.0
SkyHarbor_check,2021-06-07,102.1,70.2,0.0
SkyHarbor_check,2021-06-08,98.2,69.0,0.0
SkyHarbor_check,2021-06-09,102.7,72.1,0.0
SkyHarbor_check,2021-06-10,101.1,72.2,0.0
SkyHarbor_check,2021-06-11,104.2,67.8,0.0
SkyHarbor_check,2021-06-12,109.9,67.3,0.0
SkyHarbor_check,2021-06-13,114.1,74.7,0.0
SkyHarbor_check,2021-06-14,115.8,76.4,0.0
SkyHarbor_check,2021-06-15,116.2,80.6,0.0
SkyHarbor_check,2021-06-16,114.6,85.4,0.0
SkyHarbor_check,2021-06-17,116.2,85.9,0.0
SkyHarbor_check,2021-06-18,116.3,85.6,0.0
SkyHarbor_check,2021-06-19,114.4,84.5,0.0
SkyHarbor_check,2021-06-20,112.5,84.6,0.0
SkyHarbor_check,2021-06-21,107.9,81.6,0.0
SkyHarbor_check,2021-06-22,106.4,81.1,0.016
SkyHarbor_check,2021-06-23,95.6,81.8,0.004
SkyHarbor_check,2021-06-24,100.3,76.6,0.0
SkyHarbor_check,2021-06-25,106.1,80.7,0.0
SkyHarbor_check,2021-06-26,107.7,80.0,0.0
SkyHarbor_check,2021-06-27,112.6,81.5,0.0
SkyHarbor_check,2021-06-28,107.6,84.5,0.0
SkyHarbor_check,2021-06-29,104.5,84.4,0.0
SkyHarbor_check,2021-06-30,104.5,84.5,0.0
SkyHarbor_check,2021-07-01,105.5,80.4,0.0
SkyHarbor_check,2021-07-02,101.8,87.0,0.0
SkyHarbor_check,2021-07-03,102.4,80.3,0.236
SkyHarbor_check,2021-07-04,100.1,77.7,0.118
SkyHarbor_check,2021-07-05,105.5,85.6,0.0
SkyHarbor_check,2021-07-06,110.2,84.9,0.0
SkyHarbor_check,2021-07-07,110.8,84.2,0.0
SkyHarbor_check,2021-07-08,110.6,88.9,0.0
SkyHarbor_check,2021-07-09,109.7,90.1,0.0
SkyHarbor_check,2021-07-10,111.2,89.6,0.0
SkyHarbor_check,2021-07-11,109.7,82.9,0.0
SkyHarbor_check,2021-07-12,108.6,87.0,0.0
SkyHarbor_check,2021-07-13,103.6,85.8,0.0
SkyHarbor_check,2021-07-14,97.7,78.3,0.13
SkyHarbor_check,2021-07-15,103.1,82.6,0.0
SkyHarbor_check,2021-07-16,102.2,83.5,0.043
SkyHarbor_check,2021-07-17,98.6,76.6,0.004
SkyHarbor_check,2021-07-18,97.2,79.0,0.106
SkyHarbor_check,2021-07-19,100.9,78.7,0.0
SkyHarbor_check,2021-07-20,103.4,79.4,0.146
SkyHarbor_check,2021-07-21,102.0,81.3,0.224
SkyHarbor_check,2021-07-22,104.5,81.2,0.0
SkyHarbor_check,2021-07-23,90.7,73.3,0.937
SkyHarbor_check,2021-07-24,78.9,71.8,3.472
SkyHarbor_check,2021-07-25,76.9,71.7,1.453
SkyHarbor_check,2021-07-26,93.0,70.8,0.075
SkyHarbor_check,2021-07-27,98.2,72.3,0.0
SkyHarbor_check,2021-07-28,100.0,75.1,0.0
SkyHarbor_check,2021-07-29,101.4,75.7,0.0
SkyHarbor_check,2021-07-30,98.0,77.8,0.028
SkyHarbor_check,2021-07-31,95.7,78.3,0.0
SkyHarbor_check,2021-08-01,100.2,80.2,0.004
SkyHarbor_check,2021-08-02,107.4,81.9,0.0
SkyHarbor_check,2021-08-03,110.4,86.2,0.0
SkyHarbor_check,2021-08-04,113.5,81.7,0.0
SkyHarbor_check,2021-08-05,109.0,85.6,0.0
SkyHarbor_check,2021-08-06,106.9,86.0,0.0
SkyHarbor_check,2021-08-07,106.2,85.7,0.0
SkyHarbor_check,2021-08-08,106.4,85.3,0.0
SkyHarbor_check,2021-08-09,92.4,80.2,0.24
SkyHarbor_check,2021-08-10,90.6,75.3,0.634
SkyHarbor_check,2021-08-11,88.8,73.9,0.992
SkyHarbor_check,2021-08-12,88.1,74.4,0.28
SkyHarbor_check,2021-08-13,91.9,75.9,0.016
SkyHarbor_check,2021-08-14,89.2,74.3,0.051
SkyHarbor_check,2021-08-15,95.4,78.2,0.016
SkyHarbor_check,2021-08-16,93.3,79.1,0.016
SkyHarbor_check,2021-08-17,91.6,72.9,0.283
SkyHarbor_check,2021-08-18,86.7,72.3,0.803
SkyHarbor_check,2021-08-19,95.1,71.4,0.0
SkyHarbor_check,2021-08-20,94.2,75.1,0.0
SkyHarbor_check,2021-08-21,97.5,73.6,0.0
SkyHarbor_check,2021-08-22,99.9,74.8,0.0
SkyHarbor_check,2021-08-23,105.1,70.8,0.0
SkyHarbor_check,2021-08-24,103.8,73.3,0.0
SkyHarbor_check,2021-08-25,106.9,80.1,0.0
SkyHarbor_check,2021-08-26,109.5,79.1,0.0
SkyHarbor_check,2021-08-27,109.9,81.9,0.0
SkyHarbor_check,2021-08-28,106.9,83.5,0.0
SkyHarbor_check,2021-08-29,105.9,83.3,0.0
SkyHarbor_check,2021-08-30,102.9,83.7,0.0
SkyHarbor_check,2021-08-31,91.9,76.2,0.902
SkyHarbor_check,2021-09-01,90.4,73.3,0.256
SkyHarbor_check,2021-09-02,90.2,74.6,0.283
SkyHarbor_check,2021-09-03,96.6,72.4,0.0
SkyHarbor_check,2021-09-04,102.9,74.9,0.0
SkyHarbor_check,2021-09-05,106.1,78.7,0.0
SkyHarbor_check,2021-09-06,103.7,76.3,0.0
SkyHarbor_check,2021-09-07,106.5,78.8,0.0
SkyHarbor_check,2021-09-08,106.3,80.6,0.0
SkyHarbor_check,2021-09-09,109.0,79.4,0.0
SkyHarbor_check,2021-09-10,106.1,80.6,0.0
SkyHarbor_check,2021-09-11,105.6,80.2,0.0
SkyHarbor_check,2021-09-12,108.3,76.3,0.0
SkyHarbor_check,2021-09-13,108.0,77.8,0.0
SkyHarbor_check,2021-09-14,106.0,76.7,0.0
SkyHarbor_check,2021-09-15,105.8,75.4,0.0
SkyHarbor_check,2021-09-16,104.1,73.1,0.0
SkyHarbor_check,2021-09-17,100.6,79.9,0.0
SkyHarbor_check,2021-09-18,98.4,81.1,0.0
SkyHarbor_check,2021-09-19,98.8,77.5,0.008
SkyHarbor_check,2021-09-20,97.7,70.0,0.0
SkyHarbor_check,2021-09-21,101.8,66.9,0.0
SkyHarbor_check,2021-09-22,103.4,69.4,0.0
SkyHarbor_check,2021-09-23,97.7,72.4,0.02
SkyHarbor_check,2021-09-24,93.5,74.1,0.008
SkyHarbor_check,2021-09-25,92.9,71.7,0.0
SkyHarbor_check,2021-09-26,80.1,68.6,0.547
SkyHarbor_check,2021-09-27,81.9,67.6,0.012
SkyHarbor_check,2021-09-28,88.5,67.3,0.0
SkyHarbor_check,2021-09-29,86.4,65.8,0.012
SkyHarbor_check,2021-09-30,86.2,64.7,0.0
SkyHarbor_check,2021-10-01,90.0,62.3,0.0
SkyHarbor_check,2021-10-02,92.9,61.5,0.0
SkyHarbor_check,2021-10-03,96.2,64.4,0.0
SkyHarbor_check,2021-10-04,98.7,67.6,0.0
SkyHarbor_check,2021-10-05,88.5,70.6,0.031
SkyHarbor_check,2021-10-06,89.2,64.5,0.0
SkyHarbor_check,2021-10-07,92.0,65.1,0.0
SkyHarbor_check,2021-10-08,92.6,66.5,0.0
SkyHarbor_check,2021-10-09,85.4,68.2,0.0
SkyHarbor_check,2021-10-10,83.8,59.0,0.0
SkyHarbor_check,2021-10-11,86.5,54.2,0.0
SkyHarbor_check,2021-10-12,68.6,53.6,0.0
SkyHarbor_check,2021-10-13,74.6,47.0,0.0
SkyHarbor_check,2021-10-14,78.8,46.5,0.0
SkyHarbor_check,2021-10-15,84.9,51.2,0.0
SkyHarbor_check,2021-10-16,92.0,61.6,0.0
SkyHarbor_check,2021-10-17,90.1,59.8,0.0
SkyHarbor_check,2021-10-18,84.8,58.5,0.0
SkyHarbor_check,2021-10-19,79.5,56.3,0.0
SkyHarbor_check,2021-10-20,85.6,54.4,0.0
SkyHarbor_check,2021-10-21,89.2,53.5,0.0
SkyHarbor_check,2021-10-22,88.8,55.3,0.0
SkyHarbor_check,2021-10-23,86.0,55.6,0.0
SkyHarbor_check,2021-10-24,87.4,57.5,0.0
SkyHarbor_check,2021-10-25,91.2,58.4,0.0
SkyHarbor_check,2021-10-26,75.7,60.0,0.004
SkyHarbor_check,2021-10-27,77.5,50.2,0.0
SkyHarbor_check,2021-10-28,88.5,51.7,0.0
SkyHarbor_check,2021-10-29,92.3,56.8,0.0
SkyHarbor_check,2021-10-30,88.8,54.1,0.0
SkyHarbor_check,2021-10-31,86.9,55.2,0.0
SkyHarbor_check,2021-11-01,84.4,56.1,0.0
SkyHarbor_check,2021-11-02,83.1,53.4,0.0
SkyHarbor_check,2021-11-03,85.0,50.5,0.0
SkyHarbor_check,2021-11-04,88.7,53.4,0.0
SkyHarbor_check,2021-11-05,89.5,53.4,0.0
SkyHarbor_check,2021-11-06,89.2,53.4,0.0
SkyHarbor_check,2021-11-07,86.5,53.6,0.0
SkyHarbor_check,2021-11-08,86.8,52.0,0.0
SkyHarbor_check,2021-11-09,82.4,53.8,0.0
SkyHarbor_check,2021-11-10,81.7,50.0,0.0
SkyHarbor_check,2021-11-11,84.7,52.8,0.0
SkyHarbor_check,2021-11-12,88.5,55.1,0.0
SkyHarbor_check,2021-11-13,87.7,51.4,0.0
SkyHarbor_check,2021-11-14,86.5,51.2,0.0
SkyHarbor_check,2021-11-15,85.6,47.7,0.0
SkyHarbor_check,2021-11-16,83.8,49.6,0.0
SkyHarbor_check,2021-11-17,79.7,47.5,0.0
SkyHarbor_check,2021-11-18,81.8,45.1,0.0
SkyHarbor_check,2021-11-19,82.2,52.3,0.0
SkyHarbor_check,2021-11-20,78.4,46.6,0.0
SkyHarbor_check,2021-11-21,83.4,54.9,0.0
SkyHarbor_check,2021-11-22,83.1,56.3,0.0
SkyHarbor_check,2021-11-23,79.8,60.1,0.0
SkyHarbor_check,2021-11-24,74.8,54.8,0.0
SkyHarbor_check,2021-11-25,76.2,51.6,0.0
SkyHarbor_check,2021-11-26,77.6,54.1,0.0
SkyHarbor_check,2021-11-27,74.5,45.2,0.0
SkyHarbor_check,2021-11-28,79.3,43.5,0.0
SkyHarbor_check,2021-11-29,80.7,47.1,0.0
SkyHarbor_check,2021-11-30,80.1,46.6,0.0
SkyHarbor_check,2021-12-01,81.7,47.1,0.0
SkyHarbor_check,2021-12-02,81.5,48.8,0.0
SkyHarbor_check,2021-12-03,77.9,47.2,0.0
SkyHarbor_check,2021-12-04,76.4,46.1,0.0
SkyHarbor_check,2021-12-05,74.7,45.1,0.0
SkyHarbor_check,2021-12-06,75.1,45.1,0.0
SkyHarbor_check,2021-12-07,76.4,46.4,0.0
SkyHarbor_check,2021-12-08,71.7,49.0,0.0
SkyHarbor_check,2021-12-09,69.6,48.4,0.291
SkyHarbor_check,2021-12-10,62.2,48.9,0.075
SkyHarbor_check,2021-12-11,65.1,42.5,0.0
SkyHarbor_check,2021-12-12,71.1,38.2,0.0
SkyHarbor_check,2021-12-13,70.4,41.0,0.0
SkyHarbor_check,2021-12-14,72.1,54.2,0.008
SkyHarbor_check,2021-12-15,58.2,40.7,0.047
SkyHarbor_check,2021-12-16,60.4,33.5,0.0
SkyHarbor_check,2021-12-17,60.1,33.9,0.0
SkyHarbor_check,2021-12-18,65.7,35.6,0.0
SkyHarbor_check,2021-12-19,67.7,44.2,0.0
SkyHarbor_check,2021-12-20,69.0,35.8,0.0
SkyHarbor_check,2021-12-21,68.2,43.1,0.0
SkyHarbor_check,2021-12-22,69.8,40.6,0.0
SkyHarbor_check,2021-12-23,73.7,50.0,0.0
SkyHarbor_check,2021-12-24,61.5,51.9,0.957
SkyHarbor_check,2021-12-25,63.9,47.8,0.0
SkyHarbor_check,2021-12-26,64.3,48.7,0.004
SkyHarbor_check,2021-12-27,59.5,43.6,0.008
SkyHarbor_check,2021-12-28,58.6,39.5,0.063
SkyHarbor_check,2021-12-29,58.7,41.2,0.031
SkyHarbor_check,2021-12-30,61.5,41.1,0.0
SkyHarbor_check,2021-12-31,57.7,46.6,0.335
SkyHarbor_check,2022-01-01,54.5,38.0,0.122
SkyHarbor_check,2022-01-02,57.7,31.3,0.0
SkyHarbor_check,2022-01-03,61.6,35.2,0.0
SkyHarbor_check,2022-01-04,60.5,32.4,0.0
SkyHarbor_check,2022-01-05,62.5,34.1,0.0
SkyHarbor_check,2022-01-06,64.7,36.1,0.0
SkyHarbor_check,2022-01-07,69.2,36.8,0.0
SkyHarbor_check,2022-01-08,66.4,43.3,0.0
SkyHarbor_check,2022-01-09,73.1,38.2,0.0
SkyHarbor_check,2022-01-10,71.9,46.9,0.0
SkyHarbor_check,2022-01-11,71.3,47.5,0.0
SkyHarbor_check,2022-01-12,70.6,42.2,0.0
SkyHarbor_check,2022-01-13,70.8,36.2,0.0
SkyHarbor_check,2022-01-14,70.7,43.3,0.0
SkyHarbor_check,2022-01-15,71.8,42.0,0.0
SkyHarbor_check,2022-01-16,72.9,39.7,0.0
SkyHarbor_check,2022-01-17,70.1,40.7,0.0
SkyHarbor_check,2022-01-18,67.8,44.2,0.091
SkyHarbor_check,2022-01-19,67.9,42.6,0.0
SkyHarbor_check,2022-01-20,70.8,39.8,0.0
SkyHarbor_check,2022-01-21,69.2,38.6,0.0
SkyHarbor_check,2022-01-22,66.7,45.3,0.094
SkyHarbor_check,2022-01-23,68.9,44.2,0.0
SkyHarbor_check,2022-01-24,66.7,39.3,0.0
SkyHarbor_check,2022-01-25,66.8,37.0,0.0
SkyHarbor_check,2022-01-26,67.0,36.3,0.0
SkyHarbor_check,2022-01-27,65.9,33.4,0.0
SkyHarbor_check,2022-01-28,70.3,45.9,0.0
SkyHarbor_check,2022-01-29,73.0,44.0,0.0
SkyHarbor_check,2022-01-30,71.4,48.1,0.0
SkyHarbor_check,2022-01-31,70.1,39.1,0.0
SkyHarbor_check,2022-02-01,67.1,42.4,0.0
SkyHarbor_check,2022-02-02,59.3,41.2,0.0
SkyHarbor_check,2022-02-03,55.9,34.0,0.0
SkyHarbor_check,2022-02-04,63.4,35.0,0.0
SkyHarbor_check,2022-02-05,66.5,35.9,0.0
SkyHarbor_check,2022-02-06,70.4,36.0,0.0
SkyHarbor_check,2022-02-07,70.7,48.0,0.0
SkyHarbor_check,2022-02-08,73.9,44.2,0.0
SkyHarbor_check,2022-02-09,76.9,46.2,0.0
SkyHarbor_check,2022-02-10,80.2,46.0,0.0
SkyHarbor_check,2022-02-11,78.4,45.3,0.0
SkyHarbor_check,2022-02-12,80.3,45.3,0.0
SkyHarbor_check,2022-02-13,80.8,41.9,0.0
SkyHarbor_check,2022-02-14,80.5,40.2,0.0
SkyHarbor_check,2022-02-15,77.7,42.0,0.0
SkyHarbor_check,2022-02-16,62.5,48.3,0.075
SkyHarbor_check,2022-02-17,64.0,40.9,0.0
SkyHarbor_check,2022-02-18,69.2,36.4,0.0
SkyHarbor_check,2022-02-19,77.2,41.5,0.0
SkyHarbor_check,2022-02-20,77.8,42.0,0.0
SkyHarbor_check,2022-02-21,69.4,49.3,0.0
SkyHarbor_check,2022-02-22,66.1,45.6,0.0
SkyHarbor_check,2022-02-23,52.7,37.6,0.594
SkyHarbor_check,2022-02-24,55.1,32.7,0.0
SkyHarbor_check,2022-02-25,62.2,32.8,0.0
SkyHarbor_check,2022-02-26,66.1,34.9,0.0
SkyHarbor_check,2022-02-27,70.9,37.2,0.0
SkyHarbor_check,2022-02-28,81.1,50.7,0.0
SkyHarbor_check,2022-03-01,82.9,48.7,0.0
SkyHarbor_check,2022-03-02,85.9,44.6,0.0
SkyHarbor_check,2022-03-03,85.7,50.5,0.0
SkyHarbor_check,2022-03-04,70.6,52.5,0.043
SkyHarbor_check,2022-03-05,69.5,47.0,0.024
SkyHarbor_check,2022-03-06,62.1,40.3,0.0
SkyHarbor_check,2022-03-07,67.1,39.0,0.0
SkyHarbor_check,2022-03-08,64.9,40.6,0.0
SkyHarbor_check,2022-03-09,70.3,35.3,0.0
SkyHarbor_check,2022-03-10,71.2,39.6,0.0
SkyHarbor_check,2022-03-11,68.1,38.8,0.0
SkyHarbor_check,2022-03-12,77.1,41.3,0.0
SkyHarbor_check,2022-03-13,78.9,40.9,0.0
SkyHarbor_check,2022-03-14,80.8,44.0,0.0
SkyHarbor_check,2022-03-15,85.2,46.2,0.0
SkyHarbor_check,2022-03-16,83.4,47.9,0.0
SkyHarbor_check,2022-03-17,77.8,53.9,0.0
SkyHarbor_check,2022-03-18,81.4,45.8,0.0
SkyHarbor_check,2022-03-19,83.8,46.9,0.0
SkyHarbor_check,2022-03-20,72.4,51.0,0.008
SkyHarbor_check,2022-03-21,75.7,46.5,0.028
SkyHarbor_check,2022-03-22,81.0,46.0,0.0
SkyHarbor_check,2022-03-23,76.7,53.5,0.0
SkyHarbor_check,2022-03-24,85.1,45.1,0.0
SkyHarbor_check,2022-03-25,94.1,48.4,0.0
SkyHarbor_check,2022-03-26,92.0,52.8,0.0
SkyHarbor_check,2022-03-27,93.6,53.6,0.0
SkyHarbor_check,2022-03-28,81.4,61.0,0.031
SkyHarbor_check,2022-03-29,67.3,49.3,0.453
SkyHarbor_check,2022-03-30,76.3,47.3,0.0
SkyHarbor_check,2022-03-31,79.7,51.8,0.0
SkyHarbor_check,2022-04-01,84.1,52.0,0.0
SkyHarbor_check,2022-04-02,86.8,54.4,0.0
SkyHarbor_check,2022-04-03,84.8,56.2,0.0
SkyHarbor_check,2022-04-04,87.0,54.5,0.0
SkyHarbor_check,2022-04-05,91.4,57.7,0.0
SkyHarbor_check,2022-04-06,92.2,58.9,0.0
SkyHarbor_check,2022-04-07,93.7,58.1,0.0
SkyHarbor_check,2022-04-08,95.8,62.1,0.0
SkyHarbor_check,2022-04-09,95.6,56.6,0.0
SkyHarbor_check,2022-04-10,88.4,63.2,0.0
SkyHarbor_check,2022-04-11,86.8,63.3,0.0
SkyHarbor_check,2022-04-12,74.2,58.1,0.0
SkyHarbor_check,2022-04-13,74.7,47.5,0.0
SkyHarbor_check,2022-04-14,82.3,45.4,0.0
SkyHarbor_check,2022-04-15,87.9,52.3,0.0
SkyHarbor_check,2022-04-16,89.2,55.9,0.0
SkyHarbor_check,2022-04-17,91.4,54.7,0.0
SkyHarbor_check,2022-04-18,96.4,53.7,0.0
SkyHarbor_check,2022-04-19,98.3,63.7,0.0
SkyHarbor_check,2022-04-20,89.8,61.3,0.0
SkyHarbor_check,2022-04-21,92.3,60.1,0.0
SkyHarbor_check,2022-04-22,78.0,64.5,0.0
SkyHarbor_check,2022-04-23,80.6,53.4,0.0
SkyHarbor_check,2022-04-24,85.5,55.3,0.0
SkyHarbor_check,2022-04-25,93.5,55.2,0.0
SkyHarbor_check,2022-04-26,97.8,58.3,0.0
SkyHarbor_check,2022-04-27,93.9,63.1,0.0
SkyHarbor_check,2022-04-28,90.4,62.4,0.0
SkyHarbor_check,2022-04-29,89.8,58.7,0.0
SkyHarbor_check,2022-04-30,95.3,58.4,0.0
SkyHarbor_check,2022-05-01,95.4,58.7,0.0
SkyHarbor_check,2022-05-02,92.2,66.7,0.0
SkyHarbor_check,2022-05-03,91.7,65.0,0.0
SkyHarbor_check,2022-05-04,91.9,62.1,0.0
SkyHarbor_check,2022-05-05,94.6,60.7,0.0
SkyHarbor_check,2022-05-06,98.5,61.4,0.0
SkyHarbor_check,2022-05-07,101.5,64.9,0.0
SkyHarbor_check,2022-05-08,94.0,69.4,0.0
SkyHarbor_check,2022-05-09,87.6,64.5,0.0
SkyHarbor_check,2022-05-10,89.4,61.2,0.0
SkyHarbor_check,2022-05-11,87.3,63.1,0.0
SkyHarbor_check,2022-05-12,87.7,56.5,0.0
SkyHarbor_check,2022-05-13,95.6,55.4,0.0
SkyHarbor_check,2022-05-14,103.6,60.0,0.0
SkyHarbor_check,2022-05-15,105.4,63.1,0.0
SkyHarbor_check,2022-05-16,103.7,70.2,0.0
SkyHarbor_check,2022-05-17,100.4,70.3,0.0
SkyHarbor_check,2022-05-18,99.0,70.3,0.0
SkyHarbor_check,2022-05-19,99.1,68.5,0.0
SkyHarbor_check,2022-05-20,98.1,70.6,0.0
SkyHarbor_check,2022-05-21,93.7,67.1,0.0
SkyHarbor_check,2022-05-22,94.4,66.8,0.0
SkyHarbor_check,2022-05-23,94.5,65.1,0.0
SkyHarbor_check,2022-05-24,97.7,66.5,0.0
SkyHarbor_check,2022-05-25,102.7,70.1,0.0
SkyHarbor_check,2022-05-26,104.5,70.4,0.0
SkyHarbor_check,2022-05-27,104.8,72.8,0.0
SkyHarbor_check,2022-05-28,101.9,75.6,0.0
SkyHarbor_check,2022-05-29,93.9,71.7,0.0
SkyHarbor_check,2022-05-30,94.1,68.1,0.0
SkyHarbor_check,2022-05-31,96.5,68.1,0.0
SkyHarbor_check,2022-06-01,99.4,68.5,0.0
SkyHarbor_check,2022-06-02,102.2,67.6,0.0
SkyHarbor_check,2022-06-03,102.1,69.6,0.0
SkyHarbor_check,2022-06-04,101.5,69.8,0.0
SkyHarbor_check,2022-06-05,100.9,72.6,0.0
SkyHarbor_check,2022-06-06,103.5,74.8,0.0
SkyHarbor_check,2022-06-07,105.6,76.8,0.0
SkyHarbor_check,2022-06-08,108.5,76.4,0.0
SkyHarbor_check,2022-06-09,109.2,79.3,0.0
SkyHarbor_check,2022-06-10,111.4,82.2,0.0
SkyHarbor_check,2022-06-11,112.1,84.5,0.0
SkyHarbor_check,2022-06-12,111.3,84.9,0.0
SkyHarbor_check,2022-06-13,105.9,82.6,0.0
SkyHarbor_check,2022-06-14,103.2,78.4,0.0
SkyHarbor_check,2022-06-15,106.2,75.3,0.0
SkyHarbor_check,2022-06-16,112.0,75.3,0.0
SkyHarbor_check,2022-06-17,110.9,81.5,0.0
SkyHarbor_check,2022-06-18,99.7,78.4,0.106
SkyHarbor_check,2022-06-19,100.4,75.8,0.0
SkyHarbor_check,2022-06-20,102.7,72.9,0.0
SkyHarbor_check,2022-06-21,106.5,74.3,0.0
SkyHarbor_check,2022-06-22,105.8,83.7,0.0
SkyHarbor_check,2022-06-23,107.3,81.9,0.0
SkyHarbor_check,2022-06-24,107.4,83.3,0.0
SkyHarbor_check,2022-06-25,106.2,80.9,0.0
SkyHarbor_check,2022-06-26,102.6,80.5,0.35
SkyHarbor_check,2022-06-27,101.8,77.2,0.024
SkyHarbor_check,2022-06-28,107.4,83.2,0.0
SkyHarbor_check,2022-06-29,107.3,85.7,0.047
SkyHarbor_check,2022-06-30,104.5,80.4,0.008
SkyHarbor_check,2022-07-01,106.7,82.8,0.0
SkyHarbor_check,2022-07-02,104.7,83.0,0.0
SkyHarbor_check,2022-07-03,107.5,83.7,0.0
SkyHarbor_check,2022-07-04,104.8,79.5,0.0
SkyHarbor_check,2022-07-05,103.5,74.2,0.0
SkyHarbor_check,2022-07-06,105.2,77.7,0.0
SkyHarbor_check,2022-07-07,107.8,76.2,0.0
SkyHarbor_check,2022-07-08,110.6,80.6,0.0
SkyHarbor_check,2022-07-09,112.9,83.3,0.0
SkyHarbor_check,2022-07-10,112.1,83.8,0.0
SkyHarbor_check,2022-07-11,114.8,88.0,0.0
SkyHarbor_check,2022-07-12,112.4,86.8,0.0
SkyHarbor_check,2022-07-13,109.5,86.5,0.008
SkyHarbor_check,2022-07-14,107.6,87.3,0.008
SkyHarbor_check,2022-07-15,111.3,86.2,0.0
SkyHarbor_check,2022-07-16,113.0,87.6,0.0
SkyHarbor_check,2022-07-17,109.9,86.9,0.0
SkyHarbor_check,2022-07-18,106.3,84.9,0.0
SkyHarbor_check,2022-07-19,109.8,85.7,0.0
SkyHarbor_check,2022-07-20,109.1,87.4,0.0
SkyHarbor_check,2022-07-21,109.8,87.3,0.0
SkyHarbor_check,2022-07-22,111.7,89.3,0.0
SkyHarbor_check,2022-07-23,104.6,78.9,0.362
SkyHarbor_check,2022-07-24,98.9,76.6,0.28
SkyHarbor_check,2022-07-25,96.5,79.7,0.244
SkyHarbor_check,2022-07-26,95.6,73.8,0.539
SkyHarbor_check,2022-07-27,92.7,77.0,0.157
SkyHarbor_check,2022-07-28,93.2,76.9,0.579
SkyHarbor_check,2022-07-29,96.8,76.4,0.291
SkyHarbor_check,2022-07-30,93.1,76.6,1.319
SkyHarbor_check,2022-07-31,99.2,76.4,0.118
SkyHarbor_check,2022-08-01,101.8,77.9,0.008
SkyHarbor_check,2022-08-02,106.3,85.2,0.0
SkyHarbor_check,2022-08-03,105.3,83.4,0.012
SkyHarbor_check,2022-08-04,97.3,77.5,0.008
SkyHarbor_check,2022-08-05,103.6,78.4,0.0
SkyHarbor_check,2022-08-06,109.4,80.5,0.0
SkyHarbor_check,2022-08-07,106.6,84.3,0.004
SkyHarbor_check,2022-08-08,102.8,82.2,0.043
SkyHarbor_check,2022-08-09,98.4,74.3,0.039
SkyHarbor_check,2022-08-10,102.4,77.3,0.02
SkyHarbor_check,2022-08-11,105.7,80.4,0.0
SkyHarbor_check,2022-08-12,94.6,75.7,0.783
SkyHarbor_check,2022-08-13,103.3,78.0,0.433
SkyHarbor_check,2022-08-14,99.1,76.0,0.402
SkyHarbor_check,2022-08-15,100.6,76.6,0.0
SkyHarbor_check,2022-08-16,105.3,79.9,0.0
SkyHarbor_check,2022-08-17,106.5,82.0,0.051
SkyHarbor_check,2022-08-18,103.2,77.9,0.126
SkyHarbor_check,2022-08-19,92.8,76.6,0.417
SkyHarbor_check,2022-08-20,90.4,73.2,0.327
SkyHarbor_check,2022-08-21,94.2,73.8,0.016
SkyHarbor_check,2022-08-22,97.6,76.1,0.0
SkyHarbor_check,2022-08-23,101.8,79.3,0.102
SkyHarbor_check,2022-08-24,101.0,75.0,0.071
SkyHarbor_check,2022-08-25,102.0,79.3,0.217
SkyHarbor_check,2022-08-26,101.2,75.1,0.614
SkyHarbor_check,2022-08-27,104.5,79.5,0.024
SkyHarbor_check,2022-08-28,102.1,79.0,0.004
SkyHarbor_check,2022-08-29,107.0,81.5,0.0
SkyHarbor_check,2022-08-30,110.6,81.4,0.0
SkyHarbor_check,2022-08-31,108.1,82.7,0.0
SkyHarbor_check,2022-09-01,106.5,84.2,0.0
SkyHarbor_check,2022-09-02,106.9,82.9,0.0
SkyHarbor_check,2022-09-03,106.9,83.2,0.0
SkyHarbor_check,2022-09-04,108.3,84.0,0.0
SkyHarbor_check,2022-09-05,110.0,80.1,0.0
SkyHarbor_check,2022-09-06,110.4,86.6,0.0
SkyHarbor_check,2022-09-07,108.1,80.4,0.0
SkyHarbor_check,2022-09-08,105.3,83.7,0.0
SkyHarbor_check,2022-09-09,98.2,74.0,0.154
SkyHarbor_check,2022-09-10,92.8,71.5,0.031
SkyHarbor_check,2022-09-11,102.2,78.6,0.0
SkyHarbor_check,2022-09-12,97.3,74.5,0.02
SkyHarbor_check,2022-09-13,92.8,70.3,0.24
SkyHarbor_check,2022-09-14,96.2,75.5,0.0
SkyHarbor_check,2022-09-15,97.1,73.2,0.0
SkyHarbor_check,2022-09-16,97.0,75.4,0.0
SkyHarbor_check,2022-09-17,102.3,70.7,0.0
SkyHarbor_check,2022-09-18,102.7,70.8,0.0
SkyHarbor_check,2022-09-19,103.0,73.3,0.0
SkyHarbor_check,2022-09-20,95.8,74.9,0.071
SkyHarbor_check,2022-09-21,86.2,75.5,0.638
SkyHarbor_check,2022-09-22,90.5,74.3,0.299
SkyHarbor_check,2022-09-23,99.0,74.8,0.008
SkyHarbor_check,2022-09-24,100.4,74.3,0.0
SkyHarbor_check,2022-09-25,103.8,74.0,0.0
SkyHarbor_check,2022-09-26,103.2,73.7,0.0
SkyHarbor_check,2022-09-27,103.6,78.5,0.0
SkyHarbor_check,2022-09-28,102.3,79.3,0.008
SkyHarbor_check,2022-09-29,97.3,72.8,0.0
SkyHarbor_check,2022-09-30,97.2,70.5,0.0
SkyHarbor_check,2022-10-01,95.5,72.2,0.0
SkyHarbor_check,2022-10-02,94.3,76.4,0.0
SkyHarbor_check,2022-10-03,97.7,74.2,0.067
SkyHarbor_check,2022-10-04,91.9,68.3,0.0
SkyHarbor_check,2022-10-05,93.0,68.2,0.012
SkyHarbor_check,2022-10-06,90.2,69.7,0.012
SkyHarbor_check,2022-10-07,92.3,71.3,0.0
SkyHarbor_check,2022-10-08,87.9,69.8,0.047
SkyHarbor_check,2022-10-09,89.4,64.1,0.0
SkyHarbor_check,2022-10-10,90.5,67.5,0.0
SkyHarbor_check,2022-10-11,92.7,67.4,0.0
SkyHarbor_check,2022-10-12,94.1,64.6,0.0
SkyHarbor_check,2022-10-13,96.2,65.3,0.0
SkyHarbor_check,2022-10-14,96.8,63.3,0.0
SkyHarbor_check,2022-10-15,83.8,62.7,0.984
SkyHarbor_check,2022-10-16,74.4,58.2,0.177
SkyHarbor_check,2022-10-17,82.4,57.0,0.0
SkyHarbor_check,2022-10-18,85.0,60.6,0.0
SkyHarbor_check,2022-10-19,87.0,61.7,0.0
SkyHarbor_check,2022-10-20,90.4,59.7,0.0
SkyHarbor_check,2022-10-21,88.7,58.8,0.0
SkyHarbor_check,2022-10-22,88.3,63.6,0.0
SkyHarbor_check,2022-10-23,76.7,62.7,0.016
SkyHarbor_check,2022-10-24,70.6,53.2,0.0
SkyHarbor_check,2022-10-25,75.1,44.0,0.0
SkyHarbor_check,2022-10-26,78.4,45.5,0.0
SkyHarbor_check,2022-10-27,78.8,46.6,0.0
SkyHarbor_check,2022-10-28,79.9,49.0,0.0
SkyHarbor_check,2022-10-29,82.1,49.7,0.0
SkyHarbor_check,2022-10-30,79.3,47.3,0.0
SkyHarbor_check,2022-10-31,81.5,45.4,0.0
SkyHarbor_check,2022-11-01,82.0,53.3,0.0
SkyHarbor_check,2022-11-02,80.1,56.3,0.0
SkyHarbor_check,2022-11-03,63.7,44.7,0.409
SkyHarbor_check,2022-11-04,62.5,39.5,0.0
SkyHarbor_check,2022-11-05,69.3,39.7,0.0
SkyHarbor_check,2022-11-06,78.1,43.6,0.0
SkyHarbor_check,2022-11-07,79.1,47.5,0.0
SkyHarbor_check,2022-11-08,81.1,48.4,0.0
SkyHarbor_check,2022-11-09,67.7,54.2,0.067
SkyHarbor_check,2022-11-10,67.7,46.6,0.0
SkyHarbor_check,2022-11-11,69.7,39.5,0.0
SkyHarbor_check,2022-11-12,71.7,40.3,0.0
SkyHarbor_check,2022-11-13,68.3,39.0,0.0
SkyHarbor_check,2022-11-14,65.2,39.0,0.0
SkyHarbor_check,2022-11-15,70.6,39.7,0.0
SkyHarbor_check,2022-11-16,70.2,44.1,0.0
SkyHarbor_check,2022-11-17,71.4,45.5,0.0
SkyHarbor_check,2022-11-18,69.7,39.1,0.0
SkyHarbor_check,2022-11-19,72.7,40.4,0.0
SkyHarbor_check,2022-11-20,71.3,48.2,0.0
SkyHarbor_check,2022-11-21,72.3,46.9,0.0
SkyHarbor_check,2022-11-22,74.1,43.3,0.0
SkyHarbor_check,2022-11-23,70.5,39.3,0.0
SkyHarbor_check,2022-11-24,68.5,41.6,0.0
SkyHarbor_check,2022-11-25,69.6,43.1,0.0
SkyHarbor_check,2022-11-26,67.0,36.7,0.0
SkyHarbor_check,2022-11-27,67.3,35.4,0.0
SkyHarbor_check,2022-11-28,70.8,39.0,0.0
SkyHarbor_check,2022-11-29,66.4,46.5,0.0
SkyHarbor_check,2022-11-30,71.2,39.3,0.0
SkyHarbor_check,2022-12-01,72.1,39.6,0.0
SkyHarbor_check,2022-12-02,68.8,46.0,0.0
SkyHarbor_check,2022-12-03,57.7,44.7,1.154
SkyHarbor_check,2022-12-04,66.0,55.3,0.512
SkyHarbor_check,2022-12-05,68.9,54.3,0.071
SkyHarbor_check,2022-12-06,67.3,48.8,0.008
SkyHarbor_check,2022-12-07,63.8,49.2,0.193
SkyHarbor_check,2022-12-08,64.7,41.5,0.0
SkyHarbor_check,2022-12-09,63.0,40.7,0.0
SkyHarbor_check,2022-12-10,63.9,34.7,0.0
SkyHarbor_check,2022-12-11,68.5,37.3,0.0
SkyHarbor_check,2022-12-12,55.2,42.6,0.535
SkyHarbor_check,2022-12-13,52.2,36.3,0.028
SkyHarbor_check,2022-12-14,52.4,31.6,0.0
SkyHarbor_check,2022-12-15,54.4,30.1,0.0
SkyHarbor_check,2022-12-16,58.5,33.0,0.0
SkyHarbor_check,2022-12-17,59.8,33.5,0.0
SkyHarbor_check,2022-12-18,57.8,39.3,0.004
SkyHarbor_check,2022-12-19,60.6,33.2,0.0
SkyHarbor_check,2022-12-20,62.5,35.8,0.0
SkyHarbor_check,2022-12-21,63.1,31.0,0.0
SkyHarbor_check,2022-12-22,63.6,32.4,0.0
SkyHarbor_check,2022-12-23,65.4,36.1,0.0
SkyHarbor_check,2022-12-24,67.7,37.3,0.0
SkyHarbor_check,2022-12-25,73.1,44.7,0.0
SkyHarbor_check,2022-12-26,73.1,40.6,0.0
SkyHarbor_check,2022-12-27,74.0,42.6,0.0
SkyHarbor_check,2022-12-28,56.5,49.3,0.476
SkyHarbor_check,2022-12-29,63.5,44.2,0.0
SkyHarbor_check,2022-12-30,61.3,49.2,0.252
SkyHarbor_check,2022-12-31,67.6,43.7,0.0
SkyHarbor_check,2023-01-01,56.9,45.0,0.795
SkyHarbor_check,2023-01-02,56.3,43.1,0.138
SkyHarbor_check,2023-01-03,60.0,42.8,0.0
SkyHarbor_check,2023-01-04,64.7,41.0,0.0
SkyHarbor_check,2023-01-05,68.0,41.0,0.0
SkyHarbor_check,2023-01-06,61.8,41.1,0.0
SkyHarbor_check,2023-01-07,66.7,38.1,0.0
SkyHarbor_check,2023-01-08,66.9,38.7,0.0
SkyHarbor_check,2023-01-09,68.3,38.8,0.0
SkyHarbor_check,2023-01-10,71.6,40.8,0.0
SkyHarbor_check,2023-01-11,64.4,44.2,0.0
SkyHarbor_check,2023-01-12,72.0,40.8,0.0
SkyHarbor_check,2023-01-13,76.8,41.5,0.0
SkyHarbor_check,2023-01-14,68.7,41.6,0.004
SkyHarbor_check,2023-01-15,59.8,50.0,0.177
SkyHarbor_check,2023-01-16,58.5,48.9,0.988
SkyHarbor_check,2023-01-17,56.2,45.0,0.52
SkyHarbor_check,2023-01-18,56.8,38.4,0.0
SkyHarbor_check,2023-01-19,58.7,33.6,0.0
SkyHarbor_check,2023-01-20,55.7,36.0,0.0
SkyHarbor_check,2023-01-21,56.6,32.1,0.0
SkyHarbor_check,2023-01-22,58.0,30.2,0.0
SkyHarbor_check,2023-01-23,49.4,33.6,0.0
SkyHarbor_check,2023-01-24,53.6,28.9,0.0
SkyHarbor_check,2023-01-25,58.5,29.8,0.0
SkyHarbor_check,2023-01-26,60.4,33.4,0.0
SkyHarbor_check,2023-01-27,61.3,34.7,0.0
SkyHarbor_check,2023-01-28,63.4,31.3,0.0
SkyHarbor_check,2023-01-29,69.2,33.1,0.0
SkyHarbor_check,2023-01-30,60.0,41.3,0.028
SkyHarbor_check,2023-01-31,59.0,39.9,0.374
SkyHarbor_check,2023-02-01,63.3,37.1,0.0
SkyHarbor_check,2023-02-02,65.7,36.1,0.0
SkyHarbor_check,2023-02-03,73.9,41.4,0.0
SkyHarbor_check,2023-02-04,73.9,40.2,0.0
SkyHarbor_check,2023-02-05,73.2,38.5,0.0
SkyHarbor_check,2023-02-06,65.1,42.6,0.0
SkyHarbor_check,2023-02-07,64.6,38.1,0.0
SkyHarbor_check,2023-02-08,67.2,36.0,0.0
SkyHarbor_check,2023-02-09,68.2,36.9,0.0
SkyHarbor_check,2023-02-10,70.8,43.8,0.0
SkyHarbor_check,2023-02-11,76.4,47.3,0.0
SkyHarbor_check,2023-02-12,77.6,40.4,0.0
SkyHarbor_check,2023-02-13,55.9,42.5,0.087
SkyHarbor_check,2023-02-14,61.2,40.5,0.173
SkyHarbor_check,2023-02-15,52.6,36.8,0.0
SkyHarbor_check,2023-02-16,56.8,32.4,0.0
SkyHarbor_check,2023-02-17,65.9,37.4,0.0
SkyHarbor_check,2023-02-18,72.3,43.8,0.0
SkyHarbor_check,2023-02-19,73.5,42.4,0.0
SkyHarbor_check,2023-02-20,73.9,46.2,0.0
SkyHarbor_check,2023-02-21,64.6,50.4,0.193
SkyHarbor_check,2023-02-22,57.5,44.2,0.047
SkyHarbor_check,2023-02-23,59.4,41.9,0.004
SkyHarbor_check,2023-02-24,65.4,40.4,0.0
SkyHarbor_check,2023-02-25,73.9,44.6,0.0
SkyHarbor_check,2023-02-26,58.8,41.3,0.268
SkyHarbor_check,2023-02-27,62.7,33.8,0.0
SkyHarbor_check,2023-02-28,62.9,36.8,0.0
SkyHarbor_check,2023-03-01,61.2,39.9,0.445
SkyHarbor_check,2023-03-02,54.3,33.1,0.012
SkyHarbor_check,2023-03-03,58.7,33.2,0.0
SkyHarbor_check,2023-03-04,67.7,35.9,0.0
SkyHarbor_check,2023-03-05,72.4,39.5,0.0
SkyHarbor_check,2023-03-06,72.6,43.4,0.0
SkyHarbor_check,2023-03-07,74.2,50.9,0.0
SkyHarbor_check,2023-03-08,76.0,44.0,0.0
SkyHarbor_check,2023-03-09,72.8,43.8,0.0
SkyHarbor_check,2023-03-10,79.6,42.4,0.0
SkyHarbor_check,2023-03-11,78.3,56.6,0.0
SkyHarbor_check,2023-03-12,80.3,51.4,0.0
SkyHarbor_check,2023-03-13,79.3,49.5,0.0
SkyHarbor_check,2023-03-14,80.7,48.0,0.0
SkyHarbor_check,2023-03-15,66.2,53.7,0.563
SkyHarbor_check,2023-03-16,68.2,49.9,0.303
SkyHarbor_check,2023-03-17,69.0,44.5,0.0
SkyHarbor_check,2023-03-18,73.2,44.2,0.0
SkyHarbor_check,2023-03-19,71.6,52.3,0.0
SkyHarbor_check,2023-03-20,74.6,51.4,0.0
SkyHarbor_check,2023-03-21,68.1,57.2,0.374
SkyHarbor_check,2023-03-22,61.1,51.1,0.445
SkyHarbor_check,2023-03-23,65.3,44.3,0.016
SkyHarbor_check,2023-03-24,66.2,46.0,0.0
SkyHarbor_check,2023-03-25,68.9,40.8,0.0
SkyHarbor_check,2023-03-26,68.3,40.5,0.0
SkyHarbor_check,2023-03-27,71.0,40.8,0.0
SkyHarbor_check,2023-03-28,81.0,41.3,0.0
SkyHarbor_check,2023-03-29,82.6,46.9,0.0
SkyHarbor_check,2023-03-30,66.4,54.3,0.02
SkyHarbor_check,2023-03-31,70.5,43.1,0.0
SkyHarbor_check,2023-04-01,81.6,42.1,0.0
SkyHarbor_check,2023-04-02,80.8,47.9,0.0
SkyHarbor_check,2023-04-03,79.8,46.6,0.0
SkyHarbor_check,2023-04-04,61.6,44.3,0.0
SkyHarbor_check,2023-04-05,67.6,37.5,0.0
SkyHarbor_check,2023-04-06,80.1,40.6,0.0
SkyHarbor_check,2023-04-07,82.7,47.4,0.0
SkyHarbor_check,2023-04-08,84.0,49.1,0.0
SkyHarbor_check,2023-04-09,89.7,49.7,0.0
SkyHarbor_check,2023-04-10,97.7,54.3,0.0
SkyHarbor_check,2023-04-11,97.0,60.3,0.0
SkyHarbor_check,2023-04-12,95.0,59.7,0.0
SkyHarbor_check,2023-04-13,86.4,62.2,0.0
SkyHarbor_check,2023-04-14,77.8,56.8,0.0
SkyHarbor_check,2023-04-15,85.6,53.0,0.0
SkyHarbor_check,2023-04-16,91.3,56.1,0.0
SkyHarbor_check,2023-04-17,90.1,54.4,0.0
SkyHarbor_check,2023-04-18,86.4,60.1,0.0
SkyHarbor_check,2023-04-19,82.0,58.6,0.0
SkyHarbor_check,2023-04-20,84.6,50.4,0.0
SkyHarbor_check,2023-04-21,89.0,53.5,0.0
SkyHarbor_check,2023-04-22,91.7,55.7,0.0
SkyHarbor_check,2023-04-23,93.6,64.1,0.0
SkyHarbor_check,2023-04-24,91.4,61.5,0.0
SkyHarbor_check,2023-04-25,89.9,62.2,0.0
SkyHarbor_check,2023-04-26,89.0,63.2,0.0
SkyHarbor_check,2023-04-27,94.7,59.2,0.0
SkyHarbor_check,2023-04-28,97.9,60.2,0.0
SkyHarbor_check,2023-04-29,100.3,65.6,0.0
SkyHarbor_check,2023-04-30,102.1,62.8,0.0
SkyHarbor_check,2023-05-01,95.4,68.5,0.0
SkyHarbor_check,2023-05-02,90.7,61.1,0.0
SkyHarbor_check,2023-05-03,87.9,63.8,0.0
SkyHarbor_check,2023-05-04,81.3,61.7,0.0
SkyHarbor_check,2023-05-05,80.2,57.7,0.0
SkyHarbor_check,2023-05-06,85.0,59.4,0.0
SkyHarbor_check,2023-05-07,88.2,57.9,0.0
SkyHarbor_check,2023-05-08,91.6,56.8,0.0
SkyHarbor_check,2023-05-09,92.6,59.1,0.0
SkyHarbor_check,2023-05-10,80.0,63.2,0.008
SkyHarbor_check,2023-05-11,88.8,55.2,0.0
SkyHarbor_check,2023-05-12,94.4,59.7,0.0
SkyHarbor_check,2023-05-13,97.5,66.1,0.0
SkyHarbor_check,2023-05-14,97.9,73.3,0.0
SkyHarbor_check,2023-05-15,101.0,74.3,0.0
SkyHarbor_check,2023-05-16,101.0,76.3,0.0
SkyHarbor_check,2023-05-17,99.1,70.8,0.0
SkyHarbor_check,2023-05-18,96.8,72.8,0.0
SkyHarbor_check,2023-05-19,94.3,71.7,0.083
SkyHarbor_check,2023-05-20,95.5,67.7,0.0
SkyHarbor_check,2023-05-21,98.7,70.5,0.0
SkyHarbor_check,2023-05-22,100.4,70.3,0.0
SkyHarbor_check,2023-05-23,101.0,70.1,0.0
SkyHarbor_check,2023-05-24,97.6,71.0,0.0
SkyHarbor_check,2023-05-25,98.2,67.8,0.0
SkyHarbor_check,2023-05-26,96.5,68.6,0.0
SkyHarbor_check,2023-05-27,95.5,66.4,0.0
SkyHarbor_check,2023-05-28,98.7,67.3,0.0
SkyHarbor_check,2023-05-29,99.0,66.9,0.0
SkyHarbor_check,2023-05-30,97.4,69.2,0.0
SkyHarbor_check,2023-05-31,90.3,68.2,0.0
SkyHarbor_check,2023-06-01,90.8,65.0,0.0
SkyHarbor_check,2023-06-02,93.5,66.3,0.0
SkyHarbor_check,2023-06-03,100.0,67.0,0.0
SkyHarbor_check,2023-06-04,102.2,70.5,0.0
SkyHarbor_check,2023-06-05,104.9,71.6,0.0
SkyHarbor_check,2023-06-06,99.4,68.9,0.0
SkyHarbor_check,2023-06-07,95.1,67.4,0.0
SkyHarbor_check,2023-06-08,95.6,63.9,0.0
SkyHarbor_check,2023-06-09,95.8,63.8,0.0
SkyHarbor_check,2023-06-10,99.1,65.8,0.0
SkyHarbor_check,2023-06-11,92.5,69.0,0.004
SkyHarbor_check,2023-06-12,90.0,65.4,0.0
SkyHarbor_check,2023-06-13,94.6,68.5,0.0
SkyHarbor_check,2023-06-14,97.6,67.0,0.0
SkyHarbor_check,2023-06-15,99.1,69.4,0.0
SkyHarbor_check,2023-06-16,101.6,71.0,0.0
SkyHarbor_check,2023-06-17,102.1,71.2,0.0
SkyHarbor_check,2023-06-18,106.8,74.6,0.0
SkyHarbor_check,2023-06-19,103.1,76.6,0.0
SkyHarbor_check,2023-06-20,101.8,73.9,0.0
SkyHarbor_check,2023-06-21,104.1,72.5,0.0
SkyHarbor_check,2023-06-22,103.2,70.9,0.0
SkyHarbor_check,2023-06-23,99.4,73.9,0.0
SkyHarbor_check,2023-06-24,102.5,66.0,0.0
SkyHarbor_check,2023-06-25,107.9,71.6,0.0
SkyHarbor_check,2023-06-26,109.7,75.1,0.0
SkyHarbor_check,2023-06-27,107.2,76.1,0.0
SkyHarbor_check,2023-06-28,106.4,76.6,0.0
SkyHarbor_check,2023-06-29,105.5,73.8,0.0
SkyHarbor_check,2023-06-30,107.5,73.7,0.0
SkyHarbor_check,2023-07-01,111.0,75.7,0.0
SkyHarbor_check,2023-07-02,111.8,77.3,0.0
SkyHarbor_check,2023-07-03,113.5,80.2,0.0
SkyHarbor_check,2023-07-04,110.2,82.3,0.0
SkyHarbor_check,2023-07-05,107.9,81.0,0.0
SkyHarbor_check,2023-07-06,112.9,79.4,0.0
SkyHarbor_check,2023-07-07,110.0,81.3,0.0
SkyHarbor_check,2023-07-08,111.0,81.2,0.0
SkyHarbor_check,2023-07-09,109.3,82.0,0.0
SkyHarbor_check,2023-07-10,108.3,83.8,0.0
SkyHarbor_check,2023-07-11,109.1,87.4,0.0
SkyHarbor_check,2023-07-12,109.4,89.0,0.0
SkyHarbor_check,2023-07-13,111.7,89.6,0.0
SkyHarbor_check,2023-07-14,113.0,88.3,0.0
SkyHarbor_check,2023-07-15,114.7,87.3,0.0
SkyHarbor_check,2023-07-16,111.9,89.8,0.0
SkyHarbor_check,2023-07-17,113.6,89.5,0.0
SkyHarbor_check,2023-07-18,115.0,87.9,0.0
SkyHarbor_check,2023-07-19,116.2,88.9,0.0
SkyHarbor_check,2023-07-20,116.7,84.6,0.0
SkyHarbor_check,2023-07-21,114.7,86.5,0.0
SkyHarbor_check,2023-07-22,113.3,90.9,0.0
SkyHarbor_check,2023-07-23,111.6,88.3,0.0
SkyHarbor_check,2023-07-24,110.0,87.5,0.0
SkyHarbor_check,2023-07-25,114.7,86.4,0.0
SkyHarbor_check,2023-07-26,114.9,88.9,0.0
SkyHarbor_check,2023-07-27,112.2,84.6,0.0
SkyHarbor_check,2023-07-28,112.5,88.9,0.0
SkyHarbor_check,2023-07-29,110.8,88.4,0.0
SkyHarbor_check,2023-07-30,106.3,87.2,0.012
SkyHarbor_check,2023-07-31,102.4,81.4,0.043
SkyHarbor_check,2023-08-01,105.0,77.8,0.0
SkyHarbor_check,2023-08-02,106.4,86.1,0.004
SkyHarbor_check,2023-08-03,109.7,83.8,0.0
SkyHarbor_check,2023-08-04,111.2,78.4,0.0
SkyHarbor_check,2023-08-05,113.5,79.4,0.0
SkyHarbor_check,2023-08-06,109.9,82.8,0.0
SkyHarbor_check,2023-08-07,109.1,87.7,0.0
SkyHarbor_check,2023-08-08,104.5,82.7,0.094
SkyHarbor_check,2023-08-09,103.0,76.6,0.031
SkyHarbor_check,2023-08-10,106.3,84.7,0.0
SkyHarbor_check,2023-08-11,102.9,83.9,0.0
SkyHarbor_check,2023-08-12,103.6,81.1,0.0
SkyHarbor_check,2023-08-13,106.1,81.6,0.0
SkyHarbor_check,2023-08-14,108.2,84.9,0.0
SkyHarbor_check,2023-08-15,109.3,85.8,0.0
SkyHarbor_check,2023-08-16,112.1,86.6,0.0
SkyHarbor_check,2023-08-17,111.5,83.9,0.0
SkyHarbor_check,2023-08-18,106.6,83.2,0.02
SkyHarbor_check,2023-08-19,97.4,79.8,0.02
SkyHarbor_check,2023-08-20,100.9,78.8,0.181
SkyHarbor_check,2023-08-21,89.7,71.2,0.236
SkyHarbor_check,2023-08-22,101.0,71.8,0.0
SkyHarbor_check,2023-08-23,104.6,76.3,0.0
SkyHarbor_check,2023-08-24,103.4,79.3,0.0
SkyHarbor_check,2023-08-25,109.0,81.2,0.0
SkyHarbor_check,2023-08-26,109.9,81.6,0.0
SkyHarbor_check,2023-08-27,112.0,85.7,0.0
SkyHarbor_check,2023-08-28,115.0,86.3,0.0
SkyHarbor_check,2023-08-29,114.0,87.3,0.0
SkyHarbor_check,2023-08-30,109.9,86.2,0.0
SkyHarbor_check,2023-08-31,105.5,80.2,0.047
SkyHarbor_check,2023-09-01,91.9,76.5,0.028
SkyHarbor_check,2023-09-02,91.1,73.1,0.472
SkyHarbor_check,2023-09-03,95.6,74.9,0.0
SkyHarbor_check,2023-09-04,98.7,74.8,0.0
SkyHarbor_check,2023-09-05,101.6,72.3,0.0
SkyHarbor_check,2023-09-06,103.6,71.2,0.0
SkyHarbor_check,2023-09-07,106.5,71.1,0.0
SkyHarbor_check,2023-09-08,108.2,80.7,0.0
SkyHarbor_check,2023-09-09,111.5,82.1,0.0
SkyHarbor_check,2023-09-10,111.3,81.8,0.0
SkyHarbor_check,2023-09-11,104.4,81.9,0.004
SkyHarbor_check,2023-09-12,98.9,75.7,0.268
SkyHarbor_check,2023-09-13,91.9,71.6,0.921
SkyHarbor_check,2023-09-14,98.4,72.1,0.0
SkyHarbor_check,2023-09-15,101.4,70.3,0.0
SkyHarbor_check,2023-09-16,103.7,68.7,0.0
SkyHarbor_check,2023-09-17,103.0,71.8,0.0
SkyHarbor_check,2023-09-18,101.0,70.8,0.0
SkyHarbor_check,2023-09-19,98.3,66.1,0.0
SkyHarbor_check,2023-09-20,100.8,66.9,0.0
SkyHarbor_check,2023-09-21,98.5,68.1,0.0
SkyHarbor_check,2023-09-22,96.5,67.2,0.0
SkyHarbor_check,2023-09-23,93.1,70.3,0.0
SkyHarbor_check,2023-09-24,97.4,66.6,0.0
SkyHarbor_check,2023-09-25,101.6,67.5,0.0
SkyHarbor_check,2023-09-26,103.2,66.6,0.0
SkyHarbor_check,2023-09-27,102.8,68.1,0.0
SkyHarbor_check,2023-09-28,102.4,68.1,0.0
SkyHarbor_check,2023-09-29,101.5,66.1,0.0
SkyHarbor_check,2023-09-30,98.2,66.7,0.0
SkyHarbor_check,2023-10-01,89.2,67.8,0.0
SkyHarbor_check,2023-10-02,84.3,63.0,0.0
SkyHarbor_check,2023-10-03,86.7,59.8,0.0
SkyHarbor_check,2023-10-04,92.2,57.7,0.0
SkyHarbor_check,2023-10-05,98.2,62.6,0.0
SkyHarbor_check,2023-10-06,103.1,65.8,0.0
SkyHarbor_check,2023-10-07,102.2,73.5,0.0
SkyHarbor_check,2023-10-08,99.5,74.3,0.0
SkyHarbor_check,2023-10-09,98.2,70.4,0.0
SkyHarbor_check,2023-10-10,95.6,67.3,0.0
SkyHarbor_check,2023-10-11,92.8,69.1,0.0
SkyHarbor_check,2023-10-12,88.3,62.2,0.0
SkyHarbor_check,2023-10-13,89.1,58.7,0.0
SkyHarbor_check,2023-10-14,92.4,61.8,0.0
SkyHarbor_check,2023-10-15,99.6,60.7,0.0
SkyHarbor_check,2023-10-16,102.5,68.2,0.0
SkyHarbor_check,2023-10-17,98.6,66.7,0.0
SkyHarbor_check,2023-10-18,99.1,64.0,0.0
SkyHarbor_check,2023-10-19,102.7,63.5,0.0
SkyHarbor_check,2023-10-20,101.8,63.5,0.0
SkyHarbor_check,2023-10-21,98.6,62.3,0.0
SkyHarbor_check,2023-10-22,95.4,62.5,0.0
SkyHarbor_check,2023-10-23,87.7,63.9,0.0
SkyHarbor_check,2023-10-24,81.8,62.8,0.008
SkyHarbor_check,2023-10-25,82.0,62.3,0.0
SkyHarbor_check,2023-10-26,83.3,61.7,0.0
SkyHarbor_check,2023-10-27,85.9,57.0,0.0
SkyHarbor_check,2023-10-28,84.2,56.8,0.0
SkyHarbor_check,2023-10-29,79.0,52.8,0.0
SkyHarbor_check,2023-10-30,78.8,51.8,0.0
SkyHarbor_check,2023-10-31,80.6,50.1,0.0
SkyHarbor_check,2023-11-01,82.4,50.0,0.0
SkyHarbor_check,2023-11-02,83.8,48.5,0.0
SkyHarbor_check,2023-11-03,85.4,47.5,0.0
SkyHarbor_check,2023-11-04,87.5,48.3,0.0
SkyHarbor_check,2023-11-05,91.0,49.7,0.0
SkyHarbor_check,2023-11-06,90.9,52.1,0.0
SkyHarbor_check,2023-11-07,86.5,54.6,0.0
SkyHarbor_check,2023-11-08,79.1,51.9,0.0
SkyHarbor_check,2023-11-09,75.7,45.8,0.0
SkyHarbor_check,2023-11-10,74.9,45.5,0.0
SkyHarbor_check,2023-11-11,78.0,46.7,0.0
SkyHarbor_check,2023-11-12,82.9,56.8,0.0
SkyHarbor_check,2023-11-13,86.0,55.6,0.0
SkyHarbor_check,2023-11-14,86.2,62.8,0.0
SkyHarbor_check,2023-11-15,87.2,59.8,0.0
SkyHarbor_check,2023-11-16,76.1,62.6,0.169
SkyHarbor_check,2023-11-17,78.4,59.8,0.004
SkyHarbor_check,2023-11-18,73.2,57.5,0.846
SkyHarbor_check,2023-11-19,71.5,52.5,0.0
SkyHarbor_check,2023-11-20,70.6,46.8,0.0
SkyHarbor_check,2023-11-21,75.7,51.8,0.0
SkyHarbor_check,2023-11-22,74.7,48.1,0.0
SkyHarbor_check,2023-11-23,71.8,43.8,0.0
SkyHarbor_check,2023-11-24,69.6,46.7,0.0
SkyHarbor_check,2023-11-25,67.1,47.6,0.0
SkyHarbor_check,2023-11-26,71.0,43.9,0.0
SkyHarbor_check,2023-11-27,73.7,51.9,0.0
SkyHarbor_check,2023-11-28,76.6,54.7,0.0
SkyHarbor_check,2023-11-29,70.8,44.3,0.0
SkyHarbor_check,2023-11-30,64.9,47.8,0.512
SkyHarbor_check,2023-12-01,62.2,45.9,0.268
SkyHarbor_check,2023-12-02,63.9,39.3,0.0
SkyHarbor_check,2023-12-03,65.8,39.5,0.0
SkyHarbor_check,2023-12-04,67.3,40.5,0.0
SkyHarbor_check,2023-12-05,78.5,41.4,0.0
SkyHarbor_check,2023-12-06,80.1,44.2,0.0
SkyHarbor_check,2023-12-07,74.0,42.8,0.0
SkyHarbor_check,2023-12-08,69.0,41.3,0.0
SkyHarbor_check,2023-12-09,66.1,40.8,0.0
SkyHarbor_check,2023-12-10,69.6,43.1,0.0
SkyHarbor_check,2023-12-11,70.6,38.5,0.0
SkyHarbor_check,2023-12-12,69.3,43.2,0.0
SkyHarbor_check,2023-12-13,66.9,37.1,0.0
SkyHarbor_check,2023-12-14,67.0,36.9,0.0
SkyHarbor_check,2023-12-15,73.8,41.5,0.0
SkyHarbor_check,2023-12-16,79.3,50.4,0.0
SkyHarbor_check,2023-12-17,77.8,41.4,0.0
SkyHarbor_check,2023-12-18,78.1,44.8,0.0
SkyHarbor_check,2023-12-19,72.5,52.9,0.008
SkyHarbor_check,2023-12-20,71.1,51.1,0.224
SkyHarbor_check,2023-12-21,73.9,46.9,0.0
SkyHarbor_check,2023-12-22,59.9,50.1,0.587
SkyHarbor_check,2023-12-23,59.7,44.9,0.181
SkyHarbor_check,2023-12-24,60.3,41.0,0.0
SkyHarbor_check,2023-12-25,61.3,41.9,0.0
SkyHarbor_check,2023-12-26,60.5,37.8,0.0
SkyHarbor_check,2023-12-27,62.6,35.1,0.0
SkyHarbor_check,2023-12-28,64.8,38.6,0.0
SkyHarbor_check,2023-12-29,71.0,37.9,0.0
SkyHarbor_check,2023-12-30,73.0,42.3,0.0
SkyHarbor_check,2023-12-31,63.4,42.5,0.0
SkyHarbor_check,2024-01-01,65.0,39.2,0.0
SkyHarbor_check,2024-01-02,63.7,38.8,0.0
SkyHarbor_check,2024-01-03,64.8,37.6,0.047
SkyHarbor_check,2024-01-04,57.3,37.7,0.024
SkyHarbor_check,2024-01-05,57.6,35.5,0.0
SkyHarbor_check,2024-01-06,59.7,32.4,0.0
SkyHarbor_check,2024-01-07,52.2,37.5,0.079
SkyHarbor_check,2024-01-08,50.8,31.5,0.0
SkyHarbor_check,2024-01-09,54.1,28.3,0.0
SkyHarbor_check,2024-01-10,58.2,28.8,0.0
SkyHarbor_check,2024-01-11,57.1,34.2,0.024
SkyHarbor_check,2024-01-12,56.5,29.4,0.0
SkyHarbor_check,2024-01-13,60.7,29.8,0.0
SkyHarbor_check,2024-01-14,64.7,34.5,0.0
SkyHarbor_check,2024-01-15,65.1,33.2,0.0
SkyHarbor_check,2024-01-16,67.6,34.7,0.0
SkyHarbor_check,2024-01-17,69.3,36.8,0.0
SkyHarbor_check,2024-01-18,73.7,39.7,0.0
SkyHarbor_check,2024-01-19,75.7,41.9,0.0
SkyHarbor_check,2024-01-20,73.4,44.2,0.0
SkyHarbor_check,2024-01-21,56.9,47.7,0.154
SkyHarbor_check,2024-01-22,63.5,44.8,0.535
SkyHarbor_check,2024-01-23,58.3,47.4,0.98
SkyHarbor_check,2024-01-24,61.8,47.5,0.008
SkyHarbor_check,2024-01-25,63.1,43.1,0.008
SkyHarbor_check,2024-01-26,64.0,41.8,0.0
SkyHarbor_check,2024-01-27,69.3,42.4,0.0
SkyHarbor_check,2024-01-28,74.8,50.0,0.0
SkyHarbor_check,2024-01-29,75.2,46.9,0.0
SkyHarbor_check,2024-01-30,76.2,43.6,0.0
SkyHarbor_check,2024-01-31,76.6,46.2,0.0
SkyHarbor_check,2024-02-01,76.5,51.0,0.291
SkyHarbor_check,2024-02-02,61.2,47.4,0.307
SkyHarbor_check,2024-02-03,61.5,40.0,0.0
SkyHarbor_check,2024-02-04,66.6,40.0,0.0
SkyHarbor_check,2024-02-05,74.2,41.2,0.0
SkyHarbor_check,2024-02-06,62.2,51.4,0.39
SkyHarbor_check,2024-02-07,57.3,44.4,0.543
SkyHarbor_check,2024-02-08,59.4,37.6,0.193
SkyHarbor_check,2024-02-09,57.1,34.1,0.0
SkyHarbor_check,2024-02-10,54.2,40.0,0.177
SkyHarbor_check,2024-02-11,57.1,35.0,0.0
SkyHarbor_check,2024-02-12,62.8,33.4,0.0
SkyHarbor_check,2024-02-13,67.2,35.2,0.0
SkyHarbor_check,2024-02-14,66.8,37.6,0.0
SkyHarbor_check,2024-02-15,70.0,38.9,0.0
SkyHarbor_check,2024-02-16,69.6,40.0,0.0
SkyHarbor_check,2024-02-17,71.6,41.2,0.0
SkyHarbor_check,2024-02-18,74.3,42.8,0.012
SkyHarbor_check,2024-02-19,77.2,43.2,0.0
SkyHarbor_check,2024-02-20,78.5,44.2,0.0
SkyHarbor_check,2024-02-21,72.2,46.9,0.004
SkyHarbor_check,2024-02-22,72.4,48.0,0.0
SkyHarbor_check,2024-02-23,78.0,46.3,0.0
SkyHarbor_check,2024-02-24,78.6,47.1,0.0
SkyHarbor_check,2024-02-25,82.0,47.7,0.0
SkyHarbor_check,2024-02-26,71.7,57.5,0.008
SkyHarbor_check,2024-02-27,75.1,53.2,0.0
SkyHarbor_check,2024-02-28,74.8,48.2,0.004
SkyHarbor_check,2024-02-29,73.4,47.4,0.0
SkyHarbor_check,2024-03-01,77.1,45.1,0.0
SkyHarbor_check,2024-03-02,75.3,45.8,0.0
SkyHarbor_check,2024-03-03,70.5,48.4,0.0
SkyHarbor_check,2024-03-04,70.8,46.4,0.0
SkyHarbor_check,2024-03-05,74.2,45.1,0.0
SkyHarbor_check,2024-03-06,73.7,47.2,0.0
SkyHarbor_check,2024-03-07,63.2,47.1,0.24
SkyHarbor_check,2024-03-08,66.6,44.2,0.031
SkyHarbor_check,2024-03-09,72.0,43.5,0.008
SkyHarbor_check,2024-03-10,77.5,47.0,0.0
SkyHarbor_check,2024-03-11,79.2,47.5,0.0
SkyHarbor_check,2024-03-12,76.7,47.6,0.0
SkyHarbor_check,2024-03-13,74.9,48.7,0.0
SkyHarbor_check,2024-03-14,72.2,45.1,0.051
SkyHarbor_check,2024-03-15,63.7,47.8,0.213
SkyHarbor_check,2024-03-16,65.1,41.0,0.016
SkyHarbor_check,2024-03-17,66.5,46.9,0.051
SkyHarbor_check,2024-03-18,73.2,44.2,0.035
SkyHarbor_check,2024-03-19,74.6,46.9,0.004
SkyHarbor_check,2024-03-20,75.7,44.4,0.0
SkyHarbor_check,2024-03-21,80.1,47.2,0.0
SkyHarbor_check,2024-03-22,83.6,48.5,0.0
SkyHarbor_check,2024-03-23,83.2,53.6,0.016
SkyHarbor_check,2024-03-24,65.5,49.2,0.421
SkyHarbor_check,2024-03-25,69.2,42.3,0.0
SkyHarbor_check,2024-03-26,68.3,47.7,0.035
SkyHarbor_check,2024-03-27,75.2,42.0,0.0
SkyHarbor_check,2024-03-28,80.9,45.1,0.0
SkyHarbor_check,2024-03-29,83.9,49.1,0.0
SkyHarbor_check,2024-03-30,82.4,53.2,0.0
SkyHarbor_check,2024-03-31,61.6,49.3,0.583
SkyHarbor_check,2024-04-01,60.9,46.8,0.551
SkyHarbor_check,2024-04-02,72.1,42.0,0.0
SkyHarbor_check,2024-04-03,78.4,44.9,0.0
SkyHarbor_check,2024-04-04,85.8,47.0,0.0
SkyHarbor_check,2024-04-05,65.2,52.7,0.067
SkyHarbor_check,2024-04-06,64.8,43.2,0.0
SkyHarbor_check,2024-04-07,73.8,41.5,0.0
SkyHarbor_check,2024-04-08,74.9,45.5,0.0
SkyHarbor_check,2024-04-09,83.4,45.4,0.0
SkyHarbor_check,2024-04-10,85.0,47.1,0.0
SkyHarbor_check,2024-04-11,91.5,49.9,0.0
SkyHarbor_check,2024-04-12,91.2,55.0,0.0
SkyHarbor_check,2024-04-13,87.9,53.3,0.0
SkyHarbor_check,2024-04-14,82.7,50.9,0.0
SkyHarbor_check,2024-04-15,76.2,52.3,0.0
SkyHarbor_check,2024-04-16,85.2,50.6,0.0
SkyHarbor_check,2024-04-17,89.8,52.5,0.0
SkyHarbor_check,2024-04-18,91.0,53.4,0.0
SkyHarbor_check,2024-04-19,91.9,56.7,0.0
SkyHarbor_check,2024-04-20,92.4,58.0,0.0
SkyHarbor_check,2024-04-21,96.6,59.5,0.0
SkyHarbor_check,2024-04-22,97.3,60.6,0.0
SkyHarbor_check,2024-04-23,94.8,62.9,0.0
SkyHarbor_check,2024-04-24,90.5,61.4,0.0
SkyHarbor_check,2024-04-25,81.7,61.6,0.008
SkyHarbor_check,2024-04-26,80.5,58.1,0.0
SkyHarbor_check,2024-04-27,80.4,56.6,0.0
SkyHarbor_check,2024-04-28,85.8,53.2,0.0
SkyHarbor_check,2024-04-29,90.2,56.4,0.0
SkyHarbor_check,2024-04-30,93.7,58.9,0.0
SkyHarbor_check,2024-05-01,91.4,63.5,0.0
SkyHarbor_check,2024-05-02,90.2,61.1,0.0
SkyHarbor_check,2024-05-03,92.5,63.8,0.0
SkyHarbor_check,2024-05-04,92.9,62.6,0.0
SkyHarbor_check,2024-05-05,85.1,66.1,0.0
SkyHarbor_check,2024-05-06,84.7,56.0,0.0
SkyHarbor_check,2024-05-07,89.6,53.6,0.0
SkyHarbor_check,2024-05-08,90.0,58.2,0.0
SkyHarbor_check,2024-05-09,86.5,56.6,0.0
SkyHarbor_check,2024-05-10,90.5,56.8,0.0
SkyHarbor_check,2024-05-11,91.1,57.0,0.0
SkyHarbor_check,2024-05-12,93.4,62.0,0.0
SkyHarbor_check,2024-05-13,97.8,64.0,0.0
SkyHarbor_check,2024-05-14,96.6,65.7,0.0
SkyHarbor_check,2024-05-15,95.0,68.0,0.0
SkyHarbor_check,2024-05-16,95.2,69.9,0.004
SkyHarbor_check,2024-05-17,99.2,66.0,0.0
SkyHarbor_check,2024-05-18,100.9,68.0,0.0
SkyHarbor_check,2024-05-19,97.2,68.2,0.0
SkyHarbor_check,2024-05-20,92.0,68.9,0.008
SkyHarbor_check,2024-05-21,94.4,63.6,0.0
SkyHarbor_check,2024-05-22,94.8,61.7,0.0
SkyHarbor_check,2024-05-23,94.8,63.1,0.0
SkyHarbor_check,2024-05-24,98.3,64.3,0.0
SkyHarbor_check,2024-05-25,89.2,69.0,0.0
SkyHarbor_check,2024-05-26,95.2,62.6,0.0
SkyHarbor_check,2024-05-27,100.1,67.2,0.0
SkyHarbor_check,2024-05-28,103.7,65.7,0.0
SkyHarbor_check,2024-05-29,100.9,69.3,0.0
SkyHarbor_check,2024-05-30,101.8,66.9,0.0
SkyHarbor_check,2024-05-31,104.5,69.6,0.0
SkyHarbor_check,2024-06-01,104.1,68.5,0.0
SkyHarbor_check,2024-06-02,101.0,70.2,0.0
SkyHarbor_check,2024-06-03,101.1,71.0,0.0
SkyHarbor_check,2024-06-04,102.7,70.3,0.0
SkyHarbor_check,2024-06-05,106.3,72.3,0.0
SkyHarbor_check,2024-06-06,109.8,74.6,0.0
SkyHarbor_check,2024-06-07,110.0,76.2,0.0
SkyHarbor_check,2024-06-08,108.2,76.4,0.0
SkyHarbor_check,2024-06-09,104.7,76.6,0.0
SkyHarbor_check,2024-06-10,104.1,71.6,0.0
SkyHarbor_check,2024-06-11,109.3,72.5,0.0
SkyHarbor_check,2024-06-12,109.7,74.7,0.0
SkyHarbor_check,2024-06-13,108.0,78.4,0.0
SkyHarbor_check,2024-06-14,105.3,74.9,0.0
SkyHarbor_check,2024-06-15,110.8,73.1,0.0
SkyHarbor_check,2024-06-16,110.7,76.5,0.0
SkyHarbor_check,2024-06-17,104.2,76.1,0.0
SkyHarbor_check,2024-06-18,103.4,73.9,0.0
SkyHarbor_check,2024-06-19,103.6,76.3,0.0
SkyHarbor_check,2024-06-20,112.8,76.9,0.0
SkyHarbor_check,2024-06-21,114.3,88.5,0.0
SkyHarbor_check,2024-06-22,101.6,88.3,0.012
SkyHarbor_check,2024-06-23,103.8,83.8,0.0
SkyHarbor_check,2024-06-24,106.3,84.5,0.008
SkyHarbor_check,2024-06-25,104.2,84.5,0.004
SkyHarbor_check,2024-06-26,108.5,82.0,0.0
SkyHarbor_check,2024-06-27,110.8,84.6,0.0
SkyHarbor_check,2024-06-28,110.0,84.7,0.0
SkyHarbor_check,2024-06-29,107.9,84.4,0.0
SkyHarbor_check,2024-06-30,108.8,84.8,0.0
SkyHarbor_check,2024-07-01,105.4,80.8,0.035
SkyHarbor_check,2024-07-02,111.9,81.9,0.0
SkyHarbor_check,2024-07-03,111.3,81.7,0.0
SkyHarbor_check,2024-07-04,112.0,83.4,0.0
SkyHarbor_check,2024-07-05,115.3,83.3,0.0
SkyHarbor_check,2024-07-06,112.2,81.8,0.0
SkyHarbor_check,2024-07-07,112.7,81.3,0.0
SkyHarbor_check,2024-07-08,115.6,84.8,0.0
SkyHarbor_check,2024-07-09,114.3,84.4,0.0
SkyHarbor_check,2024-07-10,113.9,82.7,0.0
SkyHarbor_check,2024-07-11,112.7,84.0,0.0
SkyHarbor_check,2024-07-12,112.8,84.1,0.0
SkyHarbor_check,2024-07-13,110.8,87.4,0.0
SkyHarbor_check,2024-07-14,105.4,85.9,0.0
SkyHarbor_check,2024-07-15,105.2,84.7,0.0
SkyHarbor_check,2024-07-16,107.3,84.7,0.0
SkyHarbor_check,2024-07-17,109.1,82.7,0.0
SkyHarbor_check,2024-07-18,110.4,83.9,0.0
SkyHarbor_check,2024-07-19,111.1,85.4,0.0
SkyHarbor_check,2024-07-20,109.6,87.3,0.012
SkyHarbor_check,2024-07-21,105.4,86.4,0.016
SkyHarbor_check,2024-07-22,108.6,81.0,0.0
SkyHarbor_check,2024-07-23,112.1,85.1,0.0
SkyHarbor_check,2024-07-24,109.0,88.0,0.012
SkyHarbor_check,2024-07-25,109.2,86.5,0.035
SkyHarbor_check,2024-07-26,108.4,83.0,0.0
SkyHarbor_check,2024-07-27,109.0,83.9,0.0
SkyHarbor_check,2024-07-28,107.0,84.6,0.0
SkyHarbor_check,2024-07-29,107.9,83.9,0.0
SkyHarbor_check,2024-07-30,107.4,83.5,0.0
SkyHarbor_check,2024-07-31,108.7,80.8,0.012
SkyHarbor_check,2024-08-01,104.9,84.6,0.0
SkyHarbor_check,2024-08-02,108.3,82.1,0.024
SkyHarbor_check,2024-08-03,113.1,83.8,0.0
SkyHarbor_check,2024-08-04,113.8,86.3,0.004
SkyHarbor_check,2024-08-05,109.3,86.3,0.0
SkyHarbor_check,2024-08-06,110.5,84.8,0.0
SkyHarbor_check,2024-08-07,101.5,81.3,0.0
SkyHarbor_check,2024-08-08,102.2,81.9,0.0
SkyHarbor_check,2024-08-09,105.9,81.1,0.0
SkyHarbor_check,2024-08-10,107.9,87.3,0.0
SkyHarbor_check,2024-08-11,101.3,81.9,0.0
SkyHarbor_check,2024-08-12,105.2,80.2,0.0
SkyHarbor_check,2024-08-13,102.6,76.9,0.02
SkyHarbor_check,2024-08-14,105.9,83.2,0.0
SkyHarbor_check,2024-08-15,109.1,80.3,0.0
SkyHarbor_check,2024-08-16,109.6,85.3,0.0
SkyHarbor_check,2024-08-17,108.3,84.2,0.0
SkyHarbor_check,2024-08-18,98.6,73.2,0.071
SkyHarbor_check,2024-08-19,109.5,79.9,0.0
SkyHarbor_check,2024-08-20,110.5,81.5,0.0
SkyHarbor_check,2024-08-21,103.6,84.7,0.087
SkyHarbor_check,2024-08-22,103.6,80.6,0.004
SkyHarbor_check,2024-08-23,102.9,81.1,0.004
SkyHarbor_check,2024-08-24,105.4,76.5,0.004
SkyHarbor_check,2024-08-25,106.2,75.2,0.0
SkyHarbor_check,2024-08-26,107.4,77.0,0.0
SkyHarbor_check,2024-08-27,108.9,77.0,0.0
SkyHarbor_check,2024-08-28,102.5,86.0,0.004
SkyHarbor_check,2024-08-29,105.4,77.7,0.0
SkyHarbor_check,2024-08-30,107.3,78.7,0.0
SkyHarbor_check,2024-08-31,106.6,80.7,0.0
SkyHarbor_check,2024-09-01,106.3,78.8,0.0
SkyHarbor_check,2024-09-02,104.9,79.4,0.0
SkyHarbor_check,2024-09-03,105.6,82.9,0.0
SkyHarbor_check,2024-09-04,109.7,81.1,0.0
SkyHarbor_check,2024-09-05,113.2,80.8,0.0
SkyHarbor_check,2024-09-06,109.8,87.8,0.0
SkyHarbor_check,2024-09-07,105.9,86.2,0.0
SkyHarbor_check,2024-09-08,106.7,83.0,0.0
SkyHarbor_check,2024-09-09,107.2,77.7,0.0
SkyHarbor_check,2024-09-10,109.0,75.3,0.0
SkyHarbor_check,2024-09-11,106.8,74.0,0.0
SkyHarbor_check,2024-09-12,106.4,75.7,0.0
SkyHarbor_check,2024-09-13,104.1,74.4,0.0
SkyHarbor_check,2024-09-14,99.3,79.0,0.0
SkyHarbor_check,2024-09-15,100.6,78.0,0.0
SkyHarbor_check,2024-09-16,99.1,75.7,0.004
SkyHarbor_check,2024-09-17,91.1,71.6,0.0
SkyHarbor_check,2024-09-18,94.0,64.3,0.0
SkyHarbor_check,2024-09-19,95.7,67.3,0.0
SkyHarbor_check,2024-09-20,94.6,70.5,0.0
SkyHarbor_check,2024-09-21,89.2,63.2,0.087
SkyHarbor_check,2024-09-22,95.9,65.5,0.0
SkyHarbor_check,2024-09-23,101.2,68.5,0.0
SkyHarbor_check,2024-09-24,105.0,71.2,0.0
SkyHarbor_check,2024-09-25,109.1,70.9,0.0
SkyHarbor_check,2024-09-26,106.6,74.3,0.0
SkyHarbor_check,2024-09-27,111.1,76.8,0.0
SkyHarbor_check,2024-09-28,115.0,76.8,0.0
SkyHarbor_check,2024-09-29,110.8,83.6,0.0
SkyHarbor_check,2024-09-30,107.0,74.7,0.0
SkyHarbor_check,2024-10-01,110.8,76.6,0.0
SkyHarbor_check,2024-10-02,105.2,78.0,0.0
SkyHarbor_check,2024-10-03,106.3,71.5,0.0
SkyHarbor_check,2024-10-04,107.3,74.1,0.0
SkyHarbor_check,2024-10-05,107.4,71.2,0.0
SkyHarbor_check,2024-10-06,108.5,71.3,0.0
SkyHarbor_check,2024-10-07,106.9,72.1,0.0
SkyHarbor_check,2024-10-08,106.3,72.1,0.0
SkyHarbor_check,2024-10-09,103.7,72.1,0.0
SkyHarbor_check,2024-10-10,104.8,71.2,0.0
SkyHarbor_check,2024-10-11,101.4,69.1,0.0
SkyHarbor_check,2024-10-12,102.7,67.6,0.0
SkyHarbor_check,2024-10-13,101.5,67.9,0.0
SkyHarbor_check,2024-10-14,99.3,67.3,0.0
SkyHarbor_check,2024-10-15,95.0,65.4,0.0
SkyHarbor_check,2024-10-16,95.5,61.1,0.0
SkyHarbor_check,2024-10-17,88.7,65.4,0.0
SkyHarbor_check,2024-10-18,75.0,57.7,0.122
SkyHarbor_check,2024-10-19,70.9,54.1,0.024
SkyHarbor_check,2024-10-20,79.5,48.9,0.0
SkyHarbor_check,2024-10-21,86.1,50.6,0.0
SkyHarbor_check,2024-10-22,92.8,51.2,0.0
SkyHarbor_check,2024-10-23,95.2,55.0,0.0
SkyHarbor_check,2024-10-24,93.7,58.5,0.0
SkyHarbor_check,2024-10-25,95.2,55.0,0.0
SkyHarbor_check,2024-10-26,97.9,55.4,0.0
SkyHarbor_check,2024-10-27,95.1,60.2,0.0
SkyHarbor_check,2024-10-28,91.2,57.5,0.0
SkyHarbor_check,2024-10-29,72.1,59.1,0.091
SkyHarbor_check,2024-10-30,73.2,47.1,0.0
SkyHarbor_check,2024-10-31,78.9,44.0,0.0
SkyHarbor_check,2024-11-01,80.3,53.5,0.0
SkyHarbor_check,2024-11-02,77.2,45.1,0.016
SkyHarbor_check,2024-11-03,70.0,51.2,0.02
SkyHarbor_check,2024-11-04,69.1,45.2,0.0
SkyHarbor_check,2024-11-05,71.4,42.5,0.0
SkyHarbor_check,2024-11-06,66.9,46.6,0.0
SkyHarbor_check,2024-11-07,65.3,40.7,0.0
SkyHarbor_check,2024-11-08,66.9,39.0,0.0
SkyHarbor_check,2024-11-09,73.1,39.9,0.0
SkyHarbor_check,2024-11-10,80.9,40.5,0.0
SkyHarbor_check,2024-11-11,80.0,44.3,0.0
SkyHarbor_check,2024-11-12,73.7,45.1,0.0
SkyHarbor_check,2024-11-13,75.1,45.7,0.0
SkyHarbor_check,2024-11-14,80.6,45.7,0.0
SkyHarbor_check,2024-11-15,70.0,48.5,0.0
SkyHarbor_check,2024-11-16,60.5,47.7,0.0
SkyHarbor_check,2024-11-17,67.2,46.6,0.0
SkyHarbor_check,2024-11-18,66.1,43.1,0.0
SkyHarbor_check,2024-11-19,67.9,42.0,0.0
SkyHarbor_check,2024-11-20,74.8,43.7,0.0
SkyHarbor_check,2024-11-21,77.3,43.3,0.0
SkyHarbor_check,2024-11-22,78.6,43.8,0.0
SkyHarbor_check,2024-11-23,76.7,45.1,0.0
SkyHarbor_check,2024-11-24,73.4,45.6,0.0
SkyHarbor_check,2024-11-25,75.0,51.0,0.0
SkyHarbor_check,2024-11-26,78.4,49.1,0.0
SkyHarbor_check,2024-11-27,74.2,58.8,0.0
SkyHarbor_check,2024-11-28,71.8,50.1,0.0
SkyHarbor_check,2024-11-29,73.5,51.4,0.0
SkyHarbor_check,2024-11-30,76.4,52.3,0.0
SkyHarbor_check,2024-12-01,74.7,46.4,0.0
SkyHarbor_check,2024-12-02,76.1,47.1,0.0
SkyHarbor_check,2024-12-03,78.9,50.4,0.0
SkyHarbor_check,2024-12-04,73.2,46.9,0.0
SkyHarbor_check,2024-12-05,74.1,48.0,0.0
SkyHarbor_check,2024-12-06,77.8,58.8,0.0
SkyHarbor_check,2024-12-07,73.7,55.0,0.0
SkyHarbor_check,2024-12-08,71.6,45.6,0.0
SkyHarbor_check,2024-12-09,69.9,44.5,0.0
SkyHarbor_check,2024-12-10,63.0,46.3,0.0
SkyHarbor_check,2024-12-11,69.1,41.9,0.0
SkyHarbor_check,2024-12-12,73.0,48.1,0.0
SkyHarbor_check,2024-12-13,65.3,44.1,0.0
SkyHarbor_check,2024-12-14,67.5,41.6,0.0
SkyHarbor_check,2024-12-15,68.2,40.9,0.0
SkyHarbor_check,2024-12-16,67.8,39.5,0.0
SkyHarbor_check,2024-12-17,69.5,39.9,0.0
SkyHarbor_check,2024-12-18,79.0,43.1,0.0
SkyHarbor_check,2024-12-19,78.4,47.5,0.0
SkyHarbor_check,2024-12-20,79.1,45.6,0.0
SkyHarbor_check,2024-12-21,74.0,43.3,0.0
SkyHarbor_check,2024-12-22,71.0,41.3,0.0
SkyHarbor_check,2024-12-23,72.1,48.7,0.0
SkyHarbor_check,2024-12-24,72.5,45.2,0.0
SkyHarbor_check,2024-12-25,65.2,49.3,0.0
SkyHarbor_check,2024-12-26,63.3,43.9,0.0
SkyHarbor_check,2024-12-27,65.4,39.9,0.0
SkyHarbor_check,2024-12-28,66.5,41.5,0.0
SkyHarbor_check,2024-12-29,71.7,42.5,0.0
SkyHarbor_check,2024-12-30,69.7,42.7,0.0
SkyHarbor_check,2024-12-31,67.9,40.5,0.0
SkyHarbor_check,2025-01-01,68.5,39.7,0.0
SkyHarbor_check,2025-01-02,70.9,40.6,0.0
SkyHarbor_check,2025-01-03,74.2,43.3,0.0
SkyHarbor_check,2025-01-04,67.9,42.7,0.0
SkyHarbor_check,2025-01-05,66.3,41.3,0.0
SkyHarbor_check,2025-01-06,66.3,39.5,0.0
SkyHarbor_check,2025-01-07,69.4,40.9,0.0
SkyHarbor_check,2025-01-08,64.4,50.0,0.004
SkyHarbor_check,2025-01-09,61.7,37.9,0.0
SkyHarbor_check,2025-01-10,59.1,37.9,0.0
SkyHarbor_check,2025-01-11,59.6,34.0,0.0
SkyHarbor_check,2025-01-12,59.3,37.0,0.0
SkyHarbor_check,2025-01-13,57.9,32.7,0.0
SkyHarbor_check,2025-01-14,62.2,33.5,0.0
SkyHarbor_check,2025-01-15,70.2,42.8,0.0
SkyHarbor_check,2025-01-16,72.5,49.0,0.0
SkyHarbor_check,2025-01-17,63.2,45.1,0.0
SkyHarbor_check,2025-01-18,62.2,39.1,0.0
SkyHarbor_check,2025-01-19,62.6,36.6,0.0
SkyHarbor_check,2025-01-20,63.4,36.4,0.0
SkyHarbor_check,2025-01-21,57.6,36.5,0.0
SkyHarbor_check,2025-01-22,61.4,31.0,0.0
SkyHarbor_check,2025-01-23,60.1,42.6,0.0
SkyHarbor_check,2025-01-24,67.9,41.5,0.0
SkyHarbor_check,2025-01-25,69.9,43.9,0.0
SkyHarbor_check,2025-01-26,68.8,41.8,0.0
SkyHarbor_check,2025-01-27,60.6,42.6,0.024
SkyHarbor_check,2025-01-28,58.6,46.1,0.0
SkyHarbor_check,2025-01-29,54.5,41.0,0.055
SkyHarbor_check,2025-01-30,60.1,37.9,0.0
SkyHarbor_check,2025-01-31,64.9,38.5,0.0
SkyHarbor_check,2025-02-01,70.9,41.0,0.0
SkyHarbor_check,2025-02-02,77.5,46.6,0.0
SkyHarbor_check,2025-02-03,81.1,47.4,0.0
SkyHarbor_check,2025-02-04,84.7,52.3,0.0
SkyHarbor_check,2025-02-05,76.0,51.0,0.0
SkyHarbor_check,2025-02-06,77.7,46.5,0.0
SkyHarbor_check,2025-02-07,74.8,49.1,0.0
SkyHarbor_check,2025-02-08,75.6,50.5,0.0
SkyHarbor_check,2025-02-09,75.5,50.0,0.0
SkyHarbor_check,2025-02-10,76.8,50.2,0.0
SkyHarbor_check,2025-02-11,68.1,49.1,0.0
SkyHarbor_check,2025-02-12,60.9,48.0,0.0
SkyHarbor_check,2025-02-13,69.4,45.2,0.0
SkyHarbor_check,2025-02-14,71.0,55.2,0.008
SkyHarbor_check,2025-02-15,68.4,46.9,0.0
SkyHarbor_check,2025-02-16,73.1,47.1,0.0
SkyHarbor_check,2025-02-17,75.4,48.6,0.0
SkyHarbor_check,2025-02-18,74.3,47.8,0.0
SkyHarbor_check,2025-02-19,76.6,46.4,0.0
SkyHarbor_check,2025-02-20,77.4,47.7,0.0
SkyHarbor_check,2025-02-21,75.5,46.5,0.0
SkyHarbor_check,2025-02-22,75.9,46.4,0.0
SkyHarbor_check,2025-02-23,78.6,45.5,0.0
SkyHarbor_check,2025-02-24,82.3,46.1,0.0
SkyHarbor_check,2025-02-25,84.5,50.1,0.0
SkyHarbor_check,2025-02-26,85.4,52.4,0.0
SkyHarbor_check,2025-02-27,83.9,59.5,0.0
SkyHarbor_check,2025-02-28,78.7,51.5,0.0
SkyHarbor_check,2025-03-01,78.2,51.8,0.0
SkyHarbor_check,2025-03-02,78.2,51.0,0.0
SkyHarbor_check,2025-03-03,64.0,49.1,0.004
SkyHarbor_check,2025-03-04,70.3,44.5,0.0
SkyHarbor_check,2025-03-05,76.9,46.9,0.0
SkyHarbor_check,2025-03-06,68.1,58.3,0.043
SkyHarbor_check,2025-03-07,58.1,45.6,0.567
SkyHarbor_check,2025-03-08,64.3,43.6,0.008
SkyHarbor_check,2025-03-09,72.2,46.1,0.0
SkyHarbor_check,2025-03-10,81.5,48.7,0.0
SkyHarbor_check,2025-03-11,76.4,51.8,0.626
SkyHarbor_check,2025-03-12,69.2,52.3,0.346
SkyHarbor_check,2025-03-13,68.5,47.8,0.386
SkyHarbor_check,2025-03-14,55.1,41.0,0.047
SkyHarbor_check,2025-03-15,63.2,43.3,0.055
SkyHarbor_check,2025-03-16,69.0,42.8,0.0
SkyHarbor_check,2025-03-17,77.1,48.5,0.0
SkyHarbor_check,2025-03-18,69.2,54.4,0.0
SkyHarbor_check,2025-03-19,70.8,50.0,0.0
SkyHarbor_check,2025-03-20,78.7,48.0,0.0
SkyHarbor_check,2025-03-21,80.7,49.2,0.0
SkyHarbor_check,2025-03-22,83.2,51.2,0.0
SkyHarbor_check,2025-03-23,86.2,56.7,0.0
SkyHarbor_check,2025-03-24,92.1,60.3,0.0
SkyHarbor_check,2025-03-25,96.9,63.0,0.0
SkyHarbor_check,2025-03-26,90.8,63.7,0.0
SkyHarbor_check,2025-03-27,90.9,62.1,0.0
SkyHarbor_check,2025-03-28,81.2,62.6,0.0
SkyHarbor_check,2025-03-29,79.8,60.4,0.0
SkyHarbor_check,2025-03-30,81.3,55.9,0.0
SkyHarbor_check,2025-03-31,81.6,59.5,0.0
SkyHarbor_check,2025-04-01,74.8,60.2,0.0
SkyHarbor_check,2025-04-02,64.4,52.6,0.0
SkyHarbor_check,2025-04-03,67.6,45.9,0.004
SkyHarbor_check,2025-04-04,71.0,52.8,0.0
SkyHarbor_check,2025-04-05,77.1,51.8,0.0
SkyHarbor_check,2025-04-06,78.0,55.2,0.0
SkyHarbor_check,2025-04-07,85.0,53.5,0.0
SkyHarbor_check,2025-04-08,90.5,55.3,0.0
SkyHarbor_check,2025-04-09,94.5,58.3,0.0
SkyHarbor_check,2025-04-10,97.4,61.3,0.0
SkyHarbor_check,2025-04-11,99.2,62.8,0.0
SkyHarbor_check,2025-04-12,99.3,63.3,0.0
SkyHarbor_check,2025-04-13,94.0,70.9,0.0
SkyHarbor_check,2025-04-14,92.6,67.0,0.02
SkyHarbor_check,2025-04-15,92.8,64.4,0.024
SkyHarbor_check,2025-04-16,94.3,63.5,0.0
SkyHarbor_check,2025-04-17,79.3,61.0,0.0
SkyHarbor_check,2025-04-18,75.0,53.7,0.079
SkyHarbor_check,2025-04-19,72.8,51.7,0.004
SkyHarbor_check,2025-04-20,82.9,51.7,0.0
SkyHarbor_check,2025-04-21,89.4,58.4,0.0
SkyHarbor_check,2025-04-22,90.0,61.0,0.0
SkyHarbor_check,2025-04-23,90.0,62.2,0.0
SkyHarbor_check,2025-04-24,88.7,61.8,0.0
SkyHarbor_check,2025-04-25,91.9,64.0,0.0
SkyHarbor_check,2025-04-26,83.8,64.7,0.0
SkyHarbor_check,2025-04-27,76.6,57.3,0.0
SkyHarbor_check,2025-04-28,79.3,53.9,0.0
SkyHarbor_check,2025-04-29,85.2,58.4,0.0
SkyHarbor_check,2025-04-30,88.6,62.0,0.0
SkyHarbor_check,2025-05-01,90.3,63.9,0.0
SkyHarbor_check,2025-05-02,91.9,64.0,0.0
SkyHarbor_check,2025-05-03,92.6,65.9,0.0
SkyHarbor_check,2025-05-04,78.3,62.5,0.114
SkyHarbor_check,2025-05-05,72.4,56.0,0.012
SkyHarbor_check,2025-05-06,74.5,58.2,0.067
SkyHarbor_check,2025-05-07,82.3,59.6,0.0
SkyHarbor_check,2025-05-08,92.8,62.3,0.0
SkyHarbor_check,2025-05-09,99.5,73.0,0.0
SkyHarbor_check,2025-05-10,99.5,78.2,0.0
SkyHarbor_check,2025-05-11,102.7,77.5,0.0
SkyHarbor_check,2025-05-12,99.2,80.1,0.0
SkyHarbor_check,2025-05-13,87.0,73.4,0.0
SkyHarbor_check,2025-05-14,83.0,62.4,0.0
SkyHarbor_check,2025-05-15,88.5,61.7,0.0
SkyHarbor_check,2025-05-16,92.3,63.7,0.0
SkyHarbor_check,2025-05-17,92.9,68.0,0.0
SkyHarbor_check,2025-05-18,85.7,64.4,0.0
SkyHarbor_check,2025-05-19,93.3,65.7,0.0
SkyHarbor_check,2025-05-20,96.5,69.0,0.0
SkyHarbor_check,2025-05-21,100.9,69.0,0.0
SkyHarbor_check,2025-05-22,104.6,72.2,0.0
SkyHarbor_check,2025-05-23,101.5,71.8,0.0
SkyHarbor_check,2025-05-24,97.4,72.8,0.0
SkyHarbor_check,2025-05-25,95.4,71.5,0.0
SkyHarbor_check,2025-05-26,98.0,70.1,0.0
SkyHarbor_check,2025-05-27,99.6,70.0,0.0
SkyHarbor_check,2025-05-28,100.6,70.8,0.0
SkyHarbor_check,2025-05-29,99.3,74.8,0.0
SkyHarbor_check,2025-05-30,102.9,70.4,0.0
SkyHarbor_check,2025-05-31,99.4,77.0,0.0
SkyHarbor_check,2025-06-01,87.0,69.9,0.626
SkyHarbor_check,2025-06-02,86.5,68.0,0.051
SkyHarbor_check,2025-06-03,95.0,70.9,0.0
SkyHarbor_check,2025-06-04,94.2,70.3,0.173
SkyHarbor_check,2025-06-05,99.4,75.1,0.0
SkyHarbor_check,2025-06-06,101.1,74.3,0.0
SkyHarbor_check,2025-06-07,104.5,74.0,0.0
SkyHarbor_check,2025-06-08,106.5,74.8,0.0
SkyHarbor_check,2025-06-09,107.2,78.4,0.0
SkyHarbor_check,2025-06-10,105.8,77.5,0.0
SkyHarbor_check,2025-06-11,107.6,79.3,0.0
SkyHarbor_check,2025-06-12,108.6,79.1,0.0
SkyHarbor_check,2025-06-13,106.3,79.7,0.0
SkyHarbor_check,2025-06-14,108.5,79.3,0.0
SkyHarbor_check,2025-06-15,113.2,79.7,0.0
SkyHarbor_check,2025-06-16,111.9,80.0,0.0
SkyHarbor_check,2025-06-17,109.6,82.1,0.0
SkyHarbor_check,2025-06-18,110.8,80.0,0.0
SkyHarbor_check,2025-06-19,115.1,81.3,0.0
SkyHarbor_check,2025-06-20,107.6,80.8,0.0
SkyHarbor_check,2025-06-21,104.6,80.0,0.0
SkyHarbor_check,2025-06-22,99.1,76.5,0.0
SkyHarbor_check,2025-06-23,101.7,76.9,0.0
SkyHarbor_check,2025-06-24,103.1,77.1,0.0
SkyHarbor_check,2025-06-25,102.0,74.9,0.0
SkyHarbor_check,2025-06-26,103.7,76.2,0.0
SkyHarbor_check,2025-06-27,105.8,79.3,0.0
SkyHarbor_check,2025-06-28,108.1,83.1,0.0
SkyHarbor_check,2025-06-29,111.9,85.4,0.0
SkyHarbor_check,2025-06-30,114.8,86.8,0.0
SkyHarbor_check,2025-07-01,110.4,91.0,0.0
SkyHarbor_check,2025-07-02,105.4,88.9,0.012
SkyHarbor_check,2025-07-03,95.0,76.7,0.039
SkyHarbor_check,2025-07-04,98.7,79.4,0.0
SkyHarbor_check,2025-07-05,104.1,84.4,0.0
SkyHarbor_check,2025-07-06,109.0,80.9,0.0
SkyHarbor_check,2025-07-07,110.5,87.0,0.0
SkyHarbor_check,2025-07-08,110.9,88.6,0.0
SkyHarbor_check,2025-07-09,116.1,88.4,0.0
SkyHarbor_check,2025-07-10,112.1,90.4,0.0
SkyHarbor_check,2025-07-11,108.6,88.7,0.0
SkyHarbor_check,2025-07-12,108.3,85.0,0.0
SkyHarbor_check,2025-07-13,108.0,85.8,0.0
SkyHarbor_check,2025-07-14,108.1,85.7,0.0
SkyHarbor_check,2025-07-15,102.7,87.0,0.008
SkyHarbor_check,2025-07-16,94.3,75.6,0.047
SkyHarbor_check,2025-07-17,92.8,74.4,0.512
SkyHarbor_check,2025-07-18,104.6,80.9,0.0
SkyHarbor_check,2025-07-19,106.1,84.6,0.0
SkyHarbor_check,2025-07-20,96.2,86.1,0.0
SkyHarbor_check,2025-07-21,103.8,83.1,0.0
SkyHarbor_check,2025-07-22,98.4,77.8,0.094
SkyHarbor_check,2025-07-23,103.1,82.4,0.0
SkyHarbor_check,2025-07-24,105.5,76.7,0.0
SkyHarbor_check,2025-07-25,107.8,78.1,0.0
SkyHarbor_check,2025-07-26,105.4,78.7,0.0
SkyHarbor_check,2025-07-27,108.1,79.2,0.0
SkyHarbor_check,2025-07-28,110.4,82.0,0.0
SkyHarbor_check,2025-07-29,109.0,84.9,0.0
SkyHarbor_check,2025-07-30,110.0,83.8,0.0
SkyHarbor_check,2025-07-31,107.6,84.4,0.0
SkyHarbor_check,2025-08-01,110.5,87.3,0.0
SkyHarbor_check,2025-08-02,113.4,86.7,0.0
SkyHarbor_check,2025-08-03,110.8,81.2,0.0
SkyHarbor_check,2025-08-04,110.8,83.6,0.0
SkyHarbor_check,2025-08-05,112.6,87.0,0.0
SkyHarbor_check,2025-08-06,114.7,89.6,0.0
SkyHarbor_check,2025-08-07,117.8,90.4,0.0
SkyHarbor_check,2025-08-08,112.1,88.7,0.0
SkyHarbor_check,2025-08-09,108.1,89.1,0.0
SkyHarbor_check,2025-08-10,107.6,87.6,0.0
SkyHarbor_check,2025-08-11,109.7,89.2,0.0
SkyHarbor_check,2025-08-12,110.2,87.0,0.0
SkyHarbor_check,2025-08-13,110.1,87.0,0.0
SkyHarbor_check,2025-08-14,105.5,84.7,0.0
SkyHarbor_check,2025-08-15,102.3,78.4,0.004
SkyHarbor_check,2025-08-16,102.4,79.0,0.0
SkyHarbor_check,2025-08-17,104.5,80.4,0.0
SkyHarbor_check,2025-08-18,106.9,82.7,0.0
SkyHarbor_check,2025-08-19,107.3,82.4,0.0
SkyHarbor_check,2025-08-20,110.8,86.6,0.0
SkyHarbor_check,2025-08-21,111.2,90.5,0.0
SkyHarbor_check,2025-08-22,109.6,90.1,0.0
SkyHarbor_check,2025-08-23,108.1,89.3,0.0
SkyHarbor_check,2025-08-24,107.1,88.6,0.0
SkyHarbor_check,2025-08-25,100.7,77.7,0.323
SkyHarbor_check,2025-08-26,95.2,75.8,0.0
SkyHarbor_check,2025-08-27,100.3,79.3,0.0
SkyHarbor_check,2025-08-28,104.9,83.7,0.0
SkyHarbor_check,2025-08-29,98.7,74.8,0.224
SkyHarbor_check,2025-08-30,105.4,83.5,0.0
SkyHarbor_check,2025-08-31,108.9,80.6,0.0
SkyHarbor_check,2025-09-01,106.3,85.8,0.0
SkyHarbor_check,2025-09-02,106.3,86.3,0.0
SkyHarbor_check,2025-09-03,103.2,81.8,0.0
SkyHarbor_check,2025-09-04,93.1,77.0,0.043
SkyHarbor_check,2025-09-05,93.4,72.3,0.181
SkyHarbor_check,2025-09-06,98.5,80.4,0.0
SkyHarbor_check,2025-09-07,100.0,82.3,0.0
SkyHarbor_check,2025-09-08,101.6,82.9,0.024
SkyHarbor_check,2025-09-09,104.3,82.5,0.0
SkyHarbor_check,2025-09-10,106.6,84.7,0.0
SkyHarbor_check,2025-09-11,100.9,81.6,0.0
SkyHarbor_check,2025-09-12,100.8,79.3,0.02
SkyHarbor_check,2025-09-13,95.9,73.2,0.0
SkyHarbor_check,2025-09-14,98.7,72.1,0.0
SkyHarbor_check,2025-09-15,102.0,75.7,0.0
SkyHarbor_check,2025-09-16,102.1,80.7,0.0
SkyHarbor_check,2025-09-17,101.3,82.4,0.0
SkyHarbor_check,2025-09-18,96.1,73.8,0.378
SkyHarbor_check,2025-09-19,97.8,75.1,0.016
SkyHarbor_check,2025-09-20,99.5,79.1,0.0
SkyHarbor_check,2025-09-21,99.2,81.4,0.012
SkyHarbor_check,2025-09-22,91.0,72.0,0.72
SkyHarbor_check,2025-09-23,100.7,78.7,0.0
SkyHarbor_check,2025-09-24,106.0,82.4,0.0
SkyHarbor_check,2025-09-25,104.0,84.5,0.063
SkyHarbor_check,2025-09-26,84.6,71.7,0.437
SkyHarbor_check,2025-09-27,81.9,67.5,0.205
SkyHarbor_check,2025-09-28,81.1,66.6,0.071
SkyHarbor_check,2025-09-29,89.5,65.3,0.0
SkyHarbor_check,2025-09-30,94.0,67.0,0.0
SkyHarbor_check,2025-10-01,95.7,71.7,0.0
SkyHarbor_check,2025-10-02,99.5,71.4,0.0
SkyHarbor_check,2025-10-03,102.4,73.6,0.0
SkyHarbor_check,2025-10-04,88.3,68.9,0.0
SkyHarbor_check,2025-10-05,87.3,62.4,0.0
SkyHarbor_check,2025-10-06,92.4,61.9,0.0
SkyHarbor_check,2025-10-07,96.5,63.3,0.0
SkyHarbor_check,2025-10-08,98.8,70.6,0.0
SkyHarbor_check,2025-10-09,91.1,74.6,0.083
SkyHarbor_check,2025-10-10,89.6,73.8,0.087
SkyHarbor_check,2025-10-11,80.9,70.2,0.52
SkyHarbor_check,2025-10-12,77.5,68.0,2.811
SkyHarbor_check,2025-10-13,78.8,67.3,0.252
SkyHarbor_check,2025-10-14,82.1,65.8,0.004
SkyHarbor_check,2025-10-15,76.2,61.8,0.0
SkyHarbor_check,2025-10-16,76.4,58.5,0.0
SkyHarbor_check,2025-10-17,80.1,56.0,0.0
SkyHarbor_check,2025-10-18,83.8,56.7,0.0
SkyHarbor_check,2025-10-19,86.6,58.1,0.0
SkyHarbor_check,2025-10-20,85.9,58.5,0.0
SkyHarbor_check,2025-10-21,88.9,58.0,0.0
SkyHarbor_check,2025-10-22,89.4,65.8,0.016
SkyHarbor_check,2025-10-23,81.3,58.6,0.0
SkyHarbor_check,2025-10-24,81.5,56.5,0.0
SkyHarbor_check,2025-10-25,84.0,57.5,0.0
SkyHarbor_check,2025-10-26,87.5,58.1,0.0
SkyHarbor_check,2025-10-27,86.5,58.7,0.0
SkyHarbor_check,2025-10-28,90.4,59.7,0.0
SkyHarbor_check,2025-10-29,90.5,67.0,0.0
SkyHarbor_check,2025-10-30,87.3,60.1,0.0
SkyHarbor_check,2025-10-31,85.6,56.4,0.0
SkyHarbor_check,2025-11-01,85.9,55.0,0.0
SkyHarbor_check,2025-11-02,87.8,54.9,0.0
SkyHarbor_check,2025-11-03,87.1,56.5,0.0
SkyHarbor_check,2025-11-04,88.0,55.3,0.0
SkyHarbor_check,2025-11-05,87.0,55.7,0.0
SkyHarbor_check,2025-11-06,84.1,55.0,0.0
SkyHarbor_check,2025-11-07,83.6,54.9,0.0
SkyHarbor_check,2025-11-08,83.9,54.7,0.0
SkyHarbor_check,2025-11-09,89.0,57.7,0.0
SkyHarbor_check,2025-11-10,88.6,65.5,0.0
SkyHarbor_check,2025-11-11,85.3,56.0,0.0
SkyHarbor_check,2025-11-12,85.3,55.5,0.0
SkyHarbor_check,2025-11-13,84.7,56.7,0.0
SkyHarbor_check,2025-11-14,85.6,55.9,0.0
SkyHarbor_check,2025-11-15,81.8,55.7,0.091
SkyHarbor_check,2025-11-16,72.2,61.0,0.114
SkyHarbor_check,2025-11-17,72.4,52.3,0.343
SkyHarbor_check,2025-11-18,70.9,57.6,0.835
SkyHarbor_check,2025-11-19,64.9,53.2,0.709
SkyHarbor_check,2025-11-20,61.1,51.7,0.28
SkyHarbor_check,2025-11-21,64.3,50.2,0.0
SkyHarbor_check,2025-11-22,68.0,52.3,0.488
SkyHarbor_check,2025-11-23,63.0,52.7,0.311
SkyHarbor_check,2025-11-24,64.2,48.4,0.0
SkyHarbor_check,2025-11-25,67.1,47.8,0.0
SkyHarbor_check,2025-11-26,72.3,47.3,0.0
SkyHarbor_check,2025-11-27,72.4,50.6,0.0
SkyHarbor_check,2025-11-28,71.5,47.8,0.0
SkyHarbor_check,2025-11-29,70.4,46.0,0.0
SkyHarbor_check,2025-11-30,70.7,46.1,0.0
SkyHarbor_check,2025-12-01,69.8,47.3,0.0
SkyHarbor_check,2025-12-02,68.0,44.2,0.0
SkyHarbor_check,2025-12-03,64.3,43.4,0.0
SkyHarbor_check,2025-12-04,64.5,44.3,0.0
SkyHarbor_check,2025-12-05,64.1,39.9,0.0
SkyHarbor_check,2025-12-06,65.1,39.6,0.0
SkyHarbor_check,2025-12-07,70.6,42.2,0.0
SkyHarbor_check,2025-12-08,70.3,41.3,0.0
SkyHarbor_check,2025-12-09,72.6,45.9,0.0
SkyHarbor_check,2025-12-10,73.2,43.7,0.0
SkyHarbor_check,2025-12-11,77.0,44.5,0.0
SkyHarbor_check,2025-12-12,76.2,46.9,0.0
SkyHarbor_check,2025-12-13,74.8,47.8,0.0
SkyHarbor_check,2025-12-14,80.0,47.8,0.0
SkyHarbor_check,2025-12-15,77.7,50.6,0.0
SkyHarbor_check,2025-12-16,73.8,45.7,0.0
SkyHarbor_check,2025-12-17,72.4,45.5,0.0
SkyHarbor_check,2025-12-18,72.5,45.8,0.0
SkyHarbor_check,2025-12-19,75.1,46.8,0.0
SkyHarbor_check,2025-12-20,76.1,47.1,0.0
SkyHarbor_check,2025-12-21,76.7,47.5,0.0
SkyHarbor_check,2025-12-22,77.3,47.0,0.0
SkyHarbor_check,2025-12-23,78.3,50.4,0.043
SkyHarbor_check,2025-12-24,68.2,61.2,0.055
SkyHarbor_check,2025-12-25,70.2,60.9,0.563
SkyHarbor_check,2025-12-26,71.2,54.0,0.0
SkyHarbor_check,2025-12-27,69.4,56.3,0.0
SkyHarbor_check,2025-12-28,66.5,46.9,0.0
SkyHarbor_check,2025-12-29,75.2,53.4,0.0
SkyHarbor_check,2025-12-30,73.5,55.6,0.0
SkyHarbor_check,2025-12-31,68.5,55.6,0.004
